Date,Close,High,Low,Open,Volume
1998-01-20,43.81143951416016,43.82881121896355,43.02971279800742,43.25554496045154,1744600
1998-01-21,43.27292251586914,43.56824153745475,42.96023178713143,43.4118961730859,1839600
1998-01-22,42.908111572265625,43.28160323170032,42.769137931545735,42.908111572265625,1662600
1998-01-23,42.80386734008789,43.22078812586797,42.42168995312282,43.08181453060794,1693700
1998-01-26,42.97758483886719,43.17735938439952,42.76912444352911,43.012328238090205,1172800
1998-01-27,43.48137283325195,43.67246156723748,42.8473056704818,42.87336322511619,1454500
1998-01-28,43.98515319824219,44.04595416040406,43.48137379747243,43.568232314846526,1181200
1998-01-29,44.1414794921875,44.610515283721966,43.854846508472,43.95039083637717,1468500
1998-01-30,44.04595947265625,44.43682284798055,43.89829997531152,44.43682284798055,1095600
1998-02-02,45.0361328125,45.20116396456123,44.69738465826904,44.81898655978785,955600
1998-02-03,45.39225006103516,45.400935910645,44.836355686005255,45.02744437742179,619400
1998-02-04,45.14908981323242,45.392293836851216,44.92325750558639,45.14908981323242,753200
1998-02-05,45.15776824951172,45.53126008154268,44.87982083962821,45.47914494218953,1067600
1998-02-06,45.64417266845703,45.67891609199154,45.22725158604297,45.3054242889956,1069700
1998-02-09,45.46171951293945,45.7222949018176,45.27063089442882,45.63543643885821,515900
1998-02-10,46.22612380981445,46.330354077705806,45.539941212863056,45.60074220246634,892100
1998-02-11,46.22612380981445,46.35641164467864,46.0524066966622,46.1218935419231,515000
1998-02-12,46.5213737487793,46.75589150292736,45.79176295809642,45.99153734125959,1065000
1998-02-13,46.4953498840332,46.60826592148742,46.23477441298501,46.330318752369344,596700
1998-02-17,46.7298583984375,47.094663984447614,46.634314078292,46.86883195501278,840600
1998-02-18,47.04254531860352,47.0859745517263,46.60825298737564,46.738540686744,773000
1998-02-19,46.599586486816406,47.08599409972633,46.599586486816406,47.05125069880419,804800
1998-02-20,46.85148239135742,46.9557126080234,46.31295960524986,46.73856632330261,540600
1998-02-23,46.83411407470703,47.25103497151451,46.67776873840423,47.25103497151451,639200
1998-02-24,46.69513702392578,46.920969159830186,46.43456148249762,46.76462383497329,702700
1998-02-25,47.07731246948242,47.33788799975631,46.73856428012637,46.83410864122679,687400
1998-02-26,47.33789825439453,47.37264166595739,46.92097731564023,47.03389340321952,439800
1998-02-27,47.58108139038086,47.78085591976727,47.19021818071179,47.31182006816439,451300
1998-03-02,47.65061569213867,47.72878841201276,47.40741167475262,47.667987407666246,1062800
1998-03-03,47.86772537231445,47.87641122340723,47.35526015784039,47.37263186002596,596600
1998-03-04,47.54634475708008,47.737433464543685,47.311826797920205,47.59845985911561,691700
1998-03-05,47.12942886352539,47.398690252166986,46.81673821865128,46.973083541088336,778300
1998-03-06,47.82432174682617,47.82432174682617,47.30317040196428,47.30317040196428,933100
1998-03-09,47.73741149902344,48.12827458444121,47.58106626485633,47.59843795754156,685300
1998-03-10,48.20648193359375,48.22385363879504,47.89379123997044,48.015393176379504,563700
1998-03-11,48.36280822753906,48.49309596522101,48.21514879149952,48.32806483082388,406600
1998-03-12,48.30203628540039,48.39758068373512,47.980659672819954,48.32809384858259,576700
1998-03-13,47.89376831054688,48.501777701504125,47.85902491677789,48.46703430773514,458900
1998-03-16,48.62339019775391,48.62339019775391,47.9980089733455,48.11961087809158,733000
1998-03-17,48.78843307495117,48.79711892737683,48.40625556822198,48.519171649755606,499900
1998-03-18,48.90999221801758,48.927363907670575,48.51912920082511,48.69284609735509,410900
1998-03-19,49.04898834228516,49.08373173760464,48.831842121538365,48.91870060983708,730000
1998-03-20,49.56149291992188,49.7004666119511,49.0750849978196,49.23143040135247,754300
1998-03-23,49.187965393066406,49.578828617980406,49.135850296411206,49.578828617980406,551600
1998-03-24,49.71781539916992,49.952333396335824,49.43118229152272,49.45723984676338,470300
1998-03-25,49.40511703491211,50.06524166477381,49.05768301919543,50.06524166477381,966200
1998-03-26,49.266143798828125,49.6396353685301,49.20534284562083,49.38774570524272,412800
1998-03-27,49.066368103027344,49.70043517180429,48.84922184659688,49.66569177077543,584100
1998-03-30,49.00556945800781,49.23140157532582,48.744993938025495,49.07505626333643,562400
1998-03-31,49.02294158935547,49.6483228427987,48.95345478341733,49.17928690271627,620000
1998-04-01,49.43986892700195,49.58752840903973,48.76237248000509,49.11849240727268,373700
1998-04-02,50.11733627319336,50.16945135424001,49.37903929169918,49.42246852590472,440600
1998-04-03,50.08259963989258,50.351860928279095,49.92625437566815,50.16945812001726,493300
1998-04-06,50.23894500732422,50.72535249702169,50.2215733112636,50.51689214429421,610500
1998-04-07,49.96973419189453,50.2476816096141,49.61361406294135,50.23899575281036,707300
1998-04-08,49.63096237182617,50.06525500721142,49.37907264330273,50.06525500721142,949500
1998-04-09,50.23894500732422,50.29106009550609,49.82202430186925,49.83939599792987,451700
1998-04-13,50.22160720825195,50.43875355557231,49.78731451361124,50.43875355557231,337900
1998-04-14,50.82964324951172,50.87307254142005,50.325863463375065,50.325863463375065,451500
1998-04-15,51.15097427368164,51.15097427368164,50.699310041684456,50.95119970952904,261800
1998-04-16,50.62116241455078,50.97728246585425,50.4735028810835,50.97728246585425,232800
1998-04-17,51.16831588745117,51.19447110088827,50.54059076496072,50.62777480975106,382900
1998-04-20,50.94159698486328,51.14212012890775,50.77594743108741,51.107246538639146,299400
1998-04-21,51.28163146972656,51.29034987018044,50.75852744249372,50.91545865066357,372000
1998-04-22,51.246803283691406,51.39501622275618,51.1596192018886,51.255521691871685,503400
1998-04-23,50.95035934448242,51.35140597861079,50.83702007831571,51.177037876815845,597700
1998-04-24,50.52310943603516,51.08980522781122,50.25283913534195,50.89800049828701,820200
1998-04-27,49.79954147338867,50.14827775821632,49.320029081750654,49.90416235883697,1916800
1998-04-28,49.651329040527344,50.28777276659556,49.46824248919265,50.23546232335708,437200
1998-04-29,49.89544677734375,50.19187263623414,49.61645773368221,49.81698110881394,298700
1998-04-30,50.706275939941406,50.95039143621348,50.3401026955333,50.40113156960132,443100
1998-05-01,51.14217758178711,51.14217758178712,50.67138358427322,50.82831491677785,338300
1998-05-04,51.22935104370117,51.6565529159172,51.22935104370117,51.32525350481089,542500
1998-05-05,51.04622650146485,51.255468078926015,50.75851933245573,51.054944900525726,325600
1998-05-06,50.374977111816406,51.25553659404096,50.374977111816406,51.24681818332586,665500
1998-05-07,50.06978225708008,50.56673116682299,50.06106385515476,50.56673116682299,593100
1998-05-08,50.74116516113281,50.76732040090659,50.04369210049868,50.07856575353039,638100
1998-05-11,50.732398986816406,51.24678488477519,50.60162291106417,50.93292230296983,703100
1998-05-12,51.29032897949219,51.29032897949218,50.55798363965241,50.72363318080665,479000
1998-05-13,51.47345733642578,51.53448616456856,51.124721175609885,51.28165244797704,399400
1998-05-14,51.22935104370117,51.49962161591947,50.9677988770383,51.089856554814304,622900
1998-05-15,50.71235656738281,51.314516712478216,50.71235656738281,51.314516712478216,280900
1998-05-18,50.56395721435547,51.00903174282149,50.2672408620448,50.75595014820356,249200
1998-05-19,50.58143615722656,51.000330038445824,50.47671268692174,50.89560656814101,482100
1998-05-20,51.26218795776367,51.314549743215935,50.6251195680945,50.96547117353419,304400
1998-05-21,51.035255432128906,51.48033033415329,50.88689713145411,51.349425951204935,530600
1998-05-22,50.95673370361328,51.157453839798094,50.79092141719974,51.157453839798094,219000
1998-05-26,50.07526779174805,51.29704149179069,50.07526779174804,51.23595280678856,561300
1998-05-27,50.07526779174805,50.188718206752,49.11530274171453,49.70873568173525,1041100
1998-05-28,50.25853729248047,50.31962598167084,49.8134625569506,50.127632958501096,367700
1998-05-29,49.62150192260742,50.50292501338888,49.62150192260742,50.42438236173509,232400
1998-06-01,49.93570709228516,50.18878914500733,49.48190479085229,49.49935872552279,445800
1998-06-02,49.68252944946289,50.1974195315845,49.58653299347412,50.1188769766846,391600
1998-06-03,49.062984466552734,49.93568073952593,49.04553054109328,49.91822681406647,473100
1998-06-04,49.64769744873047,49.682605304205055,48.88845159215821,49.08044479726844,636200
1998-06-05,50.74723052978516,50.74723052978516,49.70872314663048,49.97053173061906,1014000
1998-06-08,50.782169342041016,50.96543546271173,50.53781451448007,50.68617280264207,467900
1998-06-09,50.67740631103516,50.85194533742067,50.46795947937254,50.72104106763154,180100
1998-06-10,50.1276741027832,50.89564682580634,50.03167751240531,50.424390836678505,531300
1998-06-11,49.22005081176758,50.34582856969631,49.22005081176759,50.28473985414979,529200
1998-06-12,49.46441268920898,49.49932053161492,48.52190094424876,49.25496563477338,909200
1998-06-15,48.033180236816406,49.11532310552375,48.006999360960585,48.90587609867717,617400
1998-06-16,48.47821807861328,48.556760646157386,47.99823572139928,48.48694503056262,796500
1998-06-17,49.5167350769043,49.80472454774283,48.90584832058013,49.028025671844965,895100
1998-06-18,49.32475662231445,49.55165748434208,49.2025792350688,49.39457227216911,219000
1998-06-19,48.74020004272461,49.56230282471207,48.61775920285414,49.48359085622391,506100
1998-06-22,48.792701721191406,49.09005821133668,48.58280302226533,48.80144750031332,161500
1998-06-23,49.46609115600586,49.49232847451152,49.06378560558573,49.06378560558573,201600
1998-06-24,49.98213577270508,50.06084779754399,49.17752396324071,49.53610096528461,353100
1998-06-25,50.20075225830078,50.54183750883628,49.89465011038432,50.30570156615786,420200
1998-06-26,50.20075225830078,50.34068466877689,50.00834519389615,50.14827760437225,150400
1998-06-29,50.44564437866211,50.74300081223952,50.37567815899684,50.48062748849475,297700
1998-06-30,50.20075225830078,50.46312552794348,50.01709096955091,50.323193117467376,395600
1998-07-01,50.70798873901367,50.75171760132741,50.31442897819,50.5855479245352,347100
1998-07-02,50.54179000854492,50.69921382238015,50.45433233419201,50.5680273108508,263900
1998-07-06,51.075340270996094,51.075340270996094,50.393169630390325,50.55059362437627,166500
1998-07-07,50.99664688110352,51.25027451951065,50.778002365235295,51.031630003642434,155700
1998-07-08,51.46890258789063,51.48639414357046,50.9966305845353,51.04035947373487,146900
1998-07-09,50.865421295166016,51.442642375888326,50.638031172457225,51.14528606157683,151500
1998-07-10,51.06661224365234,51.19779895090611,50.568102756088,50.95291709736573,127800
1998-07-13,50.92661285400391,51.45135899366392,50.82166362607191,51.14525707886225,164400
1998-07-14,51.73998641967773,51.871172997820935,51.206494335228726,51.206494335228726,276000
1998-07-15,51.7750129699707,52.142335697122526,51.6525720609201,52.05487790494352,367900
1998-07-16,52.20347213745117,52.28218402373649,51.54753975174019,51.73994658488208,356100
1998-07-17,52.23847961425781,52.40464922963884,52.1072930757991,52.29969999887187,222100
1998-07-20,52.12483596801758,52.37846352558008,51.81873374337318,52.36097196988612,234900
1998-07-21,51.35519409179688,52.37844983238616,51.35519409179688,52.37844983238616,389800
1998-07-22,51.16277313232422,51.3551801423945,50.83917952447875,51.2152477714343,229900
1998-07-23,50.01704788208008,51.18023504212845,49.92959020087344,51.03155698407716,297000
1998-07-24,50.060794830322266,50.419371452971326,49.55354009584311,50.419371452971326,424800
1998-07-27,50.51557540893555,50.56805003713042,49.55354055869612,49.79842215693888,382900
1998-07-28,49.93837356567383,50.428136949155046,49.26494891338716,50.428136949155046,557300
1998-07-29,49.82462692260742,50.3756101587184,49.71967773477675,50.27066097088774,330400
1998-07-30,50.506866455078125,50.58557845474838,50.13954378995029,50.30571356703193,533300
1998-07-31,49.55360412597656,50.585606470993376,49.34370534393925,50.445673949635164,234400
1998-08-03,49.15125274658203,49.77220273679686,49.133761197561896,49.60603302110557,429300
1998-08-04,47.54206085205078,49.606064965568805,47.50707773148268,49.606064965568805,947200
1998-08-05,47.94431686401367,48.09299497176417,46.75489200200968,47.821876069395614,1456000
1998-08-06,47.94431686401367,48.26791039264711,47.559502938071205,47.559502938071205,571600
1998-08-07,48.22419738769531,48.8276557880854,47.85687488311003,48.29416357904488,698900
1998-08-10,48.0142707824707,48.36410153498415,47.65569426114442,48.13671154585041,233900
1998-08-11,47.227142333984375,47.47202381275318,46.49249789767795,47.15717619719328,1034100
1998-08-12,47.96184158325195,48.014316245815685,47.41960340342671,47.699468270433286,592000
1998-08-13,47.17472457885742,48.25920100595759,47.17472457885742,47.76943745823494,651900
1998-08-14,47.19220733642578,47.961835625085065,46.89485095217106,47.926852521055096,731000
1998-08-17,47.996829986572266,48.11927087939516,46.8423872828136,47.06977751234183,948800
1998-08-18,48.906368255615234,49.072537961777016,48.15423169088295,48.259180978985135,566000
1998-08-19,48.678993225097656,49.20373982831467,48.57404390445426,49.20373982831467,324700
1998-08-20,48.27664566040039,48.7664087323175,48.22417104555213,48.46905258151069,536300
1998-08-21,48.0190315246582,48.0190315246582,46.6690989115152,47.75605763898099,1184400
1998-08-24,48.03653717041016,48.43976357731506,47.68590551223198,48.14172666786361,292300
1998-08-25,48.19435119628906,48.737830602285776,47.84371932145248,48.50991988364199,309400
1998-08-26,47.9051399230957,48.14181673515857,47.42302049111578,47.598336648199385,653200
1998-08-27,45.46816635131836,47.2476222544064,45.336679461927616,47.08983798713751,1887300
1998-08-28,45.31915283203125,46.34475068142151,44.9509895014809,46.002884731624754,1225000
1998-08-31,42.00568008422852,45.66978156069086,42.00568008422852,45.56459204462017,1284000
1998-09-01,44.05689239501953,44.37246106318919,41.4446850862818,42.75955453698871,1760300
1998-09-02,43.63613510131836,44.67049909126524,43.54847713606862,44.12701970671688,551100
1998-09-03,43.215362548828125,43.5484627064053,42.49656747195107,42.82966762952824,806800
1998-09-04,43.127708435058594,43.63612451010603,42.04074992978476,43.58352974372181,578100
1998-09-08,45.213966369628906,45.24902954634052,43.95169200801073,44.425044893617546,1187900
1998-09-09,43.98676681518555,45.14385195261171,43.98676681518555,44.93347283671604,879200
1998-09-10,42.4966049194336,43.32059024584176,42.07584645488475,42.8998317812929,1292900
1998-09-11,44.162071228027344,44.21466599328502,42.0845780003492,42.28619126717029,1086900
1998-09-14,44.54775619506836,45.07370372983894,44.44256668811424,44.55652198731454,627700
1998-09-15,45.03861999511719,45.16134103052622,44.09191486481889,44.1094464413059,418000
1998-09-16,45.512001037597656,45.82756961181829,44.65295325221927,45.406811512857445,495200
1998-09-17,44.19711685180664,44.547748480936406,44.03933261869825,44.126990525980695,681100
1998-09-18,44.27592468261719,44.45148346407086,43.88969536341909,44.135477657454246,309400
1998-09-21,44.52176284790039,44.69732184966656,42.78372873041532,42.85395233112179,562200
1998-09-22,44.3022689819336,44.97817045045131,44.109154276642826,44.97817045045131,431900
1998-09-23,45.99637985229492,45.99637985229492,44.60068817357071,44.89036003141913,680200
1998-09-24,44.811370849609375,45.987614472302354,44.512920975194746,45.654052847956585,568800
1998-09-25,45.013282775878906,45.48729160386203,44.18815629753792,44.36371512271685,422200
1998-09-28,45.66288375854492,45.86477655486298,45.153762793916776,45.46976890989286,678800
1998-09-29,45.32928466796875,45.82084933516594,44.71482883397228,45.776959632737615,1089600
1998-09-30,43.92479705810547,45.18881999502936,43.88968530985758,44.76747901605473,673200
1998-10-01,42.81876373291016,43.90722759163932,42.55542570257246,43.25766045013966,1107600
1998-10-02,43.90728378295898,43.99506323874259,42.169250558443615,42.90659798702589,971800
1998-10-05,43.38056564331055,43.81946250331976,42.379880802489545,43.45078914091202,728800
1998-10-06,43.36301803588867,44.30225749537048,43.047012236436856,43.99502963479232,806100
1998-10-07,43.45083618164063,44.13551602450284,42.61693124482126,43.55617154208097,1280800
1998-10-08,43.433250427246094,43.67903276596131,41.83566522559719,42.20433873367001,2218200
1998-10-09,44.486602783203125,44.59193806998261,43.01190876829032,43.85459106252621,1196900
1998-10-12,44.82015228271485,45.487275583436805,44.66214939570175,45.24149331474977,630700
1998-10-13,44.47786712646485,45.04843380560837,44.20575071025794,44.94309841868956,288500
1998-10-14,44.76751708984375,45.32052759507123,44.29350808536305,44.38128753063725,939700
1998-10-15,47.119964599609375,49.437339907786885,44.48658356758948,44.66214230305747,1219200
1998-10-16,47.2955207824707,47.42718982696533,46.76884460449219,47.15507380167644,694800
1998-10-19,47.54133224487305,47.89244991285586,47.084879276495386,47.19021457689024,423800
1998-10-20,47.69057846069336,48.59470685779466,47.4623518750173,48.02414039360452,959800
1998-10-21,47.787109375,48.19967258966293,47.54132703434974,48.01533583417523,599800
1998-10-22,48.0679931640625,48.138216674893854,47.30431248377151,47.76954324302924,574800
1998-10-23,47.36577987670898,47.85734467898765,47.26044456193498,47.71689759262232,463400
1998-10-26,47.40084457397461,47.99774409823947,47.26039762708876,47.75196194118924,381100
1998-10-27,47.03223419189453,47.98903029620892,46.84789732776056,47.91002878300865,915900
1998-10-28,46.882957458496094,47.40085569666335,46.72495460617389,47.11118380073929,355200
1998-10-29,47.9978141784668,47.99781417846679,46.891792856870815,47.13757537278103,413600
1998-10-30,48.33135986328125,48.65614379262041,48.07679948623164,48.36647163942602,678700
1998-11-02,49.13891220092773,49.13891220092774,48.44545488333694,48.75268280885185,598900
1998-11-03,48.87556838989258,49.22668597890043,48.70878753511385,48.98090366659493,731200
1998-11-04,49.56901168823242,49.911351241241285,48.91944433124124,49.542677876462506,706600
1998-11-05,50.280006408691406,50.2800064086914,48.95453836265222,49.04231770344952,462600
1998-11-06,50.49071502685547,50.525826789739234,49.99915034648275,50.11326357585499,400000
1998-11-09,50.00789260864258,50.52579074167925,49.72699870597862,50.47312313492976,325700
1998-11-10,49.78847503662109,50.23614997083613,49.71825151752854,49.85869855571365,345400
1998-11-11,49.639286041259766,50.27129817122806,49.41983738502078,50.24496433247938,365000
1998-11-12,49.78847503662109,50.12203675231073,49.50758096025088,49.50758096025088,354400
1998-11-13,50.280006408691406,50.42045335396708,49.70066275942924,49.805997968386,408300
1998-11-16,50.75405883789063,50.82428237139168,50.21860439494505,50.64872353763904,273700
1998-11-17,50.54335021972656,51.68448178078326,50.01667411462347,50.53457228464151,618700
1998-11-18,50.93836975097656,51.105150558363874,50.420471454352814,50.4906949522001,249600
1998-11-19,50.98228073120117,51.192951312735055,50.736498386078296,51.08761602196811,270800
1998-11-20,51.61178970336914,51.62058217180242,51.207336155438135,51.38318552410379,331900
1998-11-23,52.94824981689453,52.94824981689453,51.91073844552397,51.972285730266286,530600
1998-11-24,52.38558197021485,52.833998331490605,52.26248728280581,52.76365851011401,503700
1998-11-25,52.403167724609375,52.51746993608923,52.11301595700667,52.47350754705851,155300
1998-11-27,52.47345352172852,52.73722758433774,52.47345352172852,52.7284351155841,71000
1998-11-30,51.101844787597656,52.36796069424151,51.066674901302,52.3591682226676,527600
1998-12-01,51.35683441162109,51.717325801944064,50.57430432043221,50.78532367086517,379800
1998-12-02,51.06671905517578,51.19860624281828,50.37211320025862,50.94362434670945,317600
1998-12-03,49.98522186279297,51.19858344890826,49.83574978334399,50.82929948791665,638700
1998-12-04,50.926002502441406,50.99634228490334,50.292944460283984,50.433624025207855,1230600
1998-12-07,51.06671905517578,51.19860624281828,50.644680054719785,50.97879426341412,522900
1998-12-08,50.820499420166016,51.20736827388354,50.31932840512285,50.95238652938789,405500
1998-12-09,50.679805755615234,51.01391967281048,50.45120149648165,50.7413530561512,310100
1998-12-10,49.67749786376953,50.6534628660489,49.60715804378543,50.57433056856679,422700
1998-12-11,49.50159454345703,49.86208572929748,49.10593348582727,49.52797194729902,548700
1998-12-14,48.68394088745117,49.50164117687377,48.683940887451165,49.1939045088115,393500
1998-12-15,49.64228439331055,49.73020909113788,48.683905186992654,49.23783078330483,637200
1998-12-16,49.44889450073242,49.85334847424482,49.27304494703139,49.85334847424482,537800
1998-12-17,49.92367935180664,50.08194392178419,49.59835773574168,49.59835773574168,1114300
1998-12-18,50.00821304321289,50.37812233307111,49.89371731063773,50.228397144318976,289100
1998-12-21,50.624732971191406,51.39978107513449,50.22840155440233,50.31647520257768,483500
1998-12-22,50.924163818359375,51.161962577109925,50.40452949368224,50.88012701118335,317700
1998-12-23,51.89297866821289,52.0338964650037,51.117930785863486,51.42618846634336,657600
1998-12-24,51.91058349609375,52.14838223284206,51.75205100492821,51.91939085671406,346900
1998-12-28,51.82252883911133,52.29812648651309,51.75206992838513,52.28931912267232,274000
1998-12-29,52.69447708129883,52.72089918245943,51.72566670541,52.02511718523019,598800
1998-12-30,52.21005630493164,52.685653983822725,52.21005630493165,52.456662508801095,202600
1998-12-31,51.5934944152832,52.34211971833869,51.57587970227013,52.20120201423413,870300
1999-01-04,51.83134841918945,52.764929206349024,51.32052119602666,51.90180734652225,490200
1999-01-05,52.54471206665039,52.668015112063244,51.82250851494651,51.82250851494651,473000
1999-01-06,53.918701171875,54.00677484252491,52.88823922527105,53.08200130070085,701400
1999-01-07,53.68971252441406,53.82182303751548,53.037967326447095,53.12604100184804,450300
1999-01-08,54.403106689453125,54.464758259280906,53.71613205422934,54.253381448442816,446300
1999-01-11,54.30619430541992,54.36784583966221,53.68967896299706,54.30619430541992,603000
1999-01-12,53.2845573425293,54.14767909782977,53.2845573425293,54.07722017902973,539600
1999-01-13,52.61520004272461,53.19648614965797,51.74327088232459,51.74327088232459,1082800
1999-01-14,51.22360229492188,52.70323867483022,51.13552870087972,52.70323867483022,604100
1999-01-15,52.77282333374024,52.790467206469664,51.67890322451526,52.005314870009805,470100
1999-01-19,52.54338836669922,53.249142407890616,51.95231935720143,53.249142407890616,1505900
1999-01-20,52.860958099365234,53.49613650109325,52.36693045357677,53.17854730022924,687500
1999-01-21,52.01408767700195,52.949212048399886,51.96115610880962,52.50811564679709,944500
1999-01-22,51.555320739746094,52.00523883655086,51.23773149494273,51.334772653077096,550700
1999-01-25,52.102333068847656,52.102333068847656,51.01723537709888,51.59948291901286,608400
1999-01-26,52.91391754150391,52.91391754150391,51.84646438669865,52.11112219367516,459600
1999-01-27,51.7670783996582,53.07272386713424,51.66121525364663,52.96686072112267,487100
1999-01-28,52.2081298828125,52.5962944172572,52.06697914301442,52.20812988281249,268200
1999-01-29,52.66688919067383,53.07269771710113,51.96995715615737,52.62277956823608,306900
1999-02-01,52.702186584472656,53.26678985554836,52.596323471145965,53.063885555005534,191400
1999-02-02,52.31403350830078,52.675732559538616,51.87293710435221,52.65808870338067,473600
1999-02-03,53.002140045166016,53.0727154646669,52.06701573677926,52.06701573677926,238100
1999-02-04,52.79046630859375,53.07276826746323,52.37583530650419,52.799288244808416,442800
1999-02-05,52.54338836669922,52.78158035560132,52.19051134610353,52.63160762184815,438700
1999-02-08,52.402252197265625,52.94038980400522,51.97879965425742,52.79041702835649,335500
1999-02-09,51.59062194824219,52.41988297135005,51.37889572957635,52.30519793623939,341700
1999-02-10,51.73174285888672,51.89053743110021,51.36122219038855,51.66116749345849,751900
1999-02-11,53.072715759277344,53.26679816398215,51.66120736142423,52.00526253340092,687700
1999-02-12,52.45515823364258,53.06387096793813,52.11992513359576,52.77274748631852,410400
1999-02-16,52.340457916259766,53.05503352576879,52.22577294189412,52.8433074192476,728100
1999-02-17,52.19050979614258,52.94919536789178,51.82881086077378,52.20815364664838,466000
1999-02-18,52.5257453918457,52.68454005376261,51.92585444682631,52.35812880426676,589200
1999-02-19,52.89335250854492,53.149601626945824,52.36318191874995,52.62826721364744,382200
1999-02-22,54.11274337768555,54.13041573019296,52.7961531158836,52.849170173405824,418500
1999-02-23,54.04199600219727,54.36009800613433,53.47648132853136,53.91828966733285,632800
1999-02-24,53.08775329589844,54.333654297017226,53.017063877395245,54.12158604150764,695600
1999-02-25,52.69893646240234,53.07005573326433,52.168766075456645,52.751953501096914,1438600
1999-02-26,52.53107070922852,53.052405136788565,52.27482158381764,52.99938807635873,356200
1999-03-01,52.62827682495117,52.9110345244808,52.16879556321553,52.59293211250997,336900
1999-03-02,52.7519760131836,53.28214662638142,52.38969276083175,52.93753572780283,242000
1999-03-03,52.50459671020508,52.78735455179488,52.0274428525223,52.60179471825157,201200
1999-03-04,53.70627975463867,53.70627975463868,52.78731741596109,52.87567917929547,584900
1999-03-05,55.20835876464844,55.33206507430034,54.38659542196081,54.47495707171217,1525300
1999-03-08,55.12005615234375,55.29677964112972,54.74010065145392,55.23492642005463,298300
1999-03-09,54.81966018676758,55.614916379032096,54.71362602779897,55.03172850470479,848200
1999-03-10,55.38515472412109,55.38515472412109,54.74895001127222,54.92567354261913,180300
1999-03-11,56.16275787353516,56.392498544509344,55.4381911420012,55.76512978915677,758500
1999-03-12,55.78276443481445,56.471985981767645,55.78276443481445,56.46314980808876,411300
1999-03-15,56.40128707885742,56.41012325104587,55.84460823098525,55.932969952869726,204000
1999-03-16,56.23343276977539,56.6133883965982,56.136234818727694,56.50735426818253,644400
1999-03-17,55.94181442260742,56.410131618058095,55.80927182012139,56.251080495074845,608100
1999-03-18,56.72822189331055,56.81658360965527,55.77391535678757,55.85344090149782,399800
1999-03-19,55.82210159301758,57.061019510427606,55.82210159301758,56.91942889129503,501000
1999-03-22,56.14063262939453,56.31762075243802,55.82205400791625,55.89284925713365,118500
1999-03-23,54.7247200012207,56.3176128861204,54.53003309306629,55.742401566573285,824500
1999-03-24,54.848663330078125,54.99025394209511,54.46813856028249,54.83981391682706,253600
1999-03-25,55.85742568969727,55.919371503991925,55.158322928371845,55.40610618555048,385500
1999-03-26,55.66277694702149,55.78666866041708,55.220306542037214,55.47693937692809,258900
1999-03-29,56.56544876098633,56.91942528639927,56.06988162540823,56.18492399616744,441200
1999-03-30,56.2291259765625,56.5565540000332,55.8839991410123,56.02558963764828,552000
1999-03-31,55.36189270019531,56.61850855112685,55.30879625578975,56.49461684751388,452900
1999-04-01,55.6539192199707,55.85745557583957,55.24684650823296,55.78666032162432,267500
1999-04-05,56.70697784423828,56.83086949371072,55.9636279474037,56.26450766755103,457400
1999-04-06,56.42384719848633,56.81322130085982,56.17606367879411,56.379600141398434,231600
1999-04-07,57.20259094238281,57.25568740674765,56.28225222672567,56.84861451328391,313900
1999-04-08,57.80434036254883,57.84858740814171,56.90170063245391,57.21142995160413,362600
1999-04-09,57.69814300537109,58.1052157934458,57.20257613293233,57.53885365351578,402300
1999-04-12,58.6273193359375,58.68926518278302,56.99017909787735,56.99017909787735,900800
1999-04-13,58.972412109375,59.06090612514537,58.33525519582834,58.54764083367723,1310900
1999-04-14,59.09629821777344,59.5918646598512,58.66267758095539,59.34408143881232,1553700
1999-04-15,59.3795166015625,59.55650472854183,58.61846765555142,59.07863678569766,1917400
1999-04-16,59.21265411376953,59.60209458925621,58.78780995869316,59.47818171069227,2050400
1999-04-19,59.12416458129883,60.88549822675967,58.628512902174165,59.44279780359325,5045900
1999-04-20,59.17729187011719,59.46052150515215,58.41611222596073,59.0533789047894,4491000
1999-04-21,60.32787322998047,60.34557507071697,59.00023517474322,59.20380634321294,2419100
1999-04-22,60.87665939331055,60.94746679010416,60.11547987777919,60.593429806136086,1891000
1999-04-23,60.66426086425781,60.96519241800522,60.22171446168809,60.611155295949445,942000
1999-04-26,60.7526969909668,60.80580249532953,60.2747474517022,60.80580249532953,629400
1999-04-27,61.3900260925293,61.53164091627215,60.90322513591322,61.177603856915006,2460600
1999-04-28,61.32807159423828,61.99189110204141,61.159903985594816,61.31922066746757,2919100
1999-04-29,61.62016296386719,61.92109452674732,61.24842397442702,61.63786482050719,1922000
1999-04-30,60.965179443359375,62.062694288158525,60.32791275928244,61.90337761713929,3761500
1999-05-03,62.43445587158203,62.43445587158203,60.912096017610935,61.14222018158331,1834900
1999-05-04,61.88566207885742,62.54063047042428,61.58473065570509,62.204295350430485,2046600
1999-05-05,61.95650100708008,62.16007236753191,61.03600442068917,61.93879914964948,2827000
1999-05-06,62.027286529541016,62.22200689250476,61.39001988711423,61.86796986893432,2659100
1999-05-07,62.55834579467773,62.55834579467773,61.88567540978873,62.345923567870685,1749800
1999-05-10,62.31049728393555,62.930061887611046,62.09807513410395,62.46981389630925,1598000
1999-05-11,62.43445587158203,62.87700234075968,62.13352427254124,62.66458003555441,1519200
1999-05-12,62.39898681640625,62.69991810034353,60.61110095301419,62.31047761524823,3325500
1999-05-13,63.01862335205078,63.160238235987975,62.5937787002392,62.85930660762144,1390300
1999-05-14,61.8148307800293,62.37243878964297,61.60240868112886,62.13346392837997,2026200
1999-05-17,61.60241317749024,61.708624234692806,61.00055052000901,61.69092239182571,1204800
1999-05-18,61.64674758911133,62.02733770344468,60.96522575646789,61.850319045615215,1152500
1999-05-19,61.779483795166016,61.92109865773374,61.31923549182094,61.779483795166016,679000
1999-05-20,61.63782501220703,62.13347667801455,61.62012316699962,61.99186191635526,1410900
1999-05-21,61.44850158691406,61.821024258197326,61.164674789745874,61.767806733728285,747200
1999-05-24,60.384185791015625,61.69688548212466,60.26001149591072,61.69688548212466,1241800
1999-05-25,59.63911437988281,61.07598774834519,59.63911437988282,60.3486814754198,1253300
1999-05-26,60.73897933959961,60.93411040640324,59.63914969034285,60.153586139188754,1336500
1999-05-27,59.53264999389648,60.5615217756742,59.160127452218354,60.52604343837152,1617700
1999-05-28,59.68350982666016,60.13585921009896,59.46176993281761,59.58594427336944,702700
1999-06-01,60.22449493408203,60.2422341078476,59.07144863932052,59.71892848176353,1968500
1999-06-02,60.12700653076172,60.366485683487866,59.40856907258326,60.1713545220073,1111500
1999-06-03,60.597015380859375,60.63249372710109,60.135796879717,60.348666957167325,583900
1999-06-04,61.43081283569336,61.4840304038444,60.63254931342763,60.987333101101285,632300
1999-06-07,61.85649871826172,62.01615128162976,61.3775410281576,61.51945441781808,651700
1999-06-08,61.16472625732422,61.82107627806696,60.95185598032656,61.82107627806696,574000
1999-06-09,60.80989074707031,61.324326812316826,60.57928147644257,61.324326812316826,395400
1999-06-10,60.29545593261719,60.57928273312377,59.79875903173067,60.49058685796546,750600
1999-06-11,59.58584976196289,60.73889538105416,59.23106649455018,60.52602542060654,1043900
1999-06-14,59.99390411376953,60.24225262281529,59.60364217098333,59.88746903846421,589100
1999-06-15,60.36648178100586,60.66804810198062,60.03830666700392,60.24230741354567,697300
1999-06-16,61.182430267333984,61.34208288328238,60.88086421498702,60.89860339453685,773500
1999-06-17,61.71467208862305,61.80336808185188,60.880929752272,61.02284334143813,632500
1999-06-18,61.639041900634766,61.85214144048139,61.47921724574981,61.692316785596425,264300
1999-06-21,61.44369125366211,61.92316514494792,61.1595585773446,61.798857099059,309700
1999-06-22,60.89316177368164,61.49694348855629,60.81324948788941,61.15953605965575,398800
1999-06-23,60.52021408081055,60.822104820063416,60.39590612935348,60.78658826250425,493800
1999-06-24,60.02302932739258,60.46698664490288,59.52579713178104,60.44922835220246,603500
1999-06-25,60.08515548706055,60.46695860305635,59.95196835357363,60.30713404287206,297600
1999-06-28,60.62677383422852,60.80435665155197,60.37815788997567,60.55574070729913,522300
1999-06-29,61.15958023071289,61.3726798133983,60.422610840592505,60.57355637832801,308300
1999-06-30,62.15406799316406,62.65130053710937,60.94650324358258,61.266152736118855,1151100
1999-07-01,62.91764831542969,63.07747299362299,61.97645854384692,62.420415983272754,1408100
1999-07-02,63.45036697387695,63.50364184119339,62.864343433396144,62.970893168029015,393900
1999-07-06,63.30830764770508,63.9298478349897,63.22839533791134,63.46813226729255,548000
1999-07-07,63.39707946777344,63.55690403786026,62.970880614208575,63.21949661212141,563100
1999-07-08,63.1662483215332,63.78778857771922,63.077456856363774,63.13073173546543,430000
1999-07-09,63.681190490722656,63.69894877027947,63.30826662002964,63.48584941559774,323300
1999-07-12,63.55699157714844,63.98319101773284,63.41492509695364,63.98319101773284,414200
1999-07-13,63.59247589111328,63.77893805164294,62.97093535601445,63.13076006503986,341900
1999-07-14,63.45036697387695,63.82329104509201,63.21950921550573,63.82329104509201,354100
1999-07-15,63.47702407836914,63.841069117845024,63.34383686880479,63.82331082323645,287100
1999-07-16,63.68229675292969,63.771114461092765,63.344789461909976,63.62900612803184,226300
1999-07-19,63.53128433227539,64.01978155557681,63.48687549379344,63.877673272434585,290700
1999-07-20,62.33221435546875,63.557897681352856,62.24339672315831,63.25591773149735,816500
1999-07-21,62.49210357666016,62.86513773672549,62.15459647945818,62.4388129823651,534900
1999-07-22,62.20796203613281,62.79415927976285,61.78163676803824,62.403361117342826,1008500
1999-07-23,61.99482727050781,62.58102477765016,61.74613741899289,62.52773409518267,541700
1999-07-26,61.63949966430664,62.09247005088872,61.58620903059111,61.799371565453264,377600
1999-07-27,62.31447219848633,62.66086108328408,61.90591094975053,62.04801921018037,1080200
1999-07-28,62.20796203613281,62.66981440990193,62.13690782478372,62.31454335315646,459100
1999-07-29,61.266448974609375,61.728301010950304,60.78683339840919,61.639483311653976,1201800
1999-07-30,60.449337005615234,61.52403136025517,60.431573462563335,61.355277701262125,788700
1999-08-02,60.57367706298828,61.3375093543984,60.27169685475638,60.46709581302408,673700
1999-08-03,60.66246795654297,60.96444803129003,60.17397077680507,60.89339389605543,1141400
1999-08-04,60.62695693969727,61.4529614804813,60.53813924713984,60.91117355588101,1571300
1999-08-05,61.58617401123047,61.58617401123047,59.969692374362296,60.82234202897408,1613300
1999-08-06,60.87564086914063,61.5328917334996,60.538133668523855,61.10656684851,800600
1999-08-09,60.8934211730957,61.14211075781663,60.68025867190634,60.92894825662727,634100
1999-08-10,60.68023300170898,60.911158946973096,59.84534689190795,60.82234127571767,2335100
1999-08-11,61.39081954956055,61.444110191530655,60.55593282536225,61.03554860309319,716300
1999-08-12,61.3375129699707,62.0302911355742,61.31974942726293,61.5329119397563,595100
1999-08-13,62.52765655517578,62.52765655517579,61.968105083162136,62.08356808532368,567200
1999-08-16,62.90070724487305,62.91847078829154,62.32339208377213,62.52767283308476,663300
1999-08-17,63.23820114135742,63.504654236054144,62.63424079337816,63.469127156761246,625600
1999-08-18,62.46550750732422,63.38033009700919,62.42109864374728,63.007295642962895,776200
1999-08-19,62.385555267333984,62.63424483844522,61.96811205868297,61.9769938290798,732600
1999-08-20,63.31706237792969,63.33486307019225,62.51603122611444,62.58723399516469,688300
1999-08-23,64.5363540649414,64.54525440338644,63.52171548220753,63.637419881992976,1016900
1999-08-24,64.33163452148438,64.79445203602742,63.673009596942336,64.24263115330302,1476300
1999-08-25,64.72331237792969,64.72331237792969,63.80657679281875,64.4741027043073,864200
1999-08-26,63.833255767822266,64.52748247583818,63.7798537133595,64.45627973655449,749500
1999-08-27,63.228057861328125,64.02908899977402,63.22805786132813,64.02908899977402,656000
1999-08-30,62.1244010925293,63.38824993997044,62.05319834056078,63.31704718800193,789600
1999-08-31,61.66158676147461,62.64062465751418,61.39457642619108,62.17780674302274,1038800
1999-09-01,62.40924835205078,62.40924835205078,61.82182530709422,62.05323438541044,1136500
1999-09-02,61.75053024291992,61.94633763198655,61.16310807572005,61.5547228538533,1048200
1999-09-03,63.40604782104492,63.40604782104492,62.65841895847224,62.88982789212569,709500
1999-09-07,62.80083847045898,63.334859205752,62.729635705753246,63.06784883810549,423700
1999-09-08,62.83641052246094,63.37043100848752,62.44479549937478,62.51599823084499,773400
1999-09-09,62.97882843017578,63.24583872595098,62.51601058416545,62.90762568463573,554800
1999-09-10,62.83641052246094,63.72644466583857,62.80080915672583,63.69084330010347,660100
1999-09-13,62.83641052246094,62.94321461966626,62.56940027944765,62.67620437665296,518700
1999-09-14,62.28459930419922,62.58721096129307,62.08879176137378,62.58721096129307,806700
1999-09-15,61.44797134399414,62.81862423897894,61.43017065704628,62.80082355203109,1055000
1999-09-16,61.25212478637695,61.67934100110321,60.59349978867398,61.67934100110321,1439300
1999-09-17,61.808067321777344,61.95064648514938,61.505086599611765,61.77242253093433,580400
1999-09-20,61.61199569702149,61.861509130564535,61.5228837564704,61.861509130564535,341300
1999-09-21,60.36446762084961,61.20212040448703,60.186243624331006,61.077363606924,1491900
1999-09-22,59.96343231201172,60.5248376078442,59.82085318926062,60.5248376078442,1561300
1999-09-23,58.564430236816406,60.453605405745975,58.53769662593533,60.43578299849192,2152200
1999-09-24,58.53767395019531,59.018878759650406,57.85151153671303,58.3950947473938,1745100
1999-09-27,58.79604721069336,59.38418590664755,58.706935287063935,59.15249490521105,1184200
1999-09-28,58.60005569458008,58.88521411645152,57.45942200709434,58.45747648364436,2126400
1999-09-29,58.17231750488281,58.99214795991486,58.10102790009741,58.600055133595184,1055300
1999-09-30,59.09905624389648,59.38421453699128,58.35051572452264,58.61785162429901,1157000
1999-10-01,58.51094818115234,58.83175143039412,58.04756571002534,58.48421457704887,1263800
1999-10-04,59.54463577270508,59.54463577270508,58.885207001801135,58.95649659865561,655500
1999-10-05,59.32189178466797,59.99023216079086,58.54661694836541,59.50011588496741,2400000
1999-10-06,60.38229751586914,60.400119917733335,59.455532618931365,59.562467030116494,856900
1999-10-07,60.034706115722656,60.48917695020416,59.95450538022592,60.48917695020416,529900
1999-10-08,60.79226303100586,60.79226303100586,59.86549736767772,60.11501120011221,924000
1999-10-11,60.66743087768555,61.09516834568333,60.56940770793606,60.667430877685554,209600
1999-10-12,59.43769836425781,60.61397665272588,59.41987596594769,60.61397665272588,1083900
1999-10-13,58.20792007446289,59.56242158262553,58.1722752979323,59.17032904078898,1821400
1999-10-14,58.52870559692383,59.027732319431095,57.72669836432286,58.40394891629701,1619400
1999-10-15,57.05055618286133,57.99545601963997,56.979242987632745,57.58540514707565,2300500
1999-10-18,57.69237518310547,57.83500157416382,56.80096023899073,57.17535451551892,2019900
1999-10-19,58.298583984375,58.95823157074254,58.048987600344034,58.45903880268062,1207500
1999-10-20,59.17216491699219,59.36827634033865,58.4768607796729,58.76211375908594,1329300
1999-10-21,59.01167297363281,59.01167297363281,58.0132881740789,58.26288437396738,993200
1999-10-22,59.61787796020508,60.09924240545793,59.22565507888794,59.38610989397222,1149700
1999-10-25,58.97599411010742,59.43952973491479,58.85119605727466,59.15427704272564,619500
1999-10-26,58.583797454833984,59.439555908221706,58.58379745483399,59.29692949932375,1208500
1999-10-27,59.47526168823242,59.52874663579379,58.63733084310445,58.94041221261882,791800
1999-10-28,60.79449081420898,60.83014740706189,60.22398532856245,60.50923807138572,1030400
1999-10-29,61.365028381347656,61.61462466180636,60.97280565491255,61.293715158359454,2217100
1999-11-01,60.75885391235352,61.40067279170936,60.75885391235351,61.329359582892046,559800
1999-11-02,60.295291900634766,61.43630274677333,60.27746360616385,61.02625197394228,975300
1999-11-03,60.5983772277832,60.93711484688526,60.330952791650006,60.93711484688526,1025500
1999-11-04,60.83021926879883,61.29375552348487,60.52713787150411,61.06198739614185,578600
1999-11-05,61.347164154052734,61.81069983205488,61.00842654320502,61.59676028836159,1139100
1999-11-08,61.258056640625,61.3650264717786,60.6875508744725,60.6875508744725,628600
1999-11-09,60.65185928344727,61.54327402894178,60.47357633434836,61.54327402894178,668000
1999-11-10,60.47361373901367,60.95497799931832,60.134875926206696,60.24184576182995,825600
1999-11-11,60.52714157104492,60.83022298686458,60.22406015522525,60.616283163933055,727400
1999-11-12,61.650272369384766,61.65027236938476,60.2061798124385,61.0262817583586,818200
1999-11-15,61.50760269165039,61.74828461522642,61.20452175085095,61.56108756355617,573400
1999-11-16,62.71102523803711,62.7466818266586,61.40064560619753,61.86418125827684,1382000
1999-11-17,62.30989837646485,62.595151130119625,62.185100296740885,62.43469645618881,433900
1999-11-18,63.049842834472656,63.16572689453884,62.523907484941496,62.72001897120735,645300
1999-11-19,62.872676849365234,63.13163262675929,62.63158009110179,62.810170282408045,327800
1999-11-22,63.506629943847656,63.56020696573504,62.72976312648057,62.86370568119903,324000
1999-11-23,62.917274475097656,63.56019865366805,62.756543430455054,63.56019865366805,362000
1999-11-24,62.94408798217773,63.14946662079173,62.586907741109904,62.631555271243386,251600
1999-11-26,62.54219055175781,63.23869124608064,62.52433155959568,63.23869124608064,165100
1999-11-29,62.60478973388672,62.78337991997682,62.26546838031552,62.61371924319123,390700
1999-11-30,62.11359024047852,63.14941204437379,61.83677579288582,62.60471264749784,620000
1999-12-01,62.917274475097656,62.93513348005794,62.09576024692437,62.11361925188466,435500
1999-12-02,63.21197128295898,63.32805485785352,62.94408611012543,62.95301561588654,266100
1999-12-03,64.55133056640625,64.79242697328036,63.87268882853837,63.89947731819105,862700
1999-12-06,64.14956665039062,64.64961895167428,64.0245535750697,64.55139439249356,304000
1999-12-07,63.55120468139648,64.47094250381939,63.55120468139648,64.35485908933883,505300
1999-12-08,63.13161849975586,63.93527418079943,63.13161849975586,63.44415126460614,454800
1999-12-09,63.64947509765625,64.09595009132667,63.13156410499855,63.7030520968967,832800
1999-12-10,64.27460479736328,64.5603490809859,63.54238507058032,64.09601462009915,472000
1999-12-13,64.13165283203125,64.38167876899823,63.79233191757606,63.845908904068985,570900
1999-12-14,63.89952087402344,64.34599600589895,63.70307181599821,63.75664883182327,536300
1999-12-15,64.15845489501953,64.52456438015464,63.631614416410464,63.64947341568534,465700
1999-12-16,64.23889923095703,64.42641895348277,63.64955153159045,64.42641895348277,623500
1999-12-17,64.53302764892578,65.20338458433706,64.53302764892578,64.67603712848019,472700
1999-12-20,63.74645233154297,64.81902303818698,63.567690547102295,64.78327068129884,521700
1999-12-21,64.1039810180664,64.4436284356189,63.46043854270378,63.53194326218851,773700
1999-12-22,64.17550659179688,64.48833984119977,64.01462092067537,64.24701133451754,407800
1999-12-23,65.48934173583984,65.48934173583984,64.64022375236709,64.64022375236709,524600
1999-12-27,65.28388977050781,65.7307948209631,65.17663255839854,65.53415659876278,450400
1999-12-28,65.82014465332031,65.95421610494984,65.12297310484679,65.12297310484679,769600
1999-12-29,65.71279907226562,66.11501288595603,65.60554205528152,66.06138437746398,273900
1999-12-30,65.47148895263672,66.19547401818807,65.42679851649157,66.0524646225236,494700
1999-12-31,65.8915786743164,66.12396894093771,65.43573622825156,65.58768371027317,549000
2000-01-03,64.92627716064453,66.37424754886375,64.64025831852715,66.37424754886375,1278800
2000-01-04,62.79013442993164,64.62244440262005,62.79013442993165,64.22916811579911,1535700
2000-01-05,63.60343170166016,64.28272636289205,62.3699756062654,62.92413704042826,2007000
2000-01-06,63.92522048950195,64.73858668980182,63.60344924542728,63.72858250701187,2639500
2000-01-07,66.07038116455078,66.10613353531082,64.76541963180938,64.81904818794943,3767400
2000-01-10,66.35639190673828,66.8211726690161,66.03462060977674,66.8211726690161,762900
2000-01-11,65.86474609375,66.78536881700366,65.79324141621574,65.87368417844178,1658700
2000-01-12,66.03460693359375,66.46363524068802,65.8737213184334,66.07035929251828,813300
2000-01-13,66.2848892211914,66.71391763039006,65.90948936314258,66.36533204791616,1192200
2000-01-14,67.21438598632812,67.21438598632812,66.42783466095621,67.1965098198424,1935500
2000-01-18,66.19549560546875,66.85691427611481,66.07036234345463,66.60664775208657,656500
2000-01-19,66.10613250732422,66.24020389558947,65.55197076916114,66.14188487752828,1003400
2000-01-20,65.0603256225586,66.3384718739703,64.44359771103825,66.3205957026219,887000
2000-01-21,64.57559967041016,65.36267069132374,64.28939202644159,65.36267069132374,783200
2000-01-24,62.96568298339844,65.04068844535134,62.42904363978992,64.82603270790794,2066100
2000-01-25,63.16246032714844,63.46655600133749,62.250173304581295,63.30556417382564,1728200
2000-01-26,63.2339973449707,63.7527486668955,63.03722960217164,63.09089353202593,1001400
2000-01-27,63.2339973449707,63.88690849153122,62.50059030362875,63.609644853950726,853900
2000-01-28,61.48096466064453,63.00144240174281,61.3289168865347,62.876226587770006,1253300
2000-01-31,62.679473876953125,62.75102578777157,61.248435660584335,61.32893156025508,996600
2000-02-01,63.12667846679688,63.377110175081135,62.41115930027041,62.71525494604416,786500
2000-02-02,62.786808013916016,63.64543102949094,62.76892003442487,63.18034356272119,618100
2000-02-03,63.25189971923828,63.34133962268743,61.9460771288807,63.3234516419976,863300
2000-02-04,62.8226318359375,63.520263567600814,62.59008792538306,63.21616768456808,474000
2000-02-07,62.25016784667969,62.66159136980429,62.03551209548424,62.482711577141416,718900
2000-02-08,62.57217025756836,63.16247375056429,62.46484234975092,62.912041965656925,993100
2000-02-09,61.194766998291016,62.60791712774585,61.12321509300216,62.50058926981257,819900
2000-02-10,61.248443603515625,61.588315223979066,60.684972232747306,61.40049143372296,1263500
2000-02-11,59.81737518310547,60.99798127224571,59.31651199377325,60.99798127224571,2148400
2000-02-14,60.38982009887695,60.44348403853827,59.85318070226371,60.10361242068322,1300800
2000-02-15,61.49884414672852,61.74927574011252,60.1125263976385,60.44345386032451,1360000
2000-02-16,60.56868743896485,61.6419660114214,60.53291148654963,61.17687863002356,725800
2000-02-17,59.97841262817383,61.16796360931715,59.90686068945843,61.12324364762003,1164100
2000-02-18,58.601593017578125,60.17767498137607,58.45831283905104,60.17767498137607,1526700
2000-02-22,58.923973083496094,59.30008354998649,57.88519179509403,58.95979312792375,1518800
2000-02-23,58.601593017578125,59.31799391021355,58.24339257126041,59.0135235308435,1558900
2000-02-24,58.45833587646485,58.85235652269102,57.06135358529933,58.78071640519535,4518700
2000-02-25,56.488258361816406,58.15389185187631,56.2733379114861,57.65241080110559,3316900
2000-02-28,57.39268112182617,58.24340739840184,56.30912449587189,56.84642530213021,3068300
2000-02-29,58.20761489868164,58.52999553504357,57.56285362595778,57.99269447444035,1205000
2000-03-01,58.24341583251953,58.90608692286493,57.7061149484557,58.33296597986351,1136200
2000-03-02,58.27919387817383,58.601574176209205,57.88517351390836,58.15382376227118,576000
2000-03-03,59.53292846679688,59.91799403900991,59.0314477215892,59.22845801434936,1678200
2000-03-06,58.297149658203125,59.59562687793268,57.96581409178937,59.49712170953941,1220500
2000-03-07,56.16585540771485,58.18968884555661,55.89720495136417,58.15386878470985,3745500
2000-03-08,56.43446350097656,56.95385399336893,55.6822427878566,56.595653653787984,2618900
2000-03-09,57.500118255615234,57.5628033245748,55.77180135430178,56.649392319735554,1715100
2000-03-10,57.06136322021485,57.92104477532165,56.72107260465173,57.258373576593485,1352600
2000-03-13,57.09717178344727,57.4195523016725,55.50317922111138,55.50317922111138,1506500
2000-03-14,56.43446350097656,57.70607470648889,56.16581324629086,57.49115450274033,854300
2000-03-15,58.24341583251953,58.44938117141067,55.96884208998264,56.52405300351527,2040200
2000-03-16,61.1985969543457,61.25232706580694,58.691191752821446,58.78074193859017,4857700
2000-03-17,60.91254806518555,61.82731247959205,60.652467986579786,60.84080183660465,3710500
2000-03-20,61.30720138549805,61.61212310099057,60.778072526261006,61.00227967000552,1812000
2000-03-21,62.63445281982422,62.67032593140487,60.8049241292108,61.16365524501735,2310300
2000-03-22,62.320587158203125,62.70622325660616,61.88114137165082,62.6524135684569,2434800
2000-03-23,63.782447814941406,63.99768667145977,62.13228324830063,62.20402953380675,1894400
2000-03-24,63.782447814941406,64.5537203841322,63.29816038777509,63.44165295878734,1903400
2000-03-27,63.029083251953125,64.23083298954016,62.95733699896285,63.90797485108394,1431300
2000-03-28,62.77796936035156,63.70170233808245,62.63447685895648,62.63447685895648,1575100
2000-03-29,63.567142486572266,63.83619077587774,62.526822434591125,63.046982460581695,1426600
2000-03-30,63.17259979248047,63.99768201577806,62.49101012975638,63.06498037205036,3573300
2000-03-31,62.81383895874024,63.85415953544124,62.59860021873313,63.59407939126599,1103400
2000-04-03,64.67922973632812,64.67922973632812,62.63446207411476,62.742081424757565,1411100
2000-04-04,64.10535430908203,65.62996402264443,61.038198297091824,64.60757868531435,6635600
2000-04-05,63.35195159912109,64.46401869967193,63.07393482398339,63.31607846684526,3400700
2000-04-06,63.95281600952149,64.41019837054878,63.35194114307387,63.92591116475518,2279700
2000-04-07,63.65689468383789,64.27570642421331,63.45959238980514,64.26673813812091,1027100
2000-04-10,64.32052612304688,64.84965482372448,63.656873176434296,63.83623883768094,1833500
2000-04-11,65.0020980834961,65.28011478335652,63.620982864834616,64.42812812249392,3624800
2000-04-12,63.43268585205078,65.73753531677255,63.42371756619583,65.3608673108647,3620700
2000-04-13,62.58061981201172,64.03348028916074,62.41919087010627,63.91689272000681,4333100
2000-04-14,58.84089279174805,62.13225198311697,58.26692279652295,61.66590136199658,4518600
2000-04-17,60.84083557128906,60.858772138379656,58.68844752041799,59.04717886222984,5978400
2000-04-18,61.45071029663086,61.86325155081139,60.7780886865539,61.1099153475252,1576900
2000-04-19,61.30720138549805,62.02466424548047,61.029184527254856,61.665932815489256,1536500
2000-04-20,62.463470458984375,62.463470458984375,61.350935219554025,61.47654403690907,1886300
2000-04-24,62.51731872558594,62.73264818158681,61.29711847491434,61.44067144558159,1714200
2000-04-25,63.89903259277344,64.09641797848546,62.46350251486783,63.00182629408243,2798800
2000-04-26,62.58914566040039,64.06056479576532,62.55325738880613,64.06056479576532,2051700
2000-04-27,62.230224609375,62.87621310012975,61.4945154949043,61.4945154949043,1656700
2000-04-28,61.763648986816406,62.87618420970502,61.44065488984874,62.80440774371221,1166000
2000-05-01,62.08668899536133,62.7865100562917,61.530420972570525,61.996968346524106,1385800
2000-05-02,61.47661590576172,62.14952107110499,61.33306280382182,61.72783383415653,705000
2000-05-03,60.18461227416992,61.27920420879257,59.57451185159336,61.16256736329999,2333500
2000-05-04,59.89748764038086,60.45375550043233,59.59243752357844,60.45375550043233,1154900
2000-05-05,60.77672576904297,60.80364194520287,59.32325225640864,59.32325225640864,1352100
2000-05-08,60.8305892944336,61.08180706733096,60.29226549536781,60.44479057176978,665500
2000-05-09,60.507591247558594,61.40479752347139,60.29226174133953,60.90236200896023,1194600
2000-05-10,59.32325744628906,60.346072229845774,58.92848682807419,60.023078087669965,1832600
2000-05-11,60.72294998168945,60.81267065246618,59.64630193236872,59.7180784689901,1342700
2000-05-12,61.01008987426758,61.315140323638914,60.7229835689769,60.86653672162224,999400
2000-05-15,62.13153076171875,62.15844694833032,60.90235823979016,61.13563185709047,721400
2000-05-16,62.76852416992188,63.03768593737437,62.12253592803589,62.51730652029954,1155300
2000-05-17,61.87133026123047,62.409653900394304,61.7636655333977,62.19432444472877,896000
2000-05-18,61.69186782836914,62.481408894235415,61.67392371323582,62.02383395833564,931300
2000-05-19,61.28581237792969,61.55539806287659,60.683737681548266,61.28581237792968,1394200
2000-05-22,60.69274520874024,61.16002722693012,59.5964297045255,61.03422052972515,1233400
2000-05-23,60.06373596191406,60.78263166462997,59.82110866224744,60.72871448692627,715700
2000-05-24,60.63882446289063,60.78260353689866,59.50656425507731,60.23444581724301,1256700
2000-05-25,59.52461624145508,60.85457445457937,58.98544399289117,60.80065722972298,1199600
2000-05-26,59.30889892578125,59.80313975016276,58.96742344711766,59.50659525553385,918800
2000-05-30,60.63882446289063,60.67476923139263,59.54250902357932,59.88398432434841,822500
2000-05-31,60.56700134277344,61.01631144175544,60.38727730318064,60.40524970713992,476100
2000-06-01,61.24992752075195,61.537485865919805,60.5849488475513,60.953382977297615,791900
2000-06-02,61.83407211303711,62.66978911732608,61.83407211303711,62.54398225646538,751000
2000-06-05,62.25635147094727,62.53492348243677,61.75312461148233,61.75312461148233,750600
2000-06-06,61.90589904785156,62.10359534325767,61.573409823759455,61.82502329063996,392700
2000-06-07,62.310306549072266,62.50800293558505,61.55546580056894,61.75316218708172,895300
2000-06-08,61.41168212890625,61.950854052777245,61.17804096189548,61.950854052777245,847900
2000-06-09,61.11514663696289,61.95086324293812,60.89947783542089,61.95086324293812,818500
2000-06-12,60.800662994384766,61.35780770405841,60.76471817440583,61.330849089074206,429700
2000-06-13,61.24992752075195,61.36674809847639,60.31536289895645,60.49508686468635,954000
2000-06-14,61.68128204345703,61.81607505491563,61.19602720220605,61.49257182741498,614900
2000-06-15,61.44769287109375,61.96889295686787,61.33087216221335,61.60944462185124,647700
2000-06-16,60.14134979248047,61.66084270845136,60.14134979248048,61.597905132050194,3000700
2000-06-19,60.76170349121094,61.03143582396268,60.03342619278121,60.285176370016174,930300
2000-06-20,60.27618408203125,60.67179149545747,59.88057666860503,60.65380934030173,1360800
2000-06-21,60.38405990600586,60.56388140661934,59.92551507944149,60.0244169047789,599800
2000-06-22,59.84465408325195,60.43806561713036,59.48501072938626,60.18631526942437,888200
2000-06-23,60.09639739990234,60.41108529771751,59.71877192252414,59.97052224077628,726800
2000-06-26,60.97746276855469,60.977462768554695,60.25817686152367,60.3840518952541,1014800
2000-06-27,60.63589859008789,61.13939952737213,60.47405900310368,60.79773817707212,415600
2000-06-28,60.63589859008789,61.256283673527406,60.46506791493788,60.851684706066855,516900
2000-06-29,59.98851013183594,60.599903820229954,59.62886678572182,60.19530505585156,444300
2000-06-30,60.060455322265625,60.132384011274326,59.46704363794384,59.58392775758298,655200
2000-07-03,60.97746276855469,60.977462768554695,60.042391089414366,60.276159009199446,267700
2000-07-05,60.420040130615234,60.92354046503703,60.21324535040628,60.626834910824186,785200
2000-07-06,60.47400665283203,60.68080150163,59.88059534758568,60.617863938952354,330700
2000-07-07,61.18428802490234,61.4270471397697,60.5099571502708,60.74372518680973,634500
2000-07-10,61.28320693969727,61.69679665789359,61.03145667644734,61.03145667644734,387500
2000-07-11,61.71475982666016,62.2811977446496,61.15731298673403,61.26520592349392,1001400
2000-07-12,62.03841018676758,62.48796388377314,61.88556192978569,62.23621381345002,977100
2000-07-13,62.14634704589844,62.541954579176725,61.93056111865573,62.45204377615893,1176200
2000-07-14,62.29019546508789,62.39808841335305,61.93055230420401,62.2542311489995,551300
2000-07-17,62.14634704589844,62.541954579176725,61.89459679744861,62.0744184034842,690600
2000-07-18,61.93058776855469,62.14637378865419,61.58892657006383,61.894623431871445,347600
2000-07-19,61.67884063720703,62.23628788494855,61.53498328295115,61.894626668590845,764300
2000-07-20,62.77569961547852,62.77569961547852,62.03843130146115,62.03843130146115,657900
2000-07-21,61.65791320800781,62.43223863672988,61.65791320800781,62.24315917157681,471000
2000-07-24,61.54986953735352,62.09009659590255,61.47783926288031,61.87400577248294,414300
2000-07-25,61.53190994262695,61.94608434376257,61.477887194652745,61.85604643047222,275600
2000-07-26,60.79359817504883,61.51390147096173,60.73057163665644,61.38784839417697,406500
2000-07-27,61.0997314453125,61.36084140875401,60.59551910211511,60.838621481871,804400
2000-07-28,60.50543975830078,61.36980318341936,60.23532618795122,61.23474639824458,523100
2000-07-31,60.50543975830078,61.081682041713165,60.43340947287423,60.7575457572937,352300
2000-08-01,61.08169937133789,61.26177513599396,60.53246828913689,60.81158572435379,385600
2000-08-02,61.65791320800781,61.80197375288634,61.00964075605446,61.02764832416428,724600
2000-08-03,61.6219367980957,61.937069438062586,61.10872078443536,61.13573215357537,658400
2000-08-04,61.94608688354492,62.08114375901776,61.45087834014448,61.729995882788366,880100
2000-08-07,62.59437561035156,62.82847425331318,61.86506829958654,62.10817073650821,1176900
2000-08-08,63.18862915039063,63.36870503853651,62.43231042017791,62.558363541880034,807200
2000-08-09,62.8824577331543,63.26962063156862,62.75640469646126,63.0445259231882,1227000
2000-08-10,62.93645858764648,63.15254943258261,62.72036774271036,62.81940937997275,429800
2000-08-11,63.584720611572266,63.83682655565667,62.90043304905748,62.93644818392667,1093800
2000-08-14,64.37712860107422,64.52118930843326,63.44073400324041,63.54877953375969,1212700
2000-08-15,63.92688751220703,64.25102384325484,63.74681177273602,64.24202005628129,1258400
2000-08-16,63.99892425537109,64.14298486146083,63.251609861280514,63.98091667960987,1050000
2000-08-17,63.87289047241211,64.02595491250669,63.39568957094074,63.39568957094074,590600
2000-08-18,63.70891952514648,63.99735832322299,63.438508151949776,63.99735832322299,349000
2000-08-21,64.10549926757812,64.10549926757812,63.58270413856807,63.99733475812777,755100
2000-08-22,64.34893035888672,64.61032817096232,64.03345024086444,64.07851882915334,1054000
2000-08-23,64.32184600830078,64.53817508680403,63.83510558166846,64.14157177621473,602900
2000-08-24,64.62825775146484,64.68233997552466,64.12349032690669,64.26770959106616,408400
2000-08-25,64.74554443359375,64.754558152713,64.33992707322737,64.53822889385093,134900
2000-08-28,65.00684356689453,65.37640548955713,64.65530905509353,64.74544610940147,531700
2000-08-29,64.91669464111328,64.97077686380791,64.61022871251042,64.86261241841866,327200
2000-08-30,64.12358093261719,64.75454110485268,63.997388898170094,64.43004730198871,357300
2000-08-31,64.88066101074219,65.32233264029573,64.28575636685375,64.32181119375608,889600
2000-09-01,64.91669464111328,65.3313250151054,64.7995164919416,65.15105093945665,302000
2000-09-05,65.10603332519531,65.25926640930557,64.50211469958434,64.57422438622446,375700
2000-09-06,65.29531860351562,65.81811381044604,65.20518149887245,65.20518149887245,715300
2000-09-07,65.06101989746094,65.33143145148198,64.7635671880378,65.06101989746094,650300
2000-09-08,64.6644058227539,65.06100937115106,64.54722750163656,64.76355670985319,419300
2000-09-11,64.68242645263672,65.18719455204415,64.26779551383777,64.59228929202825,765600
2000-09-12,65.13310241699219,65.22323956398498,64.1235663706729,64.57425210563687,617600
2000-09-13,64.64632415771484,64.8987080222458,64.36689916484129,64.71843383329511,353400
2000-09-14,64.12422180175781,64.96356770289272,63.95274253163348,64.80111365751176,663000
2000-09-15,62.95999526977539,64.11522454078045,62.94194481241594,63.98887133926427,460400
2000-09-18,62.52679061889648,63.23075852713464,62.301159879076565,63.212708067949045,1033800
2000-09-19,62.36426544189453,62.635022021237056,62.14766017842052,62.635022021237056,714100
2000-09-20,61.76871109008789,62.59903274705576,60.95643990392367,62.38242709741196,3727200
2000-09-21,61.3715705871582,62.38239645565257,61.3715705871582,61.552075206532194,1943500
2000-09-22,62.81558609008789,62.88778791317994,61.22714598206267,61.33544871670076,1539300
2000-09-25,62.4365234375,62.941936174201366,62.25601888867809,62.74338117049726,552100
2000-09-26,61.31743621826172,62.32826236728223,61.317436218261726,62.23801003254825,711500
2000-09-27,61.52497863769531,61.75060933535446,61.100792926096126,61.73255887954173,612500
2000-09-28,62.58092880249024,62.74338290091031,61.41667443047967,61.452775341239686,1042400
2000-09-29,61.5881462097168,62.454567961787845,61.5881462097168,62.34626524277896,780400
2000-10-02,61.8589096069336,62.01233847523209,61.42569868467903,61.795733014104805,481400
2000-10-03,61.82282257080078,62.833648282907305,61.80477211165602,62.03942808053789,2242400
2000-10-04,62.31919097900391,62.74337663809343,61.89500531991438,62.12966121643199,1312100
2000-10-05,62.07555770874024,62.70732407099842,61.913103501302416,62.35533995488314,652100
2000-10-06,61.33546829223633,62.36434459966937,60.77590398468503,61.94918398438937,1306700
2000-10-09,61.10977935791016,61.53396480021141,60.98342624743744,61.24515769055949,555100
2000-10-10,60.59541702270508,61.45281419535283,60.5773665559125,61.22718336044553,565500
2000-10-11,60.30657196044922,61.118842459766846,59.81920966085863,60.52317742693392,1241600
2000-10-12,57.97808837890625,60.29757292333012,57.914911757073696,60.29757292333012,2638900
2000-10-13,58.84444046020508,59.061045762512585,57.80654005331496,57.80654005331496,1456700
2000-10-16,59.322792053222656,59.45817040113052,58.92568223269294,59.05203535740694,566400
2000-10-17,58.10438919067383,59.584525852256704,57.97803606102652,59.47622316970186,906200
2000-10-18,57.6351203918457,58.230785588504304,55.88422572287951,57.18385887922555,3011000
2000-10-19,58.8264274597168,58.84447791306436,58.05928319244525,58.48346884611305,1539600
2000-10-20,59.21063232421875,59.39137296012906,58.30692914466718,58.343077271849246,1682500
2000-10-23,59.65336608886719,59.92447667554587,59.15633001328959,59.35514444352063,866900
2000-10-24,59.82515335083008,60.358338252295184,59.481746126157645,59.71670896409142,1545400
2000-10-25,59.50883483886719,60.54809315420049,59.40942752174836,59.89742707851355,1586400
2000-10-26,59.96977615356445,60.56622058185488,59.29199839414352,59.62636875545785,2003600
2000-10-27,61.41559982299805,61.54211812751864,60.00582442976854,60.3311572128215,1576000
2000-10-30,62.57241821289063,62.86160327684391,61.19878915911256,61.19878915911256,4240300
2000-10-31,63.27731323242188,63.57553535990973,62.37360981579204,62.99716517326663,4993400
2000-11-01,63.13265609741211,63.57547031853625,62.71695295105068,63.13265609741211,3410300
2000-11-02,62.83449935913086,63.40383251886411,62.82546232484938,63.168869627545625,1556300
2000-11-03,62.59043884277344,63.04229011943221,62.21992079591324,63.04229011943221,1663700
2000-11-06,63.638771057128906,63.69299324206823,62.59047548163516,62.73506797480671,2280300
2000-11-07,63.47610855102539,63.65684917901806,63.24114573463493,63.548404802222464,1136900
2000-11-08,62.90681076049805,63.74725515077621,62.90681076049805,63.67495885913938,1464300
2000-11-09,62.59043884277344,63.02421606836586,61.451773625593326,62.42777238317628,3839200
2000-11-10,61.379520416259766,62.37359392123452,61.30722416135251,62.229001411420015,1602200
2000-11-13,60.98186492919922,61.44275335708736,60.0058659054361,60.72882814526064,3009800
2000-11-14,62.06632614135742,62.42780736524418,61.307215571195215,61.37951181597256,1831200
2000-11-15,62.06632614135742,62.60854797718756,61.60543758090179,61.81328928463668,626600
2000-11-16,61.668701171875,62.39166367095912,61.56025679701239,61.75907148426052,908100
2000-11-17,61.52118682861328,62.579868819927846,61.114001447338445,61.64786672500989,1289700
2000-11-20,60.62543869018555,61.38551881704757,60.51685581491954,61.276935941781566,1087400
2000-11-21,61.02356719970703,61.31312149246958,60.33587575439598,60.788304336837456,814700
2000-11-22,60.1548957824707,60.87878141162197,60.08250721955557,60.58922715996147,1096100
2000-11-24,60.84261703491211,60.95119993265437,60.55306264093276,60.79737416085284,535800
2000-11-27,61.31312942504883,61.65697519219049,61.077866531741385,61.49410088143917,777600
2000-11-28,60.96929550170898,61.60269572211855,60.77022686100884,61.09597554579089,1055900
2000-11-29,61.36738204956055,61.78361613600698,60.84256515795416,61.114022170854014,1399600
2000-11-30,60.46257019042969,61.3493304236925,59.57580995716688,60.95119317610512,1858100
2000-12-01,60.11870956420898,61.02356672200864,59.88344670318108,60.770206717824735,2277400
2000-12-04,61.36738204956055,61.51215912310713,59.70244570377477,59.72054283796809,1971400
2000-12-05,63.0866584777832,63.330969977912304,61.74746951411253,61.96463529200507,2005200
2000-12-06,61.801753997802734,63.04140850698267,61.539345379071214,62.84233989966911,1846600
2000-12-07,61.37640380859375,62.03694891813633,61.2587724877163,61.74739489751492,895600
2000-12-08,60.534942626953125,62.8151826182823,60.42635977022316,62.34465690578581,1716200
2000-12-11,62.30840301513672,62.65224839918772,61.747392125369295,61.747392125369295,1062600
2000-12-12,62.61605453491211,62.9327542327043,61.98265513932774,61.98265513932774,679100
2000-12-13,62.579925537109375,63.376199893278496,62.44419695367146,63.07759700971508,813200
2000-12-14,61.77463150024414,62.34469181729634,61.54841708871549,62.145623135151126,1241700
2000-12-15,60.15871810913086,61.59904880922901,60.15871810913086,61.309170932479695,2231500
2000-12-18,61.825496673583984,61.91608348189693,61.109860887911736,61.127978249574326,2611500
2000-12-19,61.22761535644531,62.559241256341366,61.20043931767192,61.762077452321954,1554800
2000-12-20,59.68760681152344,60.81994113409749,59.68760681152344,60.34889005590668,2413500
2000-12-21,60.83810424804688,61.01927787594457,59.58800621555276,59.6242409411323,2508500
2000-12-22,62.01567077636719,62.01567077636719,61.00109947532232,61.16415557727596,1895200
2000-12-26,62.323692321777344,62.35992702661559,61.4359420532404,62.00663865444272,933900
2000-12-27,62.86726379394531,62.86726379394532,61.63528283198904,62.03386490791607,1769600
2000-12-28,63.04838943481445,63.193328261101385,62.45051677638087,62.57733824938193,1100100
2000-12-29,61.90699768066406,63.283916563816085,61.90699768066406,63.283916563816085,1552800
2001-01-02,61.68959045410156,62.46863667716365,61.21853924945938,62.14252430471905,1468300
2001-01-03,63.50130844116211,65.22245660147891,61.23663980916631,61.68957353556547,4409300
2001-01-04,63.32925796508789,64.00865924493077,63.0484387694195,63.274905862700464,1516600
2001-01-05,61.61713409423828,62.84911442896578,61.59901673637464,62.7222929239203,1633900
2001-01-08,61.63520050048828,62.10625141554198,60.94674147079441,61.45402707162148,1450200
2001-01-09,61.127906799316406,62.01565648312391,60.9648507349436,61.99753914263805,1313100
2001-01-10,61.79828643798828,61.79828643798828,60.63877593314183,60.94677091099167,1700300
2001-01-11,61.4178352355957,61.76206499060346,61.01925341400776,61.67147821296984,1605100
2001-01-12,61.07363510131836,61.599038666414245,60.65693572210438,61.18233928720026,1645800
2001-01-16,61.70772171020508,61.90701264937485,60.76561908867523,61.01926210216404,1052400
2001-01-17,61.4359016418457,62.25118196442991,61.13696552356482,62.169653932171485,2434700
2001-01-18,61.87076950073242,62.31464471384163,61.218544697796446,61.63524387744999,1189400
2001-01-19,61.2687873840332,62.175667007834754,61.2687873840332,62.175667007834754,1057700
2001-01-22,61.59524917602539,61.77662505699131,60.97857118074127,61.37759811886629,851400
2001-01-23,61.81283187866211,62.057689047195545,61.25056726943719,61.30497997355574,1362700
2001-01-24,61.72213363647461,62.08488493613064,61.64958337654341,61.83095902637142,634400
2001-01-25,62.284454345703125,62.64720597264373,61.77660206798627,61.92170271876251,1228900
2001-01-26,61.88546371459961,62.4477290648788,61.63153742737676,62.17566518571145,1536000
2001-01-29,62.16109085083008,62.31199670182817,61.60971038912108,61.87669493896785,613500
2001-01-30,63.10716247558594,63.29289108875554,61.98698553199816,62.242359607531725,1213200
2001-01-31,63.07232666015625,63.55406170661703,62.85758060984684,63.26386051160964,1740200
2001-02-01,63.855865478515625,63.98935996922723,62.91561649255553,63.10134506998999,1743700
2001-02-02,63.04909896850586,64.07060823553739,62.97364826516779,63.7281730110207,1936700
2001-02-05,63.72818374633789,63.78041783557456,63.11875946986411,63.18840935029844,1516200
2001-02-06,63.600494384765625,64.12285741667351,63.43798242553179,63.43798242553179,1184400
2001-02-07,63.62374496459961,63.98359180118861,63.32773835053355,63.54828978031781,1712100
2001-02-08,63.10716247558594,63.77462177321083,63.09555194644566,63.75721040761984,1213800
2001-02-09,62.69502258300781,63.26381849583678,62.49188276703885,62.9736174935623,1531700
2001-02-12,63.62953567504883,63.66436284229725,62.70089239729906,62.72991429865267,1267200
2001-02-13,63.4264030456543,64.07645562993754,63.28710764477965,63.67017110421515,2354500
2001-02-14,62.84595489501953,63.47279038750366,62.68924823595737,63.47279038750366,1814400
2001-02-15,63.4611701965332,63.51340869367559,62.86335667884124,63.08971316751845,925400
2001-02-16,62.86542892456055,63.09212775548659,62.31902433985975,62.65035374158352,1561500
2001-02-20,62.4585189819336,63.41763163480755,62.37714015658074,63.01073750804326,1179800
2001-02-21,61.20873641967773,62.481735577550495,61.09247785253147,62.28410266561816,1815400
2001-02-22,61.41218948364258,61.5284436275537,60.33682313062511,61.383123730259136,2671700
2001-02-23,60.77277755737305,61.15060570975617,59.87179249828038,61.09247864283653,2489200
2001-02-26,62.02253723144531,62.02253723144531,60.60421789310513,60.97623651642175,1267800
2001-02-27,61.96443557739258,62.31320262550128,61.38315568560688,61.7784261894137,2046300
2001-02-28,61.034324645996094,62.25501025195422,60.60998881856988,62.05156339009602,2859200
2001-03-01,60.84832000732422,61.0924562598268,59.935711643132784,60.71462381106272,2547100
2001-03-02,60.91814041137695,61.60986053481186,59.87764877079242,60.17409835162992,2799900
2001-03-05,61.36572647094727,61.55173588460772,60.970455912567,61.1797170572868,1067900
2001-03-06,61.70285415649414,62.27831994005816,61.50521671038529,61.90630120777303,1794900
2001-03-07,62.4585189819336,62.54571184761548,61.79005069293704,62.08069062200106,2587600
2001-03-08,63.13278198242188,63.231598456753176,62.20273544645613,62.20273544645613,2447400
2001-03-09,61.70285415649414,62.77822094309377,61.470341340112654,62.77822094309377,3106100
2001-03-12,59.23240661621094,62.68520526915214,58.94176674511551,61.29594704010099,4689200
2001-03-13,59.79043960571289,60.01713836922324,58.76738593268362,59.61024428979771,6299600
2001-03-14,58.238407135009766,59.46490750037944,57.62224771591616,58.27328249342223,9402900
2001-03-15,58.3604621887207,58.89523825980059,58.06982244120198,58.848734835843054,3576900
2001-03-16,57.27238845825195,58.57059563539303,57.13849533953775,58.01172755224136,4029600
2001-03-19,58.06993865966797,58.2154773530506,56.99877600828629,57.5809307818168,4135000
2001-03-20,56.44575881958008,58.62301768300232,56.43993602487426,58.24462041545292,4743300
2001-03-21,55.18833541870117,56.65536511822154,55.01368701665413,56.44578881236243,7788600
2001-03-22,54.40240859985352,55.32803779544936,52.97612995459591,55.01367341438807,12445300
2001-03-23,55.47939682006836,55.59000329679248,54.315086325976615,55.0078480497466,6343300
2001-03-26,56.58551025390625,56.73104912229746,55.76467334575658,55.88692546222594,5740500
2001-03-27,57.74403381347656,57.98271537607116,56.119818638151706,56.29446270899006,7042500
2001-03-28,56.853309631347656,57.47621585369189,56.46908486017568,57.284103468105904,5380800
2001-03-29,57.13274765014648,57.615937842297726,56.35266131327108,56.49820020670256,5104700
2001-03-30,57.714839935302734,57.802164063903206,56.78921572001092,57.23747306597514,5053600
2001-04-02,56.69612503051758,58.19808731934771,56.480725891865575,57.28410334200424,8406800
2001-04-03,54.89723587036133,56.58548235822762,54.86812633443608,56.49816263343506,6530700
2001-04-04,55.48518371582031,56.26527361414432,54.582846259399375,55.01363965434543,5376800
2001-04-05,57.86042022705078,57.9186348741002,56.52728393460259,56.60878532877035,5670100
2001-04-06,57.16765213012695,57.51694888438055,56.498177047957256,57.34230050725375,5727900
2001-04-09,57.52859115600586,57.918634172151975,56.88239836615528,57.88952906972644,3701300
2001-04-10,58.78020858764648,59.25757565232758,57.22585534012904,57.22585534012904,8755900
2001-04-11,58.32023620605469,59.67083442713628,57.982585540412735,59.665011638697976,4623500
2001-04-12,59.20517349243164,59.22264187675582,57.633356456576,57.92443401443749,3777300
2001-04-16,58.78602600097656,59.36235832644455,58.50658958898206,58.79766714912625,2164100
2001-04-17,59.525367736816406,59.6417969973578,58.628848217874605,58.66377610773871,3424200
2001-04-18,61.952911376953125,62.552530097025326,60.025980452936906,60.10748176781146,8816500
2001-04-19,62.39542770385742,62.42453725593843,61.53383559529165,61.94134711695556,3677200
2001-04-20,61.728271484375,62.14775644993244,61.326268763228384,61.75740411337792,2753000
2001-04-23,61.2621955871582,61.67002582330967,61.05828046908246,61.37871724176828,2296500
2001-04-24,61.05828094482422,62.03707796423034,60.85436138014342,61.53019942819309,2812900
2001-04-25,62.02540969848633,62.07784754362402,60.85434820058414,61.23305016652433,2232600
2001-04-26,62.35161972045898,62.80023694233893,61.92631213842941,62.16518260675875,2626400
2001-04-27,63.05664825439453,63.09160385663998,62.398288112001616,62.71872928263672,3045100
2001-04-30,62.46819305419922,63.57516620072591,62.39827741667661,63.20811466000068,3978100
2001-05-01,63.50526428222656,63.56352510357409,62.51481698427153,62.602205993784935,3892600
2001-05-02,63.32464218139648,63.79073310724056,62.89932982211157,63.53438465378153,4863600
2001-05-03,63.00422286987305,63.03335550751781,62.49734431196266,62.92265681848743,3190400
2001-05-04,63.971378326416016,63.977201298731295,62.20604425615654,62.31091554305297,5031000
2001-05-07,63.63347244262695,64.10539110905525,63.476163257138886,63.76747195395002,2489400
2001-05-08,63.39456558227539,63.87813884477704,63.03916879369136,63.87813884477704,3099900
2001-05-09,63.27811050415039,63.69176854919807,62.98097422431992,63.09750043455756,2595900
2001-05-10,63.65678405761719,64.05878707693199,63.56939055080323,63.9364379453998,2157800
2001-05-11,63.231407165527344,63.72080763980615,62.82940010933553,63.5693260114563,3418400
2001-05-14,63.499393463134766,63.499393463134766,62.986692362698825,63.12651912736087,2258600
2001-05-15,63.63347244262695,63.94225895004388,63.00424459071059,63.56355675518581,3467400
2001-05-16,65.52110290527344,65.63180155027592,63.1265468397936,63.15567946585151,8124000
2001-05-17,65.76585388183594,66.20864437313091,65.34054564725193,65.4862000047157,5072100
2001-05-18,66.02787017822266,66.03953907556762,65.39180619700218,65.67774538085499,3790100
2001-05-21,66.1153793334961,66.29043944482548,65.44430444320814,65.94031477008991,4280900
2001-05-22,65.74776458740234,66.2029272478541,65.63105781110943,66.2029272478541,3840800
2001-05-23,64.8315658569336,65.648526184309,64.80822362448565,65.53181947414492,3897400
2001-05-24,64.93661499023438,65.26923406943442,64.51063141705214,65.03581615636433,2439600
2001-05-25,64.27722930908203,64.97747876839992,64.19553368723086,64.97747876839992,2465700
2001-05-29,64.42894744873047,64.6565287307454,64.04964382801319,64.45228523738265,2103400
2001-05-30,63.60616302490234,64.53399390817637,63.40192394230222,64.20137470163385,3908700
2001-05-31,63.65280151367188,64.14881162782599,63.46023146692942,63.75200264608772,2087200
2001-06-01,64.4522476196289,64.4522476196289,63.25598853196973,63.89788419511302,2390100
2001-06-04,64.58065032958984,64.72653596119301,63.897906642185326,64.33556353699481,1067100
2001-06-05,65.33341217041016,65.46179222174747,64.45226182429313,64.59814743679907,1919600
2001-06-06,64.80240631103516,65.32175885925338,64.6039995156287,65.26923771114589,2137400
2001-06-07,64.7207260131836,64.84326945165088,64.27723229391316,64.45229244083313,2334000
2001-06-08,64.04380798339844,64.65652956725957,63.81039002516194,64.65652956725957,1405600
2001-06-11,63.81040954589844,64.10218096993279,63.48946365070781,63.92712078675935,2264700
2001-06-12,63.91545104980469,64.18971691623393,62.99345222923622,63.425277166714935,2369500
2001-06-13,63.49529647827149,64.33559961215666,63.46612200683742,64.04382818534415,2241600
2001-06-14,62.20564651489258,63.22684616741874,62.16479870687462,63.22684616741874,3475600
2001-06-15,62.32827758789063,62.67292549888114,61.71492793444294,62.15303673976553,4091800
2001-06-18,62.50353240966797,62.62035965953984,62.03621449683266,62.153046203378445,2400000
2001-06-19,62.02455520629883,62.83067420783542,61.71495887505671,62.64959057031844,4168800
2001-06-20,62.34584426879883,62.58534157979375,61.726647076858114,61.89020708566947,3386000
2001-06-21,62.58536529541016,62.941694502492126,61.91943960337972,62.123889691866665,3673100
2001-06-22,62.05963897705078,62.47438189631279,61.802617895214574,62.47438189631279,1695900
2001-06-25,61.37028503417969,62.26986905602493,61.20088241415621,62.252345415448985,2237400
2001-06-26,61.11334991455078,61.62739673791251,60.75702053422373,61.10166449999719,2550400
2001-06-27,61.04324722290039,61.56897943003162,60.78622159792965,61.26522106294264,1937200
2001-06-28,61.73830795288086,62.40423312800071,61.3352463365336,61.376136322490986,2888600
2001-06-29,61.47547149658203,62.036250644740505,61.42874324340954,61.83180060999676,1571400
2001-07-02,62.042083740234375,62.25821914730938,61.0724046727462,61.20675562191178,1604000
2001-07-03,61.94860458374024,61.94860458374024,61.5397002410816,61.89018649430721,642500
2001-07-05,61.13080596923828,61.767522201127626,61.13080596923828,61.48129225465191,1072000
2001-07-06,59.90998077392578,61.11916217867475,59.76978705564881,61.11916217867475,2707600
2001-07-09,60.0793342590332,60.39477320881903,59.76973800924552,60.137747888991846,2770800
2001-07-10,59.44844436645508,60.45901734189847,59.40755438806566,60.40060372372407,2083100
2001-07-11,59.90410614013672,60.12607976397193,59.197286359924775,59.6003480689146,3559600
2001-07-12,61.4228744506836,61.51049713026295,60.2896312299197,60.4298248432419,3186600
2001-07-13,61.73245620727539,61.744137148691216,60.98475116980256,61.18920106963129,1200700
2001-07-16,61.36446762084961,61.8259385015663,61.08407590643968,61.60396488446997,912400
2001-07-17,62.00702667236328,62.20563394216111,61.013976953348816,61.1015996427729,1513100
2001-07-18,61.68576431274414,61.96615611551853,61.27686424273619,61.53972793678752,2256500
2001-07-19,62.15304946899414,62.50353569369874,61.56890427559509,62.37502303808309,1638000
2001-07-20,61.86885452270508,62.02674093621797,61.6057045515776,61.72266158145243,1203300
2001-07-23,60.757808685302734,62.17880475343392,60.6700919973527,62.11447947970096,1805900
2001-07-24,60.026851654052734,60.91570320448358,59.64674893034256,60.69934040193127,2675700
2001-07-25,60.78704071044922,60.95662510656041,59.980057048240994,60.05607579348155,2227400
2001-07-26,61.190528869628906,61.249005165054335,60.14378667412892,60.640841877428095,2436500
2001-07-27,61.020938873291016,61.2256081191692,60.70516155331254,61.137895914832086,1409500
2001-07-30,60.85722732543945,61.19639618664031,60.59992619467237,61.19639618664031,824500
2001-07-31,61.41856384277344,62.01503340629012,60.90981537786901,60.96244268329216,2736600
2001-08-01,61.57061767578125,62.020889957191066,61.32501461319407,61.85715458213295,2099400
2001-08-02,61.7519416809082,62.13204449244766,61.53557882836155,62.13204449244766,1675000
2001-08-03,61.623268127441406,61.81039497797103,61.02680268558325,61.81039497797103,1950900
2001-08-06,60.781211853027344,61.44785167202874,60.72858004549727,61.40106883454799,1552700
2001-08-07,61.14373779296875,61.330864589937136,60.65838059116168,60.87474330116761,2502500
2001-08-08,60.20813751220703,61.36013931339195,60.05609551035359,60.92740918968613,4010000
2001-08-09,60.31917190551758,60.37764815429676,59.722702568195295,60.225606338309454,5422800
2001-08-10,60.95079040527344,61.08528547321789,59.65844029807942,60.19058498474243,4504000
2001-08-13,60.927391052246094,61.13790931169496,60.67008996592951,60.93323555951262,2801800
2001-08-14,60.99760437011719,61.38355627507781,60.79878390619866,61.10871254787115,1329100
2001-08-15,60.56489562988281,61.30755483973374,60.53565521644445,60.9976260877142,2354500
2001-08-16,60.96245193481445,60.96245193481445,60.16716203706984,60.418614055642834,3778100
2001-08-17,60.00709533691406,60.66278423049215,59.64412398156483,60.387629029914606,3423400
2001-08-20,60.63927459716797,60.65098131572841,59.80210352508183,59.94846207288354,2005200
2001-08-21,59.42158126831055,60.8207688837116,59.39816336040104,60.592449864730455,3860600
2001-08-22,60.22954940795898,60.43445522510101,59.39237720409678,59.83145344109064,5700500
2001-08-23,59.97774124145508,60.32314979524097,59.84894944948508,60.09483077939486,2266300
2001-08-24,61.25404739379883,61.45309756748584,59.93681896740178,60.15343147213192,2789300
2001-08-27,60.8325424194336,61.24234506159196,60.8325424194336,61.177946865465096,2574400
2001-08-28,59.90168380737305,60.87935877388416,59.86070355328314,60.87935877388416,2799200
2001-08-29,59.24013137817383,60.2119505371092,59.07035480023988,60.12413444969346,3113300
2001-08-30,58.11026382446289,59.39821869373549,57.85852666306258,58.85961970960429,5706100
2001-08-31,58.47317886352539,58.93567251697208,57.99897848882473,58.192172888335904,3670700
2001-09-04,58.5258674621582,59.7552785941618,58.16875218320112,58.36779770051662,8618800
2001-09-05,58.871337890625,59.09965716670446,57.96391638650551,58.543495743744586,7027300
2001-09-06,57.57747268676758,58.6605254398624,57.56576596396283,58.42635525168733,5873600
2001-09-07,56.11390686035156,57.50724410028257,56.026090774946496,57.14427303164703,10479200
2001-09-10,56.465179443359375,56.76375241432798,55.64557437248499,55.71582368340985,8726900
2001-09-17,52.16222381591797,54.03561728223918,52.07440772950246,52.98183317827652,13237400
2001-09-18,52.33783721923828,52.98181417782138,51.63531324636664,52.542738369717895,6816000
2001-09-19,51.207969665527344,52.57203347506381,49.70340279029762,52.35542104613143,9969500
2001-09-20,48.97164535522461,50.874309365998606,48.883829199885845,50.64013444060031,10182100
2001-09-21,48.58435821533203,49.87524512193301,46.64802337874911,46.97074734374008,12533400
2001-09-24,50.57938766479492,50.866907138972,49.581884094977646,50.1451807025233,7953200
2001-09-25,50.99011993408203,51.16614757847078,49.904600458628266,50.60871998954887,7317500
2001-09-26,50.49132537841797,51.34213612931792,50.05124992588096,51.277591371478174,3981600
2001-09-27,50.9020881652832,51.04291113267313,49.75789316146238,50.46201247509344,4621500
2001-09-28,51.840850830078125,52.0696895457744,51.0780566033158,51.19540818384051,8187100
2001-10-01,52.0345344543457,52.046267832886855,51.2541327192961,51.54751642630602,5514500
2001-10-02,52.63304138183594,52.63304138183594,51.65900968890313,51.82330386771007,4845300
2001-10-03,53.51316833496094,53.77721626829851,52.01691461942903,52.07559044572229,7744300
2001-10-04,53.33711242675781,53.970821756978985,53.04372897498981,53.923879330293815,8186900
2001-10-05,53.46625518798828,53.68922522211442,52.55676378972828,53.10245773334815,8074100
2001-10-08,53.21980667114258,53.759636134994906,52.8384114046349,52.92642294202563,4774300
2001-10-09,53.1787109375,53.45449224405964,52.89706518201508,53.389947492452976,2580500
2001-10-10,54.30527114868164,54.44609393244557,52.85008746086909,52.92636553610048,6862500
2001-10-11,55.27345657348633,55.47882863070365,54.53999773107448,54.6280136874994,14720200
2001-10-12,54.91557312011719,55.15028103658356,53.98261485993184,54.68673413264979,6561400
2001-10-15,54.9038314819336,54.980109640724365,54.25838816622875,54.56937420618869,3774700
2001-10-16,55.12678146362305,55.33215358290124,54.586956666882266,55.0974457870682,4445000
2001-10-17,53.98846435546875,55.84851575398529,53.98846435546875,55.801573292253,14080700
2001-10-18,53.97675323486328,54.317079535957134,53.65989817626023,54.12931407271255,2821400
2001-10-19,53.98202133178711,54.246349345453226,53.36524999122874,53.83517143941637,3465800
2001-10-22,55.244930267333984,55.30366932688106,53.86453771971137,53.9820203203085,3788200
2001-10-23,54.98059844970703,55.532755475510726,54.51068148607887,55.45051989483822,3764900
2001-10-24,54.89249801635742,55.21556963126959,54.540059106501154,55.00998064064542,2824200
2001-10-25,55.79121017456055,55.7970809432673,53.88803244191151,54.33445734628012,3775300
2001-10-26,55.94392776489258,56.44909169918928,55.36240350806362,55.468135598532754,3639300
2001-10-29,54.66340255737305,56.10253419296586,54.07013221827652,55.83233092851037,3040800
2001-10-30,53.54149627685547,54.1288961164666,53.265417635197416,54.09952433188399,4090800
2001-10-31,53.26541519165039,54.29336486381275,53.21842213107608,53.99378970453263,4741700
2001-11-01,54.3344841003418,54.62230876129517,52.95409540058007,53.54149522869187,3984800
2001-11-02,54.8690185546875,54.9630001941644,54.11127225991517,54.33448257498957,2647400
2001-11-05,55.50926208496094,55.72660154985171,55.27430134914722,55.36241218526528,2273500
2001-11-06,56.478515625,56.478515625,55.12749371928231,55.36245463525583,3113200
2001-11-07,56.24348831176758,56.7427768678433,55.95566388227711,56.02614893680457,2955300
2001-11-08,56.52547073364258,57.212727253959095,56.19065310978296,56.56658853020415,3953300
2001-11-09,56.57244110107422,56.68404843362529,55.96742036851215,56.25524485185189,2739100
2001-11-12,56.11429214477539,56.46086029519801,55.21557132849061,55.92044916986973,4122500
2001-11-13,57.44770431518555,57.47707161734727,56.74869709376373,56.854429240856895,4026000
2001-11-14,57.88823699951172,58.08795072835292,57.31845862492976,57.82949344961381,2772100
2001-11-15,58.23478317260742,58.29939747291119,57.68850148554071,57.74136976829029,3540500
2001-11-16,58.15655899047852,58.433015036385015,57.65069599019163,58.32714111733844,3945800
2001-11-19,58.88008880615234,58.90361785205124,58.17423538001189,58.49774966378183,2794300
2001-11-20,58.30951690673828,58.815380131982856,58.26246330658313,58.64479792926492,3313500
2001-11-21,57.8801155090332,58.2918624967563,57.715416713943966,58.2918624967563,3219200
2001-11-23,58.76239776611328,58.79180568253493,57.90948741123504,57.968312219483934,873900
2001-11-26,58.70358276367188,58.90945614808521,58.29183150714201,58.79181100863245,2250800
2001-11-27,58.18595504760742,58.903574715014,57.88597002942534,58.52711923173569,5033100
2001-11-28,57.23307037353516,57.93304010307134,57.15072099358973,57.89186541309863,3206200
2001-11-29,58.11542510986328,58.121304006579805,57.09193163005283,57.38015912662972,2597100
2001-11-30,57.99184799194336,58.32124992867956,57.70362522403989,57.89185297887329,3416100
2001-12-03,57.52719879150391,57.70365989334764,57.18015099544375,57.70365989334764,1779200
2001-12-04,58.49776840209961,58.49776840209961,57.397813202149,57.82132718857818,2617500
2001-12-05,59.5270881652832,59.8211943409767,58.58594930060481,58.66241977841575,2938700
2001-12-06,59.58591079711914,59.96824522128299,59.40944530311742,59.53885273369149,3566000
2001-12-07,59.35065078735352,59.55064091236804,58.92125362525487,59.30359270345391,3954900
2001-12-10,58.46824645996094,59.40938432398922,58.43883407858221,59.0270458045623,2329700
2001-12-11,58.2624626159668,59.10948574890077,58.11540945892267,58.697738704259685,3352000
2001-12-12,58.36830139160156,58.61534945045067,57.70950208030079,58.46829639336861,3120800
2001-12-13,57.4095458984375,58.10952029236415,57.36248781581765,57.82129738980261,2976500
2001-12-14,57.99773788452149,58.10949966915266,57.40952552364865,57.53304958090744,3638200
2001-12-17,58.40952682495117,58.58598795416944,57.84483864587295,57.85072202982568,2430900
2001-12-18,59.05649948120117,59.056499481201165,58.59181135421978,58.73886438854164,1557500
2001-12-19,59.50352478027344,59.50940366880299,58.44474144380192,58.58591105943107,2250900
2001-12-20,58.94474792480469,59.45061080930206,58.88004421950596,59.29179547937998,2260600
2001-12-21,59.24125671386719,59.4004103501237,58.95242000504314,59.27073177481904,2951100
2001-12-24,59.23538589477539,59.4063314267316,59.18233615930525,59.2530691399321,372500
2001-12-26,59.61265182495117,60.00759717709081,59.21771097007696,59.23539421771828,1462000
2001-12-27,59.8248176574707,59.860188625107526,59.4711394619382,59.60671842714449,1850300
2001-12-28,59.63034057617188,60.0901230116671,59.61265283096664,59.94864803361819,1401100
2001-12-31,58.8286018371582,59.81300719132153,58.74607710670502,59.73637387214321,1706300
2002-01-02,59.447566986083984,59.477042046211466,58.592844209540125,59.22946773128656,2843500
2002-01-03,60.09596252441406,60.11954166705684,59.31786880624881,59.41808128679602,1465800
2002-01-04,60.608863830566406,60.685492753481626,60.13728946592976,60.33771014494359,2288900
2002-01-07,60.2079963684082,60.7974617759683,60.06063001651817,60.63830809472331,2485200
2002-01-08,59.97224426269531,60.27287305501615,59.71288239033103,60.00761526590568,5034200
2002-01-09,59.45345687866211,60.70901606061156,59.37093211537505,60.09597174957744,3587500
2002-01-10,59.47705841064453,59.63032067040282,59.18232571732842,59.50652898161774,2766300
2002-01-11,58.98781204223633,59.59496078393897,58.85812891347172,59.48885681470109,2473600
2002-01-14,58.44547653198242,58.86399629184793,58.30400614066824,58.79325884755952,3472000
2002-01-15,58.651798248291016,58.93474357542038,58.19201602681128,58.56337755248413,2979800
2002-01-16,57.26066207885742,58.35706795784654,57.20761235758226,58.121280925230806,5160600
2002-01-17,57.9031867980957,58.20970681976819,57.48466241678658,57.67329116026134,3493700
2002-01-18,57.761024475097656,58.044222069931166,57.230023358104056,57.51322545428218,3446800
2002-01-22,57.39518737792969,58.14448974330122,57.229988132401374,58.02058580781314,1951100
2002-01-23,57.46597290039063,57.71967295683083,57.1591705291259,57.49547018521263,3672900
2002-01-24,57.8671989440918,58.20940001178134,57.67839913111526,57.78459930724848,3954400
2002-01-25,58.10319137573242,58.445387892255006,57.566289313082,57.619391644088125,3244800
2002-01-28,58.33920669555664,58.43360886965786,57.82590950324739,58.3274086744657,1713400
2002-01-29,56.752098083496094,58.53389599751045,56.698995745938895,58.380494746208285,4651500
2002-01-30,57.72561264038086,57.74921318659324,56.22701621731775,56.93501459831361,6106800
2002-01-31,58.5516357421875,58.59293558823384,57.69613700207966,57.84953835939987,3945600
2002-02-01,58.575191497802734,58.74039075564041,58.19759190807599,58.47489259145016,3651500
2002-02-04,57.22998428344727,58.468983042923696,57.10018359887841,58.468983042923696,6935100
2002-02-05,57.11201477050781,57.72561094867206,56.69901197591043,56.964514737010994,5755800
2002-02-06,57.01167678833008,57.51318019947735,56.728479416333165,57.24767759922155,4384700
2002-02-07,56.74029922485352,57.58399940944504,56.72850120538088,57.07070228754366,2955200
2002-02-08,57.59577178955078,57.65477085872448,56.55146980968058,56.99396958049395,4380000
2002-02-11,58.32147216796875,58.47487335750693,57.43057131899408,57.58397250853227,2169100
2002-02-12,58.28609085083008,58.55158900615723,57.93798856799947,58.09138980287441,1341100
2002-02-13,59.029483795166016,59.11208340986378,58.40408092501541,58.50438431544104,3350100
2002-02-14,59.17697143554688,59.46607002682813,58.85246980151861,59.235970505004616,6434900
2002-02-15,58.577335357666016,59.185853592505495,58.50643832264639,59.13858890249241,3838800
2002-02-19,57.614349365234375,58.42964967471959,57.52573368586419,58.25240930115934,3716300
2002-02-20,58.973140716552734,59.03221929903934,57.543418286305005,57.88017116462628,7177100
2002-02-21,58.12241363525391,59.35126838379829,58.10469050547627,58.70730396236617,10841000
2002-02-22,59.06770706176758,59.2272197851606,57.921562912332014,58.19332816796328,8244600
2002-02-25,60.03071975708008,60.22568331696956,59.06772489695825,59.114985102382974,8931500
2002-02-26,59.74120330810547,60.32017999332876,59.28628854802104,60.11340260574901,12740300
2002-02-27,60.054325103759766,60.6746572779409,59.46352998125826,60.20202388438514,7881200
2002-02-28,59.729373931884766,60.62147564893812,59.729373931884766,60.172470184357806,5257900
2002-03-01,61.348182678222656,61.442712091150696,59.812115777426,60.13705500010301,8306600
2002-03-04,62.5770149230957,62.77197838479838,61.48995411979991,61.56084664593991,8199400
2002-03-05,61.90347290039063,62.742400359772105,61.643521769210814,62.24022572605256,10708700
2002-03-06,62.58299255371094,62.80158859890575,61.79723314231169,61.8208655126636,7636800
2002-03-07,62.3997802734375,62.91967834034308,61.94486552091232,62.9137691272507,7721200
2002-03-08,62.61840057373047,63.15011731304856,62.32891210187269,62.91379826141707,6329100
2002-03-11,62.68925857543945,63.049643890429024,62.22843919100248,62.4765720122519,4433500
2002-03-12,62.99645233154297,63.00827075252181,62.11026006922173,62.19888019693524,7747000
2002-03-13,62.22252655029297,62.730610589088286,61.97439374271608,62.60654418529984,9755000
2002-03-14,62.25798034667969,62.50020847918084,62.00984750905058,62.22844329881441,5410700
2002-03-15,62.80770111083984,62.825451033936254,62.22784470909595,62.42310289160158,9864800
2002-03-18,62.51182174682617,63.18042738676802,62.28697747655439,62.9260014327689,4856100
2002-03-19,63.12716293334961,63.2218306191192,62.71889697078219,62.9555729565346,9935600
2002-03-20,62.09171295166016,62.67748255095339,62.08579481027196,62.67748255095339,5363300
2002-03-21,61.872745513916016,62.754358394382095,61.30472620416643,62.127171252949125,10270300
2002-03-22,61.67160034179688,62.15086585175143,61.51184216233328,61.98519404654334,4597900
2002-03-25,60.94388198852539,61.88466401938552,60.84920971375524,61.64799236090519,5864700
2002-03-26,61.39944839477539,61.78404641381555,60.82551495178155,60.86101477949534,4583800
2002-03-27,61.713035583496094,61.920125398027416,61.180515693116,61.26926976054925,5929100
2002-03-28,61.36394500732422,62.19822702396305,61.35802686497516,61.89054682089144,4062300
2002-04-01,61.15678405761719,61.47629565965673,60.74851848041977,61.15678405761718,6331300
2002-04-02,61.03854751586914,61.150965186953485,60.75453523717698,60.932043475637336,3131400
2002-04-03,60.553321838378906,61.27518161172247,60.02672010488452,61.27518161172247,7807100
2002-04-04,60.48823547363281,60.81366099965158,60.133219242748496,60.32255912591798,9099300
2002-04-05,60.90834045410156,61.22785239142824,60.49415630680279,60.95567204486818,7602400
2002-04-08,60.7663459777832,60.80185032171804,59.8196462335625,59.93798652297787,4378600
2002-04-09,60.51192474365234,61.07403100545964,60.38767081568757,61.04444480223053,7859700
2002-04-10,61.47635269165039,61.6124383341539,60.565153095519086,60.60065291282976,7545100
2002-04-11,60.20426940917969,61.42906370209484,60.12735157461233,61.198305684170414,4403800
2002-04-12,60.34623336791992,60.67758158313144,60.06222577113218,60.58882751630301,5885900
2002-04-15,59.77231216430664,60.612512448151335,59.61255841090174,60.48234038244777,5137300
2002-04-16,61.026737213134766,61.07999151303931,60.358130990098246,60.51196671376926,2597200
2002-04-17,60.594722747802734,61.192323909115565,60.35212869114133,61.192323909115565,2513800
2002-04-18,60.34033203125,60.79592971291468,59.53563615274436,60.58883985761255,5819200
2002-04-19,60.75959014892578,60.943174831638615,60.52270974802132,60.90763983472634,2323900
2002-04-22,60.03707504272461,60.6766504297236,59.87718345503259,60.522677573272254,3830300
2002-04-23,59.8831672668457,60.33915852989197,59.64628675230271,60.13781302930843,4236100
2002-04-24,59.36792755126953,60.25030246626021,59.36792755126952,59.88314211514472,2849700
2002-04-25,59.51595687866211,59.57517583262951,58.80532039482024,59.21985759070857,4995700
2002-04-26,58.53294372558594,60.99649359683512,58.47964798725697,59.75287666984394,4240300
2002-04-29,58.15386962890625,58.92372920465501,58.11241592978835,58.83489855851256,4587300
2002-04-30,58.917850494384766,59.33831105130818,58.19536731951549,58.43224771558836,3800000
2002-05-01,59.77653884887695,59.84759980202482,58.24274185041703,59.006678723579576,8628400
2002-05-02,59.847599029541016,60.019337194294266,59.46267348997833,59.62848840267319,2519700
2002-05-03,59.19617462158203,59.746919529220406,58.894152054653375,59.65217009766685,4595200
2002-05-06,58.094703674316406,59.42122777371404,58.01179620048646,59.19619384733539,4666600
2002-05-07,58.15386962890625,58.85858703202484,58.08280872648376,58.532876168873976,5486400
2002-05-08,59.97792434692383,60.21480489142402,59.10739094380494,59.154767956329096,4824500
2002-05-09,59.51595687866211,60.155532424989744,59.36790723468534,59.84758663537278,3601000
2002-05-10,58.917850494384766,59.68771065209216,58.793489303023,59.64625692163825,4668600
2002-05-13,59.95418167114258,59.9601049218865,58.82308475734535,59.17247974325598,4081200
2002-05-14,61.05571746826172,61.11493646606536,60.49313021194721,60.848448716889,4455500
2002-05-15,60.95499420166016,61.42875482768394,60.63520645681153,60.79510258829393,3680200
2002-05-16,61.10313034057617,61.239338181784895,60.37472313747705,60.78334214298064,2364100
2002-05-17,61.33256149291992,61.45708804927565,60.86410186236707,61.20803493656418,2310500
2002-05-20,60.775146484375,61.18430835699775,60.58539110596483,61.12501064951802,2868700
2002-05-21,60.11690902709961,61.047896710896765,59.84413605547813,60.95895244502712,2206600
2002-05-22,60.24141311645508,60.33629299692301,59.72551846980626,59.8974848600631,2705500
2002-05-23,60.638771057128906,60.73957762696521,59.89160716631864,60.48459337588615,2511400
2002-05-24,59.90346908569336,60.72179300751798,59.84417136541828,60.48459760229162,1944000
2002-05-28,59.381622314453125,60.09913488757999,59.15628924554432,60.09320376036214,2558300
2002-05-29,58.913185119628906,59.33420482914808,58.88946512589352,59.097013940046615,2816200
2002-05-30,58.907264709472656,59.1266712983556,58.23719172998857,58.68193151417208,5263000
2002-05-31,58.85386657714844,59.68997909506356,58.82421546443706,59.209657309061946,4762200
2002-06-03,57.489990234375,59.36382814457362,57.46627477587485,58.87164868439972,5602000
2002-06-04,57.58487319946289,57.93473278232812,56.99188717498001,57.50778664496488,5598900
2002-06-05,58.24901580810547,58.29052464645461,57.5789387437384,57.68567640293963,3750000
2002-06-06,57.24094009399414,58.2312256669199,57.00374477989608,58.18379022339975,4875100
2002-06-07,57.057167053222656,57.31215145287024,56.25663610869644,56.52347824882905,5917100
2002-06-10,57.33584213256836,57.75093069916567,56.77250247889937,57.07492673406373,3823400
2002-06-11,56.55308151245117,58.02368439061952,56.481921557394806,57.60859596310213,4207100
2002-06-12,57.21723937988281,57.29433048429903,56.143935764172525,56.416708883806734,4807200
2002-06-13,56.55903244018555,57.25875646473698,56.39299699777106,56.96226331067496,3775900
2002-06-14,56.33367156982422,56.4166892502077,54.88678424178476,55.7466166802198,7309400
2002-06-17,57.5611572265625,57.63824378643206,56.57087158246089,56.65982039715632,3785900
2002-06-18,58.0533561706543,58.11265389224973,57.2706144828666,57.37142106199145,2704200
2002-06-19,56.81401443481445,57.92290041482379,56.28033039839813,57.22910754818152,6932900
2002-06-20,56.01941680908203,56.99784511457013,55.98976568425984,56.713209698307125,5505800
2002-06-21,55.1413459777832,56.08591567347786,54.74332183471316,55.70570829811385,4570700
2002-06-24,55.33745956420898,55.84241668091121,53.95327942466598,54.660222107477786,6756700
2002-06-25,54.161163330078125,55.98495139889594,54.08987809073041,55.68791748193944,7920100
2002-06-26,54.196807861328125,54.64829612995726,52.90173986472842,53.0858994339751,7571300
2002-06-27,55.1651725769043,55.17705194647641,53.64435945835975,54.749326656171206,6814900
2002-06-28,54.9691047668457,55.717631626746616,54.90969888039802,55.02257323731365,5059200
2002-07-01,54.09587097167969,55.46817215709227,54.06022831546048,55.05232152754383,4088300
2002-07-02,53.61461639404297,54.404727618146815,53.28787730666848,54.08393047755479,8246300
2002-07-03,53.84036636352539,54.01264657990994,52.93144329931352,53.347293504083154,7801400
2002-07-05,55.94333267211914,55.94333267211914,54.35123166809393,54.41657945251242,3042400
2002-07-08,55.224491119384766,55.95519583249549,54.95122072775857,55.63439897301079,4144900
2002-07-09,54.17308044433594,55.53943458077047,54.00674207402049,55.11764670393325,5230600
2002-07-10,52.45621871948242,54.41664086745576,52.27799646403929,54.38694017980206,8988300
2002-07-11,52.36111831665039,52.75320511130029,51.19080441018925,52.04626321133367,10064900
2002-07-12,51.47596740722656,52.69380347979743,51.155170303498224,52.57499175206555,8371300
2002-07-15,51.55912399291992,51.66605633484205,49.01057362075554,51.333379952140206,19684400
2002-07-16,50.52547836303711,51.422517658109385,49.99675827730786,50.79280711384276,11732600
2002-07-17,50.769039154052734,51.98093814146483,50.22843975421812,51.45816005238394,9671900
2002-07-18,49.81257629394531,51.35715142469228,49.81257629394531,50.82843152838709,8068300
2002-07-19,47.60660934448242,49.4513645485571,47.368575389736,49.14787114275241,16165500
2002-07-22,46.4521713256836,48.49330592479211,45.880892266765485,47.23173303889385,24645000
2002-07-23,45.92255783081055,47.13652779635488,45.67857614143004,46.61285634734734,21734000
2002-07-24,48.85628128051758,49.09431523209111,44.79781806960285,45.07750762219275,24784000
2002-07-25,48.66585540771485,49.51087162929257,47.16029712191396,48.64800365572828,20978400
2002-07-26,49.30263137817383,49.36213877707272,48.29694407844906,49.12410918147715,9383300
2002-07-29,51.6055908203125,51.998343181104445,50.15358706317102,50.22499864700697,14891900
2002-07-30,51.80192565917969,52.21848153055553,50.82599086899759,51.38536524768536,15083800
2002-07-31,51.86141586303711,52.00423432317789,50.81406989506512,51.55197056926228,10756000
2002-08-01,50.504669189453125,51.93286400359235,50.43920973079101,51.68888246322312,12715600
2002-08-02,49.510860443115234,50.67127400138577,48.81461503222432,50.40348416172994,12992600
2002-08-05,47.88629913330078,49.54062808963453,47.7851361775814,49.33235008076518,8641400
2002-08-06,49.39181900024414,50.18327935818928,48.70747361209697,48.82649276749279,12131400
2002-08-07,50.37372970581055,50.49274437835794,48.94553093464813,49.9928773055164,12801400
2002-08-08,51.92094421386719,51.98045155136074,50.18925209005595,50.62961637576972,14268400
2002-08-09,52.1292610168457,52.5101137087948,51.070014183604655,51.50442669729901,12693100
2002-08-12,51.76622009277344,52.063761312246974,51.16519009832235,51.40321944180622,8905500
2002-08-13,50.5522689819336,52.18279870151437,50.41540251576604,51.49250065261968,12022300
2002-08-14,52.0518913269043,52.27802114813897,49.80842671099602,50.582036138575695,15180300
2002-08-15,52.563663482666016,52.93261190364616,51.79005404620598,52.397041029304496,15213000
2002-08-16,52.27169418334961,52.76622514679456,51.90824081351187,52.206153113655525,8888600
2002-08-19,53.57655715942383,53.701679803794185,52.13466244340528,52.15253645748936,9593900
2002-08-20,53.02843475341797,53.40976245989212,52.58156592122624,53.219098606655045,10107600
2002-08-21,53.59443664550781,53.62422970254436,52.43853967416269,53.296524258271454,12027700
2002-08-22,53.99961853027344,54.22007541845712,53.23696325171289,53.47529416270908,9013200
2002-08-23,52.861572265625,54.22005196106051,52.67090852847234,53.55868612842237,8041900
2002-08-26,53.22499847412109,53.45736964274823,52.1942201897194,53.02241580011452,8066100
2002-08-27,52.730445861816406,53.88634635569623,52.40274070764071,53.61226774755757,9351100
2002-08-28,51.884368896484375,52.42656651778572,51.58645681675598,52.2895295067461,8161100
2002-08-29,51.687782287597656,52.21806579985406,50.680837293281634,51.360076950459074,9045200
2002-08-30,51.55073547363281,52.45043177171023,51.27070176766996,51.36007180905154,9528400
2002-09-03,49.548770904541016,51.038332253824514,49.51897785924315,50.9549126361466,12002400
2002-09-04,50.13270950317383,50.519996618813096,49.42367637819348,49.80500397168287,11734700
2002-09-05,49.69176483154297,50.0194655831793,48.94698419721463,49.53088966889111,13496700
2002-09-06,50.35911560058594,50.64511353599252,49.98970709350686,50.233992924402735,9178300
2002-09-09,50.752323150634766,51.13960992419219,49.6321749023848,49.97774960351992,8296800
2002-09-10,51.53289413452149,51.5388536563184,50.75236497310533,51.10389948080832,8951200
2002-09-11,51.05025100708008,52.426604354091324,51.05025100708008,52.069110509569285,6677700
2002-09-12,50.13270950317383,50.89536469015261,49.894378620797085,50.8357831060043,7140200
2002-09-13,49.76918029785156,49.97176283103836,49.27464526395969,49.715558317340594,9613400
2002-09-16,50.13862228393555,50.16841077534784,49.30446724614403,49.4832163777348,5978000
2002-09-17,48.95293426513672,50.81786297700448,48.851640663629,50.65698784540828,13073100
2002-09-18,48.51204681396485,49.39386938521334,48.12475984317475,48.50609183982567,11649100
2002-09-19,47.45149612426758,48.55377131383857,47.36808099937788,47.957946395607394,12834900
2002-09-20,47.58108139038086,48.52470129057144,47.300383927724575,47.706498533092606,9374000
2002-09-23,47.06148147583008,47.31828922472495,46.55383496636651,47.19286756620079,9102200
2002-09-24,46.028282165527344,47.06148682331322,45.74758476199383,46.41050705989804,15202100
2002-09-25,46.97782897949219,47.23463194726291,45.77740268648232,46.61352052517813,11780000
2002-09-26,47.66470336914063,47.93942734586257,46.94205897366901,47.28845185772447,11281800
2002-09-27,45.89688873291016,47.479541011247726,45.89688873291016,47.306344654492,10727500
2002-09-30,45.38924026489258,45.962577489882136,44.55312176976977,45.41910342976381,17215400
2002-10-01,47.77815246582031,47.80801563370333,45.359381674646286,45.78938577587542,15772300
2002-10-02,46.53594970703125,47.70651465780404,46.15969815172371,47.21678845843498,13694600
2002-10-03,46.21342468261719,47.41982580199452,45.986480057730205,46.87037804291203,13741400
2002-10-04,45.36537170410156,46.589689128514834,44.67855960154001,46.54190986513216,16881400
2002-10-07,44.6367301940918,45.77743558039248,44.27839502187214,44.92937460962756,13419900
2002-10-08,45.02494430541992,45.68786665672218,43.83646382114457,44.96522251520397,21139100
2002-10-09,43.66923904418945,44.63674384951699,43.537848377668354,44.212713234413634,20801400
2002-10-10,45.0428466796875,45.26979579251715,43.01824807906008,43.59755883647178,21248700
2002-10-11,47.174949645996094,47.3063402877154,45.71174562280442,45.83716271995118,23525600
2002-10-14,47.14508056640625,47.419804321501566,46.332851831133816,46.5538228099722,12540500
2002-10-15,49.45038604736328,49.480244656606565,48.43509764702504,48.67398930336812,17099700
2002-10-16,48.25594329833984,49.032335662452496,47.90955054567646,48.73969570902052,17516400
2002-10-17,49.474246978759766,50.041614955373895,49.03230059181693,49.772860264406,13087900
2002-10-18,49.69252014160156,49.91975721307934,48.72976455523653,49.11845546389964,10921300
2002-10-21,51.07989883422852,51.21145631886691,49.23810317382181,49.33378300347351,14045400
2002-10-22,50.66724395751953,50.83467893800312,50.11111802247845,50.46392679388872,10740000
2002-10-23,50.96627426147461,50.97225082790012,49.632765424011446,50.23075054960194,12054500
2002-10-24,49.65067672729492,51.36091360350982,49.501180528760486,51.235337344212326,12298300
2002-10-25,50.60748291015625,50.64336512242367,49.36367723332824,49.52513122060496,12061600
2002-10-28,50.248680114746094,51.30711614688533,49.8121536083661,51.16359645835769,8822300
2002-10-29,50.057315826416016,50.350327152293936,48.94506353866076,50.057315826416016,13946200
2002-10-30,50.4400520324707,50.79884224944215,49.72845272811912,50.15899825112577,9937800
2002-10-31,50.08121871948242,50.91839821351407,49.88986379761186,50.58352367854468,10202300
2002-11-01,51.00811767578125,51.19349154896107,49.752345640427535,49.9317429489818,9539200
2002-11-04,51.24729537963867,52.32366984127832,51.18749781227245,51.77352492189003,12260600
2002-11-05,51.96489334106445,52.05459199648936,51.12771349420381,51.139671185871,10785400
2002-11-06,52.652591705322266,52.71238930494255,51.37290391193782,52.31174036899584,17454500
2002-11-07,51.45658874511719,52.251904982666346,51.1575963748661,52.14426754688549,9715600
2002-11-08,50.99614334106445,51.98880030531587,50.91242583350854,51.37885325053772,9416900
2002-11-11,50.20679473876953,50.9303556764858,49.99750100674601,50.91839798991067,7270300
2002-11-12,50.41007232666016,51.031971909997154,50.11108021217761,50.38615241003064,9213000
2002-11-13,50.58953857421875,50.97224867343938,49.7404008267145,50.06929445679359,16988200
2002-11-14,51.21739959716797,51.30709823060936,50.44001752369188,50.95428482234308,8668000
2002-11-15,51.460784912109375,51.538713315497226,50.62158655823175,50.80141641022807,7217000
2002-11-18,50.89726257324219,52.006199730660505,50.8912670328811,51.850347694073776,5612900
2002-11-19,50.987186431884766,51.30488155702354,50.4417110180118,50.621536117562414,6069700
2002-11-20,52.10816192626953,52.13213954246855,50.68751903600088,50.771438406066096,8535000
2002-11-21,53.19311141967773,53.25305316076146,52.09616429538649,52.26400299972562,9367500
2002-11-22,52.86344909667969,53.3429877758602,52.80949830847963,52.89941323997079,7770100
2002-11-25,53.03728103637695,53.31900776831402,52.581715424281576,52.85745118144733,6356500
2002-11-26,52.09017562866211,53.10919908144943,52.06020246753094,52.71357987943943,5853600
2002-11-27,53.66667556762695,53.73860842315975,52.50378622279398,52.53975493719193,8264700
2002-11-29,53.289039611816406,53.82852460776767,53.24108437367335,53.76857827345725,3058100
2002-12-02,53.27098846435547,54.34396151685051,52.76746826329436,54.18810948161049,8928700
2002-12-03,52.70759201049805,52.98332775467455,52.395892126335085,52.86943521370012,7011500
2002-12-04,52.59968566894531,52.98931388484919,51.97028589146504,52.114151572368165,9947600
2002-12-05,51.92232131958008,52.839443066500735,51.724509491309874,52.73154612137707,6918800
2002-12-06,52.04823684692383,52.174115942349125,51.01122633709048,51.21503385344391,9463600
2002-12-09,50.80736923217773,51.70650858951018,50.80736923217773,51.5326744316348,5605500
2002-12-10,51.40084838867188,51.55670063806095,50.90332304429448,51.15508120412512,6091300
2002-12-11,51.5446891784668,51.85039800792857,51.02918196535939,51.24497589518397,5671900
2002-12-12,51.34088134765625,51.850392965030295,51.10710537529332,51.70053633796373,5282100
2002-12-13,50.57364654541016,51.221024087756696,50.57364654541015,50.855373332083886,6491200
2002-12-16,51.97027587890625,51.97027587890625,50.81937809298533,50.9092929829113,5622800
2002-12-17,51.29292678833008,51.96428613258674,51.23898059705854,51.62860417382772,4202300
2002-12-18,50.83136367797852,51.08911722877369,50.56761458230138,51.04116201623952,6711400
2002-12-19,50.35783767700195,51.17904931817938,50.08809292163591,50.573631651989686,7277200
2002-12-20,51.28927230834961,51.295282880089054,50.27971173810077,50.68233293490784,4713900
2002-12-23,51.16305541992188,51.67384376089048,50.88662884227676,50.97075847092001,4688300
2002-12-24,50.85661697387695,51.07295176940092,50.77248728503144,50.88666525620358,1449500
2002-12-26,50.80849838256836,51.499562379262976,50.538077849987104,51.01882240698498,2966200
2002-12-27,49.85306167602539,50.83858471873346,49.8170074086436,50.53812026462188,5971500
2002-12-30,50.0874137878418,50.3518239228608,49.63671719481732,50.05737009914053,5939300
2002-12-31,50.18354797363281,50.31575299735444,49.56459225777368,50.04533238027258,5609400
2003-01-02,51.78799819946289,51.8781383563975,50.44792614765602,50.56811455180845,7451400
2003-01-03,51.89621353149414,52.00438090304482,51.451527486107175,51.67987878839279,4608500
2003-01-06,52.68341445922852,52.995899929501206,51.71591895100107,51.86014513022931,5957000
2003-01-07,52.71345520019531,53.019930056397705,52.40096977453608,52.67139038343978,6756000
2003-01-08,51.78201675415039,52.40097248328637,51.62577861796557,52.40097248328637,9215000
2003-01-09,52.74951553344727,52.89373712400271,52.05844667725648,52.070467817557095,8806000
2003-01-10,52.87570571899414,53.11006750395026,52.10050728232339,52.23271230660045,7426900
2003-01-13,52.9357795715332,53.41051354887674,52.62930939422719,53.188172979229606,6227800
2003-01-14,53.14614486694336,53.23027453268448,52.36493558823531,52.761550799348825,4361500
2003-01-15,52.68941116333008,53.302356217215646,52.37091979128127,53.24226428404579,5521600
2003-01-16,52.4610595703125,53.01992325536083,52.20266013346821,52.7314755598079,6486800
2003-01-17,51.78094100952149,52.286060049264,51.5163522242351,51.967353333071145,6485200
2003-01-21,50.92107391357422,51.95537137431134,50.782764774502695,51.925302773871,6430900
2003-01-22,50.1273193359375,50.83689529180314,50.00103945241374,50.5903455755246,8249100
2003-01-23,50.17543411254883,50.53021984495894,49.72443250081184,50.331778034716514,9120000
2003-01-24,48.94870376586914,50.16941392594559,48.81640924033522,50.09124197350515,10175000
2003-01-27,48.19699096679688,49.18919442436399,47.87226958498467,48.58785955163495,10515700
2003-01-28,48.56380844116211,48.87650057459378,48.166925199838296,48.455567974239365,7463000
2003-01-29,48.75626373291016,49.14111793031904,47.81817761238009,48.20303639761289,12052000
2003-01-30,47.685882568359375,49.05091143577548,47.685882568359375,48.88855295255181,10124300
2003-01-31,48.6119270324707,48.726182168987854,47.589659202843926,47.589659202843926,10294800
2003-02-03,48.78033065795898,49.08700841726476,48.59992819780548,48.69012942788223,5464800
2003-02-04,48.39545440673828,48.557812876972704,47.74601135015449,48.34133185811144,6720200
2003-02-05,48.17900085449219,49.12309738526415,47.86630383217084,48.593919220666685,9330800
2003-02-06,47.90835571289063,48.19699851565047,47.505462386136045,47.95044897706167,8836300
2003-02-07,47.415260314941406,48.25111553590785,47.14466142014453,48.17294364332293,7624500
2003-02-10,47.7640495300293,47.82418212542771,46.9642727065438,47.48142128505149,7264700
2003-02-11,47.32506561279297,48.11882767872425,47.02439809406411,48.004577141326415,7894600
2003-02-12,46.741798400878906,47.40927641325,46.72976912479318,47.21684928629964,6864700
2003-02-13,46.91617202758789,47.006373228502206,46.014169194092055,46.72374493995506,8574200
2003-02-14,47.86623001098633,47.87825927135282,46.58538905107072,46.96422817188048,10643900
2003-02-18,48.617958068847656,48.73822788149622,48.03466209401879,48.10682398160792,8393400
2003-02-19,48.43149948120117,48.54575454747619,47.92637592466624,48.42548484933936,5357700
2003-02-20,47.8782844543457,48.53975190004454,47.67382821094293,48.43752607225366,5209100
2003-02-21,48.40250396728516,48.589505808523455,47.383062507030296,47.974217147521,7826700
2003-02-24,47.47958755493164,48.22758130192163,47.41323278843395,48.14916412434125,6710800
2003-02-25,47.85353469848633,47.89575999469,46.58073771007431,47.02108657016803,8146000
2003-02-26,47.20812225341797,47.889760983666434,47.07541276914304,47.55195837075965,6351600
2003-02-27,47.67860794067383,47.9319597600184,46.99093608690266,47.461447923460526,9911300
2003-02-28,47.84150314331055,48.12501802882061,47.42528337299296,47.75705248833506,9119400
2003-03-03,47.40717697143555,48.21549620008635,47.250342690082746,48.06469082032907,7116100
2003-03-04,46.60490417480469,47.33480179096078,46.568707747690254,47.322734781184046,5168800
2003-03-05,46.95478439331055,46.98494732528325,46.29727481670437,46.478243204106086,7606000
2003-03-06,46.36966323852539,46.9909809805,46.285212551395865,46.64714472512486,8054100
2003-03-07,46.779823303222656,46.79791920960042,45.71211880479201,45.81466534240885,11889500
2003-03-10,45.71211624145508,46.46614297967442,45.64576152031466,46.29724172666752,7240100
2003-03-11,45.452762603759766,46.18869395059266,45.38037893175469,45.81469477043672,8543500
2003-03-12,45.69402313232422,45.71211903879462,44.82538280403088,45.30796178690812,10315700
2003-03-13,47.31669235229492,47.35288416684757,46.043894715429246,46.32740953533029,12660000
2003-03-14,47.630401611328125,47.98630493250224,47.14179333539918,47.56404683284173,12985500
2003-03-17,49.1384162902832,49.31335105423979,46.96682010008063,47.22017199179118,14688600
2003-03-18,49.548622131347656,49.6752981157862,48.921271111593285,49.343528995270674,11246200
2003-03-19,50.01912689208984,50.0673857177952,49.09619871099572,49.66925730904837,9366300
2003-03-20,50.1397819519043,50.33884158580587,49.14446537353376,49.64514041508354,14858500
2003-03-21,51.4166145324707,51.555531416367984,50.31133895982714,50.6254053032705,17259100
2003-03-24,49.67105865478516,50.51662723108682,49.45362660350821,50.40187014625232,16257600
2003-03-25,50.01535034179688,50.42605502116643,49.435532784095216,49.68920210159338,12104400
2003-03-26,49.755615234375,50.12404151105987,49.50194604294616,49.94285120631557,9405800
2003-03-27,49.54425430297852,49.89456222253951,49.02483348652071,49.29662602051701,9004000
2003-03-28,49.26644134521485,49.61674937876491,49.04296802560898,49.25436382349831,6382700
2003-03-31,48.2094612121582,48.8617577115613,47.94370976247979,48.55976910346511,13382600
2003-04-01,48.79531478881836,48.9825462318674,48.17321905793157,48.481244088499984,9551100
2003-04-02,49.97915649414063,50.33550113827845,49.63488937692936,49.671126565693385,11873600
2003-04-03,49.74959945678711,50.64348305746333,49.74959945678711,50.43813303849013,9865400
2003-04-04,50.063724517822266,50.28115691636973,49.70737979174945,50.172440717096,7441300
2003-04-07,50.08785629272461,51.57968151556512,50.08181522724422,51.28373381878573,11794900
2003-04-08,50.25093078613281,50.46836307480219,49.96706520568734,50.23281219674087,7796500
2003-04-09,50.49249649047852,50.794485111364125,49.53821134256461,50.42002217057359,11033600
2003-04-10,49.803958892822266,49.80999995500021,49.26037849631471,49.71336139207428,6487000
2003-04-11,49.64694213867188,50.48043392835183,49.477829198151895,50.14824450377184,8296700
2003-04-14,50.63742446899414,50.64346552863181,49.67710334563161,49.76165974864548,6729600
2003-04-15,50.97566604614258,51.00586213510172,50.27505042738742,50.48040502901473,6764500
2003-04-16,49.94890594482422,51.12666409276359,49.84018987898335,51.12666409276359,9548800
2003-04-17,50.4859504699707,50.58875975114265,49.84489432159138,49.98399275976978,8768400
2003-04-21,50.51616668701172,50.860883555395326,50.26216575536152,50.594789318715975,6019200
2003-04-22,51.35680770874024,51.42333244161211,50.02027331796042,50.21379855522253,9069700
2003-04-23,51.53828430175781,51.65923594961446,51.151233491805,51.48385283041559,6881800
2003-04-24,51.06655502319336,51.39917428760076,50.830696132683336,51.145173115360514,8655300
2003-04-25,50.29243850708008,51.024206206330334,50.10495755268854,50.9213922839838,7864500
2003-04-28,51.278202056884766,51.49591857815949,50.310575636778616,50.455718446292856,7362400
2003-04-29,51.47173690795898,51.82854734225326,51.072588340096665,51.48383022183016,11257300
2003-04-30,51.32052993774414,51.653153645976175,51.06652889546125,51.36286344479129,10009100
2003-05-01,51.16934967041016,51.3628749766478,50.49805775508427,51.25401670351367,11239800
2003-05-02,51.895050048828125,52.028099514904575,50.92742386009801,50.95161509156696,10966000
2003-05-05,51.70759963989258,52.12489051697776,51.46569181819091,52.00998326351768,8211300
2003-05-06,52.0039291381836,52.360744177934535,51.64711871244012,51.71364347215627,9820100
2003-05-07,51.925270080566406,52.28812918370168,51.53217079633494,51.76802944407306,8495000
2003-05-08,51.48384475708008,51.979753817942736,51.32660856232504,51.42336894263515,8723100
2003-05-09,52.11279296875,52.18536669999286,51.52616799639211,51.6229329713826,6890700
2003-05-12,52.82032775878906,52.97151945209543,51.89503533399481,51.979702313126026,8109500
2003-05-13,52.63892364501953,52.85059118593573,52.37887363360638,52.63287468270583,6891200
2003-05-14,52.5179328918457,52.941272308964834,52.203456268674415,52.844507431679325,7835600
2003-05-15,52.80827331542969,53.03808319733236,52.40912935065055,52.73569958819361,7470100
2003-05-16,52.68892288208008,53.0583938086936,52.41030629531382,52.74949090163036,7413900
2003-05-19,51.58662033081055,52.785888660313766,51.42308605094792,52.25893665444824,9799700
2003-05-20,51.52603149414063,51.8773326898711,51.02936603919448,51.70774028394507,10805100
2003-05-21,51.604736328125,51.7440469268842,51.18681377393442,51.423032276185815,8288500
2003-05-22,52.113563537597656,52.36189401265222,51.65323788448613,51.7683204530259,6992800
2003-05-23,52.228633880615234,52.349769993108985,51.85310453821025,52.08326500036696,4639700
2003-05-27,53.22193145751953,53.403635512458905,51.84701387448928,51.91969826909118,10004400
2003-05-28,53.300689697265625,53.75495693900368,53.24617984635882,53.403655829675365,6343200
2003-05-29,52.93729019165039,53.84582490447833,52.725299682866506,53.452125604710254,8634400
2003-05-30,53.8094596862793,53.89426047823718,53.125032129324666,53.16137202513181,7883900
2003-06-02,54.11233901977539,55.063276696897546,53.9366929972109,54.15474175334688,9531700
2003-06-03,54.239505767822266,54.32430194251295,53.78523856581721,53.93666096648556,7868800
2003-06-04,54.94207763671875,55.06321827328719,54.112281605135365,54.17285423394098,8728600
2003-06-05,54.96032333374024,54.97849329901012,54.47577398269652,54.59085196975549,7943400
2003-06-06,55.03898620605469,56.02019987628441,54.96630182931667,55.40239884765986,10657300
2003-06-09,54.65142059326172,55.08146001632203,54.33040095366429,54.760444997773405,7852500
2003-06-10,55.13588333129883,55.17828138753095,54.60893672113411,54.80881063134751,6330500
2003-06-11,55.79005432128906,55.86273871718693,54.96025813036887,55.12379686587815,8546800
2003-06-12,55.98390197753906,56.1474361715214,55.42061034330624,56.09292631387593,8582500
2003-06-13,55.46907424926758,56.04447772388025,55.14805938736494,55.96573971167378,6188100
2003-06-16,56.63198471069336,56.66832461252181,55.60836767943396,55.711338436357074,8098900
2003-06-17,56.60774230957031,56.90452888218129,56.335183872423706,56.83790266491535,7674800
2003-06-18,56.48657989501953,56.75308001868228,56.1049927158207,56.323041212207976,7920100
2003-06-19,55.79610061645508,56.638008383381546,55.62650372884342,56.51081418345482,9831000
2003-06-20,55.773681640625,56.3991961421152,55.74939404374479,56.27773499136845,8022600
2003-06-23,55.202823638916016,55.80404120282347,54.95383178555185,55.7736747605654,11290200
2003-06-24,55.37892532348633,55.60362026170554,55.00847705784837,55.026695065458846,9751300
2003-06-25,54.71089172363281,55.7068540956184,54.704822144283725,55.330331678974254,9713500
2003-06-26,55.160282135009766,55.33032299543165,54.66837292219965,54.78375977745706,7084700
2003-06-27,54.57734680175781,55.38504183424844,54.52268809934397,55.17856472868176,7029600
2003-06-30,54.60164642333984,55.12998769621117,54.52876968802877,54.88100029212432,5865400
2003-07-01,55.00848007202149,55.06313409784769,53.95786345399681,54.40725798832711,7580100
2003-07-02,55.66436767578125,55.67651147293876,55.09351191073616,55.14816594784797,4518100
2003-07-03,55.08135223388672,55.67042589102629,54.80807283758811,55.26354158693094,3271500
2003-07-07,56.08946990966797,56.35667977903073,55.62792685347829,55.62792685347829,6733800
2003-07-08,56.15019226074219,56.2048509252169,55.72508990713063,55.90727464442065,4683200
2003-07-09,55.76754379272461,56.16835351638294,55.40317005305427,55.9740205463412,7519700
2003-07-10,55.01452255249024,55.46999107641499,54.72302529180703,55.40926286654477,7534400
2003-07-11,55.50038146972656,55.68257081129392,55.06313075657886,55.0752791837593,4634600
2003-07-14,55.77976989746094,56.47815663192918,55.56721862173678,56.21702088367655,6303200
2003-07-15,55.62177276611328,56.17440972357584,55.30598352846467,56.11975576510785,6847200
2003-07-16,55.43355941772461,55.755423125178325,55.002383070638906,55.755423125178325,6340400
2003-07-17,55.09347915649414,55.46999687702193,54.89307187302656,55.08133073329046,8581700
2003-07-18,55.84638595581055,55.92544374349231,55.21999253083324,55.39635185413764,6411800
2003-07-21,55.43284225463867,55.87678890668282,55.219990802301496,55.83421861621538,8945900
2003-07-22,55.7430419921875,55.91332328270156,55.00717626703906,55.536268539551024,8465700
2003-07-23,55.98624420166016,56.05314102109093,55.37809467215331,55.84028961372607,5297200
2003-07-24,55.487571716308594,56.5396726324072,55.43284047595535,56.36330868046866,6703400
2003-07-25,56.5031852722168,56.51534622349728,55.29296414810728,55.57271242569354,8848600
2003-07-28,56.35115051269531,56.649142551125024,56.1930302997308,56.59440666825456,5665800
2003-07-29,56.113956451416016,56.57615140456414,55.79163793507517,56.47276709551384,5964800
2003-07-30,56.04708099365234,56.30250276510071,55.79773737879976,56.241688720443605,5326400
2003-07-31,56.2355842590332,57.026175814625184,56.13219995896395,56.50317152021237,10218800
2003-08-01,55.822059631347656,56.28425468685976,55.64569566753627,56.24776255102076,6744800
2003-08-04,55.91327667236328,56.0957187716196,55.09835378161582,55.70650339209682,7649300
2003-08-05,54.75167846679688,55.98014260016272,54.75167846679688,55.8037787536969,5980900
2003-08-06,55.13483047485352,55.64567377750445,54.79426363327422,54.982793114805695,9097500
2003-08-07,55.67612838745117,55.676128387451165,54.99499879013433,55.22001593634638,6172200
2003-08-08,56.06533050537109,56.07140866259157,55.615296321063504,55.81598686489138,4950100
2003-08-11,56.21735000610352,56.35114365927739,55.706501933968106,55.98017203540917,5897700
2003-08-12,56.70996856689453,56.79510916728431,56.07749222127418,56.23561246763296,5578600
2003-08-13,56.57620620727539,56.953260960580494,56.28429674133756,56.86203751254344,7474500
2003-08-14,56.61871719360352,56.91063099342767,56.19909719611013,56.58831250266736,6255900
2003-08-15,56.83427429199219,56.94997360676855,56.572421138552414,56.72466123599416,3955800
2003-08-18,57.412864685058594,57.47985079281378,56.96223467052828,57.071847879036255,5725200
2003-08-19,57.54068756103516,57.61376450784066,57.01089479619791,57.46761526023047,7069200
2003-08-20,57.35187530517578,57.54065149192209,57.14482640868165,57.20572614917857,5287000
2003-08-21,57.51022338867188,57.881689615499965,57.30317443053853,57.6015637346138,6866500
2003-08-22,57.065673828125,57.99738242005531,57.02913769385283,57.94866912302535,5891900
2003-08-25,56.9256591796875,57.24231676007669,56.639446852526746,56.95001352386932,4386600
2003-08-26,56.9986686706543,57.1448178046465,56.35926330569016,56.7002795003377,5630500
2003-08-27,56.95613098144531,57.06574416536595,56.78562261668088,56.913503890254205,3113800
2003-08-28,57.22404479980469,57.34583509646709,56.51764807035716,57.09007268587485,5054100
2003-08-29,57.49196243286133,57.5163167641263,57.05351013409406,57.10222344262387,4475200
2003-09-02,58.131385803222656,58.21663992651955,57.28493083191687,57.40063484753463,6002600
2003-09-03,58.4724006652832,58.60028649266235,58.070489044666765,58.2227292100217,5565500
2003-09-04,58.5881462097168,58.75865457242434,58.24712948430172,58.40546066938919,4861500
2003-09-05,58.08267211914063,58.42977954560156,57.766014587247085,58.2714531026556,7304100
2003-09-08,58.533321380615234,58.60639371267663,58.0400599091868,58.25928619737659,3895200
2003-09-09,58.12531280517578,58.45415223035804,57.94262733296522,58.32627100600984,4283000
2003-09-10,57.65640258789063,58.00351002107431,57.37019029901954,57.90607407337279,7627700
2003-09-11,57.8330078125,58.05832033464228,57.56506357427439,57.69294478451784,6201700
2003-09-12,57.88172912597656,57.97306953426809,57.30321354611632,57.57724870899826,5043100
2003-09-15,57.74776840209961,57.97917189213549,57.394569933621135,57.93045390075845,3837800
2003-09-16,58.46018981933594,58.49063969326623,57.796425310841485,57.82077963478756,4994100
2003-09-17,58.42978286743164,58.60638204475897,58.28363358640284,58.47240993464845,4179700
2003-09-18,59.03872299194336,59.03872299194335,58.27752231053098,58.44803516580757,5946100
2003-09-19,58.86542892456055,59.18272782625132,58.70677714600927,59.02408070311183,4988400
2003-09-22,58.31014251708984,58.487099352026114,58.053862130800574,58.40777580067311,6260600
2003-09-23,58.43826675415039,58.56641156771735,58.066052764499936,58.34674139504532,5297100
2003-09-24,57.626766204833984,58.633583337977335,57.54743794568902,58.51154630832792,6193900
2003-09-25,56.9006233215332,57.80981160245802,56.88231823584015,57.70607967992175,7249000
2003-09-26,56.93113708496094,57.19961944444612,56.827400503032266,57.12639909886545,6563600
2003-09-29,57.30946350097656,57.42540194000082,56.77859729157995,57.05928618911003,6895700
2003-09-30,56.82744598388672,57.199665223199744,56.394208189283454,57.199665223199744,7710900
2003-10-01,57.8525276184082,57.895241038747606,56.94333929666161,57.00435780351595,6855900
2003-10-02,58.08440017700195,58.145418679354805,57.632853017681526,57.70607801375294,6458500
2003-10-03,58.52984619140625,59.10343042165352,58.39560267748337,58.77392488441023,6949100
2003-10-06,58.700679779052734,58.847129737954674,58.43829608861874,58.58474604752068,3654400
2003-10-07,58.999698638916016,59.005797231081445,58.30407738811953,58.45662598970497,6654000
2003-10-08,59.02413940429688,59.140073239519566,58.65801883499787,59.030237999813146,4543600
2003-10-09,59.27426528930664,59.73801419322279,58.97527142940588,59.46342400500128,6368000
2003-10-10,59.36578750610352,59.396294419376886,59.05458719607983,59.23764729736712,2693400
2003-10-13,59.73799896240234,59.81121926959658,59.46951208826034,59.49392040912881,4450500
2003-10-14,60.01873779296875,60.0248410421357,59.518378435825866,59.67703032626096,4614600
2003-10-15,59.93330001831055,60.305519007693405,59.707526394375535,60.2872139189392,5040900
2003-10-16,59.90888214111328,60.10414414908667,59.52446137225073,59.60378496269153,7649400
2003-10-17,59.44698333740234,60.1007166573839,59.34922655696031,60.027399072052376,6300000
2003-10-20,59.85634994506836,59.87467818237718,59.37979712983318,59.59974530014195,4402000
2003-10-21,59.63030242919922,59.85636160976541,59.50811104912701,59.75249847057379,4534400
2003-10-22,58.78103256225586,59.23925701752256,58.62829107716696,59.12317199723893,6838900
2003-10-23,58.62215423583984,58.95818721922515,58.43275636954893,58.43886733141907,6921600
2003-10-24,58.762672424316406,58.762672424316406,58.10282844828646,58.30444821784522,6605300
2003-10-27,58.82993316650391,59.12319431826258,58.68940889619732,58.92768532998947,3797100
2003-10-28,59.64864730834961,59.70974767673129,58.91548950080611,58.988807146081925,5377400
2003-10-29,59.79523086547852,59.886872016157945,59.440869545185954,59.47141504164589,4433100
2003-10-30,60.05793380737305,60.24122073168089,59.71578982499416,60.21067524161224,7224500
2003-10-31,59.89298248291016,60.21068734029426,59.8563260229426,60.015178451634654,5322700
2003-11-03,60.186279296875,60.577297276571535,60.14961815663332,60.14961815663332,5379000
2003-11-04,60.22899627685547,60.42450510288687,60.106800347274536,60.23510257736095,4792700
2003-11-05,60.21684646606445,60.36958806498309,59.86248949916402,60.082433113207465,4225700
2003-11-06,60.4428939819336,60.46122222443875,59.844144979382776,60.08853242249133,5902800
2003-11-07,59.94188690185547,60.69948359175676,59.94188690185547,60.65671614945511,4668600
2003-11-10,59.75859069824219,60.18015878438883,59.63028838100218,60.08240197431953,4654200
2003-11-11,59.64250183105469,59.83189979700279,59.52641680093136,59.68526926405267,3349600
2003-11-12,60.363426208496094,60.45506735447274,59.66692553127724,59.70969295316614,6125700
2003-11-13,60.314598083496094,60.43068318019986,60.04577140115192,60.16796746644621,4045600
2003-11-14,59.85634994506836,60.675042286872085,59.7158256901983,60.31457452299471,6104900
2003-11-17,59.59365463256836,59.6975177868969,59.03767305121607,59.54477620889502,5914800
2003-11-18,59.01935195922852,59.813610125602295,58.93992800711258,59.752514419258986,4693200
2003-11-19,59.49589538574219,59.58754126110783,59.01934242740428,59.0865490919189,4055300
2003-11-20,58.98266220092773,59.69138038513309,58.97655123534896,59.05597980397007,6756700
2003-11-21,59.14196395874024,59.22164832254976,58.7925919807723,59.18486912528674,4752900
2003-11-24,59.74271011352539,59.85303848038478,59.31365327515317,59.32591458053635,4876800
2003-11-25,59.87144088745117,60.11048496331652,59.68143269287077,59.81014837400449,5583100
2003-11-26,60.006256103515625,60.15948964582475,59.54655547658826,60.11658444103086,4061200
2003-11-28,60.116607666015625,60.16564354081466,59.920468843137854,59.981761348477455,864400
2003-12-01,60.74180603027344,60.77858527896884,60.26984853827292,60.26984853827292,5854300
2003-12-02,60.52721786499024,60.70496924316917,60.38011504992684,60.619158878022674,3578100
2003-12-03,60.64983749389648,61.04211500956608,60.58854500888251,60.68048607456189,6231600
2003-12-04,60.95624923706055,60.99915440523712,60.59462063047416,60.6068772458192,6236600
2003-12-05,60.557952880859375,60.8828075378654,60.42923247306373,60.772479099984025,5430200
2003-12-08,61.176944732666016,61.201462655302336,60.51497952674789,60.51497952674789,5192800
2003-12-09,60.95015335083008,61.385335893218446,60.85208167441387,61.29339486565698,9541200
2003-12-10,61.048282623291016,61.15248037853408,60.66826618032936,60.97473346726989,5558100
2003-12-11,61.52633285522461,61.55698143552355,60.99920907303717,61.035988304659256,6778500
2003-12-12,61.67956161499024,61.76537202158436,61.2505095820196,61.489553525577016,6134200
2003-12-15,61.56926345825195,62.38446739676832,61.41602984618431,62.33543151859018,7563800
2003-12-16,62.21284866333008,62.2496232350834,61.66120670543578,61.70411193125429,5991500
2003-12-17,62.43349838256836,62.43349838256836,61.97379758238824,62.11476987570519,4867400
2003-12-18,63.0157585144043,63.02801981615111,62.33540123326643,62.45186021827885,10491800
2003-12-19,63.0629997253418,63.26555866843968,62.84202718432786,63.24714507052363,10810400
2003-12-22,63.59705352783203,63.609327705729726,62.98324160665463,62.98324160665463,6459300
2003-12-23,63.50504302978516,63.75670841191383,63.2656565205992,63.46821577699283,7622800
2003-12-24,63.34541702270508,63.4927353221411,63.284036739447785,63.32086865581451,3742600
2003-12-26,63.38842391967773,63.54187706671996,63.34545722582664,63.37614972844245,2088500
2003-12-29,64.2538070678711,64.29677369829652,63.57861515418102,63.60930292847833,6589900
2003-12-30,64.03900909423828,64.29066958697118,63.93466217488596,64.16176962488642,5478200
2003-12-31,64.18632507324219,64.29067199650531,63.94693875139658,64.13108423728438,5658100
2004-01-02,64.0635757446289,64.7387681726385,63.8303241306331,64.47482876096934,8231300
2004-01-05,64.80624389648438,64.8369316733284,64.32747149400839,64.35201984227885,6942600
2004-01-06,64.75717163085938,64.85538380724594,64.53619891700393,64.60371861751611,7702700
2004-01-07,64.78784942626953,64.80626303441603,64.33362523792711,64.64667062545753,6669400
2004-01-08,65.07022094726562,65.10090874194513,64.76331490238296,65.04566790171326,7701000
2004-01-09,64.2599868774414,64.89835198992402,64.21702022001539,64.67123983894967,9382200
2004-01-12,64.55460357666016,64.57301718642539,64.20473094207966,64.33363089344998,7877100
2004-01-13,64.14337921142578,64.62215201032424,63.71371251575172,64.56077172280162,8506600
2004-01-14,64.86151123046875,64.90447788203159,64.31521893930679,64.36432502195397,6643000
2004-01-15,65.03955078125,65.13776299715096,64.43187791516556,65.10707050892786,9694800
2004-01-16,65.18014526367188,65.20471429323531,64.80547576344023,65.14328937629512,8975200
2004-01-20,64.77479553222656,65.35215629906207,64.6765240511433,65.35215629906207,8631500
2004-01-21,65.29075622558594,65.49958611624926,64.51070413736234,64.8055280439031,9293800
2004-01-22,65.40736389160156,65.56706015113924,65.2231033023448,65.41350731706163,6018200
2004-01-23,65.02043151855469,65.46880330145311,64.71332576027172,65.45652113298905,6833100
2004-01-26,65.83123016357422,65.86194263231631,64.93448137186998,64.97133258550863,7087700
2004-01-27,65.28451538085938,65.85573204004169,65.25994636813476,65.8250196026209,5658700
2004-01-28,64.53524017333984,65.5855418953648,64.20970863614707,65.40128114834519,7716700
2004-01-29,64.5414047241211,64.76866018841716,64.09302785612704,64.76866018841716,12596700
2004-01-30,64.5414047241211,64.63353747081206,64.22815525979829,64.45541541016051,8248200
2004-02-02,64.67650604248047,65.02046315959812,64.20356032037942,64.61508111208295,6735300
2004-02-03,64.58444213867188,64.76870306797599,64.32033058920697,64.49230933098518,3869100
2004-02-04,64.35707092285156,64.76245270359756,64.25265610759075,64.30793288529547,8405900
2004-02-05,64.57207489013672,64.7624837052997,64.29568149718166,64.49222905543188,5332700
2004-02-06,65.11261749267578,65.19860680051177,64.3878471222968,64.633532867285,6886500
2004-02-09,65.18014526367188,65.36440595630275,64.98359771322767,65.14328937629512,3840300
2004-02-10,65.26000213623047,65.45040628998157,64.99589088131893,65.07573672636138,3348600
2004-02-11,65.96633911132812,66.19973787598552,65.25999470204621,65.39512202908179,6889000
2004-02-12,65.90489959716797,66.07687807724302,65.83733595341532,65.94175078973772,3758000
2004-02-13,65.53645324707031,66.13223995249119,65.33376674109603,65.96640468649984,4074800
2004-02-17,66.033935546875,66.12606828703873,65.78210636949849,65.8680956773671,2929300
2004-02-18,65.82511138916016,66.08307935338915,65.64698931307825,66.00323346524206,4074000
2004-02-19,65.78208923339844,66.2857427708849,65.68995651723507,66.11990763064254,6430900
2004-02-20,65.52841186523438,65.8855496168025,65.23285315193878,65.87939077341103,9334700
2004-02-23,65.4113998413086,65.6884866282678,65.10967768913943,65.67001480217978,7350700
2004-02-24,65.16513061523438,65.59615576663981,64.85725416485283,65.18360245060578,7973900
2004-02-25,65.38681030273438,65.47301534391508,65.09124680595595,65.09740565113239,4212700
2004-02-26,65.23285675048828,65.42373862576416,64.97423698981166,65.1959083859223,4878100
2004-02-27,65.31285858154297,65.67615494987251,65.10965915677313,65.27591493988231,5151000
2004-03-01,65.86087036132812,65.94091647509003,65.37442544427287,65.54683534949396,5244100
2004-03-02,65.33132934570312,65.78083066918269,65.1773912441827,65.67615388762513,7420700
2004-03-03,65.28821563720703,65.4298407332897,65.03575963699521,65.18969771204203,5421600
2004-03-04,65.20210266113281,65.40530233429187,65.14052828382445,65.33756910990552,4216400
2004-03-05,65.39290618896484,65.69462826210362,64.89414822395072,64.94956838551796,6828600
2004-03-08,64.77102661132812,65.60229179873276,64.75255478238005,65.42988179812382,3972000
2004-03-09,64.43236541748047,64.88802112318253,64.26611424709611,64.81413380204305,8046900
2004-03-10,63.31785202026367,64.59245993648456,63.28090366330719,64.54935743488561,10163100
2004-03-11,62.49889755249024,63.71193109407649,62.43116438128754,63.18854225118125,14357500
2004-03-12,63.11467361450195,63.21319633558642,62.65901777404105,62.71443328128463,8724500
2004-03-15,62.46806335449219,63.02224131436365,62.27102282407309,63.01608247652708,9750500
2004-03-16,62.8929443359375,63.028410603905016,62.33261214312902,62.73900624921397,8644400
2004-03-17,63.5826530456543,63.76122197082796,63.05926396032312,63.10236648034281,6934900
2004-03-18,63.61339569091797,63.74886200623886,63.02227379500618,63.373252567510654,9918500
2004-03-19,62.841575622558594,63.667625055409125,62.79842385671103,63.52584269756272,7337600
2004-03-22,62.08951950073242,62.45939257964272,61.76279820264179,62.44706551506198,9303500
2004-03-23,62.04636764526367,62.5272031175877,62.00321586449591,62.34226422675937,8777700
2004-03-24,62.08339691162109,62.39162547619266,61.71968946296008,62.12654872253333,8309600
2004-03-25,62.977195739746094,63.10665103510556,62.255938089615306,62.38539338497476,7684300
2004-03-26,63.001895904541016,63.40259384675284,62.79846869355368,62.94025115262991,5376500
2004-03-29,63.81561279296875,63.877262242213725,63.40875370646928,63.43341254552874,6766500
2004-03-30,64.11152648925781,64.1485124033643,63.618359019601485,63.71082850806124,4685000
2004-03-31,64.0621337890625,64.24090666990166,63.67376803611482,64.04980673319237,6973100
2004-04-01,64.16078186035156,64.33955477688797,63.84022190546249,63.864880725314656,7655300
2004-04-02,64.70333099365234,64.87593821404765,64.35811655286174,64.82045933743231,7605000
2004-04-05,65.13483428955078,65.2272990562869,64.58618335549171,64.690984596447,3395500
2004-04-06,65.12250518798828,65.28895118132137,64.85126265259676,64.91291210387142,3779800
2004-04-07,64.9128646850586,65.14095055666412,64.62929058528576,65.12862349732978,5364600
2004-04-08,64.5368423461914,65.31357426851847,64.17313050998602,65.29508132320457,5463200
2004-04-12,64.91905212402344,65.01768745135533,64.6416484964872,64.65397556080805,3299300
2004-04-13,64.01290130615234,65.2149954411389,64.00057423388532,65.15951185795156,6847900
2004-04-14,64.24711608886719,64.33341964800903,63.698470018669234,63.77860769410345,8778900
2004-04-15,64.03754425048828,64.43824219597255,63.7416475576212,64.2471420525295,7101300
2004-04-16,64.5550537109375,64.61056410863512,64.06160599291648,64.308329851927,5904400
2004-04-19,64.43777465820312,64.56113407365802,64.2095545631655,64.40693245140938,3748300
2004-04-20,63.5496940612793,64.7586365406968,63.43866849144151,64.62293809913183,6431100
2004-04-21,63.71620559692383,63.83956519321128,63.28443759818387,63.65452109291316,8370700
2004-04-22,64.64751434326172,64.86956515104153,63.60511412959424,63.65445509343037,9166100
2004-04-23,64.71540069580078,64.77091578261665,64.3206445228215,64.61054461676108,4820600
2004-04-26,64.73389434814453,64.97444870754859,64.3699804680742,64.72156027842352,3700700
2004-04-27,64.80178833007812,65.12869552129561,64.61057952899634,64.71543566469491,5690900
2004-04-28,64.00601196289062,64.61048443679194,63.83947626928845,64.61048443679194,8846500
2004-04-29,63.56812286376953,64.31445870977103,63.130190493266014,64.03689746416828,11963400
2004-04-30,63.13018798828125,63.87035912362483,63.13018798828125,63.71615739199451,6158900
2004-05-03,63.71620559692383,63.85189927049324,63.32144924176367,63.32761392747118,6128000
2004-05-04,63.611305236816406,64.23428163445675,63.457103484341545,63.753172919673446,7694500
2004-05-05,63.81489562988281,63.9752668780359,63.59901397229243,63.80872623798961,3496600
2004-05-06,63.28440856933594,63.64215782268204,62.85881486325917,63.42010688652686,9045900
2004-05-07,62.39002227783203,63.54961761894531,62.39002227783203,62.95748352736427,8867700
2004-05-10,61.625186920166016,62.29750426180055,61.38462787134461,62.056949918842896,17582000
2004-05-11,61.828731536865234,62.08162466230349,61.68069917648357,61.96442982799172,8772500
2004-05-12,62.29132461547852,62.32216684138897,60.94668544779849,61.75470564919522,16597400
2004-05-13,61.82253646850586,62.34682121263972,61.67449947502261,61.8780468116659,10827100
2004-05-14,61.958309173583984,62.29755516823328,61.5080423507232,61.80410730435568,8797800
2004-05-17,61.40933990478516,61.66223318387412,61.05775989410382,61.37233296867136,6814900
2004-05-18,61.66221618652344,61.82875205899624,61.4339958297088,61.588197628832496,6481600
2004-05-19,61.49565124511719,62.54422588725808,61.46481372102879,62.18647672561482,8893400
2004-05-20,61.69307327270508,61.773261245414005,61.32298977870578,61.606720614300805,8190900
2004-05-21,61.74130630493164,62.19291841351952,61.58664371871681,61.83410008071849,6336900
2004-05-24,61.7784309387207,62.25478968242167,61.50622324521837,62.12487366141231,6829100
2004-05-25,62.65066909790039,62.700162219365566,61.40718628057379,61.60515404651065,9302200
2004-05-26,62.70024108886719,62.76210520855449,62.39710359844853,62.48371430999672,6353700
2004-05-27,63.28795623779297,63.33126158960663,62.90439117892252,62.9167621137567,5972800
2004-05-28,63.21369934082031,63.28793908949768,63.00335574619849,63.232258098007634,4535500
2004-06-01,63.20133972167969,63.26938693690354,62.7682815234412,63.046677090865,5099400
2004-06-02,63.62196731567383,63.758071078523,63.15797978955628,63.34976450990066,5817300
2004-06-03,63.18279647827149,63.7148364762772,63.08381481720996,63.40551111557296,7500200
2004-06-04,63.51061630249024,63.84468317545062,63.3559537902242,63.57248036341159,4636700
2004-06-07,64.32727813720703,64.39532534677362,63.79523835384263,63.8261680454768,5772300
2004-06-08,64.6303482055664,64.64271912534456,64.13542645581556,64.17254865499723,5393400
2004-06-09,64.30870819091797,64.58710370719899,64.19735092839117,64.40150669634498,5151600
2004-06-10,64.49431610107422,64.49431610107422,64.30253595206217,64.4015175799646,3496100
2004-06-14,64.09217071533203,64.32107302757484,63.90657845561083,64.32107302757484,4341700
2004-06-15,64.40763092041016,64.65509178387543,64.12305257939825,64.48187059542676,7290000
2004-06-16,64.33343505859375,64.43242135936218,64.1911481511474,64.42004571180281,3838200
2004-06-17,64.30870819091797,64.42006545344476,64.08599366586436,64.24684409394264,2779500
2004-06-18,64.53475952148438,64.72671516974549,64.24992043158952,64.3056476620209,3919400
2004-06-21,64.28079986572266,64.73902302461221,64.24364842417465,64.55325636838754,4152200
2004-06-22,64.50377655029297,64.52854577523621,63.88456009945192,64.24370677475892,4098600
2004-06-23,64.97437286376953,65.0362935549394,64.23131512123918,64.37992572489607,4784400
2004-06-24,64.77620697021484,65.04866360959575,64.6895170802745,64.88147259025031,4658200
2004-06-25,64.42942810058594,65.01148794084665,64.3489269953075,64.73284262444209,3581100
2004-06-28,64.16316223144531,64.88764380194023,64.0888546123267,64.75141552901098,6769100
2004-06-29,64.58425903320312,64.67713769456941,64.13222907615786,64.21272549075705,5171000
2004-06-30,64.78858947753906,64.94958701275566,64.3303708111092,64.58425172142171,6940800
2004-07-01,63.940242767333984,64.80095259284137,63.74209384471883,64.69568701113022,10590600
2004-07-02,63.79782485961914,64.08266365777962,63.655407822660514,64.02074300152617,4276300
2004-07-06,63.370601654052734,63.72355952365923,63.19722182464704,63.599713413908,6318600
2004-07-07,63.531620025634766,63.72976914183596,63.29631942647321,63.29631942647321,5597800
2004-07-08,63.20343780517578,63.71738871400397,63.07340288684234,63.38301118504037,8076400
2004-07-09,63.389198303222656,63.54400243676397,63.2220071934196,63.3582355868155,3660200
2004-07-12,63.51300048828125,63.64922879752873,63.03620613015941,63.34581420599664,5886500
2004-07-13,63.51300048828125,63.65542228183388,63.38915914764409,63.624459584552426,3267000
2004-07-14,63.33345031738281,63.83501407126098,63.1105320436045,63.24676040249636,7294700
2004-07-15,62.91852569580078,63.49439665089203,62.89375649378972,63.457245209996536,4528300
2004-07-16,63.0269889831543,63.51657974513793,62.87825404539928,63.47939719274879,5944900
2004-07-19,62.56217956542969,63.02078638011311,62.45682586267719,62.97120649827743,9645400
2004-07-20,63.15097427368164,63.30590796683189,62.50644954279248,62.698565809274434,5270600
2004-07-21,62.22138595581055,63.55381695893968,62.19659599200789,63.3059220491153,9341600
2004-07-22,62.29572677612305,62.574610213773816,61.74416329960079,62.078820587861536,11667800
2004-07-23,61.86192321777344,62.17798926755149,61.66360828477957,62.17179059608891,6837100
2004-07-26,61.83715438842773,62.12843058007867,61.5458781967768,62.0168780966422,8701800
2004-07-27,62.56217956542969,62.723311817296775,61.96104122891366,62.00442244347044,7015800
2004-07-28,62.828704833984375,63.02082581426446,62.01685385576439,62.46306361509776,9645100
2004-07-29,62.92783737182617,63.1447434862766,62.62416881159558,63.04558843175584,7651300
2004-07-30,63.05800628662109,63.0889949131773,62.63038782678837,62.841100085329344,3943800
2004-08-02,63.17570877075195,63.35543226441321,62.692316828999495,62.76668191037868,6024000
2004-08-03,62.74811935424805,63.17573768064886,62.69234551769095,63.07657788917078,5626400
2004-08-04,62.841094970703125,63.13856495734919,62.51263636002301,62.56841020944408,5963500
2004-08-05,61.799930572509766,62.90305732374432,61.75654934279378,62.90305732374432,8179900
2004-08-06,60.96328353881836,61.5892119699836,60.82694119438271,61.42188573793917,9082800
2004-08-09,60.99429702758789,61.25458450517674,60.92612582228588,61.0004956993975,5095100
2004-08-10,61.7070198059082,61.79998101065558,60.96333962433581,61.11827338951367,7344300
2004-08-11,61.79376983642578,61.88673102236884,61.18023357432532,61.46531107720233,6687400
2004-08-12,61.09347915649414,61.65124161785347,60.932346728056345,61.52729177743864,6939400
2004-08-13,61.16777420043945,61.29172389873936,60.83931577429036,61.167774200439446,4192700
2004-08-16,61.84954071044922,61.992077079974976,61.14304335069081,61.14923729496464,5697000
2004-08-17,62.12838745117188,62.33909492461275,61.88669135954296,62.09739883298384,5946900
2004-08-18,62.72956466674805,62.779144591408006,61.83094626304327,61.86193489800621,6069000
2004-08-19,62.50021743774414,62.70473093806972,62.17175894048106,62.59937721785299,5510900
2004-08-20,62.93218612670898,63.0502826107298,62.34792530100885,62.39765063555118,5462800
2004-08-23,62.714656829833984,63.05650790664141,62.658714631258654,62.94462825156064,4521700
2004-08-24,62.913570404052734,63.13111291914238,62.60901088292724,62.98194158623394,3746000
2004-08-25,63.32381439208984,63.4978532056998,62.64632393616692,62.90115818603983,6232300
2004-08-26,63.31758499145508,63.44811050947536,63.19948844283466,63.305151279983725,4238800
2004-08-27,63.4977912902832,63.55372872641691,63.22430673478106,63.34240320048756,2971100
2004-08-30,63.03165435791016,63.45430559307395,62.96949530137881,63.36107649241736,4482800
2004-08-31,63.32999038696289,63.34242409380594,62.71465467618451,63.05650574125261,5158700
2004-09-01,63.32381439208984,63.56000755380981,62.91359190090551,63.23679735632126,4624300
2004-09-02,64.0447769165039,64.16908553277277,63.28648202788245,63.30512784611581,4906000
2004-09-03,63.93292617797852,64.26234842793129,63.901846638821056,64.01994319713314,5160900
2004-09-07,64.41773223876953,64.5296119331925,64.09452686714293,64.1753270245317,4500100
2004-09-08,64.324462890625,64.49849682105382,64.15664581258834,64.29960022312532,5085900
2004-09-09,64.01998138427734,64.37426652846851,63.93918117317224,64.24995778183379,5990800
2004-09-10,64.16289520263672,64.25612432545178,63.74645123842028,64.01993597753471,3670200
2004-09-13,64.33071899414062,64.4674613777872,64.1318222748561,64.30585631147108,4570500
2004-09-14,64.33071899414062,64.41151915626276,64.17533078400984,64.24370197583313,3690100
2004-09-15,63.73401641845703,64.14423874739788,63.7215827085089,64.11316395666938,6374500
2004-09-16,63.86455154418945,64.08209408035388,63.75888870406269,63.814826181045696,5572200
2004-09-17,64.09481048583984,64.27525464986252,63.89570050263492,64.00770016488497,4894400
2004-09-20,63.55965805053711,63.901875578217854,63.472547789152685,63.81476531683343,6733300
2004-09-21,63.69658660888672,64.01391500981633,63.55347409201474,63.70902890519221,6604900
2004-09-22,62.90634536743164,63.466343465083895,62.8939030751081,63.44145413328217,8852700
2004-09-23,62.501914978027344,62.98102640691936,62.47080686719832,62.956137069962764,7438900
2004-09-24,62.66987991333008,62.806768812408215,62.52676749688852,62.52676749688852,5528200
2004-09-27,62.32144165039063,62.5827724253724,62.22188435678631,62.458325808367,5243000
2004-09-28,62.77568435668945,62.937462651216265,62.165912299646415,62.37746451412727,8556800
2004-09-29,63.13652038574219,63.14896266865753,62.60763553954544,62.70096452928817,7240800
2004-09-30,62.76319122314453,62.88763304295993,62.5640814631492,62.66985748470741,6375100
2004-10-01,63.565860748291016,63.58452654859493,62.98097368729295,63.055636888508594,7370500
2004-10-04,63.65924453735352,64.01390928982065,63.6281364257914,63.87080153289229,5422400
2004-10-05,63.49118423461914,63.69651750456492,63.29829799463125,63.66540467682125,5210500
2004-10-06,63.86452102661133,63.87074454223292,63.33563613041199,63.4103040764166,5244700
2004-10-07,63.11786651611328,63.733861700584384,63.111642999903935,63.721419415317634,6821900
2004-10-08,62.65745544433594,63.2983450433012,62.58901097014697,62.9685649644114,7265900
2004-10-11,62.93124008178711,62.9996845633073,62.78813234563037,62.81924045267724,3549500
2004-10-12,62.87517547607422,62.99961726564018,62.44584323191668,62.59517432882584,5207100
2004-10-13,62.27170181274414,63.13658616454703,62.07881062295981,63.11169682563435,7916000
2004-10-14,61.71168899536133,62.3712397058927,61.599689370256485,62.30901874686887,8125100
2004-10-15,61.89212417602539,62.190786635141016,61.643235628659575,61.86101132742184,7489800
2004-10-18,62.04532241821289,62.151194794623095,61.49729757809792,61.67789780695975,9897800
2004-10-19,61.71523666381836,62.50614095691434,61.66541494824721,62.263266032580376,9483600
2004-10-20,61.58449935913086,61.70904897999109,61.15479509001515,61.60318132713355,9636600
2004-10-21,61.6155891418457,61.80864232290459,61.15474546583601,61.64672414616444,12984900
2004-10-22,60.8807373046875,61.67786565707952,60.82468669330319,61.615590895410094,10885700
2004-10-25,60.830936431884766,61.011536628470736,60.57560364494072,60.731292978074,8935700
2004-10-26,61.70278549194336,61.7152385455857,60.82469554545407,61.00529570646096,8281200
2004-10-27,62.36296463012695,62.5062010121989,61.41637488110344,61.62188134057729,10346700
2004-10-28,62.44391250610352,62.68056347297953,62.1076275291209,62.288223081059485,7890500
2004-10-29,62.51235961914063,62.6742778048998,62.33175947949769,62.35044618464135,5304700
2004-11-01,62.71783828735352,62.87975638965427,62.46251046378063,62.580831027811136,6267300
2004-11-02,62.60578155517578,63.22853876511687,62.456321155142845,62.76769976011339,7390000
2004-11-03,63.34067916870117,63.7517014928398,62.98570750297406,63.47768661008072,10058100
2004-11-04,64.34329986572266,64.42425662417308,63.20988149110505,63.25347432277256,9474700
2004-11-05,64.90380096435547,65.03457949651502,64.45541471051492,64.58619324267447,8309800
2004-11-08,64.94735717773438,64.97226803903828,64.65466049648973,64.78543895488949,5256900
2004-11-09,64.89753723144531,65.12795914136761,64.74807681079197,64.87885527277129,6609300
2004-11-10,65.0096664428711,65.27122349842617,64.86020594702013,64.93493381931387,5466600
2004-11-11,65.4455337524414,65.55140605809444,65.02828768423525,65.07188048611859,4604100
2004-11-12,65.79429626464844,65.86279993376566,65.38950315202672,65.5078285352765,4875200
2004-11-15,65.98214721679688,66.05078972915753,65.77620539605414,65.86357378766252,4601700
2004-11-16,65.60774993896484,65.81993386217117,65.48918119130171,65.79497076760434,8043800
2004-11-17,66.08822631835938,66.31288922174798,65.74499000451026,65.91348956266145,6900900
2004-11-18,66.15060424804688,66.21300952622605,65.98210952084133,66.10067812101651,4714100
2004-11-19,65.46571350097656,66.17314466349967,65.29042116168644,66.1481069947651,6968500
2004-11-22,65.60974884033203,65.7349563704933,65.25290212537523,65.34054835176033,8335900
2004-11-23,65.72866821289062,65.75371066415651,65.27165661227605,65.62850318418629,7527500
2004-11-24,65.75376892089844,65.82889634125773,65.55343390963709,65.74750710844431,6210400
2004-11-26,65.68482208251953,65.95402236877402,65.67230324945638,65.79124888080776,1807300
2004-11-29,65.40312194824219,66.05421131274618,65.12139797078895,65.96656512678976,9181300
2004-11-30,65.31549072265625,65.58469114871325,65.22784451662467,65.48452132675716,7401100
2004-12-01,66.1544418334961,66.27339239350401,65.46579050072296,65.50335182436183,8612600
2004-12-02,66.26080322265625,66.53000358728943,65.96030337807343,66.01664530779811,8250700
2004-12-03,66.16693878173828,66.6051699687176,66.08554957818376,66.14815812749085,7206400
2004-12-06,65.95407104492188,66.191972035918,65.88520547135575,66.16066776562027,3494200
2004-12-07,65.36557006835938,66.12934340212635,65.34052761500249,66.02917836505839,7572700
2004-12-08,65.74119567871094,65.77249516235784,65.37182547134546,65.46573347500512,7090100
2004-12-09,65.97286987304688,66.11060105812611,65.2090960967789,65.44073056590089,8913400
2004-12-10,66.04801177978516,66.20452365604058,65.80385363493579,65.85393858166474,5999500
2004-12-13,66.64265441894531,66.64891622192668,66.06669272991965,66.29833167666868,7457100
2004-12-14,66.8368148803711,66.95576062619877,66.48622512453858,66.51126759112391,5822400
2004-12-15,66.89314270019531,67.0246120396913,66.5801190986255,66.74915451823543,9270700
2004-12-16,67.08724212646484,67.16862656951999,66.74917595503464,66.88064533675262,8572800
2004-12-17,66.79570770263672,67.07786648023085,66.6013351639187,66.6891166190643,8222200
2004-12-20,66.85208129882812,67.18439719236689,66.68278522765382,66.93986267509398,6136000
2004-12-21,67.35367584228516,67.3850283780944,66.84579729150767,66.93357865130315,8002500
2004-12-22,67.72361755371094,67.79885598778178,67.27843927846506,67.31605849550049,6666000
2004-12-23,67.81143951416016,68.06224560657819,67.73619625131626,67.79262989438126,3318100
2004-12-27,67.56689453125,68.06850185545892,67.54181344748041,67.98699192100347,5591200
2004-12-28,67.96815490722656,68.0120455901998,67.59194836978084,67.64210573337478,3461100
2004-12-29,67.86786651611328,67.91175722230562,67.61079374662332,67.8866761353774,4043900
2004-12-30,67.62332916259766,67.97445958166003,67.57316699077046,67.87413523800564,2786600
2004-12-31,67.41015625,67.83652520089875,67.38507516068493,67.67350051221517,4262800
2005-01-03,67.29100799560547,68.08731208157255,67.04647340632351,67.8114297250938,11691300
2005-01-04,66.65145874023438,67.46657246336335,66.39438121075281,67.40387214369616,10628300
2005-01-05,66.28153228759766,66.95243589117766,66.28153228759766,66.6514723816863,10885300
2005-01-06,66.48846435546875,66.87721416837427,66.35679218909671,66.54489323374395,8238900
2005-01-07,66.3630142211914,66.77684485167228,66.23134214341842,66.6702538530551,8555700
2005-01-10,66.58876037597656,66.858376083187,66.31914466876613,66.3630353753479,6028100
2005-01-11,66.16239166259766,66.40693106712746,66.00563845522598,66.40065959938869,7592600
2005-01-12,66.48219299316406,66.60759847352853,65.81128922033652,66.20003903387143,10574200
2005-01-13,65.80492401123047,66.52598894904634,65.71714269188486,66.43820762970074,7669700
2005-01-14,66.11226654052734,66.24393872493988,65.86773180037112,65.91788921557786,5986900
2005-01-18,66.5636978149414,66.64520777721333,65.8363604885917,65.99311372785026,6601700
2005-01-19,65.99310302734375,66.62011588271044,65.98056487507694,66.55741555391945,6567900
2005-01-20,65.68584442138672,66.13729428012968,65.57298195670099,65.87394534004514,8661700
2005-01-21,65.1699447631836,65.91678987209661,65.13229031675279,65.86658075138533,7901200
2005-01-24,65.11343383789062,65.46488794854966,65.03184764454568,65.33936999137232,9877700
2005-01-25,65.64068603515625,65.90428169159651,65.30178622640565,65.32688601443965,9751100
2005-01-26,65.76615905761719,66.05485428322535,65.69712272234082,65.84774527739623,7851200
2005-01-27,65.6280517578125,65.79122889947332,65.40211565034433,65.55273812592239,8393800
2005-01-28,65.54651641845703,65.67831178533257,65.11974841648608,65.60927543293978,7791600
2005-01-31,65.7724609375,65.92936088745758,65.57162919308256,65.88542909299771,5333900
2005-02-01,66.14906311035156,66.29968582009548,65.79760373666961,65.91057196602995,4800300
2005-02-02,66.45030975341797,66.60720980885142,66.11768240201262,66.18671880946012,4660100
2005-02-03,66.46284484863281,66.49422197754494,66.17414940631642,66.3373219683594,4818700
2005-02-04,67.1532211303711,67.28501659725677,66.37499822619442,66.40010280867877,6413300
2005-02-07,67.15943145751953,67.3226038985307,67.09667245803794,67.10922234265236,3710300
2005-02-08,67.31006622314453,67.41675702043611,67.09668462856136,67.19082075075652,5046500
2005-02-09,66.99004364013672,67.45447123310211,66.92100723545835,67.41681196532603,7444900
2005-02-10,67.46692657470703,67.59244452282073,67.10919515555996,67.1719541296168,5221000
2005-02-11,67.83721160888672,68.0254933296279,67.2409941402114,67.4167211925282,4722600
2005-02-14,67.76821899414062,67.85608257074544,67.68035062933,67.78704621938368,3689300
2005-02-15,68.07572937011719,68.16359293105047,67.73054767487575,67.81841123580904,4711000
2005-02-16,68.06324005126953,68.20759020466825,67.83730359529476,67.95654916600631,4285800
2005-02-17,67.60503387451172,68.13221527289669,67.57365197728178,68.06945626664209,5746600
2005-02-18,67.81131744384766,67.8301863501819,67.42763368569703,67.60375467536467,4906500
2005-02-22,66.67918395996094,67.72330412416919,66.66660148154824,67.50944997924815,8958900
2005-02-23,67.1949691772461,67.27044486818154,66.79241616288884,66.89305201707292,6457800
2005-02-24,67.55974578857422,67.64780391028287,66.89930507695166,67.03768349643889,7124200
2005-02-25,68.15728759765625,68.19502542372858,67.49056041006904,67.5723272994951,4984900
2005-02-28,67.7421646118164,68.54727517169343,67.46541250570476,68.00005260027575,7471500
2005-03-01,68.07553100585938,68.23906480944888,67.77990519341947,67.77990519341947,5316000
2005-03-02,67.97486877441406,68.36484384110881,67.76730116800523,67.81133022401858,7239700
2005-03-03,68.0881118774414,68.35228630991686,67.70442790697558,68.19503893837543,7779800
2005-03-04,68.89946746826172,68.94349651387081,68.33966754602926,68.5032060577799,6123100
2005-03-07,68.7674560546875,69.08195095500294,68.74858712847839,68.80519390710573,4124200
2005-03-08,68.66044616699219,68.88687780733918,68.53464547923768,68.74221301492844,7533400
2005-03-09,67.9371337890625,68.70450148200253,67.93084255256748,68.45290480908339,5060900
2005-03-10,68.22645568847656,68.38999421550528,67.76729148525203,68.06291716144784,5215200
2005-03-11,67.83023071289062,68.4403513436993,67.71072596167915,68.2390748798169,3489300
2005-03-14,68.01893615722656,68.03151863678151,67.66670351064643,67.89942659550405,3474500
2005-03-15,67.660400390625,68.23278313962503,67.62894899606997,68.17617158918777,3926400
2005-03-16,66.89308166503906,67.37111538101358,66.79244576625172,67.27047468341365,6444500
2005-03-17,66.8552474975586,67.10055284607924,66.69800023318354,67.02507243160917,4476200
2005-03-18,66.75323486328125,67.05562989062555,66.425644656197,67.01782750820384,10700300
2005-03-21,66.4130859375,66.8540787754692,66.293391932596,66.80367877003117,7322400
2005-03-22,65.85227966308594,66.79725642237193,65.83338089692428,66.48856536013061,7066800
2005-03-23,65.7767333984375,66.49491588380504,65.6507335198794,65.82712854345684,7267500
2005-03-24,65.79563903808594,66.24292783919012,65.73893788522248,65.97203408005329,5058600
2005-03-28,65.9972152709961,66.29330892418291,65.8712154151703,65.89641538633545,4968200
2005-03-29,65.5626449584961,66.23042860214696,65.43034847096592,65.9028379863216,7659600
2005-03-30,66.36266326904297,66.39416446328626,65.63188266539117,65.63188266539117,5654100
2005-03-31,66.14212036132812,66.35001655404353,66.02242648591331,66.25551784768163,7374200
2005-04-01,65.54998016357422,66.53905700964938,65.35468142905012,66.41935825039981,7737700
2005-04-04,65.65705108642578,66.03504120354086,65.17826104133064,65.56885355264578,11559300
2005-04-05,65.89016723632812,65.94686841869736,65.6129769431675,65.70117451004683,4398700
2005-04-06,66.1610336303711,66.29963112253377,65.97204098266236,66.02244094461332,4531300
2005-04-07,66.47604370117188,66.51384608579949,65.99095715717414,66.02875473539557,3852800
2005-04-08,65.858642578125,66.48862767475171,65.84604018460574,66.43192651672479,3649600
2005-04-11,65.81451416015625,66.02870668942818,65.75781302767665,66.01610910798975,3187600
2005-04-12,66.14212036132812,66.33741896951709,65.24124166596516,65.64443166046568,9085300
2005-04-13,65.50593566894531,66.2871168352402,65.36103679784974,66.0981191436218,8180200
2005-04-14,64.51048278808594,65.62555443140664,64.50418159055151,65.58145566147657,10780100
2005-04-15,63.4854736328125,64.68331375623858,63.4350419552139,64.43744189210075,12132300
2005-04-18,63.39079284667969,63.68079489330776,63.11339749343579,63.4349234883431,13000100
2005-04-19,63.83214569091797,63.98975592719184,63.54844918957808,63.680841210862205,7633400
2005-04-20,63.13239669799805,64.16632013201858,62.9747863597646,63.99610308307621,12009900
2005-04-21,64.380615234375,64.48778901435007,63.47277895721784,63.64299585424404,7323400
2005-04-22,64.1977767944336,64.40582337707976,63.43494413461177,64.24190745046029,6159600
2005-04-25,64.5571060180664,64.67058549669298,64.22927427542112,64.33645281237004,4631900
2005-04-26,63.9961051940918,64.69589550372288,63.94566872982077,64.34284506371166,6071100
2005-04-27,64.241943359375,64.41216032494283,63.51062943943386,63.743894357322006,10413200
2005-04-28,63.37188720703125,64.19776766650443,63.37188720703125,64.07798241294327,7083400
2005-04-29,64.2292709350586,64.29231882758933,63.321439963138566,63.86992007307634,10176500
2005-05-02,64.67060089111328,64.68320758734868,64.21668286855473,64.4562485760694,5349200
2005-05-03,64.86610412597656,64.98588951057718,64.33653574963022,64.50675278206002,7114100
2005-05-04,65.42082977294922,65.52170259438633,64.72734596015208,64.94169830076552,8803600
2005-05-05,65.25065612792969,65.61631313306707,64.92912980893757,65.44609133658957,8842100
2005-05-06,65.20645904541016,65.5973338746063,65.1875466005889,65.51537353387533,5379900
2005-05-09,65.40821838378906,65.49017393791779,65.06777985067814,65.22539001545836,3912600
2005-05-10,64.74627685546875,65.24432573095787,64.62019060263601,65.1623701476048,6964900
2005-05-11,64.9480209350586,65.09302446183032,63.98975286078235,64.92910847719325,7684300
2005-05-12,64.26085662841797,65.14977601067687,64.26085662841797,64.94803506641443,5534400
2005-05-13,64.09695434570312,64.6013092193969,63.58629852325448,64.45000468124258,11750400
2005-05-16,64.70845794677734,64.75258862035251,64.04649303326711,64.06541030184162,5840400
2005-05-17,65.24430084228516,65.2821305516099,64.48146824091488,64.5382103999618,5973700
2005-05-18,66.09538269042969,66.23408037626201,65.47755366611418,65.51537855865772,8503700
2005-05-19,66.28456115722656,66.32238607509777,65.93781671046474,66.17108159373022,5010200
2005-05-20,66.173828125,66.31296912995327,65.85127924106649,66.30032214098176,6342600
2005-05-23,66.54695892333984,66.72404566586297,66.17380772280738,66.17380772280738,5310900
2005-05-24,66.30030059814453,66.49003432258733,66.17380662326423,66.35721926790184,5147900
2005-05-25,66.14857482910156,66.22447129090403,65.87662336447016,66.22447129090403,5065900
2005-05-26,66.57859802246094,66.62919562786327,66.30664192498993,66.401511228806,4759800
2005-05-27,66.6418685913086,66.6861403037724,66.45212992346099,66.59759687884478,2107100
2005-05-31,66.173828125,66.62919693202768,66.13588233283214,66.61022403594374,5593300
2005-06-01,66.61660766601562,66.9328357421001,66.16123846441279,66.18021137693665,7951400
2005-06-02,66.70513916015625,66.76205788750448,66.43318287056033,66.47745460025006,3463700
2005-06-03,66.23077392578125,66.68614288604486,66.01573643887679,66.57862172996515,5009600
2005-06-06,66.173828125,66.40151252851383,65.93349673251464,66.19280584633725,2761400
2005-06-07,66.33200073242188,66.87591341939388,66.2750819937948,66.33832664513297,6878900
2005-06-08,66.2813491821289,66.6671474863146,66.13588227020098,66.57859926258456,6071000
2005-06-09,66.39521026611328,66.55964529561804,66.01573293585999,66.23077041135383,4067300
2005-06-10,66.51544189453125,66.64825716641808,66.0790502369773,66.49646897358451,5115500
2005-06-13,66.6228256225586,67.00230258664325,66.25600528932681,66.382494393855,4816100
2005-06-14,66.76836395263672,66.98340145096635,66.52803246650849,66.58495117693812,4180400
2005-06-15,66.87594604492188,66.98978840297178,66.40160369059053,66.95816847450567,6118100
2005-06-16,66.90123748779297,67.05302567332801,66.69885163199311,66.85063981752815,6817800
2005-06-17,67.13797760009766,67.43555333713223,67.0430059007626,67.24560993846212,7295800
2005-06-20,67.0873794555664,67.28365091671562,66.82146234746777,66.91010138350065,3709900
2005-06-21,67.11266326904297,67.23928900340347,66.91639193164553,67.10000262779177,3861400
2005-06-22,67.12531280517578,67.3215889405637,66.90371539147459,67.24561061423987,3443200
2005-06-23,65.87808227539062,67.03039449182732,65.86541679659784,66.97974223758585,12891900
2005-06-24,65.12461853027344,65.85905658859464,65.0739662971581,65.84006320879209,9810400
2005-06-27,65.18165588378906,65.37793225177964,64.8587584827924,65.11201020973871,9047400
2005-06-28,65.8337631225586,65.84642377095616,65.32091749885716,65.32725023828837,6487600
2005-06-29,65.59312438964844,66.00466523490324,65.56147037414372,65.9920045947937,5145900
2005-06-30,65.05496978759766,65.89071227194245,64.93467194735187,65.80840601993684,9964300
2005-07-01,65.28922271728516,65.4981546834775,65.10561203208559,65.25756387035142,6487600
2005-07-05,65.61217498779297,65.7641317844047,65.08667343185826,65.1183274749696,4745900
2005-07-06,65.00431060791016,65.75141402393297,64.96632385419339,65.61212281968874,8956200
2005-07-07,65.30184936523438,65.33983609741156,64.40912734585491,64.42178797976086,13370400
2005-07-08,66.20096588134766,66.24528538705695,65.25125804717929,65.35256253477989,8886100
2005-07-11,66.63151550292969,66.72015453458224,66.24530050910147,66.24530050910147,6848700
2005-07-12,66.5428466796875,66.78977027595128,66.38456207539213,66.59983164907449,6652800
2005-07-13,66.87847900390625,66.8974772338204,66.57457495182935,66.67587469236571,6548000
2005-07-14,67.37859344482422,67.47356517948121,67.13800257009453,67.15699595093331,10958900
2005-07-15,67.35575866699219,67.46348616292485,67.11495517583705,67.39377899856092,4914200
2005-07-18,67.1213150024414,67.33043657755958,66.95655694453052,67.20369886613062,6084600
2005-07-19,67.4888687133789,67.54589923950647,67.24172676402416,67.45718186459627,3829200
2005-07-20,67.60928344726562,67.73602119262954,67.01360540763805,67.08331261800873,5790600
2005-07-21,67.2923583984375,67.79931364319779,67.18462611810338,67.7486215030325,8750400
2005-07-22,67.47611999511719,67.52047863203184,67.0578772744401,67.36838773284263,5836600
2005-07-25,67.25435638427734,67.71061964581929,67.08326007856476,67.50149817849068,5809400
2005-07-26,67.05792236328125,67.29872586348395,66.94385652955744,67.18466002976014,5627100
2005-07-27,67.39379119873047,67.46349837571337,67.00723497536453,67.2290283408861,7002400
2005-07-28,67.85009765625,67.88811801882892,67.38116212374521,67.5649352674364,6609300
2005-07-29,67.57123565673828,67.9070997556199,67.41914944621965,67.81837756185611,5551000
2005-08-01,67.2923583984375,67.62821739633948,67.2353230929983,67.62821739633948,4700800
2005-08-02,67.62191009521484,67.80568308748894,67.40011677168812,67.46982393547249,4396000
2005-08-03,67.80567169189453,67.83102018671343,67.4064437766417,67.50783292118626,3290700
2005-08-04,67.24803924560547,67.63459544540811,67.17833207287171,67.58389844074131,5165000
2005-08-05,66.95020294189453,67.22902680873896,66.88049576650026,67.13397596477645,7191400
2005-08-08,66.88047790527344,67.2036651926329,66.69670493147026,67.13395803585475,6558200
2005-08-09,67.34302520751953,67.44441911917004,67.05786329177613,67.08955009784887,5427100
2005-08-10,67.32405853271484,68.01479170637789,67.03889643282618,67.63457396161603,8485100
2005-08-11,67.72331237792969,67.80569138396727,67.19734183583041,67.25437233968742,5800000
2005-08-12,67.1783447265625,67.60292134247213,67.0452686902953,67.58391117082444,5361800
2005-08-15,67.5649185180664,67.61561071069308,67.00092738419211,67.2100441612719,4665800
2005-08-16,66.79175567626953,67.42545353878683,66.68402819997702,67.32405956011317,6792700
2005-08-17,66.96923065185547,67.24172109029725,66.7157503871855,66.78545758083808,6394900
2005-08-18,67.0198974609375,67.279711109925,66.77275564384111,66.83612447276013,6723200
2005-08-19,67.19720458984375,67.4959112436633,67.06373382781858,67.28618186526197,4033600
2005-08-22,67.15275573730469,67.61035134674825,66.84133023993662,67.28622172950499,6929700
2005-08-23,66.9112319946289,67.19723466410098,66.6760797395941,67.14003219064655,6953900
2005-08-24,66.21214294433594,67.05107563990283,66.1994339734659,66.72694112034927,9086400
2005-08-25,66.3901138305664,66.47273428363668,66.22486807552316,66.31384544003043,5454900
2005-08-26,66.03419494628906,66.34561567760987,65.96428347716981,66.32654979492317,5546700
2005-08-29,66.50447082519531,66.61251400498224,65.7481588688877,65.77993855654246,6547200
2005-08-30,66.09774780273438,66.30748220469104,65.74819046613993,66.30748220469104,8566800
2005-08-31,66.6633529663086,66.72055542864449,65.80535482246272,66.14855504978088,9550100
2005-09-01,66.4790267944336,66.85400662351721,66.23751773171564,66.59342684496274,7401300
2005-09-02,66.4790267944336,66.68876102855334,66.28836327615038,66.59342684496274,11825500
2005-09-06,67.26075744628906,67.32431194875987,66.6824003213399,66.72053690194056,10767100
2005-09-07,67.51500701904297,67.60398432748771,67.18451571719137,67.2480702448091,7275000
2005-09-08,67.31160736083984,67.55311642547807,67.15907072632281,67.35609600034947,5879000
2005-09-09,67.85182189941406,67.9598650359043,67.4069306950286,67.45777623534082,7449900
2005-09-12,67.88365173339844,68.01076568718285,67.76925159944324,67.8137402710424,4963100
2005-09-13,67.43873596191406,67.88362248622951,67.37518143685463,67.7437996217591,6012100
2005-09-14,67.0955581665039,67.62942702328138,67.00658083185783,67.54044483973425,6904700
2005-09-15,67.15275573730469,67.30528760711921,66.89853272168003,67.24808512537582,7019500
2005-09-16,67.61416625976562,67.70963563691295,67.24500181472524,67.43594542504111,6797100
2005-09-19,67.17503356933594,67.56329215491695,66.91407081088578,67.54419826644977,8614000
2005-09-20,66.65309143066406,67.44870223392157,66.55761716306857,67.26411994484307,11001900
2005-09-21,66.01659393310547,66.51942047604172,65.9529460485867,66.51942047604172,10702800
2005-09-22,66.22026824951172,66.44940451227303,65.83837609691692,66.02931974520322,7931300
2005-09-23,66.2584457397461,66.51304208736134,65.98475551586347,66.14387762612031,4974300
2005-09-26,66.474853515625,66.85037936031308,66.20752468311163,66.60851550387099,6407000
2005-09-27,66.53219604492188,66.76769872893829,66.23941168037561,66.43036032752683,8162900
2005-09-28,66.640380859375,66.85678959417929,66.2966811526101,66.70403362939216,6376500
2005-09-29,67.08590698242188,67.18138125440149,66.25846976662946,66.57671410254605,9185600
2005-09-30,67.30867004394531,67.33413017089269,66.95859936844715,67.06043987623669,4172600
2005-10-03,67.00949096679688,67.47412958685157,66.93311547463817,67.30227501745328,5411100
2005-10-04,66.30300903320312,67.23864794966953,66.30300903320312,67.12407981997931,6459100
2005-10-05,65.69831085205078,66.41754074876702,65.66012311509824,66.37298677031593,8901800
2005-10-06,65.49469757080078,66.01025193762791,65.04279111187438,65.77474933676875,11180100
2005-10-07,65.53923034667969,65.88293476515695,65.44375608776558,65.78109426070922,6857700
2005-10-10,65.12551879882812,65.71108719430542,65.1064249161965,65.67289942904218,5053100
2005-10-11,65.2591552734375,65.67287370716744,65.14458716649723,65.36099574894936,7939900
2005-10-12,64.94100189208984,65.63477774770824,64.84552752678097,65.26561279172883,16982500
2005-10-13,64.89640808105469,65.20192489168187,64.65454404565918,64.94096211010188,8091400
2005-10-14,65.45011901855469,65.53922702742227,64.9218323545381,65.23371038557464,8777900
2005-10-17,65.87657165527344,65.96567967289538,65.52013958478572,65.602881356571,10068700
2005-10-18,65.47555541992188,66.04202963791307,65.46918917701734,65.91472905992485,4804500
2005-10-19,66.39212799072266,66.41758811885606,65.15097709436212,65.31009925317875,12384800
2005-10-20,65.4183120727539,66.43669308792344,65.23372975500072,66.23301688488954,10696000
2005-10-21,65.0983657836914,65.67835160329675,64.92628491100945,65.62736287711226,10676100
2005-10-24,66.12447357177734,66.18183222687523,65.28955406389952,65.3532875237476,11279400
2005-10-25,66.11170959472656,66.32202946479376,65.69106012949241,66.01610700148699,6667100
2005-10-26,65.98428344726562,66.44954712918691,65.84406686195912,65.93329471396268,7512100
2005-10-27,65.22582244873047,65.91415555599477,65.13659462325752,65.85042208959291,5411400
2005-10-28,66.18185424804688,66.25833734284413,65.30232053936659,65.42341755715734,8511100
2005-10-31,66.22650146484375,66.78736314647792,66.21375184562763,66.43682155635969,5342600
2005-11-01,66.37301635742188,66.58971588704036,66.2646690238875,66.44312459972052,5384200
2005-11-02,66.72997283935547,66.8510698605972,66.13087226530592,66.19460574817677,6249000
2005-11-03,67.0741195678711,67.29718912296705,66.8446752076148,67.01676090908283,6455800
2005-11-04,67.04224395751953,67.23344431711094,66.75543612430623,67.15696611829469,4155600
2005-11-07,67.3099594116211,67.47567035883694,67.02952624903321,67.23347631385536,3314800
2005-11-08,67.30357360839844,67.39280144327046,67.11237318905225,67.20797096744919,3077000
2005-11-09,67.30357360839844,67.62862064260497,67.09324877082055,67.1888514117698,4387700
2005-11-10,67.92817687988281,67.99191035634291,67.13149626775026,67.29720233403599,7604300
2005-11-11,68.20854187011719,68.26590534950058,67.87712518245638,67.91536426034662,3297100
2005-11-14,68.32331848144531,68.34881284123009,68.1257432713033,68.17035718528867,3607500
2005-11-15,68.2723388671875,68.55914192312348,68.04926442084592,68.31057797796502,7408600
2005-11-16,68.22138214111328,68.41895745619877,68.0238068260278,68.29786526109211,6907300
2005-11-17,68.43805694580078,68.50179529169753,68.10663991488191,68.28509561326538,5314800
2005-11-18,68.71150207519531,68.82013064090599,68.3089348095298,68.7370625980398,8014000
2005-11-21,69.11409759521484,69.20355701784634,68.71152531820023,68.85849715547934,5132900
2005-11-22,69.42078399658203,69.48468285990079,68.90958333969049,68.99904759854167,7228500
2005-11-23,69.76586151123047,69.94478032424693,69.28022125077719,69.28022125077719,5402800
2005-11-25,69.86173248291016,69.97036109722038,69.79144223243333,69.79144223243333,1592000
2005-11-28,69.67635345458984,69.96390064971047,69.49743476649981,69.91917097768795,7201700
2005-11-29,69.58061218261719,70.02790960623427,69.56783434558939,69.84899063678745,6523900
2005-11-30,69.1523666381836,69.82970298063996,69.0565159599646,69.63800649936998,6149900
2005-12-01,69.68917083740234,69.9000415003021,69.42079265289614,69.48469152418265,5844300
2005-12-02,69.53581237792969,69.81697326101423,69.42718380952752,69.67000146980966,5143600
2005-12-05,69.26111602783203,69.49754746344362,69.10136624367794,69.38891390508469,4607400
2005-12-06,69.4591293334961,69.8297496033023,69.31855377010835,69.5294195527756,5144600
2005-12-07,69.07579803466797,69.4783705662155,68.8138109527939,69.44641866285663,8612400
2005-12-08,68.78184509277344,69.35055375589657,68.60931752510096,69.12051374888328,7453200
2005-12-09,68.84573364257812,69.08216496839287,68.59652448504265,68.80100391879418,5127800
2005-12-12,68.83292388916016,69.1396404599586,68.64122237603213,69.07574158063991,5095700
2005-12-13,69.26111602783203,69.51671665751387,68.74352828722927,68.85854832682728,7727900
2005-12-14,69.65087890625,69.83618916909492,69.28025838056016,69.28025838056016,7047400
2005-12-15,69.50390625,69.9703775789364,69.45917652326703,69.65087813793669,8461600
2005-12-16,69.49366760253906,69.96118284944859,69.48726187848753,69.79467311319534,4573100
2005-12-19,69.30152893066406,69.83949732298649,69.19906178544836,69.67938843860196,7584100
2005-12-20,69.09656524658203,69.43599517930487,68.97488097404604,69.32071662799017,5050500
2005-12-21,69.2630844116211,69.70498148266748,69.16061240978577,69.21825413235163,5923100
2005-12-22,69.62174224853516,69.64736025473518,69.2695056570888,69.39759080195383,4253800
2005-12-23,69.64734649658203,69.77543161614508,69.55128021384269,69.71138905636356,1906900
2005-12-27,69.0069351196289,69.96758850876527,68.93648681353471,69.76905503857388,8654300
2005-12-28,69.07095336914062,69.26308593373714,68.96848625118749,69.16061392964991,4159700
2005-12-29,68.96210479736328,69.26311030762663,68.87884992934534,69.12861941953497,2907700
2005-12-30,68.49462890625,68.89810671727089,68.41137398445693,68.78282804071334,5063100
2006-01-03,69.37833404541016,69.52563137896978,68.36003971778823,68.80834720970847,9761900
2006-01-04,69.64091491699219,69.7177688918745,69.33990962303518,69.44238158954492,5844500
2006-01-05,69.7306137084961,69.82027428532618,69.39758940686075,69.49365570664584,4843600
2006-01-06,70.14049530029297,70.25577388818756,69.65376782796932,70.01881587527966,9017800
2006-01-09,70.43511199951172,70.5824094566326,70.1084884635149,70.12770075043188,10420700
2006-01-10,70.4991455078125,70.53757007669928,70.10847943701219,70.16611629034236,6390700
2006-01-11,70.72329711914062,70.74250940362457,70.37105561648369,70.51835794108625,4388600
2006-01-12,70.30062103271484,70.59522573940201,70.13411127727507,70.58882001461235,6331700
2006-01-13,70.15326690673828,70.40303622430996,69.92911558149864,70.21090372488601,3712200
2006-01-17,69.81390380859375,69.98041358875432,69.64098341655541,69.9035644244147,3914400
2006-01-18,69.55126953125,69.74340206721848,69.30150016617101,69.42318443135993,4962200
2006-01-19,69.63451385498047,69.92270770911108,69.51282961668286,69.63451385498047,4596400
2006-01-20,68.26248931884766,69.56400869895715,68.24966372084315,69.53836239448056,16440200
2006-01-23,68.5124740600586,68.78175268153326,68.32012939241778,68.3714219559924,7596300
2006-01-24,68.56388092041016,68.86521911933522,68.46129562225002,68.57028883289297,7147800
2006-01-25,68.69853210449219,68.93575208652338,68.34590119669302,68.78187900472787,9525900
2006-01-26,69.24983978271484,69.37165359653889,68.89079646470097,69.00620237200334,8234300
2006-01-27,69.95510864257812,70.0576889724135,69.22420606069542,69.38449180043344,7922800
2006-01-30,69.8268814086914,70.01280856064464,69.73070898736668,69.94228244444201,4822900
2006-01-31,69.41656494140625,70.00642034204385,69.39733143003846,69.74996211022757,5224700
2006-02-01,70.25003051757812,70.28208962063317,69.56400777937827,69.56400777937827,7068500
2006-02-02,69.43578338623047,70.13462685323746,69.36525727046413,70.0769263357191,7334800
2006-02-03,69.10881042480469,69.64096033395583,69.0767513154695,69.30756320638966,5108600
2006-02-06,69.25627136230469,69.32679749040392,69.03187226904959,69.21139154365366,3454100
2006-02-07,68.91006469726562,69.37809643565689,68.8074794501184,69.13446381098294,11363000
2006-02-08,69.62171173095703,69.69865064716677,69.03827418051408,69.06392048591734,5261200
2006-02-09,69.78197479248047,70.24359835664968,69.67298169858802,69.76274129256193,7852600
2006-02-10,69.96794128417969,70.21157878072049,69.38450363561113,69.78200920738455,7640600
2006-02-13,69.91667175292969,70.19877145016504,69.60250804578679,69.9230796633765,10955500
2006-02-14,70.78217315673828,70.87834556463493,69.96151107354649,70.0705041864478,13191000
2006-02-15,70.97454833984375,71.0579000841433,70.51933726729322,70.71809498009391,9483800
2006-02-16,71.33997344970703,71.35279904788533,70.89758814320564,71.05146108061776,5659100
2006-02-17,71.3104476928711,71.44533936317555,71.09206098955615,71.31687227253285,3941800
2006-02-21,71.02142333984375,71.50316402585169,70.91222996047334,71.42608375190333,9063600
2006-02-22,71.36177062988281,71.63154392789261,71.12411530090402,71.16265294332997,5032100
2006-02-23,71.130615234375,71.51600679503244,70.96361532841917,71.36185115087338,9454300
2006-02-24,71.14344024658203,71.20767133480133,70.71308166442503,71.0213977486028,5469600
2006-02-27,71.20123291015625,71.50954893437942,71.13700183442721,71.15627066709422,2547500
2006-02-28,70.59099578857422,71.1433915903996,70.51391559511677,71.04061799912299,6669100
2006-03-01,70.95075225830078,71.13060129131885,70.71309180723055,70.80944090363842,4725400
2006-03-02,70.89933776855469,70.97641799572249,70.53963984280506,70.75803136952212,5008800
2006-03-03,70.70023345947266,71.32970985011836,70.53322871901275,70.57177129020666,6315000
2006-03-06,70.41761779785156,70.89293865246658,70.19280652905695,70.74520273267692,5497300
2006-03-07,70.55890655517578,70.59744911786038,70.20563321743015,70.24417087959819,6271500
2006-03-08,70.71947479248047,70.86721064014876,70.18634768637264,70.46254565334887,6353000
2006-03-09,70.46902465820312,71.00857675716932,70.44975581547567,70.77091626231856,6042400
2006-03-10,71.20123291015625,71.32327538440332,70.57176150728785,70.64883683795591,8351400
2006-03-13,71.30402374267578,71.49671701632003,71.08563215192387,71.32329257998839,5690200
2006-03-14,71.69589233398438,71.78581690771733,71.13707113962522,71.1820334264917,4981700
2006-03-15,72.15186309814453,72.21609416818102,71.64442931397825,71.74077836929123,5835200
2006-03-16,72.43449401855469,72.55653650427998,72.21610736043303,72.25464502939158,6334700
2006-03-17,72.54974365234375,72.62055568693744,72.3888081030605,72.49824800920915,5742800
2006-03-20,72.54330444335938,72.74930173487141,72.42099186324312,72.56261592203818,6846500
2006-03-21,72.29866790771484,72.91665968501667,72.15704387120279,72.58191598073896,8855200
2006-03-22,72.78143310546875,72.86512266752538,72.27287658655574,72.29862684323783,7281700
2006-03-23,72.60122680664062,72.85872460605245,72.26004430974882,72.74285084188523,6603900
2006-03-24,72.58189392089844,72.79432991110077,72.317957403733,72.53039339393534,4651600
2006-03-27,72.38880920410156,72.56262235033458,72.22787365237046,72.44674855663365,3459600
2006-03-28,71.73211669921875,72.56254383698489,71.66130474016721,72.31791891976756,8467700
2006-03-29,72.07978057861328,72.33083952409139,71.76434842607735,71.86090578098364,7838700
2006-03-30,71.72571563720703,72.42095801285699,71.49396817865704,72.06689803136102,8894100
2006-03-31,71.65493774414062,71.983247618568,71.43606776876429,71.84806235530093,6037000
2006-04-03,71.65493774414062,72.35018045068227,71.62275358318915,71.86737383414439,7856300
2006-04-04,72.09906768798828,72.22781405860172,71.53901066196549,71.67419582451735,6192100
2006-04-05,72.33085632324219,72.40166834086045,71.83517219991438,72.07335852384507,7691900
2006-04-06,72.2085189819336,72.40164349304274,71.88021418895251,72.26001950641074,5248200
2006-04-07,71.6098403930664,72.54970288336551,71.51327813548654,72.395206218054,7292800
2006-04-10,71.78361511230469,71.99604607192681,71.56474045122776,71.73211461424448,5947700
2006-04-11,71.41027069091797,72.0089506995048,71.13990034158448,71.91882724972696,7484400
2006-04-12,71.64207458496094,71.74507078960428,71.46826142954019,71.51976198754365,3721200
2006-04-13,71.63557434082031,71.97675665005241,71.48107771069544,71.57120115421489,4230500
2006-04-17,71.34595489501953,71.85451186294375,71.04339525107036,71.65494842530032,5455900
2006-04-18,72.51107788085938,72.6076401356906,71.4746531624821,71.4746531624821,10870700
2006-04-19,72.65271759033203,72.7685913389355,72.32440781739535,72.62696732271334,6002100
2006-04-20,73.05828857421875,73.30934759694344,72.63985523255681,72.68492189386049,10126900
2006-04-21,73.07817840576172,73.45194804169783,72.88484792742281,73.40683825229853,6997100
2006-04-24,73.0460433959961,73.12337666421375,72.77538433214067,72.98160146411684,5136000
2006-04-25,72.71736145019531,73.12335484141879,72.49825796387383,73.10402275928486,8235400
2006-04-26,73.07181549072266,73.26514618798609,72.76249227502582,72.80115644783696,6018800
2006-04-27,73.3167495727539,73.52941250955519,72.61432370566818,72.74965332455788,14549000
2006-04-28,73.38755798339844,73.52933312152774,73.07178921358448,73.24578776187123,4110100
2006-05-01,73.01385498046875,73.60028319384745,72.9429673512045,73.43273016862227,5649300
2006-05-02,73.56155395507812,73.59377244750495,73.16200629949049,73.28444935387742,6042300
2006-05-03,73.43916320800781,73.51005082507949,73.18139050198403,73.41983111546197,4748300
2006-05-04,73.67753601074219,73.87086167487442,73.5550929818378,73.5550929818378,4126700
2006-05-05,74.51531982421875,74.64420856782259,73.96755618456028,74.01911168200182,6889900
2006-05-08,74.59268951416016,74.75379683492508,74.5153562302151,74.5153562302151,3502300
2006-05-09,74.97286224365234,75.02441774002251,74.60553793606972,74.64420701664872,3952400
2006-05-10,75.11461639404297,75.2692828398999,74.77951559455566,74.91484504722946,8291900
2006-05-11,74.23180389404297,75.05022684530694,74.01269540122436,75.05022684530694,9635700
2006-05-12,73.38119506835938,74.14806289416337,73.34897162402329,74.05140239436977,9974000
2006-05-15,73.671142578125,73.74203018021146,73.0911553413287,73.15559727506064,7380100
2006-05-16,73.65825653076172,73.92891560376817,73.46492581198316,73.72269846481977,6972200
2006-05-17,72.16960906982422,73.36180184778556,72.1244992322777,73.27158217269249,17248200
2006-05-18,71.80227661132812,73.21357766734594,71.72494827944968,72.47892901488261,10613500
2006-05-19,72.01480865478516,72.16985844439358,71.47212699773979,72.1052547761354,22180500
2006-05-22,71.69178009033203,72.13755374759914,71.2395445880331,71.52380662210994,16605100
2006-05-23,71.3041763305664,72.31846945635097,71.2912526363069,72.11173470870524,9473200
2006-05-24,71.79519653320312,72.07945877145202,71.18791574550835,71.61430417393458,15372400
2006-05-25,72.38953399658203,72.41537152685687,71.89853712929308,72.07296756784639,8585700
2006-05-26,72.8611831665039,72.88056378874879,72.43479469027322,72.64152954246488,5280200
2006-05-30,71.60135650634766,72.60272592786059,71.58197589409733,72.5445840911096,8299800
2006-05-31,72.18284606933594,72.23452609235024,71.58202205737842,71.87274128650857,7130200
2006-06-01,72.61566925048828,72.78364281697071,72.0148454635958,72.09236793355196,5982200
2006-06-02,72.58982849121094,72.90639008518455,72.27972381725452,72.84824823135018,6554400
2006-06-05,71.51093292236328,72.49938389051204,71.32357872993133,72.4606226537836,9940600
2006-06-06,71.0586929321289,71.67244040805863,70.55477716867793,71.56907054430131,15140100
2006-06-07,70.54182434082031,71.53673661885719,70.50952004175687,71.14264782921452,9062900
2006-06-08,70.41909790039062,70.85194805316166,69.46294651245655,70.49662528717847,26005000
2006-06-09,70.30924987792969,70.9036115434567,70.21234190597667,70.69687683679756,7295800
2006-06-12,69.74071502685547,70.5870392610562,69.6761113651236,70.54181620494955,9054200
2006-06-13,69.10760498046875,70.21880591128888,69.10114313442138,69.7536515747647,13085700
2006-06-14,69.98621368408203,70.00559428910968,69.0946664212636,69.22387866968678,10351500
2006-06-15,71.29124450683594,71.36231003032404,70.07021677264167,70.12836353228857,11215100
2006-06-16,71.15792846679688,71.41672766851009,70.98323357573427,71.11910463751721,5751300
2006-06-19,70.63389587402344,71.45559919036634,70.49802472155417,71.3650184220535,7078800
2006-06-20,71.08036041259766,71.31975535556677,70.69862279739198,70.8280274704632,7217400
2006-06-21,71.63028717041016,71.97967223925109,70.97034088678717,70.9768074155624,9160600
2006-06-22,71.30033874511719,71.60443354706615,71.03506781202948,71.55267167944007,4818100
2006-06-23,71.15149688720703,71.6173436094493,70.95092591257315,71.17737780914061,6711600
2006-06-26,71.42972564697266,71.4620731039804,70.94446936531698,71.1321023865777,4298800
2006-06-27,70.69214630126953,71.55266380854883,70.61450350837123,71.43620702362566,6514800
2006-06-28,71.0544662475586,71.06740424431487,70.50451006418811,70.80860481892826,3983900
2006-06-29,72.33555603027344,72.38084643017365,71.25504802759683,71.31975282998287,8164300
2006-06-30,72.32906341552734,72.64609612213623,72.19965878487336,72.60727720108099,3904500
2006-07-03,72.59435272216797,72.6267051221254,72.37437219856365,72.4326005949472,1052200
2006-07-05,72.12203216552734,72.36789359760503,71.93439912409332,72.2902557434135,3459400
2006-07-06,72.58785247802734,72.82724235590905,72.22552452466222,72.23846745314717,9406000
2006-07-07,71.79206085205078,72.72375464939694,71.61737073318987,72.23849828599297,7181800
2006-07-10,71.91500091552734,72.32261452267412,71.75324877893654,72.03792918266359,4375500
2006-07-11,72.12203216552734,72.16085109262312,71.35856200285353,71.72088515250121,5236100
2006-07-12,71.38444519042969,72.154381907779,71.15799321473871,72.0379201865261,4850200
2006-07-13,70.07099914550781,71.0350401066988,70.04511822178894,71.01563064798002,16123600
2006-07-14,69.43692779541016,70.258626131748,69.2363568100017,70.1551073747338,8206500
2006-07-17,69.56634521484375,69.9222018309374,69.33989324836718,69.47576442825313,8335300
2006-07-18,69.99981689453125,70.03216434191106,69.15870428216522,69.71513171441708,11280500
2006-07-19,71.19679260253906,71.4555969049905,69.9415949442325,70.16158032901477,11503300
2006-07-20,70.79564666748047,71.46206442353315,70.67918497657834,71.36501712801602,7764700
2006-07-21,70.33505249023438,71.01534008622876,70.16012407747337,71.008859791529,9159500
2006-07-24,71.59188079833984,71.65666884213435,70.62004531238952,70.62004531238952,9628100
2006-07-25,71.77977752685547,72.08428680369123,71.19667518217118,71.44287175303279,8120800
2006-07-26,71.85758209228516,72.22687970756782,71.52067605619361,71.7863136978433,6206200
2006-07-27,72.09080505371094,72.42123073618765,71.77333995494709,72.14263750253365,9135400
2006-07-28,72.609130859375,72.7775838725336,72.01307243498634,72.21391702639629,11306000
2006-07-31,72.49894714355469,72.59613170609138,72.3434548093033,72.43415908286762,3906800
2006-08-01,72.05834197998047,72.25270605568467,71.75383282406679,72.23975042784151,5439000
2006-08-02,72.5507583618164,72.69329007645928,72.20089700476048,72.27216533358728,3929700
2006-08-03,72.94602966308594,72.99138676864767,72.09081392433644,72.19447883473758,6181100
2006-08-04,72.87471771240234,73.45133979943256,72.44710765612643,73.30232282566655,7698000
2006-08-07,72.78404235839844,72.83587480320928,72.46657728420654,72.65446618938533,3623200
2006-08-08,72.46005249023438,73.05611535344853,72.01301152158746,72.86822656366495,9064600
2006-08-09,71.88346099853516,72.8941737085191,71.73444892674488,72.82290534618006,8368700
2006-08-10,72.11022186279297,72.25923392465809,71.59190743358006,71.81866814273093,7656700
2006-08-11,71.94824981689453,72.01303788532907,71.62430453170907,71.95472516362905,5275000
2006-08-14,72.0130615234375,72.6479917227281,71.84460853580322,72.31757098234834,7949500
2006-08-15,72.7321548461914,72.85525062228483,72.38877383291354,72.60905412708804,4695800
2006-08-16,73.45785522460938,73.56800041445163,73.00433365354502,73.04968581065145,6681000
2006-08-17,73.50962829589844,73.78174101873692,73.33470010064809,73.4059684246787,5959600
2006-08-18,73.89019012451172,73.89019012451172,73.42269429269317,73.66293162855415,3983200
2006-08-21,73.69534301757812,73.73429932295949,73.4356227562812,73.64989234338256,5056000
2006-08-22,73.55254364013672,73.85771477069116,73.325290123901,73.55254364013672,3930800
2006-08-23,73.44216918945312,73.7733128812037,73.09804170462168,73.55254876878483,7033800
2006-08-24,73.24087524414062,73.59149208662582,73.15646326589955,73.50059068986971,4049000
2006-08-25,73.266845703125,73.46813162135113,73.05907036612899,73.1954274203729,3559800
2006-08-28,73.6563949584961,73.93559340374172,73.19539379611425,73.20188321190302,3875800
2006-08-29,73.70189666748047,73.86422134213562,73.32530223337906,73.66942975104706,4967000
2006-08-30,73.86417388916016,74.06545477122064,73.73431126061084,73.85767951929449,4297200
2006-08-31,73.89664459228516,74.07195792317397,73.81223758903523,73.92911149171,3894800
2006-09-01,74.47454833984375,74.51999904424362,73.98757438395003,74.15639340904465,4494400
2006-09-05,74.49396514892578,74.60434462510688,74.26670687546363,74.42254196933783,5085300
2006-09-06,74.11092376708984,74.30571528117439,74.00054422086046,74.19533078119102,4347600
2006-09-07,73.73433685302734,73.98756287439967,73.52007211061925,73.81225445720132,7050000
2006-09-08,73.93565368652344,74.05252766479639,73.68891698030468,73.76683461707216,3220000
2006-09-11,73.99403381347656,74.18233091528299,73.64341213636317,73.79275292529687,5681400
2006-09-12,74.65633392333984,74.7861916248157,74.02001929709908,74.08494814783701,9111200
2006-09-13,74.97452545166016,75.1823008479578,74.57195845406511,74.57845282844335,4674000
2006-09-14,75.00045776367188,75.05239786956743,74.70827051846088,74.85111695561912,4182000
2006-09-15,75.1871566772461,75.47336252159681,75.09609208361599,75.34977273196388,7672200
2006-09-18,75.14160919189453,75.31723727457262,74.88792859482365,75.05705064708663,7036500
2006-09-19,75.02452087402344,75.1676237585302,74.59521718314997,75.16112269115942,8697300
2006-09-20,75.50589752197266,75.59045609485243,75.21318560788336,75.24571080810955,8912900
2006-09-21,75.0440444946289,75.59693798334992,74.77084580286974,75.51237447482916,8600800
2006-09-22,74.80989074707031,74.9725068007994,74.58873033342174,74.9725068007994,5824500
2006-09-25,75.1935806274414,75.51881238185304,74.65369472408383,74.9268931693981,7954400
2006-09-26,75.83759307861328,75.87011826268575,75.16761597294972,75.23916740779208,5624600
2006-09-27,76.09130096435547,76.17585952009584,75.76606887861094,75.805095140853,13105000
2006-09-28,76.03927612304688,76.2214053293357,75.77908941578482,76.09131445702901,11939700
2006-09-29,75.93517303466797,76.31894941094666,75.88964074893798,76.14982736567231,6476600
2006-10-02,75.85712432861328,76.23438973102297,75.75955372211274,75.94168287416856,7034700
2006-10-03,76.19534301757812,76.42300439652843,75.74002025967751,75.78555253546756,8935000
2006-10-04,77.00843811035156,77.06698245514502,76.1042934822325,76.13031263962439,9500700
2006-10-05,77.15805053710938,77.21658992192084,76.88485185338132,76.98892848768669,7159600
2006-10-06,77.0929946899414,77.1255198765161,76.73524245085353,77.03445530928305,8877700
2006-10-09,77.15805053710938,77.23610305019133,76.819806438264,76.96290932911035,3432300
2006-10-10,77.11904907226562,77.25564598550842,76.94993192024063,77.19060054529504,6717700
2006-10-11,77.13204193115234,77.26213277918502,76.69623213133033,76.89136840337936,8384200
2006-10-12,77.7044448852539,77.78250236792029,77.32067342810107,77.32717449633763,5467800
2006-10-13,77.82149505615234,77.84751420581662,77.45073085806585,77.6458719992252,5290000
2006-10-16,77.9061050415039,78.03620087577686,77.67844353483706,77.7760141698796,6899400
2006-10-17,77.77600860595703,77.89309236710244,77.32068562519612,77.79552173903988,9414600
2006-10-18,77.99063110351562,78.3744024642768,77.73044452262613,78.16625419209444,8739600
2006-10-19,78.15322875976562,78.25730039011616,77.8410039434238,77.93857450869594,6592000
2006-10-20,78.10572814941406,78.15783021938749,77.74753262925537,77.9885009763373,8226900
2006-10-23,78.71793365478516,78.88725796912831,77.9559543653288,77.96898237026475,9888200
2006-10-24,78.9393081665039,78.96535919052508,78.63972884334765,78.71136791722468,7025100
2006-10-25,79.05657958984375,79.06309359168037,78.60069883583103,78.83515321467402,8617200
2006-10-26,79.08259582519531,79.16074890665797,78.69834938557733,79.09561885440974,6657000
2006-10-27,78.7114028930664,79.06959842161761,78.5616106805649,78.96539427922927,8672500
2006-10-30,78.65276336669922,78.84162959191335,78.38574902672444,78.54205022497128,5699600
2006-10-31,78.62669372558594,78.82206892261546,78.22942436561803,78.70484181690814,8360000
2006-11-01,78.32064819335938,78.87421904213683,78.13829591081877,78.84165400508584,7596000
2006-11-02,78.15128326416016,78.30758443944555,77.96893106487309,78.07313019215508,6938800
2006-11-03,78.00799560546875,78.55505710535485,77.89076849611631,78.45085302205305,6840900
2006-11-06,78.80906677246094,78.89372888339388,78.16431503592237,78.19036606283835,7444400
2006-11-07,79.16075897216797,79.37567127824754,78.77651248369199,78.88071660555869,9506400
2006-11-08,79.34315490722656,79.4278170763182,78.82214394844897,78.92634812769599,9262100
2006-11-09,78.9067611694336,79.3886927717567,78.74394596890444,79.31053968676149,5962600
2006-11-10,78.87419128417969,78.97188139222581,78.65276004136011,78.88070528304284,3718400
2006-11-13,79.03053283691406,79.33662634637619,78.78956941189499,78.88074556764185,5695200
2006-11-14,79.6622543334961,79.74691648433222,78.79607591301023,79.23893364186011,7650200
2006-11-15,79.90321350097656,80.17674192786924,79.63619410658579,79.67526817650557,8817400
2006-11-16,80.33948516845703,80.39809622080305,79.97478092615468,80.13759602985718,6310100
2006-11-17,80.48255920410156,80.50867778268629,80.09731639698884,80.18872893123061,6493600
2006-11-20,80.3976821899414,80.60662586198913,80.24750657213745,80.37809449906351,5772200
2006-11-21,80.41069793701172,80.52169810951301,80.22134206424687,80.41722882410217,5692600
2006-11-22,80.47603607177734,80.64580435813858,80.26709240456735,80.46297927203109,3947300
2006-11-24,80.10381317138672,80.37805065731621,80.0058697888098,80.09728228411963,2480000
2006-11-27,79.07867431640625,80.12992287782623,79.05255575183351,80.11686110473646,9329500
2006-11-28,79.17666625976562,79.30072329058143,78.79795431354714,79.00689797670046,8415800
2006-11-29,79.87532043457031,79.92102670425655,79.36602057760673,79.39213417604762,9318400
2006-11-30,79.8426284790039,80.16257219656207,79.41821049683492,79.87527793209657,12809400
2006-12-01,79.69246673583984,79.9601733674005,78.9415740192833,79.90141031959743,14513700
2006-12-04,80.18218994140625,80.38460266540316,79.65982841815195,79.68594699247552,6279300
2006-12-05,80.54779052734375,80.55432141231401,80.13643444311839,80.2996716961356,6599200
2006-12-06,80.41069793701172,80.57393524302205,80.29316687741999,80.51516722242258,4234800
2006-12-07,80.15609741210938,80.73722218020943,80.10386024648885,80.53480440883246,6432500
2006-12-08,80.312744140625,80.56086302020141,79.86873852659956,80.10380061529577,7319600
2006-12-11,80.53474426269531,80.67186796544304,80.35845018740143,80.38456875070544,3908400
2006-12-12,80.43682861328125,80.52824111988032,80.0124105574381,80.48906077304643,8976800
2006-12-13,80.54129028320312,80.79594009625956,80.35193439987263,80.73717705398847,4444800
2006-12-14,81.11589813232422,81.21383654735217,80.44335613228095,80.44988702048552,6851000
2006-12-15,81.27957153320312,81.56763105279717,81.24683511296732,81.30575967041648,9366400
2006-12-18,81.32538604736328,81.59380566828392,81.20099366493325,81.38430560017186,6767800
2006-12-19,81.43013763427734,81.6003580089837,80.98494934303629,81.11589001391653,6186200
2006-12-20,81.45631408691406,81.6527225676298,81.36465812788009,81.45631408691406,4705700
2006-12-21,81.17481231689453,81.5741726355622,80.99804864881875,81.47596837779741,5991800
2006-12-22,80.64450073242188,81.3384686953915,80.64450073242188,81.18789319147831,6811000
2006-12-26,81.1617202758789,81.1879084107893,80.63796756742306,80.63796756742306,4076200
2006-12-27,81.79022979736328,81.82950950674194,81.345041443191,81.41705757363627,5714600
2006-12-28,81.70516204833984,81.92775383683262,81.56767300853075,81.77062992760953,6691600
2006-12-29,81.44979858398438,81.9015302519215,81.40396559395805,81.70512669908527,4935800
2007-01-03,81.4890365600586,82.28120863899507,81.1027679460218,81.94077299151073,11525000
2007-01-04,81.62657928466797,81.80334301852993,81.1093746631696,81.4956435555019,10318700
2007-01-05,81.01117706298828,81.50874186571438,80.86714475207717,81.48910200420438,9389000
2007-01-08,81.27301788330078,81.43668998391881,80.69034560469066,81.0962542123788,8092400
2007-01-09,81.22721099853516,81.55455528481842,80.80166242739142,81.40397471538205,7438700
2007-01-10,81.46285247802734,81.54141685975036,80.85399225557902,81.01111602415048,8961200
2007-01-11,81.82952117919922,82.06520945884377,81.40397261901448,81.51527346959134,7467000
2007-01-12,82.26812744140625,82.26812744140625,81.71163843605791,81.79675110481115,5995700
2007-01-16,82.29432678222656,82.3270631989439,82.02590714567285,82.18957923950772,7052400
2007-01-17,82.32707977294922,82.5562197514731,82.11757965045925,82.18959578583488,8768600
2007-01-18,82.16992950439453,82.54310163365953,82.09136511064783,82.46453723991284,10423800
2007-01-19,82.24854278564453,82.3533571243336,82.00615181795564,82.05200902826856,10946400
2007-01-22,81.72445678710938,82.22233864474848,81.48206581737666,82.20268626845738,10233200
2007-01-23,82.1044692993164,82.15687899999266,81.61313960112096,81.69830161617175,6596600
2007-01-24,82.58914184570312,82.6218991166188,82.13711749696726,82.22228440212493,10118500
2007-01-25,81.8685531616211,82.62192565212055,81.7506339457337,82.56296354514716,8768800
2007-01-26,81.73753356933594,82.07163886589873,81.37067598757895,82.0257816681791,9675900
2007-01-29,81.77033996582031,82.09134054265833,81.68517797549345,81.77689242601859,6681200
2007-01-30,81.9930419921875,82.0650990299198,81.65238418697433,81.82271308958092,7639900
2007-01-31,82.70055389404297,82.86433034226361,81.97338606409843,82.01269581035257,9790200
2007-02-01,83.0281753540039,83.04782774432937,82.65476494362608,82.84474638021335,8707400
2007-02-02,82.89057922363281,83.08711306516425,82.75300753378609,83.06746068062374,5961000
2007-02-05,82.98886108398438,83.02816586014099,82.70716519271238,82.8316369812938,4625000
2007-02-06,82.96915435791016,83.06086877425291,82.73986831705328,82.94950198270254,7254800
2007-02-07,83.06088256835938,83.23775897266299,82.7595344363218,83.04123018988804,5930400
2007-02-08,82.85125732421875,82.9233193846765,82.39923258099506,82.90366700419932,6289600
2007-02-09,82.46475982666016,83.06090881835544,82.20272136681407,82.88402736008976,6601100
2007-02-12,82.27476501464844,82.56956573094885,82.1437458061121,82.46474636566984,9208000
2007-02-13,82.9560775756836,83.19846861425599,82.53026264028112,82.55646248406933,6416000
2007-02-14,83.51292419433594,83.74221031974942,83.00193726019104,83.05434694544631,7395600
2007-02-15,83.7028579711914,83.78802491591644,83.51942916418389,83.59804365207003,6077800
2007-02-16,83.7225570678711,83.7225570678711,83.55192099559393,83.61755372059787,5813600
2007-02-20,83.78168487548828,83.90637612577271,83.29602840317217,83.64386006099488,5611900
2007-02-21,83.59134674072266,83.73572579525093,83.33539499772368,83.54540681267353,5303800
2007-02-22,83.21070098876953,83.73572803665957,82.98100134237534,83.61103680408945,7221000
2007-02-23,82.96129608154297,83.17786712715656,82.8694112352189,83.16474358172496,5916600
2007-02-26,82.91535186767578,83.34850397677823,82.75128000945378,83.25662413673997,7599500
2007-02-27,79.80451965332031,82.9809521909536,79.08260476065442,82.25903229121391,32106200
2007-02-28,80.50020599365234,81.03179712665747,79.73891029036481,80.33613416177917,19617800
2007-03-01,80.3558349609375,80.65772657950193,78.78730839542035,79.67985970555678,24877800
2007-03-02,79.384521484375,80.37551683765147,79.384521484375,80.06706096558642,17515400
2007-03-05,78.95136260986328,80.00798554224409,78.93823406016466,79.01699033713251,15602600
2007-03-06,80.10646057128906,80.25740891810203,79.39767378886283,79.59455705900689,9048100
2007-03-07,80.06706237792969,80.46083381443883,79.9817468189266,80.07362665387622,6965700
2007-03-08,80.59211730957031,80.77587703193872,80.25084496196308,80.54617737897821,7570300
2007-03-09,80.71687316894531,80.95313728888357,80.28372562044581,80.87438592029142,9315800
2007-03-12,80.82173919677734,81.07112643616593,80.40827521220184,80.51984779949471,6396100
2007-03-13,79.42389678955078,80.71678373359764,79.31889341207953,80.40832786283616,13714600
2007-03-14,79.84390258789062,79.86359040261885,78.42631984257085,79.43043845030205,22827500
2007-03-15,79.92920684814453,80.09327862383896,79.54855912683588,79.57481121179579,7905600
2007-03-16,79.62472534179688,80.10490467133502,79.09849633177711,80.04570654241597,8491600
2007-03-19,80.4337387084961,80.4337387084961,79.92066855284335,79.96013394374336,6829200
2007-03-20,80.7889404296875,80.7889404296875,80.25613759080115,80.2758702857987,7412600
2007-03-21,81.75595092773438,82.05195163693963,80.46011600987285,80.77585444905174,9723600
2007-03-22,81.86116027832031,81.98614075795582,81.55200622728488,81.86773951895644,6477800
2007-03-23,82.01903533935547,82.22952588201709,81.80854479669385,81.89405485454405,5276200
2007-03-26,81.80196380615234,82.05849899270643,81.2823141922763,82.05849899270643,7972500
2007-03-27,81.49275970458984,81.7164086007161,81.34147237994894,81.70325012645057,7691500
2007-03-28,80.90735626220703,81.30860452807595,80.54557339347637,81.2494014138796,13868800
2007-03-29,81.10468292236328,81.38095070401114,80.61791966690186,81.34805953160568,9107700
2007-03-30,81.29547882080078,81.6046379389786,80.46667503586691,81.15077063346462,9827200
2007-04-02,81.33493041992188,81.44675240999106,80.97972672926993,81.28230653571644,6195200
2007-04-03,82.21635437011719,82.39395871706893,81.70328406734923,81.70328406734923,7328400
2007-04-04,82.34129333496094,82.44653602732463,82.13738216829645,82.27551602492275,4879800
2007-04-05,82.52550506591797,82.68337167732282,82.1900341255047,82.30186111796851,4046000
2007-04-09,82.65046691894531,82.8149127325451,82.57153112176177,82.69651154601374,3529200
2007-04-10,82.6110610961914,82.78866552408304,82.53213025578792,82.65053153488505,5668800
2007-04-11,82.1572036743164,82.73605165428955,81.91382184373494,82.72289818545738,9250600
2007-04-12,82.49269104003906,82.57820115046978,81.73623846209719,82.05855120594438,5984200
2007-04-13,82.97935485839844,82.97935485839844,82.35445778339802,82.72281980206269,5935800
2007-04-16,83.56475067138672,83.72919641695735,83.17665610222738,83.18981457222513,7969000
2007-04-17,84.03187561035156,84.11081146846257,83.56484974146804,83.72271643919822,7932200
2007-04-18,84.22256469726562,84.4199016838397,83.72923226780654,83.82790076109357,9222000
2007-04-19,84.34757995605469,84.37389691818649,83.7161083641243,83.7555787888319,8618600
2007-04-20,85.29955291748047,85.29955291748047,84.85188471094835,84.98354828512127,10280800
2007-04-23,85.03619384765625,85.40485577861416,84.9637773936978,85.18102675557317,7509000
2007-04-24,85.24022674560547,85.4311473120482,84.85839565799868,85.1414816562583,10591300
2007-04-25,85.99079895019531,86.23438713760522,85.29297288714152,85.52997136565865,12649900
2007-04-26,86.37259674072266,86.38576610808964,85.99076544935204,86.10926966508694,9708800
2007-04-27,86.39237213134766,86.48453764047241,85.99738139736456,86.05004883761973,7526200
2007-04-30,86.02368927001953,86.88609704918895,85.93810344466283,86.35285315796418,10288000
2007-05-01,86.43185424804688,86.45161332412196,85.78669580324625,86.1356087409139,21228200
2007-05-02,86.9914321899414,87.22185093037338,86.47793732668384,86.57010281379969,9341000
2007-05-03,87.15599060058594,87.18231928467347,86.83340646014231,87.08357416274276,9363700
2007-05-04,87.38634490966797,87.42584292934585,87.05059165185678,87.32708783487655,10687600
2007-05-07,87.58390045166016,87.6431575707291,87.38641020570397,87.43248791466638,10477600
2007-05-08,87.6365966796875,87.7024334801741,87.12969148802527,87.35352053722305,9462600
2007-05-09,87.93282318115234,88.06448669333486,87.42590811170349,87.5509919641256,9628000
2007-05-10,87.22840118408203,87.84064098952584,87.03749061273498,87.68264880504037,14855800
2007-05-11,87.92625427246094,87.92625427246094,87.29426524639378,87.32059393694472,10151200
2007-05-14,88.03157043457031,88.18298297498069,87.61682081813937,87.95915399432495,10734000
2007-05-15,88.29489135742188,88.83472479195879,87.97231727387425,88.07764205171422,21494200
2007-05-16,88.95329284667969,88.97304188676456,88.11722336231327,88.42004867380804,14911200
2007-05-17,88.82816314697266,89.13757800933178,88.68334027603468,88.84133251534331,12408200
2007-05-18,89.43801879882812,89.43801879882812,89.10798920916456,89.16079515211518,9481600
2007-05-21,89.2400131225586,89.59645077583436,89.21361518276667,89.36542599790727,12668600
2007-05-22,89.21366119384766,89.58988994222464,89.18725316873068,89.35226807472476,11193000
2007-05-23,89.2400131225586,89.7614655967236,89.06840133464772,89.4776348675073,10997000
2007-05-24,88.70536041259766,89.98587694320132,88.54694256998427,89.28621576380871,28156800
2007-05-25,89.03546142578125,89.14107340554389,88.70543154280753,88.94965043326,10227600
2007-05-29,89.25321197509766,89.7020474275834,88.82417749423894,89.22020699848433,12177200
2007-05-30,89.95291137695312,89.97271235699186,88.72520025600579,88.83081219735179,14456600
2007-05-31,89.95952606201172,90.20375498343368,89.82091917444485,90.03213302702187,8996400
2007-06-01,90.17074584960938,90.3225567434075,89.87372103245282,90.17074584960938,9593200
2007-06-04,90.13766479492188,90.30267956206892,89.85384422984599,89.91984409368355,7430400
2007-06-05,89.75489807128906,89.97932598099564,89.39186329117086,89.93971394631107,13404800
2007-06-06,88.77139282226562,89.43804919413425,88.65918393225054,89.43804919413425,15041600
2007-06-07,87.4776611328125,88.96939157461414,87.37204922409045,88.6327649462318,26022900
2007-06-08,88.51397705078125,88.59977793127315,87.44467388363205,87.66249471264933,19097800
2007-06-11,88.60639953613281,88.94302628810534,88.29617073517964,88.49419061880864,10273100
2007-06-12,87.73506927490234,88.75156610182022,87.73506927490234,88.24331768836127,19846200
2007-06-13,88.97600555419922,89.0354084805993,87.94631454310421,88.17073231286456,17254900
2007-06-14,89.57008361816406,89.68229253894374,89.00903901426572,89.08164597144199,12749000
2007-06-15,90.0055923461914,90.44177723123366,89.998977067036,90.11794116489617,10995200
2007-06-18,89.84037017822266,90.2368936343482,89.83375489918046,90.20385757620453,10175000
2007-06-19,90.05845642089844,90.144364284135,89.6288767676511,89.76106132819866,10656400
2007-06-20,89.11998748779297,90.28974196767696,89.01424389328217,90.2831367746191,16986200
2007-06-21,89.4636459350586,89.58261000911324,88.4723223497514,89.08694821645965,26946200
2007-06-22,88.53839111328125,89.33805294591009,88.25420651713364,89.18605286011707,22142200
2007-06-25,88.30712127685547,89.0671422441902,87.82467984893263,88.43269057224008,18960000
2007-06-26,87.76513671875,88.84236758407464,87.76513671875,88.43262394721862,21826500
2007-06-27,88.6375503540039,88.70364263225316,87.58674968599522,87.70571376999071,20981000
2007-06-28,88.61773681640625,89.28523463157968,88.49216752110561,88.61773681640625,13935600
2007-06-29,88.69046783447266,89.29847878727534,87.79828212423578,88.79621150042207,19466600
2007-07-02,89.39753723144531,89.46361940030694,88.8093524819882,88.83578333268045,8861200
2007-07-03,89.67510986328125,89.78745863034175,89.44379705304576,89.55614582010625,7521000
2007-07-05,89.5892562866211,89.69499993776951,89.25220974338886,89.60247676408206,9392200
2007-07-06,89.9659194946289,90.0848734797764,89.45703725043612,89.63547831242197,8218700
2007-07-09,90.19725036621094,90.33604014304446,89.96594751717873,90.13777335511132,9688800
2007-07-10,89.2322998046875,90.04518192618983,89.13316144375399,89.92622799418172,12622800
2007-07-11,89.81391143798828,89.83373710265364,89.05390073444293,89.14642386430293,16698200
2007-07-12,91.42647552490234,91.64456794306608,90.09150023931706,90.09810543346777,13518100
2007-07-13,91.80315399169922,92.0608976608424,91.47271287309192,91.51236419384276,8507800
2007-07-16,92.16665649414062,92.43100539907556,91.80977437978773,91.84942570710152,11637900
2007-07-17,92.39134979248048,92.82753454125826,92.21290874356885,92.27900100887356,13299300
2007-07-18,92.0807647705078,92.32528808138304,91.38683609221452,92.0807647705078,20804700
2007-07-19,92.4508285522461,92.6358747975285,92.21291051055957,92.47725940831612,8731800
2007-07-20,91.6660614013672,92.34095514180468,91.22937495388052,92.11599392702423,19277200
2007-07-23,92.10942840576172,92.38070055331966,91.84475910849604,92.04325855741996,12709000
2007-07-24,90.8258819580078,91.8514548423364,90.58106140227314,91.63971923695608,20848000
2007-07-25,90.97794342041016,91.37494212104684,90.2765877992355,91.28231043704446,22438800
2007-07-26,89.1319808959961,90.73980548185034,86.7698562670759,90.34942956546222,46788100
2007-07-27,87.41168975830078,89.39005196658613,87.41168975830078,89.07244867218267,31428100
2007-07-30,88.35784149169922,88.56296403742239,87.42491099814463,87.94761659246097,22838700
2007-07-31,87.45137023925781,89.21138361835739,87.14039005211978,88.84746955935503,23253600
2007-08-01,88.27178955078125,88.52321270648575,86.80952103869586,87.26606663966595,42193500
2007-08-02,89.1783447265625,89.3239104253147,87.98735723500319,88.3380354830583,22635400
2007-08-03,87.46461486816406,89.13860960877399,87.03453090283566,88.95334608700642,34061000
2007-08-06,88.7945785522461,89.0658609904709,87.03456432351607,87.60359110062018,31192300
2007-08-07,89.35694122314453,90.00536342711206,88.25858619675877,88.58941529414463,25705000
2007-08-08,90.34938049316406,90.62066263189438,89.2444131067354,89.58185497211623,27549800
2007-08-09,87.86154174804688,89.86637432854718,87.84831586019364,89.0789998690832,38884900
2007-08-10,87.2991714477539,88.07992316068395,86.43901389736726,87.27269946990124,37277200
2007-08-13,87.4579849243164,88.29168080260884,87.438135983986,88.15935116837154,17085800
2007-08-14,86.33972930908203,87.9343169220897,86.20738967319708,87.69611971203221,20864000
2007-08-15,85.25469207763672,86.86913015348973,85.00325864544774,86.15454793924818,28964000
2007-08-16,85.45313262939453,85.5259154183215,82.91236815501782,84.58636220423742,52563400
2007-08-17,86.5704574584961,87.43914443870254,85.50945970223546,87.02801261440318,33292800
2007-08-20,86.84239959716797,87.33310305117742,86.00685999764875,86.83576190610417,16906000
2007-08-21,86.65667724609375,87.30654333501036,86.48426936939194,86.7495239317335,14383300
2007-08-22,87.72437286376953,87.7973166618454,87.1010469110898,87.25356208218116,12808700
2007-08-23,87.644775390625,88.24821843878388,87.28005650885689,88.00949427239311,14056300
2007-08-24,88.61958312988281,88.692526921247,87.55195679360745,87.65805869348881,9666100
2007-08-27,88.2747802734375,88.71907071301563,88.18194361618889,88.42730558911767,8506400
2007-08-28,86.53068542480469,87.99617754941717,86.41131835219706,87.89007573341618,13055600
2007-08-29,88.0227279663086,88.16197777767418,86.84900039265668,86.92194414284812,10693800
2007-08-30,87.90997314453125,88.26142653429137,87.36620896057,87.472310769893,12705200
2007-08-31,88.46038818359375,89.02404540485092,88.12882749307289,88.56649003298345,11117600
2007-09-04,89.083740234375,89.44845908450561,88.26810361930553,88.34104738933166,11602900
2007-09-05,88.3410415649414,88.73891848765723,87.85696573310051,88.70576039102583,11230800
2007-09-06,88.546630859375,88.84503357058678,88.03602436872093,88.513472754033,10084000
2007-09-07,87.21379089355469,87.81059652725021,86.75623518578433,87.77743841017009,18245400
2007-09-10,87.15409851074219,87.57850620173127,86.36499202120459,87.42598089336848,14392100
2007-09-11,88.24822235107422,88.37421707203727,87.40605509918893,87.46573361382434,11502400
2007-09-12,88.36100769042969,88.65278299331078,88.01618141262122,88.14880379072021,11402900
2007-09-13,89.05720520019531,89.37550063602035,88.63943548425469,88.77869542904472,8318400
2007-09-14,89.16331481933594,89.31582992001795,88.42724960344582,88.55323417974725,10337200
2007-09-17,88.89806365966797,89.24951723328815,88.6527119508771,88.93784932937128,8774100
2007-09-18,91.07972717285156,91.16592607321736,89.13014866282961,89.31582184298128,18362400
2007-09-19,91.61683654785156,92.37942195645438,91.43779097285451,91.6367293763593,13554200
2007-09-20,91.31183624267578,91.71634079659592,91.19910679236123,91.70307553231424,9651600
2007-09-21,91.6020965576172,92.34607990168284,91.6020965576172,91.91430177231332,8249600
2007-09-24,91.36962890625,92.10031413382588,91.25005596683188,91.90768179393936,9445500
2007-09-25,91.48258209228516,91.54901265061731,90.89138661229734,91.02423759308157,13487100
2007-09-26,92.02058410644533,92.33942831063182,91.69509076858596,91.90766032862663,8384000
2007-09-27,92.41924285888672,92.41924285888672,92.03396773345284,92.37273941842236,8948300
2007-09-28,92.2730484008789,92.39926036553202,91.90770064421966,92.30626367618956,10128400
2007-10-01,93.39559936523438,93.66130112969296,92.30620591355796,92.30620591355796,10164200
2007-10-02,93.07685089111328,93.60162615589188,92.99714229834048,93.52855656722213,12705600
2007-10-03,92.73804473876952,93.17646210770344,92.58526661415814,92.92403814330868,7918300
2007-10-04,92.67155456542967,93.02361400725567,92.61841217890658,92.9306173648087,7234600
2007-10-05,93.44871520996094,93.8007846830986,93.09001687730311,93.28264910234938,9357800
2007-10-08,93.16981506347656,93.382384751086,93.00374879598692,93.36909661164026,5129400
2007-10-09,94.04000091552734,94.09313319595354,93.19638152747834,93.44215633399769,9070400
2007-10-10,93.4819793701172,93.9536118222838,93.03028418629664,93.92039655620847,9729400
2007-10-11,93.13658142089844,94.29239580200856,92.63838277086754,93.90048196326153,21857700
2007-10-12,93.74110412597656,93.74110412597656,93.05691176372824,93.24290521351132,7714600
2007-10-15,93.01033020019533,93.73437616656264,92.33941648115696,93.71444903984596,12383600
2007-10-16,92.4391098022461,92.76459312996572,92.14683161221984,92.73138799227236,13953500
2007-10-17,92.4391098022461,93.11665273089412,91.49585482090215,93.07015945659636,20261500
2007-10-18,92.20000457763672,92.4391404363729,91.81472957545722,92.02065014961414,11615700
2007-10-19,89.72809600830078,92.26839099492784,89.72809600830078,91.7097956036572,33071200
2007-10-22,90.07394409179688,90.2800917727897,89.05649833607961,89.14959761611058,16391200
2007-10-23,90.71897888183594,90.89187461920308,89.95423563737258,90.55272946807791,13325600
2007-10-24,90.7721710205078,90.96501585687152,89.48207407258451,90.50617604337349,22583800
2007-10-25,91.03817749023438,91.29752617715064,90.00743921342566,90.91183645573402,16618800
2007-10-26,91.73640441894533,91.8095545508828,90.9982567774148,91.51030770097732,9929800
2007-10-29,92.20186614990234,92.34816635904068,91.87602398622845,91.95582041046649,8663400
2007-10-30,91.64999389648438,92.13543940815109,91.54359182221047,91.896039814565,8531000
2007-10-31,92.40145874023438,92.78715875058718,91.2776106345114,92.0623134547638,19378200
2007-11-01,90.34001159667967,91.70324982022996,90.02746162376015,91.6766543563308,25301400
2007-11-02,90.4729232788086,90.59261797326964,89.36237853183597,90.56602253463092,20988000
2007-11-05,89.91442108154297,90.51291546924432,89.37576395612966,89.66836482018576,13954800
2007-11-06,90.77887725830078,90.85202744735118,89.8079858186116,90.32668346930905,11092400
2007-11-07,88.67745971679688,90.26014756344684,88.39815171444465,89.89439674804375,18182700
2007-11-08,88.07896423339844,88.84371785808136,87.00167095085652,88.7905168118116,38375700
2007-11-09,86.65586853027344,87.83291757030148,86.56941556239407,87.30756358450495,20911400
2007-11-12,86.2967300415039,87.5469184650517,86.2767809278927,86.68242981641504,20703800
2007-11-13,88.53787994384766,88.71077586196263,86.98178623960425,87.00838170890287,15043400
2007-11-14,88.2518539428711,89.1030502325459,87.93930419542143,89.08310111224571,13708200
2007-11-15,87.42725372314453,88.37154929665999,86.9950092508026,87.88610378745041,18693600
2007-11-16,87.65931701660156,88.04612897212702,86.96571965623995,87.86605905675981,22485600
2007-11-19,86.43225860595703,87.80610299891022,86.2121752551941,87.37927745764007,21362600
2007-11-20,86.91905212402344,87.36588405029816,85.57855634519929,86.58559455131238,29928200
2007-11-21,85.22511291503906,86.4589052909687,85.22511291503906,86.11210646070592,18182400
2007-11-23,86.31214904785156,86.48554330641392,85.77194945741056,85.84531052378628,7232400
2007-11-26,85.00503540039062,86.91241892001472,84.86498377840829,86.49892445636289,11480600
2007-11-27,86.24546813964844,86.63894561784315,85.1717293020263,85.32512201830335,23078300
2007-11-28,88.58636474609375,88.86646796429744,86.97243086426082,87.01910964580125,17995800
2007-11-29,88.81307220458984,89.01981423307366,88.1528226697376,88.35957487453706,15940400
2007-11-30,89.4733657836914,89.83349559505146,88.59970830354553,89.713455716705,18892200
2007-12-03,88.90650939941406,89.4267027087914,88.68642604908925,89.15994056214994,12645700
2007-12-04,88.31961822509766,88.81980486960646,88.27293942996496,88.3729726883374,8191700
2007-12-05,89.66675567626953,89.8134778492188,89.05986034055388,89.15990373646623,11851000
2007-12-06,90.75389099121094,90.96729872661142,89.57344733574767,89.62680181367932,12317200
2007-12-07,90.96058654785156,91.21401764387294,90.7605099023779,91.00059984168212,8477600
2007-12-10,91.63412475585938,91.78752254590796,91.0405707622171,91.220640676965,7327600
2007-12-11,89.6334457397461,91.96765016188868,89.50674033351311,91.72756015712964,20363200
2007-12-12,90.03353881835938,91.4473955789374,88.91979181857917,91.327355745145,15786800
2007-12-13,90.03353881835938,90.273628662261,89.11986838455002,89.55335913055612,14104200
2007-12-14,88.99981689453125,90.1202395395472,88.97981025589853,89.60004658246301,12506900
2007-12-17,87.9861831665039,88.79982113229944,87.82612991180704,88.6931223546102,10828800
2007-12-18,88.39964294433594,88.64639839886242,87.40593528271204,88.47966954011275,13719100
2007-12-19,88.21292877197266,88.77980092303301,87.75275538231374,88.37298200223704,14342800
2007-12-20,88.50630187988281,88.5929939175818,87.80603903328343,88.57298727993462,12707000
2007-12-21,89.81065368652344,90.01789712955961,89.11538437430566,89.18223150377091,11031800
2007-12-24,90.45913696289062,90.5727862713344,90.07807871704934,90.11149718347622,3655600
2007-12-26,90.53264617919922,90.58612998929,90.11146755035536,90.2585454778566,5743000
2007-12-27,89.36940002441406,90.2451859754033,89.14879332486841,90.20506546540084,8127800
2007-12-28,89.18891143798828,89.85075199652522,88.79447976356798,89.73042105897125,7819200
2007-12-31,88.61395263671875,89.07524152584928,88.35322546473098,89.0017025695967,6463400
2008-01-02,87.33036804199219,88.69416929608379,86.78885857050004,88.56046489093633,14811000
2008-01-03,87.40397644042969,87.75829798603756,86.99617105006962,87.38392127377266,8206300
2008-01-04,85.68580627441406,86.72871530541856,85.45182092777819,86.62175786195361,15022600
2008-01-07,85.61221313476562,86.06682023563745,85.05064865809123,85.93310566415248,19666500
2008-01-08,84.13483428955078,86.24071318986839,83.98775628818584,85.9265020234068,21236800
2008-01-09,84.87689971923828,85.16436894611945,83.57326316739292,84.31533477398153,24161600
2008-01-10,85.45179748535156,86.45460102532603,84.42894389316363,84.58270346427213,25310700
2008-01-11,84.36209869384766,85.29135825027217,83.84064427806953,85.25124284102205,22464400
2008-01-14,85.24456024169922,85.51865584929146,84.69636392601775,85.09079555902774,7932600
2008-01-15,83.76708221435547,84.8434194067558,83.48629482901514,84.56263202141547,19807000
2008-01-16,83.33258056640625,84.32869260416318,82.85792308397846,83.32589381299222,25572000
2008-01-17,81.40718078613281,83.70024691603021,81.07291461617983,83.5999711454419,30879600
2008-01-18,80.69775390625,82.51156198254151,80.39657000412073,81.87572703077095,35591900
2008-01-22,79.7941665649414,80.77804109148421,77.50515548667926,77.84649575013334,38318000
2008-01-23,82.12333679199219,82.19696040565077,77.89334920949639,78.4689492218991,42838800
2008-01-24,82.61192321777344,82.93987967729313,81.82884131986475,82.25719407289348,20563200
2008-01-25,81.78196716308594,83.46860501067228,81.4673945824316,83.42175410119394,19580700
2008-01-28,82.6788330078125,82.85954731506412,80.9855006298435,81.66818607430211,19403800
2008-01-29,83.3548583984375,83.59580748851788,82.55169306271351,83.16076023663008,15255000
2008-01-30,82.84617614746094,84.78715239249426,82.64538867089249,83.13397612627313,24848200
2008-01-31,84.3320541381836,84.93442697473016,81.92926234831953,82.10327719614585,22253400
2008-02-01,85.28911590576172,85.40959041611599,84.3052415889297,84.65997067320427,18098700
2008-02-04,84.35214233398438,85.17538615879019,84.31868029300935,85.14191901144541,11722300
2008-02-05,82.29730987548828,83.58236749948445,82.02289892230607,83.45520368982858,16359000
2008-02-06,81.82887268066406,82.93991146389648,81.52768368470674,82.59857108406224,14255000
2008-02-07,82.14341735839844,82.58515391903808,81.15284838491883,81.38710300846772,21041800
2008-02-08,81.48748779296875,82.243796929675,81.03905684748011,81.7752877487715,15522000
2008-02-11,81.86896514892578,82.04967432008894,80.82485636805954,81.44730701196801,11659200
2008-02-12,82.83946228027344,83.48868569235759,82.29732958234871,82.43788231490822,18453800
2008-02-13,83.83673095703125,84.2316165023115,83.10050012072855,83.33475469050214,12484200
2008-02-14,83.00009155273438,84.131207766784,82.82607170966294,84.12451842747171,11294600
2008-02-15,82.70171356201172,82.86264954101343,82.25913322467888,82.70841560392583,9758200
2008-02-19,82.93641662597656,83.788041548705,82.45360355139617,83.64051987908343,9395500
2008-02-20,83.21136474609375,83.5332418964838,81.96410421799968,82.17198012000473,15681700
2008-02-21,82.61457824707031,83.80820229231199,82.12506290091216,83.60702837828812,13487600
2008-02-22,83.01689147949219,83.18453463262843,81.51480514382608,82.62125097773787,13727300
2008-02-25,84.20380401611328,84.39156353187313,82.75536981163506,82.96324568750303,14534100
2008-02-26,85.0353012084961,85.38400179038821,83.89532994968029,83.91544630708515,13934400
2008-02-27,85.04874420166016,85.5449666105295,84.56593099689466,84.63969440962629,11539600
2008-02-28,84.38484191894531,84.80730587310461,84.07637917931,84.55919220345649,8998300
2008-02-29,82.48712158203125,83.62038558585614,81.99760142421526,83.62038558585614,17088200
2008-03-03,82.14515686035156,82.37985628531125,81.57517108085983,82.12504049764983,11889700
2008-03-04,82.07807922363281,82.09148842325169,80.71011063969831,81.48127007737554,20448800
2008-03-05,82.39327239990234,82.8760804634557,81.5014094495574,82.23233126265401,14589300
2008-03-06,81.00518798828125,82.0713961753483,80.67660366637492,81.94398571925956,13426700
2008-03-07,79.75120544433594,81.16611414468089,79.32874651675013,80.1133152891509,20097400
2008-03-10,79.11416625976562,80.00602402719025,78.76546560459781,79.99261482479002,17788000
2008-03-11,81.85014343261719,81.85014343261719,79.76466087384026,80.4687646106096,20303000
2008-03-12,81.40750885009766,82.62124353228764,81.21974935407518,81.82996771614823,13040900
2008-03-13,81.48126220703125,82.05795494012577,79.778007520457,80.3479930963587,24138600
2008-03-14,80.48210906982422,82.057958535146,79.46954828001331,82.057958535146,29251700
2008-03-17,80.52910614013672,81.11250647037396,78.89291155949054,78.91302793017704,27004300
2008-03-18,83.18456268310547,83.31867520441303,81.27342600005184,81.68247584092408,23106900
2008-03-19,81.43434143066406,83.70087506732428,81.15269703921761,83.47288282993678,17636700
2008-03-20,82.75593566894531,83.14581946376838,81.27034927339405,81.6803985871622,15866800
2008-03-24,84.2549057006836,84.76578738403545,83.32725657150627,83.38775821501882,15254400
2008-03-25,84.11377716064453,84.43644076080193,83.62306590593165,84.28855349108662,12026000
2008-03-26,83.3004150390625,83.89196420834786,83.139085778605,83.88524065999742,12733600
2008-03-27,82.78277587890625,83.82469972846354,82.56766858950533,83.73059060988578,17362000
2008-03-28,82.16429901123047,83.1591677681081,81.92230279932842,82.9709496318642,11109600
2008-03-31,82.27859497070312,82.79619497996674,81.7946024210452,81.94248960328078,11656500
2008-04-01,84.74564361572266,85.00780550487552,83.25333432142907,83.28022337782463,21137400
2008-04-02,84.82636260986328,85.28346659073088,84.32892245547727,84.94063732293863,13766400
2008-04-03,84.92041778564453,85.1288015567737,84.17426315723381,84.38264692836299,11471000
2008-04-04,84.76581573486328,85.24308498382906,84.16082474020118,84.89353748055959,12506400
2008-04-07,84.732177734375,85.5186631798316,84.53051243261407,85.20944681141007,12892400
2008-04-08,84.78595733642578,84.78595733642578,84.18769005724265,84.30868822205284,12876400
2008-04-09,84.46336364746094,84.83307684124821,83.80459421724038,84.73224923384822,15037200
2008-04-10,84.66503143310547,85.01458426470535,84.01970904619004,84.36926187778992,14355000
2008-04-11,82.91055297851562,83.82476090784347,82.6887271105758,83.72393329903721,16743600
2008-04-14,82.79623413085938,83.13906320373682,82.54079577711416,82.89706681447784,11704000
2008-04-15,83.00460052490234,83.24659171994412,82.480271738053,83.18609520332417,12532000
2008-04-16,85.12879943847656,85.1355229843801,83.70371029213571,83.71043383803924,16747600
2008-04-17,85.16915130615234,85.16915130615234,84.47005621793215,84.56416536936811,13292100
2008-04-18,86.0549087524414,86.70775847979083,85.98760576851528,86.12221173636755,16943700
2008-04-21,86.16928100585938,86.37792169157588,85.75199963442638,85.97409885620468,10797300
2008-04-22,85.72509765625,86.04815394682525,85.09917031651243,85.98085098086267,10086600
2008-04-23,85.67799377441406,86.31065301551395,85.41550858606148,85.8058678822732,10443200
2008-04-24,86.21641540527344,87.0307879342142,85.43568665555549,85.99430587073705,14614800
2008-04-25,86.6875,86.78172513045493,85.69139916176768,86.76153476462666,12363400
2008-04-28,86.68081665039062,87.0106099458703,85.94047881593623,86.74139805511875,7899600
2008-04-29,86.27027130126953,86.68082615503738,86.10874825701757,86.40488753118146,7316400
2008-04-30,86.27699279785156,87.48172978915066,86.14911356424071,86.50582391601067,17717200
2008-05-01,87.46829986572266,87.61635924621586,86.09529224862762,86.14913669143304,18314000
2008-05-02,87.98646545410156,88.36336599302822,87.31342584322695,88.36336599302822,12615000
2008-05-05,87.24615478515625,87.83169613976077,87.04424078605287,87.75093464802845,8222000
2008-05-06,87.66348266601562,87.76443458420731,86.53950680777673,86.88949057380464,12113800
2008-05-07,86.41831970214844,87.74420913670399,86.14910784803291,87.67691130806207,13406000
2008-05-08,86.3106689453125,86.88948386104312,86.12894523682874,86.5664172082326,11522500
2008-05-09,85.81256866455078,86.16927891271189,85.61065468432693,85.92025748997307,9167500
2008-05-12,86.66059875488281,86.8894400861109,85.83276269739662,86.027944850637,9112600
2008-05-13,86.42506408691406,86.81542849770662,86.08181226812148,86.8086915254228,8277600
2008-05-14,86.8221664428711,87.54905092918456,86.65390643038492,86.67409681030117,11792400
2008-05-15,87.52888488769531,87.62983681534742,86.65393052552065,86.82219058479352,9122400
2008-05-16,87.44650268554688,87.7298928806003,86.90670742536682,87.7298928806003,9774400
2008-05-19,87.87163543701172,88.56661877575266,87.38582044157708,87.52077705922123,10824800
2008-05-20,86.57609558105469,87.41952260572515,86.15775907145496,87.39253747106132,12598800
2008-05-21,85.05786895751953,86.74472185702842,84.78797661189131,86.6570022116194,16509500
2008-05-22,85.03093719482422,85.45602771259809,84.93647377929004,85.09841547552297,10846800
2008-05-23,84.07953643798828,84.88922415679905,84.05254616097872,84.76777048419054,10704000
2008-05-27,84.63282012939453,84.80150549159552,83.91759584098034,84.25496656538232,9471600
2008-05-28,84.90946960449219,85.01743071765056,84.28196493876874,84.86223790445271,8868400
2008-05-29,85.1726303100586,85.84737187739597,84.67331784376282,84.80152038887519,12096800
2008-05-30,85.10513305664062,85.59094770044632,84.94994541356675,85.48973545834205,8060400
2008-06-02,84.45064544677734,85.01742581456402,83.82987937765571,85.00393325013198,13444200
2008-06-03,83.64095306396484,84.70029697938183,83.26984833948083,84.60583358421361,18030600
2008-06-04,83.66122436523438,84.36970522990708,83.31710979473235,83.54651950840037,14257600
2008-06-05,85.09164428710938,85.18610767785333,83.74891024907555,83.90409789906833,13042000
2008-06-06,82.39945983886719,84.4911581194426,82.29149869381699,84.46416783318006,24015200
2008-06-09,82.9662094116211,83.29008757790405,82.3724387792826,82.58160698483628,16553700
2008-06-10,82.9662094116211,83.53973862379229,82.46015331596377,82.48714359214308,14819800
2008-06-11,81.67745971679688,82.80427677365257,81.63022801824212,82.77728649621143,19598200
2008-06-12,82.06877136230469,82.89195646059099,81.59645457535363,82.02153968360957,17194500
2008-06-13,83.06063842773438,83.20908231134923,82.16323142069301,82.31167530430787,15354800
2008-06-16,82.76380157470703,83.24286746082416,82.48715506628854,82.67608187795506,11578600
2008-06-17,82.27123260498047,83.28334487102327,82.05531552747277,83.24960573634083,15301000
2008-06-18,81.19161224365234,82.01479735576747,81.02292693864078,81.8461120507559,18091600
2008-06-19,81.39403533935547,81.85960845034607,80.92846737623209,81.34005995159855,20644400
2008-06-20,79.95976257324219,80.95385045140016,79.8583240870142,80.88622651370675,21836600
2008-06-23,80.02061462402344,80.31140215192198,79.82450162526628,80.21672762278058,13844000
2008-06-24,79.75686645507812,80.43987472483033,79.22939267868566,79.82449037216385,19038300
2008-06-25,79.7365951538086,80.5616153561587,79.64867940122711,79.93270300331692,18907600
2008-06-26,77.54557800292969,79.16181491804572,77.39004340874627,79.12800551727335,28987900
2008-06-27,76.72728729248047,77.59288604856732,76.3215385204867,77.47792484238795,25276000
2008-06-30,76.7002182006836,77.27502925241915,76.2471322671464,76.74079667966592,21139100
2008-07-01,76.93694305419922,77.11276945957297,75.57768457239708,75.99695617679545,32398600
2008-07-02,75.84139251708984,77.2682795641136,75.76024070895048,76.9436774909311,24730000
2008-07-03,76.44999694824219,76.63258201663012,75.38828559363832,76.28769337703791,20496600
2008-07-07,75.8819808959961,77.03836730468362,75.15839389783339,76.53118001178333,27897300
2008-07-08,76.91661071777344,77.02481310587815,75.56411182270753,75.90900048557401,31553000
2008-07-09,75.51002502441406,77.22769429100406,75.36800808281166,77.12626098896587,24306400
2008-07-10,75.88871765136719,76.22007845272955,74.9757818830734,75.47620505483737,32957200
2008-07-11,75.06370544433594,76.0375065173165,74.23868010854683,75.15837997538961,35470100
2008-07-14,74.72561645507812,76.00372839617496,74.42130605362743,75.8549525876871,26009300
2008-07-15,73.91404724121094,75.23949519068482,73.25132068678775,74.22512128614508,41112400
2008-07-16,75.85494995117188,76.05782698467252,73.84648692514922,74.20490370558399,31071000
2008-07-17,77.1871109008789,77.50494896413416,75.8548986745744,76.52438933693605,36225700
2008-07-18,77.8473892211914,77.94897449721473,77.00085386573329,77.61036035503149,21164900
2008-07-21,77.64425659179688,78.22667357540386,77.2988685743453,78.15895175176574,16267700
2008-07-22,78.35535430908203,78.61270450802175,77.03476048184541,77.17697788117515,24757900
2008-07-23,78.7143325805664,79.1545273174287,78.21317937727962,78.52470411165257,24761000
2008-07-24,76.9331283569336,78.75487400732915,76.77736875247955,78.72778425724115,22459100
2008-07-25,76.64202117919922,77.44792551597762,76.62847886969843,77.12962699080133,19459200
2008-07-28,75.40262603759766,76.878984517745,75.2874984214519,76.70967737629161,16089700
2008-07-29,77.10245513916016,77.14309235810606,75.51774310502674,75.57869118318132,17201400
2008-07-30,78.43663024902344,78.51112582167104,77.21761648464893,77.60363664889334,24422400
2008-07-31,77.00093078613281,78.2605770667307,76.91966661760839,77.69170721967201,24805900
2008-08-01,76.60807037353516,77.3801102546128,76.24913501931299,77.28529870197815,20547400
2008-08-04,76.37107849121094,77.03476489293105,75.93765253505104,76.62165497114663,16207200
2008-08-05,78.5652847290039,78.60591678819848,77.0076570131908,77.0347467749351,22997300
2008-08-06,78.89030456542969,79.15442312662734,78.04376939060626,78.24016617118617,17770900
2008-08-07,77.60362243652344,78.50433771041793,77.35982489514285,78.21312920708527,17902100
2008-08-08,79.20188903808594,79.66917846285139,77.2040665750313,77.35305770564317,31279900
2008-08-11,79.77754211425781,80.40736500551729,79.10031342115492,79.25607312713545,22528900
2008-08-12,78.94454956054688,79.58791476050581,78.61270894338821,79.54728269178902,22492600
2008-08-13,78.15219116210938,78.70074474272492,77.66458568296451,78.61270687387453,28250700
2008-08-14,78.83619689941406,79.46601464184549,77.67136268726018,77.77971659449692,24661900
2008-08-15,79.08528137207031,79.45176317755406,78.69165219086564,79.03777475901681,16610900
2008-08-18,77.95182800292969,79.32952358754599,77.56498734528951,79.30916437048504,23622600
2008-08-19,77.02210998535156,77.51075228206876,76.79136511069694,77.44288644704278,19249200
2008-08-20,77.3953857421875,77.73472012100568,76.61491563533937,77.28001329606894,21415300
2008-08-21,77.40215301513672,77.89757817507935,76.73705553368994,76.84564499099974,16820600
2008-08-22,78.94271087646484,78.97664636879819,77.93827933065042,78.01293327152044,18078800
2008-08-25,77.26642608642578,78.52875021120919,77.1374825616488,78.50160284340588,19186300
2008-08-26,77.41572570800781,77.65325867849322,77.00173745466309,77.40215461447883,14475400
2008-08-27,78.046875,78.44728691681571,77.25961707985918,77.53108550672945,15493000
2008-08-28,79.49242401123047,79.52635950073268,78.49478586050743,78.5355043056471,16556500
2008-08-29,78.3522720336914,79.43135758304162,78.31834171721678,79.07166412586804,15914200
2008-09-02,78.1554946899414,80.0896995660029,77.89759725457883,79.37709531690214,24105000
2008-09-03,78.39302062988281,78.54911152660438,77.59219138084673,78.21656532339523,17846600
2008-09-04,76.14659118652344,77.87040951619129,76.00407144615072,77.7753963559428,35201900
2008-09-05,76.24836730957031,76.43839356733638,75.04033880420565,75.72579510071365,31555500
2008-09-08,78.1554946899414,78.6780673422055,76.28236751520373,78.40659881027035,37982500
2008-09-09,76.37055206298828,78.7119610834461,76.30268626047403,78.15545321830312,31926100
2008-09-10,76.6895523071289,77.36822091161677,76.24162854280826,76.76420626784902,39044100
2008-09-11,77.95182800292969,77.95182800292969,75.48147622820514,75.8615287542159,39238000
2008-09-12,77.90440368652344,77.93833402483864,76.69637387244661,77.12393341561442,28275000
2008-09-15,74.51780700683594,77.6668285862495,74.40921755617961,75.43400849097122,44773800
2008-09-16,75.10147857666016,75.44081291649073,73.0111778006244,73.21477529782406,48722600
2008-09-17,72.45462799072266,74.37525531363654,71.59950449670474,74.13093949317384,54988700
2008-09-18,74.63313293457031,75.3321602598809,71.16513847594786,72.90252718179369,65447400
2008-09-19,77.31123352050781,79.06072587842004,76.69176609093135,79.06072587842004,20860900
2008-09-22,75.22132873535156,77.59029232369572,74.7856581065808,77.48137206970124,21955600
2008-09-23,73.85985565185547,75.82037345291714,73.69648046683453,75.05795246041711,25513500
2008-09-24,73.7237319946289,74.35681686371183,73.15191089016449,74.15259392777347,20635600
2008-09-25,75.06480407714844,75.70469798523116,74.05050824760139,74.20707991216027,27647400
2008-09-26,75.663818359375,75.97014752614646,73.8394454083168,73.96197811374626,22037400
2008-09-29,71.30711364746094,74.87416971604581,70.80337033700087,74.76525462976477,36211100
2008-09-30,73.7645263671875,73.94832273470635,71.62701652530818,71.85846418763576,24710600
2008-10-01,73.99600982666016,74.05727877454102,72.34862975934477,73.22677992587342,22853900
2008-10-02,71.66110229492188,73.28125788348837,71.0552474517773,73.17914640791903,19546500
2008-10-03,70.25194549560547,73.47863752469185,70.17706412824673,71.98782418458995,30183100
2008-10-06,68.00555419921875,69.05388867497561,64.81289944094131,68.65906039314402,49877900
2008-10-07,64.71757507324219,68.89729394065338,64.26829198780645,68.44120204061298,38825600
2008-10-08,62.21931457519531,65.61618811602914,62.21931457519531,63.47867600958633,53470900
2008-10-09,58.23697280883789,64.3363673668247,58.134861359717206,63.934730385244414,44474300
2008-10-10,57.01164627075195,60.63997079629882,53.73730741255819,56.0858447934341,73755500
2008-10-13,64.69032287597656,64.69032287597656,59.53715302730021,59.93198104162783,44081200
2008-10-14,63.764610290527344,67.25679315094604,61.87897177335103,66.6441290356437,58571000
2008-10-15,57.77407455444336,62.66856357143535,57.69919316811347,62.51880079877557,36270200
2008-10-16,61.17777633666992,61.37519049718341,55.87483966027473,58.75435145081261,60371000
2008-10-17,59.69525146484375,63.25487314930495,59.43612385047892,59.73616498220808,44024200
2008-10-20,63.609474182128906,63.609474182128906,60.51355785706166,61.01818222378604,34524100
2008-10-21,61.63187789916992,63.28212691898746,61.35229363057813,62.42290695690771,26527300
2008-10-22,58.30416488647461,60.2953702047248,56.82439961108823,60.0498785679392,37459500
2008-10-23,60.00212478637695,60.00212478637695,56.19019540844011,58.42007097829841,59594500
2008-10-24,56.660743713378906,58.54284481557885,54.65590197665958,54.92185042339416,49331600
2008-10-27,54.73089218139648,58.63147480979439,54.73089218139648,56.31294612830236,37137800
2008-10-28,62.150177001953125,62.150177001953125,55.71285171600514,57.17215983254467,53376100
2008-10-29,60.7932014465332,63.84138630379953,60.4863341613746,61.706972236355945,50631600
2008-10-30,63.077579498291016,63.186689160093415,61.18184334687209,62.76389702456167,42806500
2008-10-31,63.75951385498047,64.46189055486488,62.143361737792894,62.44340817371874,39474400
2008-11-03,63.71183395385742,64.1550833293394,63.09128378765451,63.51407638009959,17957000
2008-11-04,65.60748291015625,65.80524021491087,64.3186553055775,64.89147046463114,25723700
2008-11-05,62.63433456420898,65.1847132398795,62.15699277021342,64.77556238750682,28970800
2008-11-06,59.41570281982422,62.50480557473277,58.97245886934079,61.911533151080526,43601900
2008-11-07,61.46141815185547,61.481880112224026,59.59978036115095,59.98165371254999,30916600
2008-11-10,60.64311981201172,62.566133179561525,59.81117693622164,62.51157835431491,23695900
2008-11-11,59.15653991699219,60.56129297524991,58.45416338786333,59.70889326463043,31463000
2008-11-12,56.660743713378906,58.64513388031629,56.49026367302916,58.24280348235708,35844600
2008-11-13,60.48629760742188,60.69087567389404,54.45130707812935,56.98805012972966,64432800
2008-11-14,57.4312858581543,61.025000881813774,57.4312858581543,59.32020139755432,45085800
2008-11-17,56.56524658203125,58.63146799201765,56.408407938032525,57.26762836180462,38157100
2008-11-18,57.513126373291016,57.99729411853176,55.44690974688207,56.59253547671548,42201200
2008-11-19,54.79909133911133,58.21551197857398,54.67634553162654,57.4381235987159,49759400
2008-11-20,51.866798400878906,56.05378394842752,51.39627745740012,54.14441236340712,77925200
2008-11-21,55.1706428527832,55.30079627613585,51.033186563323454,52.83475891895711,91695200
2008-11-24,57.47225570678711,58.89022411692133,55.50627801035207,56.14333658454013,48461300
2008-11-25,58.09561538696289,58.95872824630031,56.71189941671464,58.52032287595209,44571400
2008-11-26,59.71908187866211,59.801284836034334,56.84889263807686,56.965348134238425,29776700
2008-11-28,60.486289978027344,60.527388841013206,59.37657364157914,59.37657364157914,6958800
2008-12-01,55.93783950805664,59.164231389699125,55.80083456729015,59.11628096698188,27989600
2008-12-02,57.78736877441406,57.82846764851241,55.828242307253326,56.60230071793246,29383100
2008-12-03,58.938175201416016,59.14367476644076,56.47214383769146,56.61599510106997,49770900
2008-12-04,57.36264419555664,59.22586925186129,56.67078896492541,58.04765310000963,40456000
2008-12-05,59.31490707397461,59.5820653032285,55.69806159308793,56.83517866347391,43490800
2008-12-08,61.047996520996094,61.917955545437074,60.2807846530693,60.499987297305054,44114800
2008-12-09,59.67111587524414,61.24663817639479,59.33546303282941,60.51367375688554,34188200
2008-12-10,60.03421401977539,60.91787663488059,59.28755639899241,60.32191666854281,32139600
2008-12-11,58.81486892700195,60.465737780613736,58.41071092845072,59.32862564004271,26284500
2008-12-12,59.157325744628906,59.6162801175849,57.013251337593225,57.20505285308532,34290400
2008-12-15,58.9039306640625,59.5957913139177,58.12302071321788,59.56153876865773,22944700
2008-12-16,61.35626983642578,61.479571693438544,59.13684163640119,61.35626983642578,30326100
2008-12-17,60.52054214477539,61.51380829833038,60.24653750840836,60.59589355043141,22285800
2008-12-18,59.157325744628906,60.993148462652194,58.51341617730602,60.85614364715832,26041600
2008-12-19,58.65304565429688,60.34337411703597,58.65304565429688,59.60127716002291,19707600
2008-12-22,58.378150939941406,59.04466316080234,57.43678761614263,58.95533878034576,20392200
2008-12-23,57.76660919189453,59.04466234694264,57.60856810612033,58.81103707784366,17174800
2008-12-24,58.04836654663086,58.35757093534356,57.814741142558745,58.01400817350646,4157300
2008-12-26,58.453731536865234,58.59802717752337,58.1032962710678,58.41250570877675,5294600
2008-12-29,58.34382247924805,58.59805553194322,57.4368118836297,58.59118280982008,10387800
2008-12-30,59.56001663208008,59.628728108324495,58.30944889197316,58.5774273189711,17764500
2008-12-31,60.13722610473633,60.7212870187923,59.52568478182421,59.64936759108463,18703600
2009-01-02,61.97872161865234,62.2673183296751,60.171583335477614,60.43268915346294,24558800
2009-01-05,61.63518524169922,62.06807787242839,61.06487478340145,61.75200061772298,25612100
2009-01-06,61.9443359375,62.45967982176813,61.415246613935885,61.96494885409487,37258400
2009-01-07,60.3708381652832,61.27784348512004,59.93795104979885,61.071703767831806,33165500
2009-01-08,60.075340270996094,60.171537353708025,59.4706721450428,59.82797484620888,23641700
2009-01-09,59.18899917602539,60.30214454300952,58.98285939765162,60.24030051255645,24494100
2009-01-12,58.26140213012695,59.10656399976633,57.89722626415599,58.93478253526272,22622000
2009-01-13,58.00714492797852,58.60494611849416,57.60174331910253,58.13770047636014,29846500
2009-01-14,56.39921188354492,57.27873089857655,55.9869380005422,57.141308018357925,38850600
2009-01-15,56.46794891357422,57.01765116825428,54.997501411006645,56.39236472249698,44216600
2009-01-16,56.916011810302734,57.404708328431205,55.77342159082957,57.28081306669745,37613200
2009-01-20,54.65840530395508,56.72332418507719,54.6239878887256,56.58565977551955,36892100
2009-01-21,56.60626220703125,56.723278173075926,54.61705905189998,55.51185860843258,34826600
2009-01-22,55.8629264831543,56.468633970277246,54.75475322445973,55.68396542393386,40157400
2009-01-23,55.42243194580078,56.11762291691425,54.41062589548248,54.72036169130381,44701000
2009-01-26,55.80101776123047,56.64075268218082,55.19530982299614,55.65647400044829,28917300
2009-01-27,56.10385513305664,56.60631585532667,55.61515822794208,56.09008606454018,23352800
2009-01-28,57.59745407104492,57.84524468462824,56.84719769898465,57.156938591643176,21080000
2009-01-29,56.11762619018555,57.08814084272764,55.99373081435808,56.84035009107271,20825600
2009-01-30,55.11956787109375,56.41358178015759,54.78917854784334,56.32410385472066,26172600
2009-02-02,54.596458435058594,55.00944118694315,54.13529444964351,54.47256308435716,22968000
2009-02-03,55.4981575012207,55.821662433142826,54.38998349038052,54.913097960113376,24065100
2009-02-04,54.85115432739258,56.24153134101003,54.610242817651056,55.61517506922478,27506400
2009-02-05,55.44308090209961,55.856063679027095,54.032050725289714,54.555165043457016,39865100
2009-02-06,57.03309631347656,57.315299343282575,55.56012032504346,55.66336738526073,30049700
2009-02-09,56.95733642578125,57.32902239334525,56.50993635826759,56.991753835343616,20793600
2009-02-10,54.5069580078125,56.94356206516224,54.10773923681746,56.59940903872344,49006600
2009-02-11,54.754764556884766,55.07138480327615,54.155936225955,54.80294578456694,33244600
2009-02-12,54.72038650512695,54.80298520543696,53.10286669644312,53.98389849429488,45482100
2009-02-13,54.06649017333984,55.030115294998126,54.01142438028421,54.70661557636316,23850300
2009-02-17,52.1391830444336,53.04086228529538,52.1185347032472,52.72424213393444,36731400
2009-02-18,52.14607238769531,52.64853290746285,51.68490330275284,52.48334091136821,35793800
2009-02-19,51.64360809326172,52.65541894457092,51.48530062412407,52.60723772552567,30933800
2009-02-20,50.99693298339844,51.674767978188605,50.13234376155008,50.71334518565594,46343700
2009-02-23,49.212398529052734,51.46724773345344,49.15706357601714,51.3496596389949,36003600
2009-02-24,50.75484848022461,51.04535449621606,49.21242412073717,49.50292485969431,37524300
2009-02-25,50.26370620727539,51.21821510698711,49.49595134317179,50.51270807006728,43668900
2009-02-26,49.68965148925781,51.23208043238767,49.63432180935417,50.82399699830958,31367300
2009-02-27,48.942630767822266,49.80030114327703,48.6728795587919,48.85271018012561,35756000
2009-03-02,46.91604232788086,48.29246605615296,46.75003749856868,48.1748832598298,36931600
2009-03-03,46.48722076416016,47.448643310936575,46.4042183203474,47.36564614415629,30799800
2009-03-04,47.56623840332031,48.33399405603397,46.77773345356583,47.27573769068105,31996400
2009-03-05,45.698707580566406,47.06821862695645,45.325204567914575,46.687797426006014,35056100
2009-03-06,45.996124267578125,46.777710644874894,44.806449231670655,46.02379174248659,35830500
2009-03-09,45.26296615600586,46.45955440698809,45.13154693604739,45.3113829301433,28114400
2009-03-10,47.82213973999024,47.884392883447866,46.02379592380854,46.07913087865271,31008100
2009-03-11,48.05730819702149,48.63830936201856,47.60080275849681,48.20255848827075,21875300
2009-03-12,49.641231536865234,49.79340002016099,47.62155323155992,47.98813806293699,21938300
2009-03-13,50.02162170410156,50.20837045960262,49.246948668516765,49.93170641842007,21835800
2009-03-16,50.01476287841797,51.23210615709458,49.93867859368602,50.47126858680967,24509000
2009-03-17,51.23900985717773,51.26667734171258,49.7034987662092,50.000917628667366,20439900
2009-03-18,51.85457992553711,52.49091603072779,50.29832004915019,50.8309044405088,35906600
2009-03-19,51.25975036621094,52.47709309194518,51.06608328469162,52.44942561215211,25410900
2009-03-20,50.43262100219727,51.69447634353351,50.28702291931234,51.60434570831912,22996500
2009-03-23,53.91305923461914,53.926923434368575,51.42401485159973,51.68748225378192,25706800
2009-03-24,53.17817306518555,54.04483172198235,52.99791187313036,53.32377637443231,20383500
2009-03-25,53.670440673828125,54.5093656319258,52.3323194752871,53.55950582498972,30263100
2009-03-26,54.84219741821289,54.980866074886606,53.74673883399828,54.20433746651896,29403800
2009-03-27,53.947731018066406,54.37066058856692,53.6149372741828,54.17653002302462,19994100
2009-03-30,52.17286682128906,52.77606333200773,51.56274084779171,52.75525907467296,25811800
2009-03-31,52.581912994384766,53.545642314877696,52.13818417255016,52.720581557248586,28187500
2009-04-01,53.75364685058594,53.98938080483598,51.86086691311315,51.916329058525726,25416600
2009-04-02,55.26509094238281,55.99308636092095,54.758965227499246,55.036291777737695,30176700
2009-04-03,55.57709884643555,55.59789781158134,54.74510321294463,55.29976696860524,20617100
2009-04-06,55.29975509643555,55.417619400068105,54.49549335235921,55.09175491030147,17834000
2009-04-07,54.00325012207031,54.59257712888809,53.86458681093658,54.59257712888809,17326400
2009-04-08,54.33604049682617,54.73123668689518,53.78137676460124,54.20430667024804,15719000
2009-04-09,56.08322143554688,56.104020399507775,55.2997638182495,55.47309557081076,19287700
2009-04-13,55.84749984741211,56.28429401477573,55.25123812009073,55.48696679431892,11991300
2009-04-14,54.96003341674805,55.701893155284985,54.828304873044544,55.44536552988061,18590000
2009-04-15,55.6741943359375,55.7851239732951,54.59259995610729,54.80060029944692,18263400
2009-04-16,56.33976364135742,56.70722617114833,55.26510448206997,56.06243173350909,19526700
2009-04-17,56.467559814453125,56.8425756170969,56.127269757730126,56.55784463448519,16835600
2009-04-20,54.529930114746094,55.66886888142271,54.41187116583449,55.592476550150494,16640200
2009-04-21,55.27305221557617,55.39111654276493,54.03689227087595,54.05078468508808,18051200
2009-04-22,54.7313346862793,55.87026830207351,54.62716812868892,54.88411936861279,20467800
2009-04-23,55.31472396850586,55.453616319725285,54.182730642293606,54.821649233752254,19521000
2009-04-24,56.06478118896485,56.439791769562646,55.50920093153563,55.62726001425739,17662200
2009-04-27,55.738311767578125,56.41195030502436,55.32162972022572,55.39801674865393,17582800
2009-04-28,55.64111709594727,56.217525021313946,55.12026292231532,55.18970908578572,16457900
2009-04-29,56.786956787109375,57.32864924207395,56.03693126946489,56.12721069609264,18084100
2009-04-30,56.717567443847656,57.682883788856095,56.49533645719257,57.45371189209639,17496500
2009-05-01,57.057838439941406,57.07867175817683,56.22446862170754,56.80088181876554,12356400
2009-05-04,58.50234603881836,58.54401798042372,57.36341187179925,57.46063757153967,13866800
2009-05-05,58.4468002319336,58.72458495560917,58.0648382892737,58.37734875261072,11985000
2009-05-06,59.16902542114258,59.21763826000268,58.46761236021848,59.06485883672953,18357600
2009-05-07,58.45372009277344,59.6621054589362,58.09259690298821,59.58571309791205,19835900
2009-05-08,59.53017425537109,59.70379235327015,58.759309476827,59.127378996628366,18463400
2009-05-11,58.6342887878418,59.02319152919426,58.47455784855634,58.86346588831127,13335600
2009-05-12,58.835697174072266,59.22459998687805,58.17594527560136,58.87041761184224,16819400
2009-05-13,57.73149108886719,58.23845829310251,57.50231921418945,58.13428636911945,17683700
2009-05-14,57.91204452514648,58.31483972973399,57.5995341103063,57.724539335923005,15029400
2009-05-15,57.658470153808594,58.47340498708882,57.31020685951008,57.9161869046569,23137600
2009-05-18,59.28839492797852,59.28839492797852,58.16001899371409,58.215742442979625,12745200
2009-05-19,59.0236930847168,59.47643667139651,58.94707469401351,59.16300166512232,17908900
2009-05-20,58.6406135559082,59.88043084442036,58.5779233586043,59.44161540553194,18083800
2009-05-21,57.881378173828125,58.041581681991474,57.324159901512985,58.006753215062666,20038800
2009-05-22,57.72119140625,58.32716646377772,57.57492138153368,58.104278047913006,10156800
2009-05-26,59.10030364990234,59.24657365440117,57.30326305621109,57.30326305621109,13636800
2009-05-27,57.92317199707031,59.253535439166605,57.79083020283285,59.183883821070296,13708200
2009-05-28,58.52220153808594,58.821708387959305,57.48437770139535,58.362003289362846,17780200
2009-05-29,59.4764289855957,59.73414584048339,58.34109210091852,58.77990211581327,15275000
2009-06-01,60.84165954589844,61.06454807282903,59.93617723015362,60.0963755357791,12952000
2009-06-02,60.94609069824219,61.27345912138799,60.54907066282816,60.69534064281466,10553900
2009-06-03,60.56299209594727,60.67443891439191,59.957017291404114,60.6117487504976,9488600
2009-06-04,60.95308303833008,61.05756315762593,60.24262247838201,60.53516787522631,11762200
2009-06-05,61.23168182373047,61.67745861092023,60.681424939588446,61.468498417015695,16834300
2009-06-08,61.11328887939453,61.57299933581117,60.2495967264036,60.75109711010165,23538400
2009-06-09,61.11328887939453,61.454590999126985,60.90433392890719,61.273492457440405,22428400
2009-06-10,61.05057144165039,61.69834153957933,60.30528802266353,61.67744658707798,25155700
2009-06-11,61.19683837890625,62.00480661520352,61.15504847598246,61.19683837890625,21696400
2009-06-12,61.51029586791992,61.52422938339622,60.855564120670266,61.01576235009382,12743500
2009-06-15,60.24259948730469,60.792856279121,59.90130285433219,60.75803312869876,14006100
2009-06-16,59.38588333129883,60.43067365225866,59.35802161838383,60.38191698317701,12830900
2009-06-17,59.36501693725586,59.8038271701143,59.08640498813645,59.35805017715562,13494000
2009-06-18,59.63663482666016,60.00579323177087,59.19085803776285,59.39981291838931,13378600
2009-06-19,59.61777114868164,60.16985291092539,59.34522519831731,60.07201617652292,13880400
2009-06-22,58.22711563110352,59.24042744434503,58.22711563110352,59.10765200112809,20652400
2009-06-23,58.12926864624024,58.49965144632313,57.89865112976091,58.29698805290528,12151100
2009-06-24,58.02439880371094,58.89794450491507,57.70992448395739,58.520572122190906,15355500
2009-06-25,59.20544052124024,59.33123132870407,57.70294069089447,57.78680300643716,13851400
2009-06-26,58.89097595214844,59.18449146603365,58.7162667487009,59.023756652913136,7779000
2009-06-29,59.57586288452149,59.64574552830916,58.91196977098259,59.0587249224479,7529200
2009-06-30,59.16355514526367,59.848412560339945,58.67436594564776,59.63177475193684,13421400
2009-07-01,59.42206573486328,59.981137058068086,59.352183152387504,59.38712710947504,9144200
2009-07-02,57.99646759033203,58.73024840161709,57.96851347705716,58.702294288342216,16516500
2009-07-06,58.17821502685547,58.22014356577383,57.36057652770919,57.4514234726011,12392700
2009-07-07,56.99013519287109,58.13622695785817,56.98314533297336,58.11526270986587,15240600
2009-07-08,57.25567626953125,57.500267985074565,56.577803992382975,57.25567626953125,17902700
2009-07-09,57.14389419555664,57.59115474199212,56.976174822957546,57.47234841018598,11452000
2009-07-10,56.91325378417969,57.262672080336586,56.61973836331584,56.89228953948229,16023500
2009-07-13,58.22006607055664,58.27597426916743,56.8783012940936,57.08795437303438,14384000
2009-07-14,58.464691162109375,58.49962980423272,57.9545379354516,58.38082882395003,10288300
2009-07-15,60.23973846435547,60.35155492723302,59.07967198636416,59.11461063223658,11620000
2009-07-16,60.95955657958984,61.14824023207073,60.12094894309939,60.17685718520611,11805400
2009-07-17,61.20868682861328,61.26467593304961,60.69080096111441,61.040724854719166,9075000
2009-07-20,61.817569732666016,61.96453715912452,61.264689220132034,61.50263495646978,13142300
2009-07-21,62.40545272827149,62.47543646919115,61.65661548765491,62.377458164020176,14599300
2009-07-22,62.20246887207031,62.65737099774208,62.027506926766925,62.11849055555018,11857700
2009-07-23,63.42719268798828,63.68613824921258,62.1744647124664,62.216459203652015,16519600
2009-07-24,63.66514205932617,63.707131210033296,63.03527810164986,63.26622910936682,10895100
2009-07-27,63.784156799316406,63.87513513211234,63.24527609989572,63.58820018134525,10045200
2009-07-28,63.67914581298828,63.88210230292484,63.04228713162806,63.41320558794105,11700400
2009-07-29,63.46220397949219,63.65116055181677,63.09828544266078,63.46220397949219,9063600
2009-07-30,63.9800910949707,64.72193346914469,63.87511284642183,64.09206931726698,11659200
2009-07-31,64.15497589111328,64.53289392764458,63.93802502065255,64.01500862102425,9151300
2009-08-03,64.98785400390625,65.08583224895587,64.36499001491345,64.71491384420891,9843400
2009-08-04,65.21885681152344,65.25384601859415,64.76395440425907,64.79894361132978,12338900
2009-08-05,64.96685791015625,65.2397980634749,64.46996672489888,65.17680899917856,11396200
2009-08-06,64.82686614990234,65.33075715871446,64.51893690850444,65.25377351351193,10482300
2009-08-07,65.63876342773438,66.13565500982938,65.16286643736734,65.4708013544925,11813100
2009-08-10,65.43575286865234,65.65270392356172,65.08582905652051,65.42875289737388,13051400
2009-08-11,64.79194641113281,65.24684880040641,64.5959897731486,65.2188542322061,9305200
2009-08-12,65.62471771240234,66.07961979383042,64.75690804313673,64.77090798747167,13586400
2009-08-13,65.91869354248047,65.96768269537975,65.20484549804284,65.88369900208791,10209100
2009-08-14,65.37277221679688,65.86966341263988,64.73590828587662,65.8346688940171,10846500
2009-08-17,64.113037109375,64.37198263567275,63.966069758583295,64.29499897486568,12121400
2009-08-18,64.59590911865234,64.7988601407184,64.21099096077963,64.30196918927169,8539100
2009-08-19,65.17680358886719,65.40075460221578,64.08504306621941,64.16902669850514,14296100
2009-08-20,65.63876342773438,65.75073636342294,65.03689354758143,65.190861006144,8271000
2009-08-21,66.74069213867188,66.86710848200472,65.94708170221311,66.0032679344086,11866500
2009-08-24,66.81085968017578,67.358666893729,66.64230649965657,67.02155517448156,9349100
2009-08-25,67.05669403076172,67.99778872360923,66.91622853750864,67.03562018811574,14622300
2009-08-26,67.04267120361328,67.31657232555519,66.62830989131602,66.90221101325793,11497200
2009-08-27,67.29544830322266,67.50614377311074,66.43862791771674,67.07070896917261,13096800
2009-08-28,67.12688446044922,67.73789158112105,66.72656741793034,67.69575463713196,10813900
2009-08-31,66.75472259521484,66.78281034519644,66.30524358053428,66.51593385467126,9890500
2009-09-01,65.4623794555664,67.18304387895923,65.30085099577448,66.43859089620497,17938600
2009-09-02,65.19557189941406,65.60993307477355,65.11129259812573,65.27282658604227,10922400
2009-09-03,65.6310043334961,65.74337673996168,65.05510914588811,65.48351956866846,7262500
2009-09-04,66.33328247070312,66.41756173320695,65.5256289774279,65.7152506203008,8118600
2009-09-08,66.76173400878906,66.87410642836117,66.4527205713895,66.86005719680871,10862500
2009-09-09,67.09181213378906,67.35869391473078,66.62828936186638,66.78279338036651,13560500
2009-09-10,67.6606674194336,67.74494670357876,66.853013718768,67.11989008124611,12244800
2009-09-11,67.57637786865234,67.86432264603637,67.32354543288609,67.68172560992306,8116500
2009-09-14,67.64665222167969,67.737950799541,67.00052684401766,67.02861995063934,8417900
2009-09-15,68.05397033691406,68.3419152018187,67.39379595861952,67.77304472754126,11687700
2009-09-16,68.88272857666016,68.93189017830176,68.08209371666112,68.34897021725656,10580800
2009-09-17,68.86863708496094,69.33216506591357,68.57366765610531,68.80543164658162,15803800
2009-09-18,69.02696990966797,69.27321732574471,68.8932904404587,69.18878733975079,9910900
2009-09-21,68.76667785644531,68.97775022872973,68.40786233847257,68.64003550663334,7711800
2009-09-22,69.09734344482422,69.24509193273964,68.731490813004,69.16769910081358,8206300
2009-09-23,68.6540756225586,69.76571287565903,68.52743333590422,69.20285707546392,13199100
2009-09-24,68.23896026611328,68.9636334006906,67.97864391745352,68.77367267686347,16702600
2009-09-25,68.06307220458984,68.4922485174286,67.80978764724925,68.16157115824558,13350100
2009-09-28,68.83697509765625,69.11840289923607,68.21080105723028,68.25301871653001,6393200
2009-09-29,68.5555419921875,69.20282207761025,68.52036150954557,68.9143571497528,8171200
2009-09-30,68.30931854248047,68.80181867100627,67.59168255286727,68.68221356736913,15351500
2009-10-01,66.92327117919922,68.20376244923503,66.84587840729142,68.18968810827636,15473500
2009-10-02,66.74037170410156,67.02883140729082,66.27601486821892,66.29008921537392,15752800
2009-10-05,67.52135467529297,67.73945882071386,66.69818222213104,66.88814303140205,8742700
2009-10-06,68.45001220703125,68.78772125318389,67.93640609928063,67.95048044074696,12439600
2009-10-07,68.44300079345703,68.58371742213362,68.12639777256814,68.33746466389722,10039900
2009-10-08,68.8862533569336,69.26617484532369,68.62593161257159,68.90735950986742,9701300
2009-10-09,69.43505096435547,69.45615712220143,68.73148374126639,68.8581260561341,6494100
2009-10-12,69.61090087890625,69.92750379165075,69.34354205963973,69.6531131691952,5438300
2009-10-13,69.53351593017578,69.66718998707049,69.10433970462229,69.39983650549179,6026200
2009-10-14,70.51849365234375,70.60995539217161,69.95563813764984,70.19484824233255,9162700
2009-10-15,70.81403350830078,70.82810248923164,70.24414047646262,70.26525199954581,7667900
2009-10-16,70.41541290283203,70.5703431671175,69.97879711018066,70.23935676119982,13185400
2009-10-19,71.02811431884766,71.24642228927316,70.37318503476227,70.49994571467586,9772400
2009-10-20,70.6971206665039,71.13374193610413,70.35205205098586,71.10557230198718,9387400
2009-10-21,70.02104187011719,71.26751686432141,70.00695974422845,70.57737986683638,12893600
2009-10-22,70.9435806274414,71.19005814873209,69.85907416095537,70.15485255931121,13423200
2009-10-23,70.30276489257812,71.17600216278692,69.97882212093307,71.11262450809524,13214000
2009-10-26,69.58442687988281,70.96470636928619,69.38020111325788,70.35203444221838,16109800
2009-10-27,69.59149169921875,70.0914906422072,69.2957185846862,69.68303898529541,14503800
2009-10-28,68.7886962890625,69.76756858183258,68.74644450954473,69.45066948982881,17191500
2009-10-29,70.0985107421875,70.2393534998308,69.04921769116652,69.25343807790726,12927200
2009-10-30,68.35204315185547,70.16894404742429,68.21824412119494,69.96471825316506,29751800
2009-11-02,68.90836334228516,69.71822255766781,68.18301299754631,68.59146447978192,20615900
2009-11-03,68.87319946289062,68.96474676846223,68.359112906226,68.49291736059278,13945600
2009-11-04,69.13373565673828,69.98584687616469,68.97176698885157,69.28162219503794,14714300
2009-11-05,70.5350570678711,70.58435251803716,69.58435065740925,69.6195639958712,9811600
2009-11-06,70.68299865722656,70.84496724600758,70.02102606097722,70.17595627480625,10786100
2009-11-09,72.12669372558594,72.14078122860086,71.06331827871061,71.17599143878914,10959900
2009-11-10,72.31681823730469,72.39428336492824,71.93653634882726,72.02103985328442,9959100
2009-11-11,72.62666320800781,72.97173704559022,72.2815947432314,72.61258108350522,10532400
2009-11-12,71.95064544677734,72.82388805409514,71.76050711766659,72.50698367516554,11966800
2009-11-13,72.47174835205078,72.71118211129085,71.90132283403716,72.07737896505724,11677800
2009-11-16,73.42243957519531,73.64074742622113,72.78159277368529,72.81680614382762,10497400
2009-11-17,73.65482330322266,73.6900366703782,73.14074252870677,73.30271112288912,8398000
2009-11-18,73.62671661376953,73.67601214264026,73.17601310043435,73.59150321908629,7773400
2009-11-19,72.99291229248047,73.28868546235518,72.44361772762468,73.26755957490836,12739500
2009-11-20,72.94908905029297,73.09039263564024,72.57462969777505,72.71593328312234,8680400
2009-11-23,73.8039779663086,74.17137586218698,73.57082223127641,73.6202790183694,9489200
2009-11-24,73.73334503173828,73.87464863372938,73.18931484426008,73.78986862868948,10211800
2009-11-25,73.92408752441406,74.07245788767618,73.62028000238624,73.86050253603841,6489600
2009-11-27,72.899658203125,73.36596451304965,72.2284578482497,72.39095649019761,12916100
2009-11-30,73.1822280883789,73.2952698527387,72.56754631282024,72.85015880929727,11959000
2009-12-01,73.9947509765625,74.27735813605655,73.66974304044945,73.67680983655262,10101300
2009-12-02,73.88875579833984,74.36212862511134,73.70505686915054,74.00179756142059,7124600
2009-12-03,73.25997161865234,74.3126980015386,73.18931442767209,74.0795422082322,9723500
2009-12-04,73.47198486328125,74.37634155978508,72.91382603550974,74.15731918839806,16602800
2009-12-07,73.51429748535156,73.85342816935983,73.25994677715285,73.35886034252069,8189500
2009-12-08,72.73004913330078,73.08331340087595,71.88927845154868,73.06917981155738,10719700
2009-12-09,73.09037780761719,73.16809638090712,72.40504962829222,72.74418032047991,8583800
2009-12-10,73.60610961914062,73.91698375851446,73.44360575799999,73.47186753343237,8039500
2009-12-11,74.12899017333984,74.21377555817972,73.65561723635285,73.83931620831281,9235500
2009-12-14,74.32682800292969,74.45400340322801,74.12900080032941,74.41161339992424,9752400
2009-12-15,74.0018310546875,74.29151047376372,73.81107063485705,74.12194505720471,7191500
2009-12-16,73.95237731933594,74.40455537585059,73.81107369807047,74.249118158226,6283400
2009-12-17,73.04097747802734,73.58500791154474,72.97739244549092,73.50728927818511,8223700
2009-12-18,73.15445709228516,73.50909378767584,72.65087363418957,73.37433011180289,8299800
2009-12-21,73.67932891845703,74.04105991708973,73.42399002663717,73.45236161587574,5968000
2009-12-22,74.08354187011719,74.1970281156661,73.79983707888894,73.92041215629315,6849400
2009-12-23,74.08354187011719,74.27504855665048,73.8849463517286,74.22539967705333,4867200
2009-12-24,74.47364807128906,74.5020196341987,74.15447745836961,74.16866053416328,3568000
2009-12-28,74.67933654785156,74.72189118581635,74.39562633500114,74.61549917958216,8116800
2009-12-29,74.67933654785156,74.92758095484984,74.6509649854343,74.82118894861566,3356400
2009-12-30,74.6297378540039,74.70775835028863,74.38858211694411,74.42404794664655,3243500
2009-12-31,73.81401824951172,74.7502581058471,73.78564668885647,74.71479230219757,5189400
2010-01-04,74.94176483154297,75.09071146657921,74.30341824472912,74.3601559547511,8977300
2010-01-05,74.82125854492188,74.94892798889242,74.45243871307765,74.90637331134465,6549200
2010-01-06,74.87085723876953,75.07654706112395,74.72900480123306,74.82830258977332,6797200
2010-01-07,75.140380859375,75.19711858488724,74.43819671651202,74.74318431284917,6312000
2010-01-08,75.26094055175781,75.26094055175781,74.78572905356977,74.94885877440578,4912000
2010-01-11,75.56594848632812,75.65106319712699,75.05527104418239,75.46665069605798,6858300
2010-01-12,75.28219604492188,75.48079151426971,74.8850051062262,75.07650633414856,8869900
2010-01-13,75.71483612060547,75.88505999811935,75.21125331660896,75.41694298212633,8619100
2010-01-14,75.91352081298828,75.99863555749141,75.59434999092178,75.63690465751041,7039900
2010-01-15,75.19003295898438,75.8780286413276,74.85667378000788,75.84965707169944,14027400
2010-01-19,76.01280212402344,76.05536219268909,75.08365602991448,75.11202760525002,10877400
2010-01-20,75.19712829589844,75.5659533216368,74.56587569822123,75.53758174955507,11896600
2010-01-21,73.5586929321289,75.26094900036946,73.5586929321289,75.16165122576004,22253800
2010-01-22,72.08338165283203,73.66506213506322,72.02664395014466,73.32460886233305,24606900
2010-01-25,72.28199005126953,72.71464145934003,72.1117606915822,72.6224379480007,18236800
2010-01-26,72.26071166992188,73.09765379910776,71.9770068760192,72.10467619780424,18352400
2010-01-27,72.55860900878906,72.7075556462075,71.62945796871884,72.11176368521177,16203100
2010-01-28,71.77842712402344,72.78559892032256,71.28903242221068,72.76431618431012,13409200
2010-01-29,71.31739044189453,72.60117262655206,71.2180926713311,72.03375215648454,14556900
2010-02-01,72.2323989868164,72.59412992861752,71.68626086092776,71.78555870199843,9985500
2010-02-02,72.96998596191406,73.12602684852847,72.11886074024554,72.3103620211582,8891300
2010-02-03,72.79268646240234,73.09767407061702,72.58699664185538,72.78559762851435,6561600
2010-02-04,70.95565795898438,72.39548100699264,70.93438063887746,72.31036631524246,16419300
2010-02-05,71.04071807861328,71.1683819011859,69.76402573970371,71.03362384025313,28939700
2010-02-08,70.37409210205078,71.1968462508106,70.30316585994956,70.92732436629582,10929500
2010-02-09,71.38829040527344,71.98407680964108,70.81377590240959,71.04074833605897,19228000
2010-02-10,71.2961196899414,71.61529578723211,70.74998186007409,71.3174024254863,11212100
2010-02-11,72.04802703857422,72.16860227436769,70.83516960548488,71.22526691152183,9934200
2010-02-12,71.82806396484375,71.89899558366777,70.92019552165316,71.3032035357472,13643000
2010-02-16,72.92032623291016,73.03381246495512,72.05501265319221,72.35291130664953,8958800
2010-02-17,73.32466125488281,73.3672213264602,73.01967356331593,73.16862569684922,8784900
2010-02-18,73.88496398925781,73.97717293860858,73.16860218568078,73.17569101922828,8677700
2010-02-19,73.94537353515625,74.22980725814273,73.54005724306518,73.7391592216191,9324500
2010-02-22,73.83875274658203,74.22273768004453,73.74631403903788,74.22273768004453,5285200
2010-02-23,73.14898681640625,74.05205831655385,73.02099187523093,73.67518583007201,10810200
2010-02-24,73.73918151855469,73.91695197103444,73.234314084527,73.3694213644512,9658700
2010-02-25,73.45477294921875,73.48321145517801,72.47347631474513,72.70813467734753,10052900
2010-02-26,73.45477294921875,73.67520663371639,73.08500727024676,73.49032379423039,6961100
2010-03-01,73.96672821044922,74.09472315450235,73.65385590008228,73.71785065954697,5818700
2010-03-02,73.95963287353516,74.40761253527096,73.91696426875706,74.25828598135902,5673300
2010-03-03,74.0165023803711,74.5000382241357,73.83162501740495,74.20138516846087,5891900
2010-03-04,74.30805206298828,74.35782757463795,73.92406721949482,74.12316926609353,6168300
2010-03-05,75.2039794921875,75.21108640096153,74.57111740354111,74.65644370979919,6753500
2010-03-08,75.08319091796875,75.34629336919805,75.01919610355341,75.17563510562876,5728100
2010-03-09,75.16846466064453,75.53823027521642,74.95514335235231,74.9764749406691,8672300
2010-03-10,75.21112823486328,75.47423048411778,74.93380673503046,75.24668449899536,7325500
2010-03-11,75.57377624511719,75.58088858247264,74.83425048874231,75.11868430659786,7739600
2010-03-12,75.67334747314453,75.85823031788479,75.46713303576603,75.82978638599204,10139600
2010-03-15,75.78002166748047,75.8226848588406,75.28226635119196,75.58803188123377,6760400
2010-03-16,76.13555145263672,76.17110772358794,75.66624014180717,75.92933701639524,6848800
2010-03-17,76.45553588867188,76.7044189340967,76.24932687837024,76.30620931649213,6989400
2010-03-18,76.76124572753906,76.81813354954787,76.41281731169747,76.46259279967484,7495600
2010-03-19,76.4741439819336,77.06547695844627,76.17491721148573,76.4741439819336,12068000
2010-03-22,76.7947769165039,76.9942615032964,76.17494514850094,76.19631772057909,8835200
2010-03-23,77.56422424316406,77.59984338575143,76.82327758944874,76.96576503089314,9105900
2010-03-24,77.2293701171875,77.52147099275395,77.10112925008467,77.3148604048912,7075900
2010-03-25,77.25787353515625,78.0344393534025,77.17237780654526,77.64971672797448,9526500
2010-03-26,77.25074768066406,77.70671402970363,77.03701107649967,77.39323512640856,8859800
2010-03-29,77.59983825683594,77.77082969792461,77.42172624902891,77.50722196957325,5886300
2010-03-30,77.74945068359375,77.92756268909267,77.42172524574137,77.66396039970437,5781300
2010-03-31,77.3790283203125,77.68538137808763,77.17241761292458,77.52864184589332,6078200
2010-04-01,77.85633850097656,78.0700751354009,77.41462409530394,77.82783992068343,11474400
2010-04-05,78.17694091796875,78.28380379616782,77.83496340108705,78.07719317240257,4237800
2010-04-06,78.1697998046875,78.27666809777807,77.85632092776775,77.97743579001504,4407600
2010-04-07,77.69251251220703,78.1555996971886,77.31491023447704,78.04873676868566,10894000
2010-04-08,77.92047119140625,78.06295867474283,77.30063922423912,77.45025271240723,8764300
2010-04-09,78.41204071044922,78.4262927171854,77.94895376693422,78.02731806179145,6013100
2010-04-12,78.49755859375,78.62579951282144,78.35507109947038,78.46906000778418,4366500
2010-04-13,78.54743194580078,78.68279887401751,78.0344682552423,78.36931985522074,6104100
2010-04-14,79.2883529663086,79.30972554050109,78.67564714023396,78.79676201768996,7987400
2010-04-15,79.4807357788086,79.52348637576293,79.11026503035127,79.138763616471,8664000
2010-04-16,78.56156921386719,79.50276768092097,78.21931275312859,79.33164217054262,22103600
2010-04-19,79.03218078613281,79.08209806948551,78.24784948747245,78.33341497895616,10482500
2010-04-20,79.2175521850586,79.4528531538415,78.98938303229443,79.3031176573383,8901000
2010-04-21,79.26040649414062,79.50283404955566,78.92528156990163,79.24614284971243,9115800
2010-04-22,79.39581298828125,79.50990028965852,78.54017998787948,78.86817281936622,9946100
2010-04-23,79.830810546875,79.88785423274992,79.18195630000014,79.35308191763956,13873100
2010-04-26,79.9163589477539,80.27287374808473,79.873573472525,79.9377489653763,8015700
2010-04-27,78.34059143066406,79.98768864027303,78.24076768705055,79.6882174094325,19874600
2010-04-28,78.82545471191406,79.03222858809495,78.21224858534573,78.70423549899802,14833300
2010-04-29,79.63829040527344,79.85932787556239,79.08925447973735,79.10351812039244,7472600
2010-04-30,78.50454711914062,79.85930426157474,78.46176708979517,79.7238269153363,14615900
2010-05-03,79.53136444091797,79.73101196446548,78.83972449149479,78.83972449149479,8324800
2010-05-04,77.9769515991211,78.81832711274679,77.5063492460824,78.79693708578803,19911700
2010-05-05,77.57769012451172,78.11958917500716,77.1855213274529,77.39943256948295,18900400
2010-05-06,75.05352020263672,77.82720576081638,70.70403939870353,77.2710433729017,34425300
2010-05-07,73.99817657470703,75.53832240502929,73.11402180543773,74.88233134397633,33885700
2010-05-10,77.00724029541016,77.3423652670937,76.29421029267488,76.7006371766345,20454000
2010-05-11,76.77191162109375,77.67033062629604,76.27992479442308,76.3940067252506,16440600
2010-05-12,77.90560913085938,77.96977917832263,76.97153673346399,77.06423405533359,12985000
2010-05-13,77.0785140991211,78.04823498440761,76.98582219096328,77.68458829242887,11160700
2010-05-14,75.94478607177734,76.77189759916199,75.31019014749586,76.61503021293792,17962100
2010-05-17,75.95191192626953,76.23712485925272,74.62568185186853,76.07313109477673,17552200
2010-05-18,75.14620208740234,76.6578270588714,74.96794465661527,76.50095964938117,19213400
2010-05-19,74.70410919189453,75.2816668701259,73.8627340418634,74.83958655740305,24115100
2010-05-20,72.09441375732422,73.62029646434044,72.01598007649768,73.42064907313959,28708100
2010-05-21,72.88961029052734,72.98265826366973,70.87126105479915,71.07166913357256,30840500
2010-05-24,72.05938720703125,72.98983439607564,71.95202707590103,72.55324053389236,16537800
2010-05-25,71.90191650390625,71.98064689185126,69.96229745480024,70.5205635070923,25166200
2010-05-26,71.3436279296875,72.86097029223774,71.22910905226003,72.20249766815104,18499900
2010-05-27,73.5194091796875,73.52656797191355,72.33845964808108,72.60328035485975,18333200
2010-05-28,72.62478637695312,73.4550264780722,72.3170236891663,73.42639675588724,19442500
2010-06-01,71.80170440673828,73.21168692029622,71.73729162294075,72.0522076668868,17009600
2010-06-02,73.44068908691406,73.46931879925167,71.86609313226094,72.18816784008021,14879500
2010-06-03,73.49791717529297,73.90588084618719,72.8895456034807,73.71263173544116,11856600
2010-06-04,71.17191314697266,72.41727692207004,70.85699143764673,72.26697486822769,20047200
2010-06-07,70.33446502685547,71.51541525154825,70.28436437298664,71.3293302289279,13694600
2010-06-08,71.17191314697266,71.33652734189114,69.92654391131019,70.39892647529908,25086600
2010-06-09,70.96432495117188,72.13095786071226,70.71382162219854,71.55837960313937,16076800
2010-06-10,72.91826629638672,72.9898433663122,72.00213659120371,72.00213659120371,13825600
2010-06-11,73.22599029541016,73.25462001608369,72.30270228079188,72.33849079677401,9066300
2010-06-14,73.10435485839844,74.0705852098786,73.03278325098576,73.71272171225161,8995700
2010-06-15,74.55718994140625,74.64307904314067,73.07563706496902,73.58380196397766,9402100
2010-06-16,74.64313507080078,74.7791248854826,74.09202247697743,74.21370016090592,9602400
2010-06-17,74.83639526367188,74.87934258646274,73.99183738961585,74.80061219866887,9742800
2010-06-18,74.92244720458984,75.17340655701717,74.73602338307445,74.93679086501632,6890700
2010-06-21,74.89375305175781,75.97646947495225,74.54241001607319,75.81155570066267,10258800
2010-06-22,73.80391693115234,75.24514913025818,73.73938137004001,74.9296540992782,11915600
2010-06-23,73.84687042236328,74.34162255304147,73.33060828087322,73.91140592530016,12966900
2010-06-24,72.82152557373047,73.59591886686195,72.63510181355205,73.50270698677274,13397700
2010-06-25,72.93629455566406,73.15857211144262,72.29813827510212,72.9936582702214,10893500
2010-06-28,72.7354965209961,73.17288508767777,72.44868353899953,72.91475395093113,6770700
2010-06-29,70.79238891601562,71.86793413796934,70.36216645082943,71.83925227558987,16662900
2010-06-30,70.07533264160156,71.07917009808922,69.97494342544896,70.63461507321722,13386200
2010-07-01,69.795654296875,70.2688964292802,69.02126653462317,70.08963904043,18562200
2010-07-02,69.45864868164062,70.0824608369634,68.95672475622477,69.93188530048891,11305700
2010-07-06,69.8745346069336,70.71346342383065,69.27223234916329,70.26173126000103,10251400
2010-07-07,71.91091918945312,71.96828288628696,69.91040539402525,69.93908724244216,12255100
2010-07-08,72.78575897216797,72.78575897216797,71.9898547737267,72.34836998129455,9456500
2010-07-09,73.21588897705078,73.23022716126303,72.6207531279664,72.74981866788227,7377600
2010-07-12,73.31626892089844,73.35212258534384,72.81435044166976,73.02945601683871,6613100
2010-07-13,74.37751007080078,74.70017132083993,73.97596962771436,74.0118233090537,9339100
2010-07-14,74.39183807373047,74.63562556784152,73.9401112914349,74.23409065024546,8757900
2010-07-15,74.35600280761719,74.48506841601544,73.48839723413613,74.37034646994161,11495700
2010-07-16,72.49217987060547,73.99929267027325,72.36299846061037,73.92752643703433,12219700
2010-07-19,72.92998504638672,73.13093275584556,72.31278538138343,72.77927426429258,7289500
2010-07-20,73.43952178955078,73.48975870952849,71.79604901397497,71.83910766669482,9200800
2010-07-21,72.65006256103516,73.70503759641409,72.28404768526,73.68350827585299,10812500
2010-07-22,74.0997314453125,74.42986034240222,73.36052918928443,73.38205850153224,10386600
2010-07-23,74.83180236816406,74.99686965793282,73.86294438154141,73.99930407850631,13384300
2010-07-26,75.54229736328125,75.5925342781058,74.7887381654999,74.93227611886509,9047000
2010-07-27,75.67150115966797,75.95856620045738,75.35572304430201,75.89397820890416,10259500
2010-07-28,75.42028045654297,75.75041497534347,75.13321553214465,75.52793254089856,7157900
2010-07-29,75.11886596679688,76.0231358936636,74.58061097051645,75.82936650418436,11562800
2010-07-30,75.14037322998047,75.44897288959541,74.30787526069611,74.49447180440573,11706000
2010-08-02,76.59732055664062,76.78391178644203,75.98729349828527,76.13083153130492,6852300
2010-08-03,76.35325622558594,76.66903420604756,76.11642274023974,76.4178496649587,5440100
2010-08-04,76.7623062133789,76.89866584046713,76.346054544149,76.53982932742288,7289900
2010-08-05,76.70491790771484,76.70491790771484,76.23843465779358,76.38196712309049,3631700
2010-08-06,76.56854248046875,76.59725006065177,75.57815012809334,76.01593114391501,7524700
2010-08-09,76.87715148925781,77.05656978070225,76.53266596050335,76.79102873821627,3723500
2010-08-10,76.54704284667969,76.92023058294707,75.83654228131547,76.3317386495245,8434400
2010-08-11,74.73133850097656,75.50642718384478,74.57345493261232,75.49207612323501,9496200
2010-08-12,74.24324035644531,74.54466705878583,73.76240095032844,73.8126378214838,14562800
2010-08-13,74.1715316772461,74.49448793537749,73.99211335897728,74.07105785704856,6481600
2010-08-16,74.12133026123047,74.34380733028819,73.47542291107804,73.78402278529447,5818900
2010-08-17,74.87492370605469,75.44188677745967,74.40125627598812,74.63091171848224,5461600
2010-08-18,75.04705810546875,75.4346021448955,74.40832963550889,74.82458124919799,6344900
2010-08-19,73.96337890625,74.86047017175531,73.59736961221944,74.69540844513224,8882600
2010-08-20,73.5772705078125,73.82219476886752,73.09463259112161,73.78617471710145,8548600
2010-08-23,73.30352020263672,74.23278126973246,73.26029505112706,73.86539770927902,5552400
2010-08-24,72.32388305664062,72.86415109915156,71.97090947438289,72.5616023143592,9543400
2010-08-25,72.47515869140625,72.74169290880123,71.58191705132563,71.97091070810852,9732500
2010-08-26,71.98529052734375,72.79929213180667,71.79799612869347,72.72725751567623,8258800
2010-08-27,73.17391204833984,73.2099266237768,71.60353256693763,72.41753451757742,10431400
2010-08-30,72.15821075439453,73.14510252567354,72.15101113630692,72.92179345534065,4731200
2010-08-31,72.17984771728516,72.6480813757969,71.69000420460871,71.95653856305847,10523400
2010-09-01,74.05274200439453,74.12477664432733,72.99381576012132,73.01542560251208,8511100
2010-09-02,74.39847564697266,74.4056807563603,73.92304284926355,74.13194705439979,3782600
2010-09-03,75.3349609375,75.37097550170776,74.405699445063,75.07563189329016,6280300
2010-09-07,74.60022735595703,75.12609079436669,74.49217811837947,75.03244628983545,4206700
2010-09-08,74.90275573730469,75.20530448940114,74.68664634529857,74.70825618532115,5742100
2010-09-09,75.09722137451172,75.63748915418446,74.89552228277599,75.62308443158393,4396500
2010-09-10,75.47903442382812,75.50784937434585,75.02521131892608,75.21970536505843,3521600
2010-09-13,76.12010955810547,76.25697912285202,75.68069142528564,76.10570483881537,4944900
2010-09-14,75.95443725585938,76.40826014800783,75.75993780501912,75.98325219286858,5077800
2010-09-15,76.31465911865234,76.40109848294377,75.62311672486895,75.78159072470002,4374300
2010-09-16,76.49475860595703,76.53077318056063,75.92567556666533,76.12016965801992,5449000
2010-09-17,76.5460205078125,76.84911458291224,76.24292643271276,76.74808322454565,7777800
2010-09-20,77.5923843383789,77.73671871841931,76.63979945328676,76.78413383332716,5257500
2010-09-21,77.6645278930664,78.16246619408784,77.33977977766102,77.60679416066655,8381800
2010-09-22,77.50582122802734,77.967680423329,77.27489163037652,77.6212832739548,5593500
2010-09-23,76.97893524169922,77.66451077480639,76.79130891144258,76.95728647326888,7547400
2010-09-24,78.3501205444336,78.41507238846133,77.70062963312296,77.77279406642562,5334900
2010-09-27,78.07591247558594,78.46560711710592,77.99652992791735,78.35013959111718,3989800
2010-09-28,78.34288787841797,78.5666047375786,77.43360627749317,78.19855903865628,7872700
2010-09-29,78.16250610351562,78.45116940711335,77.93879465847981,78.19137298445484,6281000
2010-09-30,77.87386322021484,79.0357237422211,77.55633297486409,78.5955188645243,11670500
2010-10-01,78.16972351074219,78.4656049084137,77.82332644832123,78.33570669823015,5987600
2010-10-04,77.6284408569336,78.33566529543079,77.267613297776,78.05422023975119,5561600
2010-10-05,78.94908905029297,79.15115164857778,78.13361505690983,78.23465186184511,6493200
2010-10-06,79.21611022949219,79.2594132971007,78.85528253225232,78.9779681337171,7215600
2010-10-07,79.0934066772461,79.46145236090243,78.66763276355496,79.44701617404966,5282200
2010-10-08,79.4975814819336,79.67799537726573,78.93468550362941,79.13675369126932,4812900
2010-10-11,79.5697250366211,79.67075635100342,79.2954924640459,79.59137381744678,3527300
2010-10-12,79.5697250366211,79.83673400786279,78.81198467295998,79.33157743595119,5373500
2010-10-13,80.14701080322266,80.56557206777612,79.85835317808771,79.97381512698344,6921600
2010-10-14,80.15428161621094,80.26974914684547,79.6058218572867,80.13985092777907,8971700
2010-10-15,79.93977355957031,80.51035988162471,79.52808539181069,80.48146880717029,9377400
2010-10-18,80.17811584472656,80.59702262245015,79.84587677461056,79.93976862798833,4434900
2010-10-19,79.33304595947266,79.93974730292294,78.84913301972536,79.65806630752334,9253700
2010-10-20,80.23583221435547,80.58974345595854,79.31856476521509,79.51357247127014,7394700
2010-10-21,80.56087493896484,81.04478777969196,79.95417371966018,80.58976599801802,6992000
2010-10-22,80.43089294433594,80.66201597824003,80.2792189699371,80.59700969755038,3549800
2010-10-25,80.68363952636719,81.2903406082095,80.64752984353676,80.82087064817536,6126500
2010-10-26,80.71984100341797,80.82818118852691,80.12036342150442,80.31537134637196,5371300
2010-10-27,80.39476013183594,80.5031002356626,79.63639042586244,80.25753447670164,7608300
2010-10-28,80.24308776855469,80.79200693110567,79.86751497969772,80.72700066336874,5657500
2010-10-29,80.39476013183594,80.44531811223418,80.03363012601811,80.1853040672128,5972000
2010-11-01,80.40201568603516,81.26150719899474,79.93254539297969,80.6620298326379,9428500
2010-11-02,80.80647277832031,81.09537797322308,80.78480585302405,80.90037013514846,4073600
2010-11-03,81.10980224609375,81.16036022695029,80.21419585605427,80.94368001733278,10108800
2010-11-04,82.6482162475586,82.71321700588801,81.7887250402688,81.8392830224384,9353700
2010-11-05,82.72761535644531,82.79261607553903,82.37370969488258,82.66260912694814,6347900
2010-11-08,82.49653625488281,82.59042806905735,82.17874009858993,82.43875413366477,4081700
2010-11-09,82.11376190185547,82.63379011485804,81.78152287919448,82.61211768064302,5838500
2010-11-10,82.1426010131836,82.25815970386384,81.44200819772,82.063152002539,9956900
2010-11-11,81.67314147949219,81.803148467049,81.27589637573386,81.54313449193538,5517900
2010-11-12,81.0086898803711,81.60816153416445,80.64033571183269,81.22536458920018,8695800
2010-11-15,81.07368469238281,81.6370466085802,81.0231267129909,81.12424267177472,6607300
2010-11-16,79.80970001220703,80.70530053277919,79.49912810848544,80.59696047140572,9492400
2010-11-17,79.76642608642578,80.0192160791746,79.63641901723945,79.91087593645123,5558800
2010-11-18,81.00148010253906,81.16037822343839,80.42366975570658,80.43089390040414,7154500
2010-11-19,81.16156005859375,81.19778634550924,80.56014730816851,80.90795393738999,4474300
2010-11-22,81.0239486694336,81.0529330383771,80.09647097605378,80.8283110893188,6814800
2010-11-23,79.98771667480469,80.2920440117671,79.6326681150152,80.27030713458389,6615500
2010-11-24,81.04566192626953,81.12536753556643,80.42975946841298,80.42975946841298,4288200
2010-11-26,80.16893005371094,80.68339016990119,80.16893005371094,80.38631005917867,2330100
2010-11-29,80.17619323730469,80.32835705966485,79.27045225072918,79.89360249174946,6040400
2010-11-30,79.8283462524414,80.25585865848254,79.38634443028769,79.46605003941059,8055600
2010-12-01,81.63985443115234,81.8065131769045,80.85729302433957,80.92250923900896,7312300
2010-12-02,82.41516876220703,82.50936934738495,81.69782356659242,81.71231298758723,6146200
2010-12-03,82.56008911132812,82.61805232245626,82.10359219934746,82.12532909454592,4550500
2010-12-06,82.41516876220703,82.63979624915154,82.33546312622725,82.44415313239998,6181100
2010-12-07,82.40792083740234,83.11801850690274,82.36444152116552,83.05280782485194,7617300
2010-12-08,82.52386474609375,82.66153913243203,82.20504217908037,82.38619035975546,6518700
2010-12-09,82.54553985595703,82.88609906522213,82.24845993668721,82.85711471462514,5237500
2010-12-10,82.81371307373047,82.8499393973758,82.43692171602873,82.67603867054663,8294000
2010-12-13,82.95855712890625,83.34983756943645,82.91508336713609,83.0889839424163,4756900
2010-12-14,83.33538055419922,83.60347622693465,83.03104751890233,83.06003188074973,5212500
2010-12-15,83.2484130859375,83.64694108223398,83.09624935867906,83.2629080284578,5851100
2010-12-16,83.50202941894531,83.61071938821826,82.9078638522149,83.3208813128909,8109500
2010-12-17,83.48242950439453,83.51148016728516,83.14109668233623,83.46790694337291,4621200
2010-12-20,83.33720397949219,83.62770514510682,83.06848943165011,83.62044109223301,6742100
2010-12-21,83.74382781982422,83.85276635266506,83.5114282021576,83.59858013659907,4783100
2010-12-22,83.94000244140625,83.99810378928356,83.70033853704943,83.77296245147133,3487300
2010-12-23,84.04888916015625,84.09246237372105,83.80922540385772,83.8891133226239,3578800
2010-12-27,83.9109115600586,83.98353543968148,83.6276745509366,83.78018636039869,4138600
2010-12-28,84.09251403808594,84.15787389858862,83.7656981130241,84.07798593074124,4738400
2010-12-29,84.1711196899414,84.41129801465495,84.14928630637519,84.21478645707387,6621900
2010-12-30,84.02554321289062,84.21477509951485,83.88726328470602,84.08376926304297,6599100
2010-12-31,84.156494140625,84.22927943219682,83.72708979458956,83.93087528441913,3725200
2011-01-03,84.72422790527344,85.05173965512452,84.6878352429608,84.72422790527344,9108900
2011-01-04,84.8916015625,84.95710722925067,84.50586386157308,84.942547946533,9775600
2011-01-05,85.18274688720703,85.29191932322624,84.64416990298393,84.76061642939453,7567800
2011-01-06,84.99352264404297,85.29192695902753,84.78973704002486,85.25553429284948,7161600
2011-01-07,84.84063720703125,85.226374826249,84.29478082827295,85.0880949861589,9249800
2011-01-10,84.57134246826172,84.6732352104154,84.1055454890626,84.54223501570752,6166700
2011-01-11,84.82613372802734,85.05175272135295,84.54956277854018,84.88435422283486,5122600
2011-01-12,85.44478607177734,85.62673833958235,85.16094097822095,85.26283380397234,5255800
2011-01-13,85.29915618896484,85.43016194446868,85.02259095078493,85.4228878572517,6056800
2011-01-14,85.65579223632812,85.71401270174893,85.01531714205095,85.06626351975584,5885800
2011-01-18,86.0488052368164,86.1943647222145,85.69217505793574,85.70673433811862,4665700
2011-01-19,85.99785614013672,86.23802872816914,85.77951136621097,86.13613598106733,9080300
2011-01-20,85.96878051757812,86.12889379498007,85.39381087876629,85.76498938201617,10935600
2011-01-21,86.32145690917969,86.56921681157533,85.96439689052471,86.5036311823021,9663000
2011-01-24,87.12296295166016,87.13753999685987,86.23395221794708,86.24852926314679,12299400
2011-01-25,87.07203674316406,87.14490535952189,86.50365375224635,86.93358803993992,10474000
2011-01-26,87.15948486328125,87.39995630757433,86.96273347812539,87.11576480414405,9154100
2011-01-27,87.18130493164062,87.39262771980533,87.04285072847696,87.16673343844708,7393200
2011-01-28,86.00082397460938,87.34162944659775,85.81136674318455,87.19589225942214,17156100
2011-01-31,86.42346954345703,86.45990661998545,85.89880677474488,86.16842668631011,8965000
2011-02-01,87.5092544555664,87.61127719042038,86.77327419915312,86.83157131634995,7626900
2011-02-02,87.51654052734375,87.6768548153733,87.36351476863888,87.36351476863888,4231200
2011-02-03,87.71326446533203,87.8590016491249,87.12301608408139,87.46550458146353,6338100
2011-02-04,87.94644927978516,87.94644927978516,87.4582180280751,87.71326644474405,5191300
2011-02-07,88.42742156982422,88.64603299680071,88.06307289787644,88.08493292867017,7317100
2011-02-08,89.00306701660156,89.06136412128792,88.4128241203263,88.50026421783797,6032000
2011-02-09,89.1051025390625,89.19254821411899,88.71889387005471,88.9812253357051,7682100
2011-02-10,89.02491760253906,89.08321470104477,88.48568334015465,88.73343766952789,7202200
2011-02-11,89.37468719482422,89.45484430871824,88.6897102431906,88.76986735708462,6887200
2011-02-14,89.34555053710938,89.41841913411406,89.11965621853957,89.2581048849932,4093900
2011-02-15,89.04682922363281,89.1707120196218,88.81364625400724,89.14884642537396,4854700
2011-02-16,89.54229736328125,89.67346306324698,89.17066584630973,89.25810593994179,5680000
2011-02-17,89.74635314941406,89.87751331314132,89.31641889451748,89.37471600696425,4856500
2011-02-18,90.28688049316406,90.31610021747169,89.71710980189714,89.82668237477753,6320900
2011-02-22,89.03777313232422,90.05313494157284,88.74558144069957,89.75364249814997,9844300
2011-02-23,88.27810668945312,88.95014390532158,87.92017467255936,88.8770973510915,14461100
2011-02-24,87.9639663696289,88.4168637419815,87.33575622250125,88.2196319939035,12247300
2011-02-25,88.48990631103516,88.6286986036191,88.1977146507443,88.34381326743592,5649800
2011-02-28,89.22769927978516,89.24961268154058,88.70906167023239,88.75288847374324,5759600
2011-03-01,87.92742156982422,89.46872678661948,87.92742156982422,89.41028735349667,9666700
2011-03-02,87.98587799072266,88.37303515461583,87.65716584802955,87.83978494354628,8298400
2011-03-03,89.38102722167969,89.60017221025436,88.70168444480448,88.70899076391393,7297200
2011-03-04,88.7309799194336,89.50528321358883,88.09546336834242,89.43223667938248,10366700
2011-03-07,88.17578887939453,89.30802931424509,87.81055074855132,88.9500919333928,8355500
2011-03-08,89.11077880859375,89.40297036626146,88.08081039485084,88.29264913483267,8009200
2011-03-09,89.12545776367188,89.45417002743825,88.71638704934013,89.02319147836259,7819900
2011-03-10,87.45996856689453,88.4241974868042,87.37961569247753,88.35114536599285,15698000
2011-03-11,87.9639663696289,88.27076511875842,87.08739692266096,87.12391739864727,10479900
2011-03-14,87.54762268066406,87.7375481642575,86.86827919424748,87.48918321292848,8026700
2011-03-15,86.51034545898438,87.0216768586012,85.40732421341748,85.53881022661814,14786600
2011-03-16,84.85215759277344,86.34963115646939,84.37734672697961,86.18892542591513,16469000
2011-03-17,85.96976470947266,86.18160352293373,85.39999403958748,85.79444637020617,7902300
2011-03-18,86.5597152709961,87.10131218150052,86.36210951119816,86.969573147029,10498900
2011-03-21,87.87705993652344,88.20640455959696,87.49648380355366,87.49648380355366,7615000
2011-03-22,87.76726531982422,88.00146727568426,87.65748193155528,87.93560059301194,6360500
2011-03-23,88.2868881225586,88.49181969049857,87.41595269002441,87.59160273587295,6693400
2011-03-24,88.89439392089844,89.0334532984681,88.3528027625056,88.74069935907683,4827100
2011-03-25,89.26029205322266,89.53109029418961,88.99681419277218,89.07000124649414,6604100
2011-03-28,89.11396026611328,89.62627546928042,89.07004354597257,89.37011786769685,2663400
2011-03-29,89.66285705566406,89.72872374931448,88.91633435806315,89.09930484106901,6025800
2011-03-30,90.1751708984375,90.44596921962771,89.97756523646662,90.0214763649455,4100800
2011-03-31,90.03612518310547,90.43134215072152,89.9848936641821,90.15322898853992,4355100
2011-04-01,90.35810089111328,90.7167213085703,90.12389900447413,90.45324348812456,5203200
2011-04-04,90.57769012451172,90.63623642286872,90.3508029770496,90.489862301254,6278900
2011-04-05,90.49720764160156,90.85582824713558,90.21177411705992,90.40205941087676,8523300
2011-04-06,90.87774658203124,91.01680588761802,90.60695393491687,90.90702251919762,4246000
2011-04-07,90.6874771118164,90.93631424521396,90.10196943445804,90.78261973626576,6542200
2011-04-08,90.49720764160156,91.00952279236444,90.05807957183104,90.9656116605323,6080300
2011-04-11,90.48983764648438,90.9582414086085,90.28491169853172,90.59962099969138,5467500
2011-04-12,89.62626647949219,90.0946704993532,89.41402003552136,89.96293151977878,5161400
2011-04-13,89.69212341308594,90.17516253299036,89.3481380484034,90.1458865887817,4278200
2011-04-14,89.8165512084961,89.94096979629391,88.89437841460871,89.26763976181817,4338300
2011-04-15,90.24288177490234,90.41136523003428,89.70079047764675,90.01578735997579,5299500
2011-04-18,89.1806411743164,89.28319773380338,88.38216430560873,89.24657358479422,10033200
2011-04-19,89.65684509277344,89.73009901669286,89.17336472377227,89.34184818989534,5007200
2011-04-20,91.08529663085938,91.22448296868944,90.66042172770403,90.78495393054416,6708700
2011-04-21,91.4149932861328,91.42964183952851,90.97546402833116,91.29778250329623,4019100
2011-04-25,91.2391586303711,91.35636379336924,90.99008857701112,91.3197396250832,4441200
2011-04-26,92.0815887451172,92.21344804883712,91.31241413084793,91.41497074608384,6200000
2011-04-27,92.80684661865234,92.93870596344544,92.05964180185212,92.21347677262438,5703800
2011-04-28,93.34154510498048,93.4294531409542,92.69690294124992,92.71155148612162,11788000
2011-04-29,93.7957000732422,93.85430541645044,93.42943065047348,93.44407919181896,11425900
2011-05-02,93.64923858642578,94.22795965047492,93.48808219632788,94.2059840331396,10518700
2011-05-03,93.63455200195312,93.8982648917688,93.23164721808512,93.59060078513612,7708200
2011-05-04,93.01190948486328,93.590624873865,92.67493702840312,93.5246924427559,8253900
2011-05-05,92.03766632080078,92.91672489486022,91.56883433611333,92.72626574346216,11362900
2011-05-06,92.4991683959961,93.35625690666464,92.17684990948594,92.83614661426256,9866400
2011-05-09,92.82146453857422,93.08518314112378,92.33065709062998,92.47716494141696,5464900
2011-05-10,93.36359405517578,93.52475611993214,92.89476200620396,93.00464574025771,4179600
2011-05-11,92.52840423583984,93.2170031398242,92.11085088933982,93.18037339811332,7813600
2011-05-12,93.0265655517578,93.151103356384,91.83983758500692,92.27203960032594,6684200
2011-05-13,92.27208709716795,93.12184860654531,91.86918755855083,93.01929195388507,6677500
2011-05-16,91.91311645507812,92.60903722726462,91.78125713531556,91.98637039074244,4399900
2011-05-17,91.42961120605467,91.75926223064472,90.72636351141148,91.51751926372852,25391000
2011-05-18,92.08892822265624,92.19148485171075,91.246493979208,91.48823700008673,4534600
2011-05-19,92.43318939208984,92.65295669938313,91.90575232571776,92.38191109891004,4714900
2011-05-20,91.76071166992188,92.35603929038268,91.55492162131154,92.24579301938192,6881200
2011-05-23,90.7831802368164,91.04776897696468,90.42304774336444,90.56269335826408,5901700
2011-05-24,90.62152099609376,91.10659676945689,90.55537098628686,90.99635049135117,4244400
2011-05-25,90.87879180908205,91.23157329920714,90.25407014782496,90.2834639325348,4110900
2011-05-26,90.98897552490234,91.26090990157624,90.34220055906856,90.7023386586285,6190400
2011-05-27,91.3050537109375,91.61373884607242,91.12131175802013,91.26830307741028,4402800
2011-05-31,92.2384796142578,92.27523025545472,91.57700732423724,92.1135364059652,5290000
2011-06-01,90.1805191040039,92.00324115510782,90.1217259596645,91.9664905334578,8218900
2011-06-02,89.8865737915039,90.30550525799184,89.46029107616954,90.22465834276085,8832200
2011-06-03,89.166259765625,89.66603790611732,88.81347288695393,88.84287226078962,6224000
2011-06-06,88.732666015625,89.18099122018177,88.57097220052614,89.00460051614637,4679000
2011-06-07,88.55623626708984,89.3720506753368,88.54153938370257,89.13686128963948,3834600
2011-06-08,88.41658020019531,88.80611202386073,88.25488647549882,88.49742706254357,6860100
2011-06-09,89.019287109375,89.43086721438299,88.51215761759131,88.62974953015429,4024900
2011-06-10,87.73307800292969,88.73997995245055,87.61548050401368,88.67383556482832,7384800
2011-06-13,87.79924011230469,88.22552272088178,87.52730004668994,87.99768452994094,5363200
2011-06-14,88.71060943603516,89.03399705589756,88.35047679132605,88.37987617561893,4853100
2011-06-15,87.37295532226562,88.24021740441897,87.13042025072792,87.93888357302312,20958800
2011-06-16,87.85071563720703,88.0859051501418,87.23334526851339,87.34358597195133,7469900
2011-06-17,88.1584243774414,88.69588844029138,87.93018906080502,88.51919031183522,7742000
2011-06-20,88.74742126464844,88.89466876159953,87.86391943154605,87.87128349153319,5679800
2011-06-21,89.52049255371094,89.75609757178536,88.89468217156596,89.07138593512177,4744500
2011-06-22,88.94625091552734,89.68250000676989,88.9315284052418,89.1965785274599,4702500
2011-06-23,88.58544158935547,88.60016409152333,87.23810514716396,88.07006975650545,9033500
2011-06-24,87.7608413696289,88.57807786274353,87.60622981919259,88.519182236719,6643300
2011-06-27,88.49711608886719,88.88733272670956,87.67252091065444,87.81240438288218,4488800
2011-06-28,89.53526306152344,89.56471370272455,88.71066195929868,88.81373639493484,4085500
2011-06-29,90.15364074707033,90.27144322180716,89.44684275004262,89.82233111685241,5712400
2011-06-30,91.16967010498048,91.30955352641818,90.38188428775464,90.48495864760616,4754500
2011-07-01,92.45813751220705,92.56121190805833,91.14761537884064,91.36112261515169,8692000
2011-07-05,92.39186096191406,92.62746035481668,92.14890312529732,92.42867564901522,5324300
2011-07-06,92.83360290527344,92.95876946275658,92.20043414316524,92.31086696280886,9795100
2011-07-07,93.57725524902344,93.77604564261694,93.20913071569358,93.37847047256454,4400700
2011-07-08,93.05450439453124,93.07659096430253,92.3992432780259,92.78945432300844,5987200
2011-07-11,91.9943389892578,92.369827669142,91.69247972604036,92.1563147185073,6931200
2011-07-12,91.53785705566406,92.42871784228618,91.52312892724724,91.92806820168236,12501300
2011-07-13,91.88388061523438,92.72320405480558,91.65563959771288,92.00167753838656,7366800
2011-07-14,91.4494400024414,92.52436230872289,91.27274190723747,91.9500892864618,6517000
2011-07-15,91.78987884521484,91.94462989610729,91.21508762127158,91.90041691648084,7853000
2011-07-18,91.09724426269533,91.39200514994688,90.4340210219722,91.30357913265284,6150200
2011-07-19,92.57840728759766,92.71842260074506,91.61305275303842,91.6720071609112,5848000
2011-07-20,92.4531478881836,92.7258078507088,92.30576746758778,92.68158922676793,3291800
2011-07-21,93.61009979248048,93.80906954082612,92.65211583289133,92.87318645947228,6881400
2011-07-22,93.293212890625,93.60271509490109,93.01318788992783,93.4995476934757,5848500
2011-07-25,92.6742172241211,93.1016226608287,92.20995825171129,92.36470936844714,5236200
2011-07-26,91.9889144897461,92.50475169611,91.87100562988928,92.37947774916503,7202900
2011-07-27,90.52237701416016,91.66459424639106,90.4118445780468,91.649858462309,7558600
2011-07-28,90.1097640991211,91.12670812665836,89.95501296932254,90.50769798526142,7454600
2011-07-29,89.26233673095703,90.07294613774746,88.90125066388035,89.22549442659653,16015400
2011-08-01,89.24761199951172,90.61090111837856,88.26014479162326,90.44877921691888,11630000
2011-08-02,87.29476928710938,89.16653018212587,87.26529207354176,88.66542879588363,9644500
2011-08-03,87.54531860351562,87.61163811421758,86.0935982324258,87.3979325427279,16594800
2011-08-04,83.79439544677734,86.63888071784238,83.68385734741653,86.45465242630812,19368300
2011-08-05,84.19236755371094,85.15772244165483,81.98899775825103,84.84084941109406,30450400
2011-08-08,79.63821411132812,83.29330312952624,79.60136620022094,81.9963342449392,30395700
2011-08-09,82.80696868896484,82.81433377568192,78.06861484962651,80.80993385893876,32097800
2011-08-10,78.9749755859375,81.55417143620744,78.75390502923483,81.22256279005305,27711600
2011-08-11,81.9815902709961,83.13854372453918,79.46134857558907,79.73400285064106,17393500
2011-08-12,83.12385559082031,83.63232214720648,82.22482010725017,82.89540855374959,14097500
2011-08-15,84.60503387451172,84.6566175926351,83.59546601663932,83.84601389832328,13586200
2011-08-16,84.06707763671875,84.67871707614677,83.24910335560484,83.96391021587581,10846800
2011-08-17,84.19969940185547,85.08399294671878,83.5512122215679,84.52393736979802,9350200
2011-08-18,81.112060546875,82.31322740684634,80.33093411469024,82.23953718871248,18143700
2011-08-19,79.82422637939453,81.83628621457882,79.72065903991242,80.1053216045913,15277500
2011-08-22,80.11266326904297,81.59212145946898,79.89814115418898,81.50335193631679,11314800
2011-08-23,82.38362121582031,82.45759298749117,80.2088161378539,80.51950096508213,12374800
2011-08-24,83.55242919921875,83.64119875440609,82.04338626684401,82.29489154101074,9256900
2011-08-25,82.3023452758789,84.16646202789691,81.96946345479971,83.87796783584282,10391700
2011-08-26,83.36749267578125,83.64119455777741,80.69706936085193,81.90283177264476,13140300
2011-08-29,85.17240905761719,85.21679099812522,84.2699386427193,84.30692735559947,7117800
2011-08-30,85.3277587890625,85.92694325558037,84.42528829699853,84.94310210317059,10480300
2011-08-31,85.77156066894531,86.52608728076592,85.15758999282409,85.92690869890158,8390900
2011-09-01,84.97270202636719,86.57051429134056,84.86174150876253,85.875166981792,7690900
2011-09-02,83.05679321289062,83.79652240879265,82.81268122375835,83.39706796576326,9426300
2011-09-06,82.26531982421875,82.45025220552768,80.76366979098044,80.92641118952244,10881100
2011-09-07,84.28477478027344,84.34394884667844,83.14559075758231,83.39709605994499,7271500
2011-09-08,83.49322509765625,84.83213295544358,83.38966347571055,83.87048287316482,7772800
2011-09-09,81.23703002929688,82.62771837163267,80.79319380460961,82.58333644226907,11877700
2011-09-12,81.74740600585938,81.77699582595719,80.0016461258563,80.16438731455371,10062000
2011-09-13,82.05076599121094,82.38364753560481,81.23706495550294,81.87323255374594,10836700
2011-09-14,83.14559173583984,84.20340508052114,81.2740771207163,82.47243522391183,14634500
2011-09-15,84.52149200439453,84.57327284227112,83.46367862175438,83.90751518122347,9646000
2011-09-16,85.1217269897461,85.32181910551415,84.34357904759752,84.93645420867038,12330800
2011-09-19,84.27694702148438,84.64749286265933,83.21718568956078,83.81746814295833,9727400
2011-09-20,84.39546966552734,85.41817921096673,84.099037688259,84.67708795964082,8070700
2011-09-21,82.22412109375,84.65490659672149,82.17224490139249,84.43257682714307,14933100
2011-09-22,79.34867858886719,80.33433178879024,78.34820604451475,80.0008371712859,19744500
2011-09-23,79.6302261352539,79.94148865409818,78.65198623592705,78.88172829198778,12056800
2011-09-26,81.69789123535156,81.7645923825985,79.65248362106354,80.34169865420411,11476000
2011-09-27,82.78731536865234,84.07681275536115,82.32783668875454,83.3060827144876,13564400
2011-09-28,81.39405059814453,83.71366409691004,81.3273494477748,83.07632519108843,11260200
2011-09-29,82.542724609375,83.37274867610685,81.09759922728637,82.90586331898814,13212200
2011-09-30,80.72713470458984,82.37977200269432,80.68267100330485,81.37929349112541,10338600
2011-10-03,78.82246398925781,81.23101049635662,78.77800032458538,80.19348163940627,13520400
2011-10-04,79.83036804199219,80.1045682466348,76.95492973629601,77.87388716083747,18100000
2011-10-05,80.98639678955078,81.08274220629347,79.4893959524687,79.92663678389745,9967000
2011-10-06,82.3278579711914,82.41679099308753,80.3862017194713,81.00130906590654,8534300
2011-10-07,82.27593231201172,83.15783253972519,81.80163445527752,82.9058642769936,10022000
2011-10-10,84.64004516601562,84.66227700258831,83.43947510438419,83.4468876012679,7176500
2011-10-11,84.49183654785156,84.74380492316654,84.13611016931863,84.2028113389531,7836000
2011-10-12,85.21806335449219,86.05549990970012,84.78823481687566,85.05502240908618,7855800
2011-10-13,84.9735107421875,85.23289150401025,84.21759463164511,84.87716527774151,5493900
2011-10-14,86.21853637695312,86.22594887113895,85.34405430162363,85.83317149043634,5256900
2011-10-17,84.41031646728516,85.87767435777184,84.21763110901149,85.84803002156983,8397900
2011-10-18,85.60350799560547,86.27789853514162,83.61738191726145,84.14355637125243,11694400
2011-10-19,85.18846130371094,86.15188246603807,84.91426108135441,85.57383203027345,15286300
2011-10-20,85.47007751464844,85.79615390493389,84.36584719317025,85.27739215624408,7944500
2011-10-21,87.4779281616211,87.50019571439366,86.42388913386574,86.4387322813268,13012000
2011-10-24,88.24246978759766,88.4503134756036,87.59668816228249,87.71545032083873,8407500
2011-10-25,86.69107818603516,87.85646019844306,86.52777531014262,87.75254121617685,9405200
2011-10-26,87.89356994628906,88.07914035256381,86.60942024307766,87.87129674048222,9938700
2011-10-27,90.5138168334961,90.98887658721412,89.40781321213353,89.87545422759521,12948500
2011-10-28,90.58805084228516,90.73650490308285,90.0832991071498,90.24660197192291,6666900
2011-10-31,88.58390808105469,89.75671469463767,88.53194858111928,89.63052814667464,13398600
2011-11-01,86.3867416381836,87.3442857044549,86.12694417752702,86.77273129101043,15120600
2011-11-02,87.68575286865234,87.97524233699015,86.97316297250075,87.44080416224726,7605000
2011-11-03,89.21488952636719,89.37819249834493,87.70805773374848,88.50229937305227,12007500
2011-11-04,88.77692413330078,88.83630805116599,87.76742018224054,88.62847000179984,7021900
2011-11-07,89.4078598022461,89.44497616550484,87.99752860900418,88.71753735303149,8694400
2011-11-08,90.25405883789062,90.37282666722888,88.99960620368569,89.82353961444396,7383200
2011-11-09,87.35913848876953,88.82885314066083,87.02510831285957,88.57648007114501,12096200
2011-11-10,88.24993133544922,88.73984031148854,87.50022471900898,88.30189086352941,9960400
2011-11-11,90.20956420898438,90.34317524535804,89.23717623842094,89.2520193921672,7260300
2011-11-14,89.6008529663086,90.2392158925242,89.20744444127936,90.06106981128039,7391200
2011-11-15,89.71958923339844,90.2466085497505,89.02184263784171,89.35586713056237,6467700
2011-11-16,88.40582275390625,89.92007935899852,88.26479296473694,88.97738330892778,7142200
2011-11-17,87.46307373046875,88.71010749330853,86.6910999093621,88.37607725532787,10984300
2011-11-18,87.6007308959961,88.02485718881297,87.27333316929807,87.77186648812119,8307400
2011-11-21,85.6884536743164,86.55158551827954,85.03365812693782,86.39532903817137,18829600
2011-11-22,85.37592315673828,85.96374831547581,84.92203291615476,85.55450683220512,8396900
2011-11-23,83.58270263671875,84.74346832645901,83.58270263671875,84.63929733773325,7988400
2011-11-25,83.44132995605469,84.42351767388239,83.44132995605469,83.54550095060509,3532100
2011-11-28,85.6438217163086,85.92657645884873,85.05599636042592,85.40571574605559,6666100
2011-11-29,85.98606872558594,86.44740136580708,85.65123427304766,85.80749072935834,5325400
2011-11-30,89.43120574951172,89.58001985937281,88.10674087030694,88.10674087030694,11581500
2011-12-01,89.38655853271484,89.69907725190025,89.0368448007576,89.29727233600002,5437700
2011-12-02,89.33448791503906,90.33156080072789,89.28984480924098,90.1976258064382,5584400
2011-12-05,89.99668884277344,90.66636357883156,89.4460699161894,90.60683567409453,6285400
2011-12-06,90.32405853271484,90.8449133448382,89.7957613155921,90.00410324044144,7062300
2011-12-07,90.83008575439452,91.20212673899955,89.72140520980214,90.0785613759618,9026700
2011-12-08,89.24517059326172,90.63659988995109,89.02194378829559,90.40593635454128,9595600
2011-12-09,90.6142349243164,90.85978315673869,89.59484700644512,89.6394900752889,8999200
2011-12-12,89.4684066772461,90.00414655720654,88.82849578472604,89.96694586808921,6291500
2011-12-13,88.92521667480469,90.398495445948,88.58293973123712,89.96693232042844,7761800
2011-12-14,88.03971862792969,88.91029257869724,87.7346481795534,88.60522213032095,10062700
2011-12-15,88.40437316894531,89.1038120067318,88.23323750239841,88.98475617183423,5261400
2011-12-16,88.22972869873047,89.11038430450833,87.98344235358246,88.88648659183644,7758400
2011-12-19,87.58787536621094,88.7969124991575,87.35651862298727,88.55062620826862,7977500
2011-12-20,90.06565856933594,90.214919895237,88.86408610578229,88.89393950975341,7867300
2011-12-21,90.16273498535156,90.2075179666583,89.32686192040188,90.15527590009894,6679800
2011-12-22,90.70000457763672,90.7149341227861,90.23729116916265,90.40894108070847,4202800
2011-12-23,91.52096557617188,91.55828375020047,90.67762836629232,90.82688967449889,2281300
2011-12-27,91.55084228515624,91.79712863095932,91.34933889837988,91.40904571444524,3878700
2011-12-28,90.4910888671875,91.58817761850726,90.40152862631936,91.5434003450514,3871400
2011-12-29,91.43887329101562,91.558286896848,90.64777808121563,90.69255533642573,5133600
2011-12-30,90.93883514404295,91.52096219608472,90.93137037072216,91.29707024204374,4734000
2012-01-03,92.26730346679688,92.93899088695132,92.25237961032906,92.49866594671155,7175100
2012-01-04,92.52103424072266,92.58074104137964,91.8792003685448,92.09563325046096,7625200
2012-01-05,92.50607299804688,92.62548655844596,91.49108051046252,92.14037893374062,8678900
2012-01-06,92.19266510009766,92.60314229313424,91.90160152465523,92.60314229313424,7488600
2012-01-09,92.28966522216795,92.47624467892253,91.90157676350474,92.312053845946,5881800
2012-01-10,92.8270263671875,93.28974555496364,92.7449309355828,93.20018534940736,5274400
2012-01-11,92.75981903076172,92.87922689085462,92.39412498591564,92.57323962303084,4890300
2012-01-12,92.9389419555664,93.04342597769676,92.28964920289228,92.9165533356745,5591300
2012-01-13,92.66281127929688,92.66281127929688,91.73737320254672,92.32696488736336,6392100
2012-01-17,93.00613403320312,93.7151337246814,92.8867204421586,93.31958616876489,5348800
2012-01-18,93.7524871826172,93.82711785813332,92.84944291277388,92.93899744581104,6473000
2012-01-19,94.16293334960938,94.17039812333444,93.67782554865242,94.02859589232828,8095300
2012-01-20,94.87808990478516,94.87808990478516,94.12330828713928,94.19056887757284,6995400
2012-01-23,94.7660140991211,95.1770352958793,94.44467180933762,94.82580003710426,5166800
2012-01-24,94.4820327758789,94.57171167652268,94.06354264254226,94.2354200752339,4798200
2012-01-25,95.09488677978516,95.29665731183484,93.76468023844612,94.2055889610567,9642500
2012-01-26,94.95281982421876,95.75244373905696,94.6464269376215,95.54319300251544,5902300
2012-01-27,94.4969711303711,94.72864018538566,94.1681599160442,94.51192046372694,6136400
2012-01-30,94.33262634277344,94.3924066084323,93.41343562753688,93.70488509057448,5910600
2012-01-31,94.21305084228516,94.84826104020765,93.6974068726582,94.8183680577579,5951700
2012-02-01,94.84070587158205,95.34886900685623,94.73607767735108,94.9602719912059,9891000
2012-02-02,94.7884521484375,95.02759595019268,94.519426774467,94.92296768617378,4531500
2012-02-03,95.93183135986328,96.0215159870155,95.5282904481926,95.68521859045184,8654000
2012-02-06,95.74495697021484,95.79727392697708,95.41614580920404,95.52824298519602,3852400
2012-02-07,96.03643035888672,96.22325713202493,95.3190219357167,95.61794021153732,5739300
2012-02-08,96.1858901977539,96.25314509188028,95.67771550179891,96.1186239006275,4884400
2012-02-09,96.22322845458984,96.49225938384956,95.87947368014558,96.37269895095471,5416600
2012-02-10,95.54322052001952,95.59553179384623,95.1322049975243,95.47596561145716,6380600
2012-02-13,96.09618377685548,96.2307049375553,95.71506139370122,96.16343865570668,4654100
2012-02-14,96.14852142333984,96.1709397211154,95.49088761392422,95.93927637543486,5608500
2012-02-15,95.55074310302734,96.43256053215929,95.33402323092564,96.40267324770063,9589200
2012-02-16,96.4549560546875,96.5371489085623,95.61796414746428,95.64038815511478,8699000
2012-02-17,96.82354736328124,96.94342759750496,96.54633432499628,96.8834874803931,5765200
2012-02-21,96.9134750366211,97.21316422620426,96.62127407543409,97.11576009500531,6589200
2012-02-22,96.75611877441406,97.02584358453228,96.53884585378944,96.82354711884152,6092200
2012-02-23,97.0858383178711,97.16825459600469,96.31412745553604,96.64379256807038,12890500
2012-02-24,97.1157684326172,97.32555316981784,96.83855533683288,97.2281604626673,3769100
2012-02-27,97.14568328857422,97.43038443484691,96.32902097147009,96.59873423665364,5778600
2012-02-28,97.29560089111328,97.43045762501,96.90599571694698,97.13076837252032,4953700
2012-02-29,96.86849212646484,97.67766649649174,96.71864756143933,97.41544136579893,7724200
2012-03-01,97.07833862304688,97.52038432065022,96.8235901546329,97.10081474784614,6684300
2012-03-02,97.06330108642578,97.24310999285736,96.71116006812052,97.05580142705276,3818700
2012-03-05,96.96587371826172,97.09324214057284,96.38147204770252,96.96587371826172,5286400
2012-03-06,95.4899444580078,96.99591327303672,95.287653637548,95.84957956974392,14410100
2012-03-07,96.07432556152344,96.2391580469481,95.49741757874204,95.63228000170724,5736200
2012-03-08,96.5912857055664,96.85352228657432,96.31407266971848,96.51636913414148,4417000
2012-03-09,96.76358032226562,97.09324515844928,96.60624756198126,96.8160321972972,6248400
2012-03-12,96.99588775634766,97.15322057382208,96.72616292255358,96.77860338424192,5197000
2012-03-13,98.65921783447266,98.72665764475816,97.28812842142987,97.43797307194896,8699500
2012-03-14,98.80904388427734,99.02631684662752,98.61423560864216,98.74160409449026,5124600
2012-03-15,99.20610809326172,99.26604820412769,98.65167064205689,98.90640753893187,5716900
2012-03-16,99.12735748291016,99.54773670969836,99.10483798536612,99.48768089808937,5047200
2012-03-19,99.1422882080078,99.39000246588634,98.92458464816136,99.0221766890901,4424000
2012-03-20,98.6243133544922,98.86452492823994,98.27899561505326,98.6092965516128,5403700
2012-03-21,98.33163452148438,98.79705272678072,98.19650608655915,98.73699691731112,5031900
2012-03-22,97.71599578857422,98.00125780018116,97.4832868651962,97.76854887680312,6987900
2012-03-23,98.03882598876952,98.12140125824055,97.37072115558374,97.75356388432976,4373300
2012-03-26,99.15733337402344,99.19486967056618,98.5943232892909,98.63185958583362,4991500
2012-03-27,98.8420639038086,99.35253241340526,98.82704709204867,99.25494031867254,5777300
2012-03-28,98.32408142089844,98.98468360879616,97.89619969789736,98.88709152527402,5293700
2012-03-29,98.43669128417967,98.51926655848035,97.61844121902928,97.79110589995707,4487400
2012-03-30,98.93960571289062,99.0672199118126,98.47417642065508,98.87204727601406,4218500
2012-04-02,99.31497192382812,99.60022255096884,98.51173878012592,98.75946456871252,8683800
2012-04-03,98.8420639038086,99.39005726109824,98.37664582949174,99.2023872047484,6098700
2012-04-04,97.97128295898438,98.16646717009712,97.55090381885304,98.08389187796617,10402500
2012-04-05,97.88111877441406,98.12134175974391,97.53580109661802,97.66342671661349,4179800
2012-04-09,96.92781066894533,97.2806312316563,96.71762115768804,96.80771055856208,5360200
2012-04-10,95.34388732910156,96.89029233057737,95.27632313752864,96.74014713719978,12912700
2012-04-11,95.9744644165039,96.30475981683912,95.89188913461122,96.2146818564002,5603300
2012-04-12,97.37818145751952,97.43072308551724,96.11703347753824,96.177089234153,7164600
2012-04-13,96.38729095458984,97.10794867146228,96.28971036029536,97.0779265165561,8826800
2012-04-16,96.89027404785156,97.363194663449,96.59749784869274,97.01037414363326,7503100
2012-04-17,98.29405212402344,98.4366831728325,97.4457799628764,97.46079677182183,6290900
2012-04-18,97.70098876953124,98.18893759901772,97.64844713050556,97.79107815059444,5057100
2012-04-19,97.24308776855467,98.09135988290868,96.70260867549275,97.76105883114364,8957000
2012-04-20,97.68572998046876,98.09908166048471,97.62560505722492,97.6707073504002,5686800
2012-04-23,96.9642562866211,97.00934711327903,96.3179276799914,96.7538247837795,5180000
2012-04-24,97.49030303955078,97.8735864079756,97.14458770257018,97.15211048298148,4418700
2012-04-25,98.18182373046876,98.32461909404547,97.78350585715734,98.076607904833,7342000
2012-04-26,99.09114074707033,99.22641324417798,98.06903983195436,98.12164198049902,4577100
2012-04-27,99.203857421875,99.51199336762004,98.94833508681393,99.27149366333404,3969500
2012-04-30,99.0535659790039,99.21890668405548,98.82058902215635,99.0610772955394,3670500
2012-05-01,99.60221099853516,100.06065369121676,98.75296187906072,99.09116614382712,5453200
2012-05-02,99.50447082519533,99.5871411652864,98.94081254302615,99.23391439104785,3746000
2012-05-03,99.06104278564452,99.63973505172603,98.82806590995914,99.51197390917775,5043100
2012-05-04,97.76842498779295,98.69283301482244,97.67824331399864,98.55003771954183,5934300
2012-05-07,97.58051300048828,97.8886489278538,97.28741117065816,97.32499068066846,4040500
2012-05-08,97.00933837890624,97.19722445150228,96.13003293527548,97.07697461280344,7641700
2012-05-09,96.45323944091795,97.03944336151862,95.73175725142248,96.19771700735592,11921700
2012-05-10,96.5284194946289,97.15971439759224,96.35556739522173,96.80648741119666,5325000
2012-05-11,96.3329849243164,97.06950691656216,95.9947978690378,96.047405763651,3673800
2012-05-14,95.4085693359375,95.96471637887365,95.14552991499708,95.5814270890294,6069000
2012-05-15,94.92759704589844,95.88957322109368,94.7472279465069,95.31088639920696,6713000
2012-05-16,94.8298568725586,95.72419639485705,94.79227736526808,95.28078229090576,6043200
2012-05-17,93.61988067626952,94.88247543015864,93.6048523119572,94.85241296770552,8985300
2012-05-18,92.9909439086914,94.00147214019208,92.8250358592283,93.9109752713474,10861600
2012-05-21,94.12215423583984,94.12215423583984,93.0890087006696,93.27753957975976,5384900
2012-05-22,94.1372528076172,94.6274343110174,93.65461415139416,94.19004123084449,9856100
2012-05-23,94.04671478271484,94.11458887062057,92.62142222524018,93.47357947147243,8600000
2012-05-24,94.35594177246094,94.3861074052414,93.48115568234616,94.20511360855866,7043000
2012-05-25,93.70735168457033,94.3408124192818,93.48865526325226,94.21261285442402,6725100
2012-05-29,94.7179183959961,94.9592377061022,94.19003420310963,94.4388963598302,6828700
2012-05-30,93.50373840332033,93.97129688081492,93.31520759435529,93.91096564110524,6874300
2012-05-31,93.28508758544922,94.06937682463575,92.76474621067172,93.52640690877536,7793500
2012-06-01,91.25646209716795,92.31977295780034,91.1810509179075,92.10107651049202,11815100
2012-06-04,91.0830307006836,91.46009243119047,90.63810062036806,91.31680713247611,6369000
2012-06-05,91.31682586669922,91.49027682985933,90.88697563587507,90.97747254102472,6619900
2012-06-06,93.45848846435548,93.50373401526257,91.96532199588388,91.99548761432308,6138400
2012-06-07,93.90348815917967,94.58974354316148,93.70742012390578,94.39366975437986,8806300
2012-06-08,94.58968353271484,94.58968353271484,93.40571020959788,93.60178387398464,4432700
2012-06-11,93.49617004394533,95.38901459037496,93.39813037383024,95.3060606018938,7232100
2012-06-12,94.71038055419922,94.76317472978388,93.5414924214666,93.81297737887044,4923700
2012-06-13,94.18251037597656,94.97434257871724,93.87332264442088,94.5218637465755,4687100
2012-06-14,95.29853057861328,95.72838048101409,94.22767148979712,94.35587677918151,8162700
2012-06-15,96.19754028320312,96.30330698056174,95.66873561410316,95.76694054878212,6268400
2012-06-18,96.03892517089844,96.34865782153813,95.67631780241416,95.78963476639308,4568500
2012-06-19,96.74148559570312,97.23252770511117,96.3259977365384,96.49219518562042,3869500
2012-06-20,96.66592407226562,97.06631137788412,96.023802404957,96.78679125311068,9212800
2012-06-21,94.76226806640624,96.9530365107704,94.6867195571175,96.80950125937224,7702600
2012-06-22,95.3590087890625,95.547868422773,95.01905799026042,95.2834603247474,5295800
2012-06-25,94.24852752685548,94.49781790090428,93.91613267673772,94.47515566358524,5922300
2012-06-26,94.4902801513672,94.8151190441273,93.86326460616088,94.4525059084838,7551600
2012-06-27,95.19277954101562,95.35897688524317,94.67152528203594,94.73196172785264,3717100
2012-06-28,95.03421783447266,95.07954232504989,93.86328521053429,94.44497063926102,6460100
2012-06-29,97.03610229492188,97.1267627806859,96.2731133294793,96.50729749079927,5844400
2012-07-02,96.96810150146484,97.27783410145196,96.4619590104773,97.16451139246524,3837000
2012-07-03,97.56493377685548,97.62537027486364,96.87749310706486,96.97569233013016,2717700
2012-07-05,97.285400390625,97.76133048732817,96.9227930216076,97.16452742525904,6637500
2012-07-06,96.3712921142578,96.55259574592247,95.84248745376148,96.5374895114248,4341400
2012-07-09,96.12201690673828,96.31843257912216,95.72163532485024,96.257996100921,4503800
2012-07-10,95.4496612548828,96.80189697388845,95.11727220646485,96.665917802046,6730900
2012-07-11,95.11724090576172,95.555390747702,94.57332439738128,95.51006629318262,6839500
2012-07-12,94.86040496826172,95.30611664625464,94.2560519090117,94.588446667953,4412400
2012-07-13,96.4090805053711,96.47706721590356,95.07950689629976,95.12483136998806,3942000
2012-07-16,96.03134155273438,96.32596209854532,95.75182724055094,96.12954648015862,1991700
2012-07-17,96.56017303466795,96.80946342184384,95.4043527622187,96.34109512314872,3326900
2012-07-18,97.42140197753906,97.56492568042934,96.26557566233068,96.31090015030472,3099300
2012-07-19,97.69330596923828,97.98792650390328,97.30802498208531,97.6555317412913,3845000
2012-07-20,96.88367462158205,97.35281619201214,96.7096443779108,97.11825117971036,7435600
2012-07-23,96.02864074707033,96.23293835869886,94.98443627699852,95.35520160257548,4647900
2012-07-24,95.23413848876952,96.10430696204727,94.53800601931246,96.04377219785636,7077400
2012-07-25,95.72599029541016,96.12702307658834,95.34008832150246,95.79408758749828,3872300
2012-07-26,97.29228973388672,97.63278773391994,96.80045479935022,96.98205334784036,8074000
2012-07-27,98.77535247802734,99.0401906733874,97.59495323917332,97.62522639935442,7463900
2012-07-30,98.66942596435548,99.115868512527,98.45756001253746,98.60132866823434,4235800
2012-07-31,98.13219451904295,98.7677923482774,98.13219451904295,98.55592640519926,4783400
2012-08-01,97.95062255859376,98.74512588059244,97.74631906531825,98.72242677532093,5770000
2012-08-02,97.26200103759766,97.82950146227728,96.4826404842832,97.35280895670788,10915200
2012-08-03,98.9190902709961,99.17636586897927,98.27593014059828,98.4121246814505,7768300
2012-08-06,99.04772186279295,99.58496060072176,99.032596833314,99.077995013399,4572700
2012-08-07,99.41097259521484,99.796868835575,99.342863750351,99.36557439585822,3584500
2012-08-08,99.53960418701172,99.75903266476854,99.04020090488108,99.07803658610229,3003900
2012-08-09,99.55471801757812,99.78170896137374,99.2066459940478,99.50174576680833,3355100
2012-08-10,99.8271484375,99.84228502195543,98.96454785683623,99.23694864787907,4410400
2012-08-13,99.59256744384766,99.80443340909474,99.13857389510213,99.68337539026012,3986700
2012-08-14,99.62283325195312,100.00116695422015,99.36556910541034,99.91793307788828,3421500
2012-08-15,99.66824340820312,99.87254686477388,99.4563774331778,99.50933815401928,2834800
2012-08-16,100.31138610839844,100.44758067579272,99.50174658280032,99.70604997971805,5340400
2012-08-17,100.4623031616211,100.53817420548398,100.28781365229165,100.36367311985856,2484300
2012-08-20,100.43197631835938,100.50025332200332,100.13609772627125,100.28782825980149,2266700
2012-08-21,99.96926879882812,100.91759984494504,99.81753814671076,100.57620298360428,4094500
2012-08-22,99.74164581298828,99.99200654505702,99.33955446108206,99.81751691105914,4496200
2012-08-23,98.9146728515625,99.6050486902047,98.77810723343178,99.582289683233,4159600
2012-08-24,99.67337799072266,99.80993208831696,98.6719349698099,98.78574162744378,4202400
2012-08-27,99.43059539794922,99.8175218102757,99.34714181649692,99.70371515758356,1806500
2012-08-28,99.27886199951172,99.6126763160032,99.08161334717788,99.19540842038884,3028000
2012-08-29,99.3243408203125,99.59746046450876,99.1043332401849,99.28640528544912,2400400
2012-08-30,98.5656967163086,98.92226998007878,98.36085404692304,98.91468750206536,4120700
2012-08-31,99.29402923583984,99.68852650356293,98.6567421566268,99.11194555944992,5447700
2012-09-04,98.80084228515624,99.23328646536912,98.34565067978764,99.18776846246205,4106900
2012-09-05,98.9070816040039,99.25607234797036,98.65672094391292,98.9070816040039,2828800
2012-09-06,100.76585388183594,100.77343636158233,99.50646766563804,99.50646766563804,5559400
2012-09-07,100.85685729980467,100.9706523406934,100.57615514807836,100.81892176074138,4827700
2012-09-10,100.50784301757812,101.0237407602008,100.46232501187876,100.7278621468564,2296800
2012-09-11,100.97066497802734,101.24378468664472,100.59133269252,100.59892674706386,2824400
2012-09-12,101.18309020996094,101.3955153639049,100.96308257776992,101.25137881939504,1953900
2012-09-13,102.71556091308594,102.95833904996168,101.06167826674026,101.10719627332978,6975700
2012-09-14,103.07210540771484,103.5424734467545,102.73070887691846,102.89002185568552,5186100
2012-09-17,102.8218231201172,103.08736038855064,102.60181545656422,102.85217619003753,2606500
2012-09-18,102.8824462890625,103.0190002800303,102.53345568498432,102.53345568498432,3375400
2012-09-19,102.97355651855467,103.36048292449831,102.83700242914256,103.0646041544674,3080800
2012-09-20,103.1404800415039,103.16323906001656,102.4197507772218,102.5714814260749,6949700
2012-09-21,102.98920440673828,103.5745895598789,102.93598230177804,103.55178340069148,5318100
2012-09-24,102.87513732910156,103.18682526149918,102.5406316452794,102.5710359800449,2706900
2012-09-25,102.13003540039062,103.31600093728834,102.0844231259366,103.03471751130634,6292300
2012-09-26,101.79554748535156,102.25929168944124,101.67391859924504,102.15285916392598,5447700
2012-09-27,102.32772827148438,102.58620562140528,101.75755150533632,102.20608777730656,4975500
2012-09-28,101.90963745117188,102.23653336089151,101.38507275856992,101.81080305973072,4565400
2012-10-01,102.4645767211914,103.15639405979712,102.2745177776367,102.34293621324984,4854000
2012-10-02,102.23648834228516,102.92070739667513,101.82596618987164,102.71544052033056,6269100
2012-10-03,102.38858032226562,102.71548783891475,101.94765364443894,102.44180241113354,3319800
2012-10-04,103.02715301513672,103.1715996649808,102.60142284735022,102.74585789691724,3911800
2012-10-05,103.3615951538086,103.72650484500818,102.99667386233908,103.4604178533454,4560300
2012-10-08,103.12601470947266,103.28566938280706,102.87514702324658,102.9359556985077,2405000
2012-10-09,102.32010650634766,103.19438440554192,102.28970218650228,102.95110344568016,6034700
2012-10-10,101.3242416381836,102.21371626507609,101.16459859248155,102.1757021493396,10138700
2012-10-11,101.21021270751952,101.94764248497904,101.17219859110084,101.8031958027559,3669100
2012-10-12,101.21021270751952,101.74237553654194,100.92131934307322,101.30903548987249,3271200
2012-10-15,101.88679504394533,102.01603372507508,101.15696364431524,101.36982871914974,2641800
2012-10-16,102.85993957519533,102.90555188201286,102.30497050844596,102.36577918401504,5454400
2012-10-17,102.95872497558594,102.98154272098812,102.51779843631935,102.59381505331,3815400
2012-10-18,102.90548706054688,103.21718642783208,102.63180179175788,102.8294588635544,6305000
2012-10-19,101.33503723144533,102.62161569689395,101.10664852826729,102.62161569689395,10437500
2012-10-22,101.327392578125,101.54816088918088,100.52041789773874,101.19796345306398,5591900
2012-10-23,99.53074645996094,100.2082919692064,99.3708709504414,100.1854542701789,8962100
2012-10-24,99.3479995727539,99.91896508753985,99.22619080834868,99.72864324927788,6097300
2012-10-25,99.56122589111328,99.99516554928611,99.03593540651708,99.87335670316769,6313100
2012-10-26,99.56883239746094,99.90380090875222,99.03593322782966,99.4850902696381,4182600
2012-10-31,99.42416381835938,100.17783109738735,99.14247951119,99.99512951038749,3939600
2012-11-01,100.4747314453125,100.824928842911,99.7058351722358,99.74390187445924,3807400
2012-11-02,99.47746276855467,100.95436277115805,99.32520755120278,100.91629606273794,5141300
2012-11-05,99.62973022460938,99.82767248617807,99.05115568106754,99.31761105641162,2710700
2012-11-06,100.52801513671876,100.96956327381902,99.88091612524026,99.94182051825324,4408300
2012-11-07,98.39643096923828,99.766751093236,97.93965372246306,99.766751093236,18648300
2012-11-08,97.43719482421876,98.72376687280315,97.43719482421876,98.34312308637256,8427500
2012-11-09,97.38390350341795,98.0462199649046,96.89667992855944,96.95758432745754,6571600
2012-11-12,97.47527313232422,97.85591698675842,97.21643809922782,97.58947325845162,3758200
2012-11-13,97.08702087402344,98.14521032787285,96.93476565505858,96.99567006591025,5407200
2012-11-14,95.73949432373048,97.4752226637934,95.5111058060541,97.30774433341352,9479400
2012-11-15,95.5491943359375,95.96029027682756,95.1685505915759,95.59486972664888,7658000
2012-11-16,95.86447143554688,95.99422290695564,94.9638336415682,95.597334340543,9350400
2012-11-19,97.413818359375,97.45198327597905,96.55898012967216,96.65056661248391,9551500
2012-11-20,97.47491455078124,97.59703766881218,96.74219331204796,97.16961257885468,7021800
2012-11-21,97.81068420410156,97.86411740431431,97.34510610290164,97.42906424159688,4589400
2012-11-23,99.1387939453125,99.15406224506498,98.19999732079094,98.207625647517,3345800
2012-11-26,98.85643005371094,98.85643005371094,98.29924755195178,98.55112218021868,4621000
2012-11-27,98.21524047851562,98.95559568972432,98.08548906419948,98.59686639578614,4910000
2012-11-28,98.9479751586914,99.0319333329567,97.29171994482142,97.82599394182792,7397000
2012-11-29,99.32955932617188,99.6348552971054,98.84870710797152,99.3982491726877,6112800
2012-11-30,99.2990951538086,99.57386635431328,99.05484891055916,99.41357830139307,4979600
2012-12-03,98.8792724609375,99.83333720555038,98.8334792166038,99.74937904217252,5820800
2012-12-04,98.75709533691406,99.32953387043344,98.68840550800176,98.92501157178307,5760400
2012-12-05,99.40594482421876,99.8486323824498,98.58163126540587,99.00142219530612,8697300
2012-12-06,99.78756713867188,99.8333603936419,99.29144636846134,99.48225936170364,4129400
2012-12-07,100.4133758544922,100.45154076269532,99.84857713974718,100.21493463664864,3993200
2012-12-10,100.55081176757812,100.75688139989224,100.42106033920628,100.43631699221471,3480900
2012-12-11,101.13084411621094,101.60405641469472,100.88659799680254,100.90950626100609,4012700
2012-12-12,101.13848876953124,101.77198914194643,101.0011090399052,101.49721803639646,9551800
2012-12-13,100.61186981201172,101.29879185505165,100.40578854057988,101.15377213242552,3844500
2012-12-14,100.33706665039062,100.74921741544726,100.18440700393656,100.52023959206208,3114300
2012-12-17,101.08509063720705,101.14615219107466,100.46685841796052,100.482115071702,4534100
2012-12-18,101.9323272705078,102.06970706769822,101.03932364985936,101.26828997851004,6459500
2012-12-19,101.22240447998048,102.04671745092833,101.20714783617451,102.0238208389264,5511500
2012-12-20,101.65748596191406,101.72617581316446,100.95529586333149,101.1842736804617,5530500
2012-12-21,100.90187072753906,101.0779731631618,100.16687612525898,100.34296687835317,11495800
2012-12-24,100.2740249633789,100.61855428155036,100.2740249633789,100.51901917623616,1997400
2012-12-26,100.15151977539062,100.66448771453108,99.8912097792639,100.51901692771796,3982900
2012-12-27,99.99075317382812,100.40418604416378,99.0260570055036,100.25106319154038,8308600
2012-12-28,98.81935119628906,99.8759071083148,98.74278392500769,99.39357068332328,8570000
2012-12-31,99.97541046142578,100.22040462314376,98.4135274107022,98.50541044355288,12067800
2013-01-02,102.41780090332033,102.48670444463542,101.74404623483522,101.82061351353634,9636300
2013-01-03,102.31053161621094,102.63209290014798,102.06552586701102,102.3181836649295,8665200
2013-01-04,102.63982391357422,102.74701109068306,102.20342315053328,102.36419807493348,4759300
2013-01-07,102.21875762939452,102.38719634097032,101.95079544827274,102.35657643092456,6119700
2013-01-08,101.8742218017578,102.21109920391918,101.62922748906792,102.07329209350527,4269800
2013-01-09,102.37188720703124,102.57859787539508,102.13453326506516,102.13453326506516,3898000
2013-01-10,103.00732421875,103.03795580314085,102.31061338796552,102.74701416406012,6004300
2013-01-11,103.14509582519533,103.20634728344618,102.75463092168228,102.94603734777084,4508000
2013-01-14,103.27527618408205,103.35949549956784,102.9001152910046,103.0991854998932,4298000
2013-01-15,103.42074584960938,103.5585529011672,102.7776229106251,102.81589485881968,2966100
2013-01-16,103.27527618408205,103.39777913070208,103.00730244866617,103.06855392197618,3197800
2013-01-17,103.99495697021484,104.27058273387586,103.53557680327216,103.6427639512224,6227500
2013-01-18,104.30540466308594,104.35906137907178,103.79188837227896,104.09080118916695,4922500
2013-01-22,104.80352783203124,104.82652021008204,104.17503831196518,104.33599665332488,4544900
2013-01-23,105.35540771484376,105.4857018042169,105.1101399971942,105.148464539953,6397800
2013-01-24,105.78466796875,106.14489780165768,105.43977029969342,105.45509076853016,6288000
2013-01-25,106.24446868896484,106.25214061414152,105.79992974401006,106.06818983501984,4461000
2013-01-28,106.26741790771484,106.443708385057,105.9991696206778,106.42071600888248,3167700
2013-01-29,106.71205139160156,106.82702506952997,106.1065654565607,106.1065654565607,3946700
2013-01-30,106.3517608642578,106.81929215286682,106.28278371389096,106.71199046507164,5496100
2013-01-31,106.0834732055664,107.47073440366566,106.01449608074437,106.35172147820847,3935300
2013-02-01,107.10291290283205,107.21787485073254,106.56639262593642,106.75800366911058,5234900
2013-02-04,106.20622253417967,106.52045589852952,106.04526403950008,106.39016173379612,6536200
2013-02-05,106.83464050292967,107.18720992771,106.69668618128216,106.7196785682234,5819800
2013-02-06,106.98033142089844,107.07230102426,106.4438225762632,106.4438225762632,3113900
2013-02-07,106.75798034667967,107.0262404265232,106.01454042098558,106.98791588725878,6637600
2013-02-08,107.09527587890624,107.3252115446538,106.81935541901191,106.81935541901191,3573800
2013-02-11,106.93431091308594,107.05693311161836,106.6967150537264,107.01094832529223,2542800
2013-02-12,107.3404769897461,107.46311082792302,106.9265907096506,106.98790762873908,3498600
2013-02-13,107.20252990722656,107.57809171726034,106.91894933955308,107.47845024429029,3387800
2013-02-14,107.19481658935548,107.27146563752784,106.73494569032668,106.82692688713408,3048800
2013-02-15,107.1540985107422,107.35389135871102,106.61621723723452,107.20020094490964,6111300
2013-02-19,107.5536880493164,107.6996869286005,107.20790801807908,107.238639070328,3944000
2013-02-20,106.71614837646484,107.79191127343074,106.71614837646484,107.57675869403757,5974200
2013-02-21,106.4318618774414,106.71617993960994,106.0860816814988,106.53943819895557,7517900
2013-02-22,107.43077087402344,107.4461422669766,106.7007879954038,106.9927858368266,4158500
2013-02-25,105.77873992919922,108.03016318214829,105.73263745950548,107.8303819051615,10031600
2013-02-26,106.63929748535156,106.77761655044172,106.0245708375926,106.30888880058076,9236100
2013-02-27,108.03781127929688,108.24527230945564,106.53173143387328,106.60857666907508,7404500
2013-02-28,107.79196166992188,108.58341868378108,107.71511640209523,107.9225892452738,11383200
2013-03-01,108.14543914794922,108.26837516798864,106.93903638458298,107.4922895120584,6506400
2013-03-04,108.39897918701172,108.42203041607392,107.65362484749777,107.8534060743497,3619700
2013-03-05,109.37486267089844,109.63611779048632,108.87540366433686,108.87540366433686,7962300
2013-03-06,109.75912475585938,109.9358666012168,109.49018965522494,109.81291881095424,4481000
2013-03-07,109.98955535888672,110.18165672088875,109.80513383038758,109.8666076732206,3689100
2013-03-08,110.46600341796876,110.6657964115395,110.04338964682648,110.6120023825194,5680700
2013-03-11,110.9269790649414,110.9269790649414,110.35067514455515,110.44288001983831,4373000
2013-03-12,110.9577178955078,111.1882418248135,110.67341169349346,110.87319284559354,5166400
2013-03-13,111.00384521484376,111.19594655787274,110.7195272542047,110.98847382441949,4319500
2013-03-14,111.67234802246094,111.6877194120436,111.23435135636646,111.27277396785568,5361200
2013-03-15,111.51226043701172,111.56615474051942,111.18115178927884,111.5122604370117,10835400
2013-03-18,111.01173400878906,111.558443292727,110.64983034534195,110.76533826415724,5511200
2013-03-19,111.11170959472656,111.51981125242142,110.48029993604858,111.2734040443493,9298500
2013-03-20,111.50447082519533,111.76626981958904,111.335068711329,111.54297344186476,5924700
2013-03-21,110.79608154296876,111.33508299745657,110.48808406879016,110.97317950315391,6075700
2013-03-22,111.57381439208984,111.6046211978403,111.09641464714232,111.11951387677824,5027800
2013-03-25,111.04254913330078,111.89725609935424,110.57284509340911,111.72014629378286,9603200
2013-03-26,111.86644744873048,111.87414327735884,111.36594835268129,111.39674341655152,4877900
2013-03-27,111.62008666992188,111.72017947088544,110.92707414741533,111.150382490544,4128900
2013-03-28,111.89729309082033,112.05898779362212,111.5276816999804,111.65858132822592,4346000
2013-04-01,111.94339752197266,112.21289238333176,111.62769246356405,111.8817956752575,8621600
2013-04-02,112.6287612915039,112.8058593508354,112.25145418745612,112.32075189553926,5672300
2013-04-03,111.75858306884766,112.78269165877953,111.61228016323597,112.60559370694166,7661100
2013-04-04,112.24376678466795,112.40546144900031,111.72015664689935,111.92806153611322,7520100
2013-04-05,111.8895492553711,112.04354807697484,110.91934610484616,111.01943887674229,7307400
2013-04-08,112.3823471069336,112.3823471069336,111.46603830100986,111.89725142977592,3865000
2013-04-09,112.81352996826172,113.1600419299534,112.22832987074447,112.48243315961965,5492300
2013-04-10,113.79138946533205,114.00699002297158,113.15999118920168,113.1753828366408,7947100
2013-04-11,114.26885986328124,114.46906889760244,113.6759638368777,113.82226682369505,6975600
2013-04-12,114.2842254638672,114.31503226635164,113.71441711143078,113.9531287079512,8710800
2013-04-15,112.27448272705078,113.9068903750274,112.20518506260264,113.88379115354468,14177400
2013-04-16,113.4679946899414,113.49109391168317,112.70568512441427,113.17538888207952,6974100
2013-04-17,112.3823471069336,112.88285793967124,111.93574232130032,112.84435529879045,10757100
2013-04-18,111.78946685791016,112.51327438698624,111.47377332341978,112.4978827263296,8277100
2013-04-19,111.86725616455078,111.92121459988708,111.26606887215326,111.5358375272848,6028600
2013-04-22,112.00604248046876,112.19873109324622,111.17362626197648,112.0522858658106,11711700
2013-04-23,113.14663696289062,113.22370527060652,111.87488639752212,112.6302334342018,10435300
2013-04-24,112.87691497802734,113.4626955139412,112.83067162219668,113.31625037996272,4963800
2013-04-25,113.11589813232422,113.624598798749,112.80760111309688,113.0234113787115,4160500
2013-04-26,113.20843505859376,113.41653032482957,112.93096294283126,112.95408463907968,3242600
2013-04-29,113.96369934082033,114.18721285045966,113.2314853131099,113.45499882274926,6132000
2013-04-30,114.08708953857422,114.15645462412152,113.33945669892653,113.9714693018812,8065800
2013-05-01,113.10050964355467,113.92521077061234,112.97718611178442,113.73252216251352,5372800
2013-05-02,114.0408172607422,114.11018232871876,113.23152285201525,113.39337467729388,4340700
2013-05-03,115.11986541748048,115.47441757853514,114.99654190400253,115.04278528136236,5929900
2013-05-06,115.17374420166016,115.30478270796064,114.9502307559376,115.11979754680463,3110600
2013-05-07,115.81356048583984,115.8289788679996,115.1815479466458,115.43589832877328,5361800
2013-05-08,116.33760833740234,116.3530267101133,115.69017781281156,115.71329949149178,4087100
2013-05-09,116.2605438232422,116.6690425490621,115.91370683576147,116.30678718680308,3948500
2013-05-10,116.41468048095705,116.4609356006004,115.83661497353005,116.31449045699524,4138200
2013-05-13,116.27597045898438,116.39157887610014,115.98308012125794,116.1911870328412,3841500
2013-05-14,117.25487518310548,117.28570018555833,116.2760137641229,116.29143214573897,5551900
2013-05-15,117.7558135986328,118.01016386971128,117.04672121900852,117.06213959443664,5770700
2013-05-16,117.5014877319336,118.01018837974472,117.33963591903358,117.64793292698016,8194700
2013-05-17,118.36637115478516,118.44366878841224,117.64755269669786,117.80986121576652,5503200
2013-05-20,118.2890625,118.6909889282794,118.1190289509961,118.2890625,4464700
2013-05-21,118.65245819091795,119.04665996642572,118.1732454532914,118.47468762598774,5734900
2013-05-22,118.1344985961914,119.9122381525863,117.7557708283174,118.80695503431023,12806500
2013-05-23,118.0804214477539,118.443699189912,117.1374466864881,117.2301944354762,10474400
2013-05-24,118.0804214477539,118.11907027448764,117.27656830997024,117.608934067121,4535300
2013-05-28,118.93844604492188,119.7886617817556,118.62926703645876,119.19351430416395,9374100
2013-05-29,118.1344985961914,118.45140240544572,117.50070277164664,118.2736319879954,7906200
2013-05-30,118.33543395996094,118.87648189816208,117.94896946210862,118.14992675516604,8231800
2013-05-31,116.7895736694336,118.82236886822602,116.63497843816764,117.95669218414592,7424700
2013-06-03,117.72484588623048,117.76349470545696,116.78960814835362,117.129687093241,10861300
2013-06-04,117.20697784423828,118.18860118388189,116.57318206322994,117.68619015138825,7956400
2013-06-05,115.40609741210938,117.04470411633442,115.39063552038051,116.88239553206868,9426900
2013-06-06,116.13262939453124,116.14809128311704,114.6331446387754,115.46018466561686,15155100
2013-06-07,117.73255157470705,117.8252992811388,116.48039856807507,116.83595109933124,8087900
2013-06-10,117.6475830078125,118.16544426344106,117.46980076345838,118.09587165766656,4917900
2013-06-11,116.86691284179688,117.80988757198556,116.48044817512825,116.7741650958654,7012500
2013-06-12,115.83113098144533,117.75572828058134,115.7074595209634,117.62431998259454,6901000
2013-06-13,117.29981994628906,117.4776022885304,115.5375409796986,115.73851027197615,6208200
2013-06-14,116.44944763183594,117.49289436192504,116.24075356823543,117.17600253966556,4639300
2013-06-17,117.315185546875,117.93353122621252,116.75095056918732,117.19925089185796,6693100
2013-06-18,118.33543395996094,118.53639125301837,117.42337161217004,117.45429537661607,4807900
2013-06-19,116.7818832397461,118.42822639649891,116.75097125758488,118.2118071394755,9143700
2013-06-20,114.06893920898438,115.84667945181064,113.844783045071,115.81575566659646,14309900
2013-06-21,114.42056274414062,114.84655381239456,113.49113520687624,114.6529225830348,10968600
2013-06-24,113.29750061035156,114.18819951161024,112.43777750481244,113.336229218735,14129300
2013-06-25,114.08751678466795,114.47477922330005,113.56083372260628,114.17271499389948,7592300
2013-06-26,115.24153900146484,115.4584168168229,114.60643481534272,114.86202941578676,6326000
2013-06-27,116.1011199951172,116.50387570487828,115.8300437395114,115.93847660541292,6584600
2013-06-28,115.05561065673828,116.20190354602244,114.99364728187084,115.65199779882016,6719200
2013-07-01,115.7294692993164,116.5659573215484,115.57456673630485,115.80692648997618,4895800
2013-07-02,115.3499755859375,116.34137822680312,114.93947837745672,115.52037199153074,4873800
2013-07-03,115.82242584228516,116.16321862300092,114.82329411546824,114.95496190468846,2589400
2013-07-05,116.9687271118164,117.0229376969682,115.72174183361236,116.73636733098589,5528500
2013-07-08,117.74325561523438,118.0608017803095,117.4799082187414,117.55736542094108,4915600
2013-07-09,118.33968353271484,118.4945980056701,117.89821037607436,118.27773192551074,5200200
2013-07-10,118.27766418457033,118.72687808025516,118.00657583047354,118.32413377251646,6126900
2013-07-11,119.57111358642578,119.756991929906,119.05218351369732,119.54787879349075,5848400
2013-07-12,119.40851593017578,119.86548283650312,119.19164987909454,119.60214717709212,6349800
2013-07-15,119.77249145507812,119.95062881552887,119.53239070440358,119.71052806485432,2751600
2013-07-16,119.50910949707033,119.84990210179475,119.22252745129548,119.74146916559188,3594600
2013-07-17,119.61751556396484,119.93507331233548,119.41613171460736,119.77241803541608,6504400
2013-07-18,120.31461334228516,120.62443018266548,119.71048527642355,120.03578409509488,6823000
2013-07-19,120.3038330078125,120.31934738848126,119.87728812846498,120.1177077758078,4828400
2013-07-22,120.2960968017578,120.53651647921356,120.06342839860476,120.30384807606052,3165700
2013-07-23,120.48997497558594,120.73039463270948,120.27282097340948,120.65284639422109,3394100
2013-07-24,120.2882843017578,120.75360903721108,119.90825904223716,120.68381210199318,3894500
2013-07-25,120.3038330078125,120.40465873115178,119.59032533911592,119.85401064045932,5483500
2013-07-26,120.33480834960938,120.40460528062658,119.17923009988064,119.80742614703524,3859300
2013-07-29,120.15648651123048,120.31935793751948,119.78422418057774,120.1022039251382,2592500
2013-07-30,120.14092254638672,120.6605416556668,119.7608973019878,120.52093595678554,4211000
2013-07-31,120.08663177490234,121.00954180055582,119.86947786698394,120.30378568282076,11784600
2013-08-01,120.9010009765625,121.11040367677604,120.73037830735208,120.9010009765625,4872400
2013-08-02,121.14138793945312,121.17241668949131,120.38910051003738,120.57523750826422,3620800
2013-08-05,120.82339477539062,120.99401737944493,120.5984896158642,120.91646918105626,3077100
2013-08-06,120.09449005126952,120.5055325479996,119.75324454439708,120.49776943756444,3582300
2013-08-07,119.85397338867188,120.01684475005906,119.44293118374397,119.68336259036342,4341600
2013-08-08,119.97035217285156,120.55976847122596,119.42746718303236,120.4667058541156,5071200
2013-08-09,119.5204620361328,120.17192365455944,118.91553169987974,119.81517593522992,4550300
2013-08-12,119.4585418701172,119.66794469386907,118.93117100616244,119.00871927991469,3697300
2013-08-13,119.7764129638672,120.18745512688125,118.92329988930966,119.76089858960246,4752500
2013-08-14,118.9078598022461,119.7687127650759,118.74498837192296,119.64463320778913,6372100
2013-08-15,117.20162963867188,117.9616805146158,117.08530135868357,117.9616805146158,10021900
2013-08-16,117.0173568725586,117.45276839522788,116.77632634137196,117.07956021352194,7035200
2013-08-19,116.42637634277344,117.18834607165785,116.3641730373855,116.86178761642168,4174100
2013-08-20,116.43419647216795,116.9473650602574,116.28646504249927,116.55860313547554,3845900
2013-08-21,115.57112121582033,116.56635059341492,115.4622683733981,116.19314254283444,9497100
2013-08-22,116.16202545166016,116.32531063397523,115.672193632853,115.74216791210132,4227000
2013-08-23,116.496337890625,116.6362864144146,115.8976415227041,116.30972799483942,9601600
2013-08-26,116.01434326171876,116.83851667560448,115.99878946219084,116.49640427042786,5770200
2013-08-27,114.68473815917967,115.6488717544303,114.614763878188,115.2212313749212,11440200
2013-08-28,115.10466766357422,115.41568443585376,114.58372791709238,114.6226064966369,4842500
2013-08-29,115.26798248291016,115.83557192462736,114.933652714143,115.08915520808308,4695500
2013-08-30,114.95694732666016,115.40012991128812,114.6303767517848,115.40012991128812,6326800
2013-09-03,115.1590576171875,116.00655576424305,114.7702956931357,115.75775430216754,5430300
2013-09-04,115.99102020263672,116.16985925795156,114.93359899246671,115.08910141372264,4577700
2013-09-05,115.94432067871094,116.4030686401485,115.86657543363631,115.99097019856954,6021300
2013-09-06,115.92097473144533,116.60519920183071,114.89464988993416,116.39526453676848,9001900
2013-09-09,116.99398803710938,117.23501847751228,116.22423532969746,116.23978912509854,4402500
2013-09-10,118.0202407836914,118.04357739452529,117.48375974388638,117.77143953010882,7917100
2013-09-11,119.07772827148438,119.10105302912037,118.0047538280247,118.04363237877402,7044000
2013-09-12,118.98443603515624,119.2798988008409,118.79005513437816,119.21769548890369,5555700
2013-09-13,119.49759674072266,119.58312480610242,119.1243887572782,119.22545875158671,4829600
2013-09-16,120.46951293945312,120.89715330808896,120.25180727252382,120.7727466801096,6569000
2013-09-17,120.7416000366211,120.9126561287465,120.50056968791674,120.5316772668842,4517600
2013-09-18,121.83029174804688,122.11797195973853,120.24413543734492,120.64068044706042,9637300
2013-09-19,121.54256439208984,122.0090717005791,121.4648072419706,121.97019312551949,7626600
2013-09-20,120.20567321777344,121.6780558783082,120.20567321777344,121.65468566839394,9381000
2013-09-23,119.74601745605467,120.2212314339666,119.4421929054018,120.05762811260676,8662000
2013-09-24,119.23966217041016,119.98754455685165,119.15396743745526,119.76941467063688,5774900
2013-09-25,118.74103546142578,119.49670368560112,118.5618599518616,119.39542488632516,7187200
2013-09-26,119.15399169921876,119.6136217753892,118.7800563734521,118.95923198350012,5026300
2013-09-27,118.57747650146484,118.7566520600664,118.22689960408036,118.64758712606724,6634800
2013-09-30,117.6348648071289,118.05554055024804,117.20639106781076,117.47126142041132,9426100
2013-10-01,118.11774444580078,118.2346072847253,117.45556924060384,117.63474466234216,8616300
2013-10-02,117.61929321289062,117.71278596689793,116.9726894806304,117.55696867261597,8895300
2013-10-03,116.5986785888672,117.44782761151428,116.20915937988968,117.3699309020285,10949200
2013-10-04,117.19081115722656,117.29209001392393,116.41177228956002,116.60653200647666,6867800
2013-10-07,116.07671356201172,116.73890091103011,116.0066029637905,116.17019435964,6081100
2013-10-08,114.93161010742188,116.18586323527865,114.90823989096164,116.07679826273414,10388000
2013-10-09,115.12635803222656,115.54704565975852,114.4875523691596,115.05624739003432,11075200
2013-10-10,117.6036605834961,117.64260299987237,116.14685046317857,116.18580476673932,12792200
2013-10-11,118.54627227783205,118.5852265753922,117.44782527742149,117.57247427474096,8186000
2013-10-14,119.0371322631836,119.09945679429848,117.6971845621857,117.78287930657004,6470100
2013-10-15,117.89969635009766,119.037097912139,117.89969635009766,118.8812925729076,8144700
2013-10-16,119.59803771972656,119.6291940407944,118.60086902491686,118.70213598377867,8714800
2013-10-17,119.56687927246094,119.65257402137892,118.45285942371684,118.49959985272854,9916600
2013-10-18,119.79297637939452,119.94895443111793,119.23924061035956,119.83976860487527,7714400
2013-10-21,119.73851013183594,119.91788449496482,119.5357396300544,119.8632974715672,3588300
2013-10-22,120.29998016357422,120.77572124185662,119.96462774628432,120.12840063367764,7501700
2013-10-23,119.9647216796875,120.12849469531648,119.57477006101792,119.95691503107156,5428400
2013-10-24,120.72893524169922,120.84591588161082,120.18300575482796,120.25319413877492,5182600
2013-10-25,121.23582458496094,121.23582458496094,120.72108614960692,120.81468252899518,4565000
2013-10-28,121.17342376708984,121.3917954720797,120.87706896766952,121.04084179622924,4968800
2013-10-29,122.0547866821289,122.0547866821289,121.3684684185448,121.43866871395475,5779100
2013-10-30,121.5633773803711,122.34327974252216,121.17342619929556,122.23409388783564,6100200
2013-10-31,121.11104583740234,121.80515853967006,120.962874368684,121.36062033278112,8157400
2013-11-01,121.5555419921875,121.78170836541942,120.9472193051646,121.33717035583884,5909900
2013-11-04,121.71159362792967,121.94556677988348,121.29824621630448,121.8675717624426,4042500
2013-11-05,121.57906341552734,121.80523002187066,120.7835591201192,121.10332216734072,5442800
2013-11-06,122.61628723144533,122.670874225034,121.95336526396076,122.04696166783586,7548400
2013-11-07,121.54781341552734,123.06862096088196,121.41521951380707,123.00622733076892,10211000
2013-11-08,122.8268051147461,122.82680511474612,121.33718901599916,121.39958262174582,7594900
2013-11-11,122.92041015625,123.01399463035898,122.56164983822316,122.70203844975208,3795200
2013-11-12,122.73321533203124,123.0061858842532,122.34326420049364,122.77221282525782,4094800
2013-11-13,123.2713851928711,123.31817743803292,122.05473921719302,122.07034059903614,5062900
2013-11-14,123.79388427734376,123.8562778871348,123.18556145733628,123.30255393833112,6931000
2013-11-15,124.47217559814452,124.47217559814452,123.83144682415475,123.90177914715002,6529100
2013-11-18,124.5815887451172,124.98008300590506,124.29248576706064,124.79256190565458,5236000
2013-11-19,124.49554443359376,124.96435875613804,124.30801155092804,124.69088671534054,5017300
2013-11-20,124.05794525146484,124.92526521898073,123.72977173980254,124.66741204780104,8401100
2013-11-21,124.90970611572266,124.92533684126134,124.37055935076508,124.46431985849676,4579900
2013-11-22,125.33167266845705,125.3551128014393,124.61281410390968,124.88629821904055,4466400
2013-11-25,125.49579620361328,125.6833292360733,125.2535734884084,125.6520677692852,5114400
2013-11-26,125.4097671508789,125.77701165959546,125.37851762625888,125.44101667549891,5231300
2013-11-27,125.68344116210938,125.75376164087145,125.33963625780568,125.63654892016784,6272800
2013-11-29,125.58177185058594,126.25375044453968,125.47238054100085,125.88650563605574,2887900
2013-12-02,124.95655822753906,125.67541644466834,124.79247737596204,125.6129054793422,5655700
2013-12-03,124.22990417480467,124.72215870603004,123.81577941670696,124.41742516851002,8660700
2013-12-04,124.05026245117188,124.6441111167888,123.32359427593856,123.81586105448802,7138200
2013-12-05,123.55022430419922,124.15188256068495,123.46427312470124,123.8080778426931,5823000
2013-12-06,125.14418029785156,125.15979910825196,124.33937042025669,124.65191354684956,6345300
2013-12-09,125.19884490966795,125.4332581690512,125.10508437501612,125.24572517699389,3967700
2013-12-10,124.80037689208984,125.16762162684564,124.73786588162544,124.83944776397462,4047600
2013-12-11,123.6986083984375,124.94098308979513,123.6360974053012,124.8941028256311,7906700
2013-12-12,123.04230499267578,123.79241333388632,122.7297618376309,123.62052294454162,7078700
2013-12-13,123.18292999267578,123.43297402275844,122.75318619044906,123.09697884767932,8886500
2013-12-16,124.1596221923828,124.52686685087204,123.65173673162296,123.74549726647004,7076500
2013-12-17,124.0658187866211,124.46431284477528,123.76108523091506,124.44869404286696,6001100
2013-12-18,126.39437866210938,126.41781880305037,123.54238356855652,124.3628242697624,15330700
2013-12-19,126.4880828857422,126.58965280075218,126.01925647442366,126.17552797061286,8018300
2013-12-20,126.89926147460938,127.30657065537817,126.58595407519412,126.5937825770106,7978200
2013-12-23,127.37712860107422,127.55729180280144,127.1499824123502,127.337974119924,4992800
2013-12-24,127.80010223388672,127.87842314521112,127.35362642686184,127.45545675869214,2462000
2013-12-26,128.818359375,128.8418568417063,128.12906847983953,128.14473744161572,4971600
2013-12-27,128.8262176513672,129.17869168533346,128.63039741561718,129.053363865993,6176900
2013-12-30,128.9202117919922,128.9907042107267,128.7713864956066,128.8888858120832,4043600
2013-12-31,129.60951232910156,129.64083831129696,129.09254398347787,129.19437434147284,5667800
2014-01-02,128.54428100585938,129.24922932042264,128.33279173072123,129.07690649652088,9291100
2014-01-03,128.76358032226562,129.13955190597994,128.48942715485492,128.77140883062094,6127600
2014-01-06,128.37196350097656,129.28840112865004,128.23097861299144,129.23357765618582,7446800
2014-01-07,129.21778869628906,129.46843224838472,128.86531485170116,128.97497364672657,5387200
2014-01-08,128.73226928710938,129.10824091448674,128.38762364871238,129.00641053443604,9461800
2014-01-09,128.60690307617188,129.23353023621942,128.08210626580876,129.2021923046616,8212900
2014-01-10,128.5990447998047,128.99852568434503,128.0820885199153,128.8966953487693,7497200
2014-01-13,127.07945251464844,128.67733972592717,127.0011196716221,128.37968926472362,10676100
2014-01-14,128.02734375,128.04301272469957,127.1813983951105,127.47122064338636,7335400
2014-01-15,128.90451049804688,129.08466171245774,128.1368868068936,128.1917221927967,7780800
2014-01-16,128.4423828125,128.716535874494,128.08208033596017,128.63037450803157,5170900
2014-01-17,128.62498474121094,129.02477773808948,128.25654313244294,128.39764232136014,8013200
2014-01-21,128.35064697265625,129.38542250855778,127.61376353859606,129.36974082908807,9675200
2014-01-22,128.14682006835938,128.4055139262575,127.7705435303328,128.3741505704796,5418100
2014-01-23,126.76715087890624,127.33155979162215,126.2654447641231,127.33155979162215,9456000
2014-01-24,124.23519134521484,126.12443461992802,124.23519134521484,125.98333526909975,14663200
2014-01-27,123.8744888305664,124.72895494582218,123.47468375964348,124.41539313008576,14215300
2014-01-28,124.59577178955078,124.7760693530392,124.07838369088904,124.2273298370151,8308000
2014-01-29,123.1532974243164,124.05479669145564,122.87892184129969,123.59228878784916,14271200
2014-01-30,123.99210357666016,124.46245838348185,123.36496782143782,124.09401657584944,7864700
2014-01-31,122.87894439697266,123.62366287978188,122.1734241420207,122.47130435817256,10693100
2014-02-03,120.3547134399414,122.88676068341876,120.1352177510614,122.73782657866428,18172800
2014-02-04,120.78588104248048,121.13864114900912,120.14306363632772,120.68396804842725,11853400
2014-02-05,120.86434936523438,121.12304347922124,120.0333990387703,120.50375414813318,11603200
2014-02-06,122.4006805419922,122.40851539816732,121.27183924892672,121.27183924892672,10426200
2014-02-07,123.68639373779295,123.70207542329928,122.3302210012194,122.73001426947044,11528500
2014-02-10,123.66291046142578,123.71779039465244,123.17688573455872,123.67074532547622,4790700
2014-02-11,125.23851776123048,125.49721168712448,123.81179570033392,123.90586186916134,7620400
2014-02-12,125.19927215576172,125.77936253740016,124.90921500332956,125.42660260988244,5249600
2014-02-13,125.65392303466795,125.79503417137973,124.33694955395544,124.37614775646496,5085000
2014-02-14,126.67306518554688,126.86120945294871,125.34824437809824,125.48935556905376,5824400
2014-02-18,126.53206634521484,126.8064301627008,126.31257050657564,126.759397048939,4966400
2014-02-19,125.83424377441406,127.26096517444624,125.72449597441158,126.2262019117962,8245400
2014-02-20,126.45359802246094,126.77500673277528,125.50506553602602,125.86566051113344,7035600
2014-02-21,126.40249633789062,127.0391838261579,126.25314752084776,126.61472949863378,5268200
2014-02-24,127.07063293457033,127.88024937550922,126.52826596086202,126.56757017521058,6704400
2014-02-25,126.94490051269533,127.52657186692788,126.65407083256189,127.13355359908672,6067800
2014-02-26,127.21217346191406,127.54230742836576,126.76413879100386,127.10999684937266,5032900
2014-02-27,127.77017211914062,127.77802816241775,126.84264327219256,127.05487638026732,5292500
2014-02-28,128.13967895507812,128.72920635476882,127.34577438069,127.77809687258964,10010400
2014-03-03,126.93699645996094,127.48721942806137,126.15096022154286,127.01559288742604,9144400
2014-03-04,128.61912536621094,128.90995496312078,128.16322286670004,128.22610721083558,7947500
2014-03-05,128.3989715576172,128.76840939731255,128.28892700923706,128.7369612440861,4968400
2014-03-06,128.980712890625,129.1536418620211,128.72131943353088,128.76849169351846,4651800
2014-03-07,129.1771697998047,129.60949205361106,128.76057162630735,129.50730352254072,7381900
2014-03-10,128.90213012695312,129.0357548928578,128.2654304861623,128.9492903979824,3995400
2014-03-11,128.45404052734375,129.29510505879514,128.2103712126873,129.13003217153306,5198700
2014-03-12,128.3046875,128.57194892743507,127.70730429682904,127.85665309611196,5250800
2014-03-13,126.5911636352539,128.93354873074514,126.37893045059302,128.70560345386014,9500500
2014-03-14,126.27670288085938,127.02344681959724,126.06448175570634,126.33958721222466,8603100
2014-03-17,127.62867736816406,127.86449059630776,126.81120510375276,126.86622139374283,6641400
2014-03-18,128.34402465820312,128.62699824686894,127.77022143456216,127.88026605271196,7094600
2014-03-19,127.4871826171875,128.57191615106413,126.66969844865628,128.3282349125881,7936400
2014-03-20,128.35971069335938,128.49333540478884,126.9291190875376,127.21996063025848,6616200
2014-03-21,128.0542449951172,129.29045075389948,127.97550057098816,128.71565490483684,7629500
2014-03-24,127.90464782714844,128.70779536033297,127.38496342245767,128.44795315798757,6336000
2014-03-25,128.65267944335938,128.91252166102873,128.0070207327045,128.63692815342714,5991100
2014-03-26,127.81793975830078,129.39273108851128,127.81007012694327,129.18801254087748,6133800
2014-03-27,127.7785873413086,128.09354085019683,127.1959101336885,127.75496642887728,7713700
2014-03-28,128.22735595703125,128.9911305173269,127.81003732281216,128.03837672061644,4536000
2014-03-31,129.32200622558594,129.49523441775494,128.84956351699466,128.9125566791213,6368400
2014-04-01,129.88096618652344,130.16442922359687,129.58963351484303,129.66049627043404,4076100
2014-04-02,130.21170043945312,130.369189284801,129.72351866006846,130.0699748962945,5597700
2014-04-03,130.18798828125,130.5108233673769,129.8887861171332,130.4872024600704,4452600
2014-04-04,129.0384521484375,130.75496955261318,128.8022309604633,130.71559735216604,10559700
2014-04-07,127.68415069580078,129.07783310112745,127.6526481244912,128.80225168307732,8624100
2014-04-08,127.81793975830078,128.1328932184611,127.20377210069502,127.63684211944378,5930000
2014-04-09,129.21173095703125,129.24322152092932,127.89676863105228,128.34559026591575,6008300
2014-04-10,127.14080810546876,129.37700942265616,126.9833313393456,129.22740228969167,9981500
2014-04-11,125.9990692138672,127.0226860750302,125.88883429126228,126.51087163709596,11067500
2014-04-14,127.1250991821289,127.25895507866932,126.19597754212684,126.83376646699456,6270600
2014-04-15,127.84165954589844,127.92827361663964,126.28261828727058,127.29835419440492,8489000
2014-04-16,129.1486358642578,129.15650549534166,128.29036548795932,128.6840633068233,5864200
2014-04-17,129.0399627685547,129.38669802752955,128.7089914825482,128.92963900655252,5790700
2014-04-21,129.26065063476562,129.43401831836107,129.00059910937247,129.11092290580666,3066100
2014-04-22,129.86732482910156,130.26133976364108,129.41814203202335,129.47330989456205,4044300
2014-04-23,129.74131774902344,130.01713318426798,129.59159005699863,129.9777292614632,3546100
2014-04-24,129.78076171875,130.1117331285391,129.38674641789734,130.03292525861147,4028700
2014-04-25,128.72476196289062,129.38670456836655,128.4489465317479,129.30002074924076,5102700
2014-04-28,129.37091064453125,129.7806896968407,128.2755491970084,129.33939472868562,7236900
2014-04-29,130.02499389648438,130.23776543514353,129.62310278958387,129.72553854758542,4581400
2014-04-30,130.3795928955078,130.4978046389705,129.89101802414413,129.96193785558987,4958500
2014-05-01,130.20623779296875,130.58450097910438,129.94618636164586,130.26140568342555,3889400
2014-05-02,129.8280792236328,130.69491794626532,129.6547114791063,130.15117474974096,7036100
2014-05-05,129.9697723388672,130.15890385339972,128.80349139353982,129.2132703295023,4059700
2014-05-06,129.02413940429688,129.77276544645244,128.9847355022081,129.7570135051231,5281500
2014-05-07,130.0486297607422,130.08803367768493,128.7562606459762,129.63885066843477,5576200
2014-05-08,130.3008270263672,130.86820985705714,129.91468781469538,130.04077556026854,5997900
2014-05-09,130.59242248535156,130.6397023940062,129.9225917143657,130.25356309934014,4228600
2014-05-12,131.4434051513672,131.5458408738095,131.03362618844767,131.05726612627154,3944700
2014-05-13,131.64048767089844,131.82960728126798,131.56167981698428,131.67989159785552,4133400
2014-05-14,130.89974975585938,131.7114202270134,130.75002203361691,131.67201629625623,3104700
2014-05-15,129.6703338623047,130.7105271691746,129.252678940497,130.63960735778454,7539300
2014-05-16,130.05035400390625,130.07405458013355,129.38671375908754,129.69483330526958,5115000
2014-05-19,130.12937927246094,130.28738715097649,129.59213801923394,129.67904416070178,2879900
2014-05-20,129.03125,130.1373175627888,128.81002443220996,130.12151315325403,4856600
2014-05-21,130.3426971435547,130.47700445609937,129.48154387505846,129.52894503769429,4898700
2014-05-22,130.50076293945312,130.6666791375236,130.04254346051258,130.42966116395218,3564100
2014-05-23,131.01426696777344,131.04586372956845,130.5086343924326,130.5876323245359,2857000
2014-05-27,131.5198516845703,131.62256221968408,131.2512371137481,131.50404728180808,2561300
2014-05-28,131.2196502685547,131.58307926154498,131.10904354116272,131.5751710312268,3681500
2014-05-29,131.76483154296875,131.7727277206833,131.17229272308302,131.51991742625327,2763500
2014-05-30,131.88328552246094,131.95439931642304,131.38556129609833,131.62257914710506,2769000
2014-06-02,132.0966796875,132.2546876617382,131.64635635815932,132.13618469486846,4453300
2014-06-03,131.95448303222656,132.09668659991152,131.7411656254628,131.8912774281767,4125200
2014-06-04,132.04136657714844,132.15197335145032,131.6068356583788,131.85174979753052,2264600
2014-06-05,132.83932495117188,132.9736323264996,131.8754606762456,132.3415884003657,5416500
2014-06-06,133.58187866210938,133.6134754106168,133.09205070127226,133.186853002021,4118900
2014-06-09,133.70831298828125,133.97692759053845,133.53450070323754,133.61349861583926,2713200
2014-06-10,133.79525756835938,133.81104992227952,133.3923234939876,133.63723758730188,2821400
2014-06-11,133.00515747070312,133.3685743622964,132.79973639219358,133.32117320732576,3064100
2014-06-12,132.16778564453125,132.997342604543,131.92287146843665,132.95783759592604,5409200
2014-06-13,132.4284210205078,132.59433713034718,132.04130352293012,132.36521545748465,2708700
2014-06-16,132.4836883544922,132.70490172723913,132.05705395331975,132.24667058219913,3068300
2014-06-17,132.7286834716797,132.88669139809957,132.12824852919135,132.2783482233894,2884700
2014-06-18,133.46340942382812,133.56611998828782,132.2151385191869,132.76817222160335,4729200
2014-06-19,133.5899200439453,133.6689300839353,133.15538893447965,133.53462266014398,3028000
2014-06-20,133.83993530273438,134.1090687743079,133.74494986065312,133.97450203852114,5370700
2014-06-23,133.7054901123047,133.87171478705386,133.4442678306014,133.82422202283982,2729200
2014-06-24,132.88217163085938,134.03788062220636,132.72385847439915,133.64209169179597,4861700
2014-06-25,133.20668029785156,133.36499340540027,132.59716215134736,132.60508565776013,3657500
2014-06-26,133.04837036132812,133.29375749565446,132.2409577915155,133.28584606756905,4052400
2014-06-27,133.11965942382812,133.18298710783384,132.46264829060473,132.79510957274417,3092200
2014-06-30,132.89796447753906,133.26209549273472,132.707981502848,132.9137994117256,6488400
2014-07-01,133.9349365234375,134.28323262345415,133.1671052334507,133.21459796008637,4911500
2014-07-02,134.0933074951172,134.18038155769088,133.91915936996983,134.02206837442645,1929800
2014-07-03,134.94024658203125,134.94024658203125,134.35447475704996,134.44947229098975,2074800
2014-07-07,134.45741271972656,134.57614456461394,134.21202552127974,134.47324765855132,2937700
2014-07-08,133.6579132080078,134.25159654400102,133.33336341882045,134.2357616063894,5438700
2014-07-09,134.2357177734375,134.35444957045843,133.6657809907081,133.9190795171909,3543800
2014-07-10,133.7449493408203,134.04574059908015,132.7475538887839,132.8979555571713,4932100
2014-07-11,133.9349365234375,133.9507714584882,133.2383564019206,133.5945639302044,2830500
2014-07-14,134.79771423339844,135.0510248067928,134.59981987737643,134.68689387716665,2831200
2014-07-15,134.86903381347656,135.2885690948334,134.39408228662927,134.97193071742885,5168100
2014-07-16,135.41517639160156,135.48641547179264,135.09062669937808,135.32810237852976,3197900
2014-07-17,134.25949096679688,135.61309411594752,134.14075914604544,135.20938176835892,6149300
2014-07-18,135.17245483398438,135.31508615990958,134.5068177966681,134.6732210102475,6924600
2014-07-21,134.8553924560547,135.0138877306819,134.2056077777521,134.792008855994,2886600
2014-07-22,135.2991485595703,135.47348367076597,135.05348574543785,135.15650524518722,3798200
2014-07-23,135.15650939941406,135.3546163871809,134.87123485337017,135.3546163871809,2607900
2014-07-24,135.0614776611328,135.38637615712997,134.88714247262192,135.23581284964368,3226000
2014-07-25,134.04708862304688,134.59386573590422,133.73011025034555,134.53047006136393,5714000
2014-07-28,134.24525451660156,134.43542953223658,133.42112247720357,134.10261116338145,3606100
2014-07-29,133.74598693847656,134.86331323744332,133.74598693847656,134.62558243680283,3683100
2014-07-30,133.50830078125,134.33243288685048,132.95360345526592,134.13432583532082,5446600
2014-07-31,130.98045349121094,132.67624937669956,130.98045349121094,132.5494700526545,9038800
2014-08-01,130.40988159179688,131.15475375396076,129.96611175552957,130.59213664593867,7435100
2014-08-04,131.0120391845703,131.2339179158266,130.04527667346048,130.59205357958635,4400000
2014-08-05,129.89474487304688,130.8615076175456,129.43513536406493,130.59208510619007,8522800
2014-08-06,130.1166534423828,130.5524911878633,129.4589368612922,129.53026455890878,4781100
2014-08-07,129.6016082763672,130.66345894732137,129.2687899507618,130.6317671459985,4962400
2014-08-08,131.02015686035156,131.05186077923096,129.51454718414013,129.6968023974389,5412300
2014-08-11,131.18638610839844,131.66183539361043,131.12299045207314,131.51128431275862,5761500
2014-08-12,131.1389617919922,131.3608407454105,130.75066757776204,130.9725465311804,3274300
2014-08-13,131.93136596679688,132.0660773002152,131.35288471615513,131.5430718235366,2841700
2014-08-14,132.4147186279297,132.4147186279297,131.90756521077273,132.08982025826114,2752400
2014-08-15,132.05438232421875,132.93553915981434,131.3319899761364,132.90377899453932,7032500
2014-08-18,133.41177368164062,133.4594017955573,132.75288984224625,132.768769917868,2975200
2014-08-19,134.07078552246094,134.17398794310998,133.62623988421916,133.87232678303442,3057200
2014-08-20,134.63426208496094,134.745398369391,133.9356842325739,133.9356842325739,3108800
2014-08-21,135.09469604492188,135.3725428553774,134.70572504582222,134.80098127205912,2652600
2014-08-22,134.84857177734375,135.33281098057955,134.67392733598362,134.95970804794155,5152200
2014-08-25,135.44403076171875,135.7933198597997,135.30114637411427,135.3964026325173,2588500
2014-08-26,135.69017028808594,136.0235915481024,135.5710999187638,135.6028600925545,3581400
2014-08-27,135.753662109375,135.9124387332172,135.54726945651817,135.8647984782911,5162400
2014-08-28,135.56307983398438,135.65040208701356,135.03121233387913,135.26935292127737,2781900
2014-08-29,135.65042114257812,135.7456773909186,135.15030161288826,135.6662891086674,3280300
2014-09-02,135.4122772216797,135.8012604493044,134.98359985034597,135.6980580982515,3458700
2014-09-03,135.5234375,136.12674740692984,135.372606995029,136.04737121844005,2847400
2014-09-04,135.47579956054688,136.1902457700245,135.12651044019665,135.67425818684103,3760900
2014-09-05,135.94415283203125,135.97590088109573,134.959793729694,135.36465706122073,3403600
2014-09-08,135.79324340820312,136.02346205366726,135.54715680390717,135.77736333642562,3139800
2014-09-09,135.04714965820312,135.61871158741317,134.86457107644193,135.57901743147664,4252400
2014-09-10,135.48374938964844,135.5948857488523,134.72167495880876,135.086832090641,4595400
2014-09-11,135.3567352294922,135.4440575212646,134.8089995225069,134.8645616465685,3026200
2014-09-12,134.87237548828125,135.30105257982933,134.47545853615216,135.2534244836449,5000800
2014-09-15,135.20591735839844,135.40437601202717,134.59466131359457,134.9995126063334,5130700
2014-09-16,136.0472869873047,136.30925368433293,134.86446986065235,134.92004405984622,5946400
2014-09-17,136.20606994628906,136.73793739289923,135.69007046194312,136.19813596515695,8498600
2014-09-18,137.02369689941406,137.1745273081351,136.4600693899217,136.54739162060514,6458100
2014-09-19,137.22503662109375,137.9173370433428,137.0181490806286,137.66269501630862,9341000
2014-09-22,136.39744567871094,137.169312465844,136.2462535246543,137.14544129857163,4894200
2014-09-23,135.4425506591797,136.3735625269773,135.4425506591797,135.95182241956462,5521800
2014-09-24,136.6998748779297,136.78740657511364,135.2595905222687,135.561974956541,5813000
2014-09-25,134.61502075195312,136.49296326289308,134.55136024320933,136.46909208986423,8910500
2014-09-26,135.83250427246094,136.17467800212668,134.87762088925578,135.1083796179133,6062200
2014-09-29,135.5380859375,135.73702048291253,134.43201035068645,134.62297974340177,5167800
2014-09-30,135.3312225341797,136.15083203619625,135.11636978702873,135.63359484061087,5492800
2014-10-01,133.42933654785156,135.25953630130374,133.2224490474431,135.2038409574236,11030600
2014-10-02,133.4054718017578,133.89883762186162,132.43467046342246,133.19858429139066,9093700
2014-10-03,135.05271911621094,135.25165371163996,133.97846744409262,134.39225480234612,5589100
2014-10-06,134.9332733154297,135.82449582372655,134.44787274030458,135.62556136083916,5315300
2014-10-07,132.77685546875,134.43199211915433,132.77685546875,134.2648817811907,7128800
2014-10-08,134.97308349609375,135.13224081891536,132.3710288275465,132.7848038692855,8893200
2014-10-09,132.36312866210938,134.86174686796,132.25172576663851,134.60711688202875,13387300
2014-10-10,131.46389770507812,133.1747297744908,131.46389770507812,132.40286284107208,12717500
2014-10-13,129.64968872070312,131.92550168051196,129.5780751583264,131.36848706979117,14117000
2014-10-14,129.72915649414062,130.8272787461528,129.30741635370066,130.2384282944076,13626400
2014-10-15,128.33660888671875,128.79018532263458,125.9414421537155,128.26499538904685,24966700
2014-10-16,128.09793090820312,128.86979792676613,126.30751997396956,126.52237268583794,18926600
2014-10-17,130.06338500976562,130.46125404444953,129.07667757462914,129.4506632965926,11730200
2014-10-20,130.2225341796875,130.24640535113895,129.10850570528615,129.18808437145756,7156500
2014-10-21,131.93341064453125,131.9891060108776,130.59656400618385,130.85915909839497,8994600
2014-10-22,130.80345153808594,132.27555994918256,130.72387285986383,132.22781759904993,6025100
2014-10-23,132.4506378173828,133.1747625856159,132.10051102210517,132.13234735367743,7029700
2014-10-24,133.47714233398438,133.51691953404728,132.22782741674666,132.57000118810572,5733500
2014-10-27,133.58847045898438,133.731697439876,132.86434612137714,133.0712335855525,5062900
2014-10-28,135.00489807128906,135.0287692374674,133.7953730362655,134.0659210142848,5438900
2014-10-29,134.7980194091797,135.5460151111086,134.16939169870687,135.28342010030383,7584000
2014-10-30,136.5487060546875,136.8192541802761,134.95722935074943,134.9811005299482,7449200
2014-10-31,138.0208282470703,138.1640674783045,137.4956379692197,137.9332965340952,7563500
2014-11-03,137.94918823242188,138.28339685183306,137.70251130919,138.11629861312875,5383200
2014-11-04,138.02874755859375,138.17992761078926,137.23300939292955,137.7263631702011,6466000
2014-11-05,138.8960418701172,138.9517372048667,138.22762500114808,138.9278660411175,5286200
2014-11-06,139.48492431640625,139.58042114367208,138.60165455169516,139.05523109070882,7191700
2014-11-07,139.7157440185547,139.7316621856653,139.0711978836194,139.4451958876936,4018100
2014-11-10,140.01010131835938,140.09763298569402,139.51674763447244,139.74750631635547,2941900
2014-11-11,140.06585693359375,140.24092032841403,139.8032618413633,140.03402060253404,3192700
2014-11-12,140.08175659179688,140.20907762624483,139.45312871496355,139.46108172636576,2836500
2014-11-13,140.4000244140625,140.82971762142716,139.88278739293935,140.24883224084186,6508400
2014-11-14,140.3284912109375,140.56720305052934,140.1454626112423,140.33644422492188,3521100
2014-11-17,140.4398193359375,140.65465987717278,140.0499033022149,140.0976456447116,3668900
2014-11-18,140.81382751464844,141.1480360785866,140.4079932897231,140.47165379837804,4721700
2014-11-19,140.78988647460938,140.99678607840755,140.28061475617588,140.72623813405127,4011400
2014-11-20,141.04464721679688,141.06851840011345,140.07384528857045,140.1375058247499,2881700
2014-11-21,141.76101684570312,142.47900342540558,141.42596131095056,142.4151815845806,4782000
2014-11-24,141.84085083007812,142.17590649153917,141.6733169129596,142.10411145824952,2408700
2014-11-25,141.9683380126953,142.15181806415004,141.6492290397712,142.12788641277606,5510400
2014-11-26,142.00830078125,142.07212261394508,141.72110862050718,141.9684227869893,3005600
2014-11-28,142.08006286621094,142.55073503861735,141.8885974288815,142.09600918974718,4037500
2014-12-01,141.68121337890625,142.01626883019046,141.22648744109796,141.63333788063557,6671800
2014-12-02,142.44699096679688,142.61452470829678,141.73699020094168,141.74496336091278,3920500
2014-12-03,142.76614379882812,142.90973375898278,142.3273764104105,142.47096637056512,11006600
2014-12-04,142.6624298095703,143.0373753750371,142.0242238147694,142.58264949543263,4791000
2014-12-05,143.20492553710938,143.45223969112527,142.7901019046561,143.02144538534083,4269400
2014-12-08,142.43116760253906,143.22892257598232,141.97645359751934,142.76623540342712,5568000
2014-12-09,141.9683380126953,142.02417447498038,140.58024136919136,141.02698175852248,7945400
2014-12-10,139.8383026123047,141.60134442567573,139.61493245125686,141.60134442567573,7622000
2014-12-11,140.42864990234375,141.72899294963636,140.16538959488665,140.316964817916,6867300
2014-12-12,138.0114288330078,140.14143034906365,137.95558021541126,139.423456686666,12284400
2014-12-15,137.04623413085938,138.91298882950676,136.5835472533817,138.609838237644,8874300
2014-12-16,136.2963409423828,139.12038609675156,136.20858747351105,136.63139632186616,12257600
2014-12-17,138.48211669921875,138.7932402785107,136.47975850149476,136.63133371215807,12901600
2014-12-18,141.83273315429688,141.86465014338555,139.9021691884301,140.38879980353286,9752400
2014-12-19,142.0270233154297,142.6426237573949,141.62728498670734,142.1389495595101,11452600
2014-12-22,143.3941192626953,143.3941192626953,142.45873313198632,142.48271645336004,7855600
2014-12-23,143.92982482910156,144.2256273773741,143.65000303545773,143.80190559777586,6224800
2014-12-24,143.92982482910156,144.32956327770742,143.85787483612435,144.05774406042727,1647600
2014-12-26,144.0576629638672,144.47339413211725,144.0576629638672,144.29750833782077,1921200
2014-12-29,143.99371337890625,144.20957545035185,143.75386798830485,143.8098371990306,2530900
2014-12-30,143.4740753173828,143.8018514505411,143.29818949030044,143.6099848748474,2953300
2014-12-31,142.21087646484375,144.00169592604752,142.21087646484375,143.7618627475239,4514400
2015-01-02,142.25889587402344,143.29021552138934,141.49139282090098,142.82651753915556,4997200
2015-01-05,139.78048706054688,141.67525491476445,139.476694245193,141.55532610426997,6700200
2015-01-06,138.62130737304688,140.34017792973324,137.7658733831353,139.98841832020284,10131400
2015-01-07,140.38009643554688,140.53998931934777,139.30081032060704,139.78849154557906,5547000
2015-01-08,142.9144744873047,143.07437961338044,141.6752951535562,141.71525923602675,7166700
2015-01-09,141.68331909179688,143.1543538873809,141.21163057566687,143.09039426160967,6646600
2015-01-12,140.8997802734375,142.0110524164089,140.27618941329797,141.85914988911014,4305300
2015-01-13,140.69187927246094,143.1302851797035,139.66855026860898,142.08297285537407,9913500
2015-01-14,139.15687561035156,139.6845330204329,137.8457346574193,138.66120409126836,11090600
2015-01-15,138.35739135742188,139.9723371889906,138.157522246551,139.70051812597634,9293700
2015-01-16,139.7641143798828,140.00416511143223,137.72370147594376,138.08378367801157,8721900
2015-01-20,139.94813537597656,140.5162549824812,138.53985659896625,140.21218993594468,7224100
2015-01-21,140.3081512451172,140.6282105674529,138.95587802070986,139.4279697944732,6259300
2015-01-22,142.3646697998047,142.5407062288924,139.63611735843523,140.76434750590917,9565100
2015-01-23,141.15638732910156,142.28461712861667,141.140380692442,142.1965989412186,4795300
2015-01-26,141.2284393310547,141.39647854039467,140.33226277321452,140.95638747735177,3730400
2015-01-27,138.90000915527344,139.8281992738648,138.09984778603817,138.82799756232072,11565100
2015-01-28,137.4036407470703,139.71610542836353,137.29961591544702,139.66809772437963,9673200
2015-01-29,139.1480255126953,139.2840636588149,136.87557067226558,137.75575286161762,9615200
2015-01-30,137.1875457763672,139.18794747100503,137.0435227149051,138.5878269626137,11138500
2015-02-02,138.6438446044922,138.7718610342349,136.107336711062,137.58762664510436,9437900
2015-02-03,141.09246826171875,141.14847321361384,139.30811166814806,139.33211553460234,7543400
2015-02-04,141.2524871826172,142.0846618536489,140.65236614868792,140.6683727949176,5935900
2015-02-05,142.86874389648438,142.940755453639,141.70050350597498,141.8525360440708,6037800
2015-02-06,142.50064086914062,143.51684855319752,142.0125422690332,143.084767072366,7211900
2015-02-09,141.700439453125,142.3805808552186,141.3723706728454,141.77245097772823,3723100
2015-02-10,142.8367462158203,143.0287892653548,141.74052947226352,142.5646943860964,3572700
2015-02-11,142.9887237548828,143.30078595937837,142.16455915815143,142.50062520841706,5174500
2015-02-12,143.90093994140625,143.97295149544018,143.22880768478248,143.44485455637118,3742700
2015-02-13,144.3011016845703,144.4611315201639,143.83700661470326,144.02904974311184,3998200
2015-02-17,144.4849853515625,144.58899791268047,143.79684684268005,144.07689568812702,2850900
2015-02-18,144.40512084960938,144.57314789700135,144.0050401717326,144.17306721912456,2724800
2015-02-19,144.1009979248047,144.37304974654438,143.57288871120048,143.92496152026996,2663500
2015-02-20,145.3365478515625,145.3846865182011,143.21836081990426,143.73987936554815,8914600
2015-02-23,145.1601104736328,145.1601104736328,144.6787113017052,144.99162504843844,2738600
2015-02-24,145.954345703125,146.07469236125328,145.13595169947274,145.24827932799025,4228700
2015-02-25,145.99464416503906,146.16312969279593,145.67369894558357,145.87428511669015,2822900
2015-02-26,146.03466796875,146.2192159552966,145.54523750184188,145.96245992678027,3045800
2015-02-27,145.376708984375,145.97846697471192,145.34460836892367,145.97043569945026,3161300
2015-03-02,146.57229614257812,146.57229614257812,145.52122674361536,145.52122674361536,3213100
2015-03-03,145.92234802246094,146.33957046957389,145.37675979706873,146.21119244849268,2825800
2015-03-04,145.0477752685547,145.55325600357693,144.52625646525888,145.55325600357693,3820200
2015-03-05,145.3607177734375,145.5853732017404,144.99164624528387,145.42490678763872,2410700
2015-03-06,143.1381072998047,144.92734251707714,142.92148332149247,144.51813940579038,7297400
2015-03-09,144.261474609375,144.57438832512864,143.24249415333642,143.24249415333642,3844900
2015-03-10,141.76625061035156,143.22651122324118,141.75821933001575,143.12221476412395,6070100
2015-03-11,141.49339294433594,142.247586146431,141.39710332314093,141.9988614237103,5584600
2015-03-12,143.59544372558594,143.6355633565622,142.17529204001502,142.20739264191303,4024300
2015-03-13,142.46421813964844,143.21842356150935,141.42919962511135,143.13016521974268,6833900
2015-03-16,144.24534606933594,144.34965466561653,143.01776121616064,143.01776121616064,5550100
2015-03-17,143.21839904785156,143.59550169423608,142.70489939531905,143.45107341297518,5392900
2015-03-18,145.0076904296875,145.232345867461,141.99088009186977,142.745085737025,11294400
2015-03-19,144.1491241455078,144.73483183007752,143.8682988519592,144.56633420538878,6229200
2015-03-20,145.4438934326172,146.01453842432372,144.8089359041277,145.04202592588518,5999200
2015-03-23,145.35557556152344,146.07893263318684,145.3475303572406,145.51632021477857,3593900
2015-03-24,144.53575134277344,145.62883207481093,144.4875291767178,145.1948080522503,4692100
2015-03-25,142.1968994140625,144.80100714626195,142.16475538656803,144.63221727582834,8474700
2015-03-26,141.8431854248047,142.50225417908112,141.02338434649502,141.57795133569536,6604500
2015-03-27,142.10841369628906,142.23701426708217,141.4332790956635,141.72262424793524,3971800
2015-03-30,144.18212890625,144.47950715399244,143.2899818989907,143.314092985887,5399300
2015-03-31,142.7273406982422,143.9329438564798,142.60677302400072,143.4828539729825,4633800
2015-04-01,142.0522003173828,142.6951788320726,141.1118313624185,142.6951788320726,7440500
2015-04-02,142.52635192871094,142.9925197753168,141.8029829540364,142.01999487284124,3223600
2015-04-06,143.5391082763672,144.005276299971,141.52976969050383,141.71463767050446,6284900
2015-04-07,143.4024658203125,144.33480180963116,143.4024658203125,143.6837781104784,6011600
2015-04-08,143.66766357421875,144.31868710845083,143.03271817753054,143.54710820270378,4738500
2015-04-09,144.1901397705078,144.37500776045067,143.04883686404153,143.59538336608503,4483800
2015-04-10,144.9696807861328,145.02594812393525,144.01323415567578,144.4070687282237,3463600
2015-04-13,144.3829803466797,145.36353820055515,144.2624249810495,144.80895899060633,3358200
2015-04-14,144.81703186035156,145.1063770816761,143.7078853986311,144.33479800082955,4811400
2015-04-15,145.37962341308594,145.78149100344584,145.0340109080831,145.3394342012448,4377800
2015-04-16,145.40380859375,145.88604258954146,145.01800668027866,145.21090763701434,3873900
2015-04-17,143.11000061035156,144.29226357936167,142.48267890500313,144.17966769050506,8683500
2015-04-20,144.79090881347656,145.25738102811476,144.0831561744349,144.21184070372104,5355800
2015-04-21,144.17160034179688,145.47450949962322,143.93837041079544,145.32973636118473,3596600
2015-04-22,144.81503295898438,144.96784430069053,143.60060495031925,144.48528346077975,5575200
2015-04-23,145.06431579589844,145.62730739433914,144.1233334348897,144.31636017767184,4893000
2015-04-24,145.2010955810547,145.4262996722264,144.59790057864214,145.16893058062087,4010000
2015-04-27,144.903564453125,146.0053970433529,144.73467667683173,145.94106702421837,4969100
2015-04-28,145.4423828125,145.52281372538238,143.86604000509325,145.05634142913996,4534200
2015-04-29,144.8230438232422,145.33776951816048,144.1555068283901,144.60589027744004,6559400
2015-04-30,143.3030242919922,144.78287184713454,142.71591799624252,144.5255027864029,8564600
2015-05-01,144.68638610839844,144.77485520968503,143.94646829401745,144.13145695163902,3895700
2015-05-04,145.12063598632812,145.61123494070915,144.9678246653197,145.0402050998931,3256900
2015-05-05,143.97055053710938,145.2412825657498,143.7855742087976,144.95174853046424,5316300
2015-05-06,143.47181701660156,144.96773981570556,142.55496189921672,144.6621173525696,7534200
2015-05-07,144.1876983642578,144.52548601324133,143.06977771451562,143.25475403542856,4142800
2015-05-08,146.25469970703125,146.39142244728615,145.63541601243625,145.6836696534633,5529600
2015-05-11,145.63546752929688,146.3753855881969,145.47461791162976,146.1904091414817,3753600
2015-05-12,145.34588623046875,145.75605446347035,144.1797115400627,144.84724889559993,4742800
2015-05-13,145.36996459960938,145.92490584708307,145.152811008852,145.4503954916028,3851400
2015-05-14,146.80960083007812,146.89003173112832,146.15815225648203,146.22249452291572,4921400
2015-05-15,147.08607482910156,147.1102550285741,146.6105145072269,146.89263323332116,4522200
2015-05-18,147.24737548828125,147.5133701536925,146.8524237753443,147.04586549622974,2890500
2015-05-19,147.44873046875,147.7308490807108,146.99735052895744,147.44067450524688,2766600
2015-05-20,147.27146911621094,147.7873338575144,147.1505558226517,147.69060076282992,5080800
2015-05-21,147.3359832763672,147.53749319032312,146.98939212797376,147.19895801077985,2724200
2015-05-22,146.9087371826172,147.29564495152204,146.7314075299988,147.11024703339402,2357000
2015-05-26,145.3853302001953,146.64274976169332,144.91782584798963,146.64274976169332,5529700
2015-05-27,146.312255859375,146.52987761299883,145.4497879125502,145.70772638983058,3588200
2015-05-28,146.12698364257812,146.15923212956514,145.61111854353314,145.98190234871896,3660900
2015-05-29,145.1757354736328,146.04625937349903,144.8210762219262,146.03013514409875,4923700
2015-06-01,145.4095458984375,146.0140756274485,144.93398546342084,145.89317460132185,4349000
2015-06-02,145.2079620361328,145.86086414226827,144.4986558787826,145.15154568573547,5106200
2015-06-03,145.79641723632812,146.4896116438114,145.18381939299803,145.7722370371636,5481500
2015-06-04,144.4503173828125,145.82863778431954,144.10371406659823,145.232164237375,7312500
2015-06-05,143.8780059814453,144.6518090723137,143.67649616914636,144.3455102218808,5228700
2015-06-08,143.3218536376953,143.9586316063273,143.21706458734678,143.8860787180637,4380500
2015-06-09,143.24119567871094,143.68450728805877,142.8301079184501,143.3298604604163,4722400
2015-06-10,145.13548278808594,145.5223783373316,143.78134221613232,143.78134221613232,5480900
2015-06-11,145.60296630859375,146.10270683375074,145.40145644532902,145.64327074108388,3714800
2015-06-12,144.38587951660156,145.13549045154525,144.05540032414345,144.97428498911324,4566800
2015-06-15,143.55563354492188,143.7732553449195,142.7576500473721,143.38635984573756,5502700
2015-06-16,144.4503173828125,144.571218365687,143.37828357098238,143.53143301541303,3276900
2015-06-17,144.6680145263672,145.20000372655883,143.87004302527055,144.8131080805971,3650900
2015-06-18,146.15908813476562,146.6507725337638,145.1998995285904,145.25632817562752,6542800
2015-06-19,145.2782440185547,146.0702682706873,145.2539996365335,145.9894454427286,3964000
2015-06-22,146.2157745361328,146.68451993641102,146.01372974283197,146.3046747384586,4048300
2015-06-23,146.37730407714844,146.74099431258833,146.07828194135072,146.37730407714844,3116800
2015-06-24,144.9953155517578,146.2560721074194,144.9791485279651,145.92471594471127,4328900
2015-06-25,144.38119506835938,145.56921936305957,144.33270629418135,145.51265323713014,3602700
2015-06-26,144.76904296875,145.33476554741213,144.40535271719895,144.83369873942956,4855500
2015-06-29,141.9485321044922,144.025557659254,141.9081206958015,143.53256806962096,8888700
2015-06-30,142.09402465820312,143.05574722119874,141.79499007000152,143.0476698713999,9149800
2015-07-01,143.3708953857422,143.71034128923782,142.70819526919956,143.50829661573377,4135100
2015-07-02,143.08799743652344,143.89617588876948,142.7647186565303,143.6860415988178,4008600
2015-07-06,142.7891082763672,143.1608761685856,141.7061510083526,141.90819582694505,3748700
2015-07-07,143.55673217773438,143.63754261809947,140.978641125891,142.95059838178963,7783800
2015-07-08,141.4313201904297,142.595099883947,141.25351982992942,142.32839934319657,6849400
2015-07-09,141.6414337158203,143.42751456304714,141.6010346351042,143.16889138820653,4581400
2015-07-10,143.3790283203125,143.6942176127935,142.7405600535998,143.22547234903143,4504400
2015-07-13,145.14894104003906,145.22975153409547,144.50239542842857,144.52663980982868,3873800
2015-07-14,145.73892211914062,145.90863280514168,144.91457607735083,145.02772064529586,2757100
2015-07-15,145.74705505371094,146.05416714032862,145.39145418117212,145.7309003462957,3407900
2015-07-16,146.3369140625,146.48238030021056,145.87624631276142,146.44196890134845,2495100
2015-07-17,146.04736328125,146.11208055674413,145.61862213171472,146.00692578467957,2762300
2015-07-20,146.16856384277344,146.50023491284406,145.9016099822443,146.37888551612414,2961600
2015-07-21,144.77728271484375,145.37590809207796,144.3404443103998,145.3597256917325,5026700
2015-07-22,144.23529052734375,144.73683384939918,143.8631693782493,144.3404452714024,3811500
2015-07-23,143.3130645751953,144.25953115722768,143.04611056330629,144.25953115722768,4968600
2015-07-24,141.9864501953125,143.385925732158,141.81656581123457,143.36974332806545,4591300
2015-07-27,140.94290161132812,141.38782514866813,140.57887775116183,141.13705343041042,5370200
2015-07-28,142.46372985839844,142.6012494378267,140.99953701109737,141.45254558887473,5625900
2015-07-29,143.3939971923828,143.6366838565743,142.512247577925,142.64168211130132,4175900
2015-07-30,143.36158752441406,143.49910703241753,142.47983826180575,143.21597064658292,3659000
2015-07-31,142.92489624023438,143.77429392783677,142.77120652160073,143.7257590331562,4483800
2015-08-03,142.1724853515625,143.07850236090624,141.35545303731902,143.03806487149737,4530500
2015-08-04,141.82464599609375,142.47989133151526,141.42825737699212,142.20483986950794,4055700
2015-08-05,141.8569793701172,142.7953610705755,141.59002531687193,142.24527056413098,4565500
2015-08-06,140.93478393554688,142.09157252112,140.47367810086902,141.95405297662526,5374100
2015-08-07,140.62741088867188,140.85391516970037,139.78611103678858,140.66786072676072,6158400
2015-08-10,142.52847290039062,142.63364003337264,141.40403628313732,141.40403628313732,4504000
2015-08-11,140.8457794189453,141.47675716652316,140.41703844542585,141.23407056894249,6761100
2015-08-12,140.9266815185547,141.0803711009291,138.65352976999418,139.81033055638756,8825600
2015-08-13,141.0076141357422,141.54152236257016,140.3928185780222,140.74875739590752,6562700
2015-08-14,141.48484802246094,141.63046492442945,140.8053353960842,140.89432007407785,3512200
2015-08-17,142.1320343017578,142.15630173261778,140.44942248198487,140.95097818805414,4055400
2015-08-18,141.832763671875,142.31812475552678,141.63052680113034,141.79231382901426,4050400
2015-08-19,140.5465850830078,141.96224363094623,140.045029089544,141.02386128814337,10988700
2015-08-20,137.69895935058594,139.58380734212835,137.69895935058594,139.3411207733773,12317200
2015-08-21,133.4301300048828,136.88741124207192,133.4301300048828,136.17322619673905,18858700
2015-08-24,128.5364227294922,132.6510749789313,122.19806487648869,126.52372080573409,35102400
2015-08-25,127.00251007080078,132.83768412355622,126.8401862709024,132.5536422408686,19357000
2015-08-26,132.0099334716797,132.2047022787646,127.9601961155668,130.16766674205093,19884300
2015-08-27,135.08578491210938,135.11825463751072,132.31832904130843,133.79539195777295,15223700
2015-08-28,134.98831176757812,135.22366139595582,134.1037042772581,134.493254040998,8115700
2015-08-31,134.05511474609375,134.86668467399184,133.35717649633273,134.19309253138184,6363700
2015-09-01,130.22445678710938,131.97743762170717,129.6401257143872,130.98732176979289,14266900
2015-09-02,132.6591339111328,132.67535638227275,130.89801749075554,132.2289907546095,8260600
2015-09-03,132.82955932617188,134.30662154619364,132.3913173084621,133.36519809059072,8023700
2015-09-04,130.63836669921875,131.4337014836323,130.04592432598204,131.00357056262305,8651100
2015-09-08,133.83596801757812,133.93335242306924,132.51310538632396,132.94323635533826,6821700
2015-09-09,131.896240234375,135.2967174314334,131.66087821305172,135.15062852448028,7865700
2015-09-10,132.60238647460938,133.5032294299354,131.59603548465034,131.91254720497722,8327000
2015-09-11,133.41390991210938,133.45449086391494,131.88815528590877,132.20466689628358,6202300
2015-09-14,132.91070556640625,133.5680747073428,132.58607042154807,133.4706903556676,4595600
2015-09-15,134.8097686767578,135.15062627589174,133.07301097627695,133.38952248858445,6516100
2015-09-16,135.94595336914062,136.0595725627469,134.72048832499007,135.0938156088754,5511700
2015-09-17,135.3779296875,137.51236180376517,135.1101102202311,135.87298766331764,14270000
2015-09-18,132.98561096191406,134.36800775337787,132.70913656680943,133.3596740437388,10400500
2015-09-21,134.0914764404297,134.62817061134575,133.09128269133427,133.90445116558303,7762600
2015-09-22,132.54635620117188,132.83909711609394,131.71692154089993,132.2373484554329,8979600
2015-09-23,132.21315002441406,132.85556050859452,131.6358069597693,132.7579717872657,4554900
2015-09-24,131.6275634765625,131.92844421863938,130.05001481279675,131.0176871833313,8451800
2015-09-25,132.4488525390625,133.7092534383378,131.7820485980598,133.22948713422895,10474600
2015-09-28,129.9362030029297,131.7820991688794,129.76544454819307,131.76583232291517,10013100
2015-09-29,130.29400634765625,130.88762838237335,129.44017680300954,130.0907141897865,9906200
2015-09-30,132.23745727539062,132.34317315076083,130.96078918469644,131.76581805723376,7621400
2015-10-01,132.13168334960938,132.7822078752458,130.5216016471673,132.55452180968106,6862800
2015-10-02,133.83123779296875,133.83123779296875,130.0499978241073,130.39153942270963,11877500
2015-10-05,136.27076721191406,136.43339841658775,134.57124816833766,134.77454027617117,6342100
2015-10-06,136.36024475097656,136.96198157489945,136.00244858109372,136.4009056626393,6661000
2015-10-07,137.38475036621094,137.81572847395486,136.1812650318294,137.10014897111324,8832800
2015-10-08,138.53952026367188,138.7753460888602,136.9619713099497,137.15713622652274,8160300
2015-10-09,138.85665893554688,139.02742979277164,138.319977115628,138.7428158333862,5006100
2015-10-12,139.1899871826172,139.23877528509416,138.62077197378406,138.83219122050463,2835800
2015-10-13,138.75909423828125,139.52347473416643,138.35250992412688,138.44195896955958,5909300
2015-10-14,137.4824981689453,139.01124755585928,137.19788403633083,138.64532396248,5424000
2015-10-15,139.31201171875,139.31201171875,137.57995911246095,137.750717522454,9637200
2015-10-16,139.83270263671875,139.89778799821784,138.97034332094177,139.47473935535547,8353700
2015-10-19,140.02792358398438,140.0360670114524,139.14928996697478,139.34454601978626,4859800
2015-10-20,139.9384002685547,140.24755251024555,139.3119771871138,139.59671156583462,4140900
2015-10-21,139.50729370117188,140.70321099267656,139.3852663913306,140.28830572545115,5801400
2015-10-22,142.20814514160156,142.29763588810863,140.31257744831777,140.38579376443633,8553100
2015-10-23,143.4855194091797,143.7051809408989,142.67197105412166,143.1845104902123,7642900
2015-10-26,143.20082092285156,143.55878427524362,143.07878119066382,143.3798025990476,3795900
2015-10-27,142.91600036621094,143.3390488751657,142.56618062436564,142.63939697771568,4696100
2015-10-28,144.55125427246094,144.55125427246094,142.6638286939831,143.19263011721208,7348500
2015-10-29,144.3072052001953,144.57567763586758,143.7377114442929,144.02245832224412,4726900
2015-10-30,143.58311462402344,144.6732661441704,143.5505657469615,144.51869001252462,6527500
2015-11-02,144.90921020507812,145.0475119178194,143.77837863500662,143.89227489336776,4178300
2015-11-03,145.68215942382812,146.11333920548842,144.6489491858087,144.74657104919837,4284900
2015-11-04,145.34039306640625,146.10513042428454,144.96616781495183,146.0888683968379,6870400
2015-11-05,145.332275390625,145.82854037604238,144.59194341973372,145.42176620484005,5008100
2015-11-06,145.73904418945312,145.76344964572462,144.57567606130564,145.2102427518883,7642800
2015-11-09,144.33970642089844,145.29969966071363,143.7783562301074,145.21833988295057,7962300
2015-11-10,144.63259887695312,144.69768422299768,143.7783707790387,143.98175783026784,4837700
2015-11-11,144.1688995361328,145.00685329105005,144.0875397407234,144.94989895151107,2860300
2015-11-12,142.10260009765625,143.46936885124737,142.03751468903073,143.25783816977133,6164400
2015-11-13,140.42660522460938,142.00489127994118,140.3777943014572,141.61439148095917,8011100
2015-11-16,142.38722229003906,142.41975875892084,140.05233030396226,140.33707716516432,5012900
2015-11-17,142.50108337402344,143.38784779384363,142.17565669673272,142.85904651216404,6612200
2015-11-18,144.5919189453125,144.6814097443798,142.9160116298341,142.92414264292734,6254400
2015-11-19,144.5349578857422,144.8522411470074,144.12004041148543,144.14444586129363,5457300
2015-11-20,145.3291473388672,146.07187483579463,145.00268000923748,145.4189277226049,7730000
2015-11-23,145.06787109375,145.67183646234045,144.70874981841442,145.18213582190938,2597000
2015-11-24,145.2638702392578,145.6148344954032,144.14570641349732,144.19467527390552,4369900
2015-11-25,145.2230682373047,145.5495480846774,145.1088034042074,145.28836420677922,2227400
2015-11-27,145.19862365722656,145.4271533861442,144.75789130972436,145.11701301343382,2878200
2015-11-30,144.65174865722656,145.5495526985457,144.57013803324594,145.38631899665126,3578500
2015-12-01,145.94126892089844,146.01472219492854,144.98633899671984,145.21486859632176,6058300
2015-12-02,144.70065307617188,146.1289691259932,144.52926212439277,145.8025018676051,7427100
2015-12-03,142.6929168701172,145.14961704425835,142.2276877510973,145.00271045126237,7005500
2015-12-04,145.62295532226562,145.8351578154926,142.94588369018123,143.03566406307127,6251600
2015-12-07,144.74143981933594,145.34541784328212,143.99055529044162,145.29644900829942,5647000
2015-12-08,143.4601287841797,144.349763028972,142.76636999648196,143.3866630338363,6890200
2015-12-09,142.82345581054688,145.08426723446172,142.08072843330936,143.19073461067617,9545800
2015-12-10,143.54989624023438,144.5701223336999,142.7092309355333,142.97855966474822,5613800
2015-12-11,140.97891235351562,142.32561820564058,140.75038271568798,141.72979722836808,8895600
2015-12-14,141.93385314941406,141.97466468509154,139.99135108127513,141.17481089232842,12321600
2015-12-15,143.20700073242188,144.0150112578656,142.75809907721813,142.75809907721813,8039800
2015-12-16,144.98635864257812,145.28018423244143,142.8071573735632,143.9987743823921,11286600
2015-12-17,142.9132537841797,145.43524930351782,142.9050840061944,145.40259509943644,8504100
2015-12-18,139.89285278320312,142.27348853701628,139.80286272946057,142.21621646508248,10946100
2015-12-21,140.91551208496094,141.16911710507313,139.81927829601565,140.94005370090602,6466700
2015-12-22,142.3553009033203,142.57618786765988,140.8582003370469,141.61085129086942,6003700
2015-12-23,143.827880859375,143.8360697189264,142.96888696865574,143.34521250051037,6456600
2015-12-24,143.34523010253906,143.83608738122976,143.31249962634948,143.7051904425097,1765100
2015-12-28,143.14886474609375,143.2715852901744,142.44530940229052,142.74801009127555,2932200
2015-12-29,144.7850799560547,145.00596701176983,143.98335793552323,144.13879651239606,6145700
2015-12-30,143.81971740722656,144.57235605555425,143.67245523526097,144.44964798143187,2910000
2015-12-31,142.3389434814453,143.69695824126063,142.32257824828648,143.2388315769359,5773400
2016-01-04,140.13011169433594,140.15466578782787,138.54303345718748,139.93377881053263,14350800
2016-01-05,140.21188354492188,140.49821889238035,139.21381674002623,140.4573120594559,9413000
2016-01-06,138.20762634277344,139.05025499416075,137.44679890546183,138.19126110675126,8713600
2016-01-07,134.95166015625,137.38955633909563,134.55896934113272,135.769747296549,15400600
2016-01-08,133.54458618164062,136.12155639252632,133.3482407198215,135.76978481683406,12512400
2016-01-11,134.02716064453125,134.5752772972636,132.65276834266862,134.2971307838795,12353700
2016-01-12,134.94345092773438,135.62246464965642,133.38909058898466,135.1397963056572,10250300
2016-01-13,131.9983673095703,135.67157064241172,131.7693039050598,135.42614199957353,16369400
2016-01-14,133.83082580566406,134.73072634066193,131.39293046950817,132.54643593263776,14749500
2016-01-15,130.70086669921875,131.43753993335594,129.5140188376255,130.35709085245568,19969100
2016-01-19,130.97909545898438,132.28871518145434,129.98868438130577,132.14956878848068,10233800
2016-01-20,129.00650024414062,130.04602061626687,126.36269310627064,128.71183354375765,16436000
2016-01-21,129.81680297851562,131.20008623626558,128.40895272001634,129.17016754547203,16782400
2016-01-22,131.60928344726562,131.97762592243765,130.6516204888781,131.7075139357787,7390600
2016-01-25,129.8986358642578,131.55204357993802,129.874081355227,131.2983053269013,5782500
2016-01-26,132.2233123779297,132.37065202354324,130.54536148288085,130.55354216168706,5945200
2016-01-27,130.3897705078125,132.7880195050869,129.8249917365556,131.4292906739001,10121900
2016-01-28,131.38018798828125,131.69940918871026,129.71041843747895,131.51933441004968,8613400
2016-01-29,134.5396728515625,134.5887818869393,132.05138597234432,132.28056979715723,6182800
2016-02-01,134.51510620117188,135.03077600528053,133.2709691185696,133.7375174021503,6977300
2016-02-02,132.11692810058594,133.17281030346984,131.73222383149485,133.17281030346984,7901000
2016-02-03,133.58200073242188,134.03218767749914,130.53711583609328,132.9435583337963,14249300
2016-02-04,134.3514404296875,134.8916648906537,133.0745553325557,133.271003997339,11715800
2016-02-05,132.55072021484375,134.24504487197098,131.96138664116853,134.13045292651108,8292500
2016-02-08,131.24923706054688,131.62574797564096,129.36664501633288,131.05278843772746,13377600
2016-02-09,131.1592254638672,132.1578176361523,129.74318144719086,129.7677359686746,11449200
2016-02-10,130.4634552001953,132.845343234939,130.33248945150714,131.7648945426334,8205700
2016-02-11,128.343505859375,129.34209789234882,127.08298231433766,128.343505859375,14806700
2016-02-12,130.94635009765625,130.94635009765625,129.0473970951763,129.4566556074739,7073000
2016-02-16,132.76353454589844,132.83719812258985,131.47027541133292,132.40338485151491,5451200
2016-02-17,134.99810791015625,135.2682202291863,133.68848718437192,133.7703314543402,5584200
2016-02-18,134.66249084472656,135.42370605829203,134.47422284365538,135.3254879635313,5187600
2016-02-19,134.49240112304688,134.58277526163565,133.58044846503046,134.06517678278237,4660600
2016-02-22,136.33270263671875,136.7599268551363,135.6672262315872,135.84797445721424,3450700
2016-02-23,134.86212158203125,136.1848636236624,134.6074342229591,136.0616318487225,6052800
2016-02-24,135.28936767578125,135.47832727311462,132.6603182526559,133.58870622718788,8003800
2016-02-25,137.0720977783203,137.0720977783203,135.06744505373965,135.58504330831408,5266900
2016-02-26,136.61212158203125,137.9841566708728,136.48066596558837,137.89378250160553,3798000
2016-02-29,135.52760314941406,137.37615488726112,135.52760314941406,136.5134949023404,3485000
2016-03-01,138.45240783691406,138.5099118111755,136.1437743326439,136.3902378456109,3914300
2016-03-02,138.75640869140625,138.78926631930375,137.6554963805691,138.04163932391108,3106200
2016-03-03,139.13429260253906,139.16715021915786,138.12374224937577,138.62490552277123,2968200
2016-03-04,139.68475341796875,140.12018893695196,138.78101222595228,139.28217551674493,3524900
2016-03-07,140.177734375,140.43242173093157,139.0932571600181,139.1507611421828,3236000
2016-03-08,139.3561248779297,140.2927237570586,139.0274985308391,139.50401550952455,2832700
2016-03-09,139.68475341796875,140.15304655471138,139.2903867871121,140.00516847035811,3584000
2016-03-10,139.71759033203125,140.8185021400496,138.2716171753634,140.2187535485603,4862300
2016-03-11,141.50051879882812,141.59089297184707,140.83504195036952,140.87612339925053,3674200
2016-03-14,141.6483917236328,142.04274600352352,141.06506530987454,141.06506530987454,2658400
2016-03-15,141.8372802734375,141.86192662006653,140.75280341288968,140.991055609067,2431600
2016-03-16,142.5192413330078,142.9053842795048,141.4511866413416,141.48405680580217,3556200
2016-03-17,143.72694396972656,144.11308686541062,142.1988074670579,142.51101130687726,4070500
2016-03-18,144.6533203125,144.8673852459294,144.11813913407647,144.30751731392942,5112000
2016-03-21,144.91673278808594,145.08141159307036,144.2909960441235,144.59562921953258,2884900
2016-03-22,144.66140747070312,145.12247768364224,144.20856616755896,144.33207519380977,3980100
2016-03-23,143.92861938476562,144.53789786114422,143.75572435224976,144.26619310397078,5039200
2016-03-24,144.0357208251953,144.0357208251953,143.0147703133482,143.13827938222127,5104900
2016-03-28,144.183837890625,144.5708101479558,143.8051071046535,144.1920793619843,3098800
2016-03-29,144.9661407470703,145.05669649927952,143.31121176163543,143.66525610861208,5584100
2016-03-30,145.64125061035156,146.26698723093216,145.32837601844804,145.82238720953504,3858000
2016-03-31,145.43544006347656,145.97884995576626,145.26253234748305,145.6742042240852,3155400
2016-04-01,146.32456970214844,146.4316083494929,144.4226487227845,144.66965422107546,4035200
2016-04-04,145.8306121826172,146.4563613495169,145.63301776210244,146.25052545266328,2318900
2016-04-05,144.76023864746094,145.69884959518518,144.5544028031072,144.9743034028286,5439600
2016-04-06,145.7648162841797,145.80598599684086,144.28280713423692,144.79327639418466,4086700
2016-04-07,144.32383728027344,145.09778196960391,143.82159737953057,144.72728000815587,5251900
2016-04-08,144.62852478027344,145.575364796711,144.1756833346283,145.1142944386814,2565300
2016-04-11,144.4473419189453,145.87172222501383,144.42264262648098,145.00720929909858,3237700
2016-04-12,145.8058624267578,145.96229966435067,144.38148203111336,144.68611503281198,3588400
2016-04-13,147.3125762939453,147.39491564619647,146.48923302431905,146.55510199347572,5400200
2016-04-14,147.46893310546875,147.79003630298564,147.17252918751356,147.40306417223266,3689700
2016-04-15,147.22183227539062,147.60085082279673,146.99937716616571,147.47726465100513,3799900
2016-04-18,148.12818908691406,148.16938867283017,146.74397352104202,146.768690758122,2573700
2016-04-19,148.57313537597656,148.9439065316684,147.97164903673377,148.42481937029018,2992100
2016-04-20,148.92735290527344,149.479391930183,148.30939708408974,148.30939708408974,2628900
2016-04-21,148.0623016357422,149.03455925236997,147.83159899566462,148.83680874415307,2760300
2016-04-22,148.22706604003906,148.37538204287694,147.37840732820027,147.98812854457972,2410500
2016-04-25,147.930419921875,147.97161950258413,146.9334579593872,147.67500012276403,2485500
2016-04-26,148.01280212402344,148.52364166371353,147.5761142777054,148.17758785563197,2241000
2016-04-27,148.51544189453125,148.84501343567683,147.47728022480908,147.5843840608898,3569300
2016-04-28,146.8262481689453,148.432930215828,146.44724244113652,147.53483776043447,3550700
2016-04-29,146.32374572753906,146.62036512534914,145.2526194258722,146.16719485475767,5496000
2016-05-02,147.2383575439453,147.41139080724167,146.25786505408428,146.72751778849533,2463100
2016-05-03,146.08480834960938,146.52149627271396,145.40917038716216,146.23311176243087,4643200
2016-05-04,145.27732849121094,146.0106357071594,144.9312620995536,145.32676295506317,3446000
2016-05-05,145.3762664794922,146.0189399595631,145.0137301425595,145.69760321952765,1778800
2016-05-06,146.11782836914062,146.16726286305175,144.7500820332825,144.75832949717002,2940800
2016-05-09,145.82115173339844,146.46382504729556,145.5245323137268,146.0436194412393,1921700
2016-05-10,147.6503143310547,147.7079962708003,146.36496760223432,146.43088443093657,2867200
2016-05-11,146.08480834960938,147.43607170215614,146.05184365408394,147.2383212460465,2697200
2016-05-12,146.18368530273438,146.7604417825607,145.34326153364557,146.50502195380534,2534900
2016-05-13,144.58518981933594,146.2660368097733,144.40392176012514,145.75518474638645,3336800
2016-05-16,146.0518341064453,146.4143702994396,144.66761872120912,144.7582527694577,2393500
2016-05-17,144.65118408203125,146.0354124961476,144.12386196530858,145.76351026172563,3349500
2016-05-18,144.70884704589844,145.61517513606523,143.80250638338234,144.25567671464037,4097800
2016-05-19,143.92596435546875,144.35441706625983,143.0937887229686,144.14843187850195,5090900
2016-05-20,144.4982147216797,145.1431473987008,144.29150520682555,144.46514675058393,2749700
2016-05-23,144.51480102539062,144.96956462616455,144.36597618325635,144.56440930610205,1736000
2016-05-24,146.2346649169922,146.54059113997147,145.23418473074864,145.3251374749526,2797000
2016-05-25,147.40872192382812,147.78907306939598,146.72244466363097,146.7637890993634,2711900
2016-05-26,147.24339294433594,147.74776490436935,147.02841948892384,147.58239973739438,2263200
2016-05-27,147.59068298339844,147.665095425837,147.22687199829193,147.35916919588615,1628300
2016-05-31,146.8878631591797,147.98755994315624,146.45791619768968,147.98755994315624,2395400
2016-06-01,146.95399475097656,147.16070436427145,145.97833143217034,146.33386591109186,2481200
2016-06-02,147.40872192382812,147.4335260619575,146.33382967753678,146.59842397298408,1965900
2016-06-03,147.22686767578125,147.41703700639266,146.21812365271316,147.06976633531994,4367200
2016-06-06,148.15281677246094,148.3843430040382,147.5161606393973,147.58230918891283,2720300
2016-06-07,148.3183135986328,148.8226856543733,148.2852329890285,148.38446220128552,1572300
2016-06-08,148.8804473876953,148.97966390981816,148.45048809758532,148.55798107424943,1713500
2016-06-09,148.73165893554688,148.8639434585086,148.11979412771893,148.30996338042303,2141800
2016-06-10,147.7642364501953,148.2024596162194,147.26812856355977,147.75595999493788,4126600
2016-06-13,146.64805603027344,148.00407047296136,146.64805603027344,147.17723209043086,5111300
2016-06-14,146.19326782226562,146.69763965548913,145.5235308636435,146.35036910718694,3643400
2016-06-15,145.994873046875,147.0449488079384,145.8377717207094,146.55711714414798,2470100
2016-06-16,146.73085021972656,146.90447933939728,144.53145551577947,145.30040970744432,5573700
2016-06-17,146.24609375,146.76803754892632,145.6247218507381,146.76803754892632,2748000
2016-06-20,147.30654907226562,148.49129194432638,147.2734021623405,147.80363894456386,2958400
2016-06-21,147.52195739746094,147.91135142760805,147.24855227149538,147.57166512184696,1854700
2016-06-22,147.1160430908203,148.259358992261,147.00004151283272,147.66284085157633,2966200
2016-06-23,148.97186279296875,148.98843625258047,148.02737786462967,148.3173565195298,2949100
2016-06-24,143.843505859375,146.3787022027003,143.57839364976158,144.61401389731924,11377900
2016-06-27,141.83837890625,142.89885177478828,141.15072635774203,142.89885177478828,7683900
2016-06-28,144.00918579101562,144.04232006975462,142.66701362793302,143.20554363174918,5642800
2016-06-29,146.34555053710938,146.49468640880755,144.98681743935165,145.1193798493395,5578200
2016-06-30,148.3006591796875,148.36694032092208,146.52767973762607,146.68509586782886,5069000
2016-07-01,148.55746459960938,148.9634317776556,148.118363177685,148.118363177685,3998200
2016-07-05,147.64627075195312,148.03565222307216,147.19059544509668,147.9528102120906,3233100
2016-07-06,148.28414916992188,148.38357724522666,146.6105970446838,147.14911416506945,5395400
2016-07-07,148.1266632080078,148.89717037998585,147.5052917578271,148.42492200976795,2343300
2016-07-08,150.2062530517578,150.4216573541765,149.1126328044643,149.13748666082648,5177300
2016-07-11,150.8855743408203,151.38267662483202,150.60388894607058,150.67017009339455,2358700
2016-07-12,151.9377899169922,152.1283403431274,151.43240715406458,151.6229575801998,3128000
2016-07-13,152.1117401123047,152.27743664173246,151.65606517500217,152.17800861060792,2390500
2016-07-14,153.2386016845703,153.495433381587,152.9154888009294,153.32144368646786,3354700
2016-07-15,153.2841796875,153.7982182013381,152.9276597190399,153.67385812575657,3837200
2016-07-18,153.449951171875,153.69868389928047,153.1431879770157,153.2426760075491,2134900
2016-07-19,153.73179626464844,153.73179626464844,153.23434361006414,153.39186206082147,2046300
2016-07-20,154.0303497314453,154.27908250831248,153.70700091684034,154.12983778176235,2159500
2016-07-21,153.36708068847656,153.98890636245798,153.00227426890203,153.8313751675439,2837700
2016-07-22,153.80650329589844,153.8562599767669,153.18467762133795,153.38366639158457,3078300
2016-07-25,153.22610473632812,153.63236865066602,152.8612983889346,153.60749664071403,2316600
2016-07-26,153.05203247070312,153.40025333346415,152.30583406386452,153.06031892538465,4744400
2016-07-27,153.035400390625,153.6157683188067,152.645722070759,153.49969473317034,4146700
2016-07-28,152.86968994140625,153.10183727539885,152.15666237240592,152.78677475737425,2906300
2016-07-29,152.662353515625,152.96911680178837,152.17317436740328,152.43020627457014,4207300
2016-08-01,152.44680786132812,152.98573114100145,152.04055643859826,152.84478547892394,3295900
2016-08-02,151.7005615234375,152.4550462237128,151.15335200558462,152.3058015138106,5139500
2016-08-03,152.02391052246094,152.08194099506534,151.48500010781018,151.6010737040922,3008200
2016-08-04,152.09854125976562,152.46334764080638,151.84980848623107,152.13999883053378,2368900
2016-08-05,153.5992431640625,153.61582872598171,152.0819868509167,152.88621581445975,4187700
2016-08-08,153.61581420898438,153.9640350699186,153.40025252871342,153.7982174196274,2076700
2016-08-09,153.6738739013672,154.09671085282716,153.43342752912508,153.69874591903678,1903800
2016-08-10,153.4832000732422,154.0304098657688,153.25105276448778,153.71534738199662,1618300
2016-08-11,154.4615020751953,154.69364931792725,153.88113396836548,153.9640364687264,2188700
2016-08-12,154.12982177734375,154.420012095402,153.81477210036215,154.32881050838998,2514300
2016-08-15,154.64390563964844,154.94238247399431,154.48637444220537,154.54440492748253,1561500
2016-08-16,154.01376342773438,154.51951543285733,153.9806049614806,154.35369779943946,1614100
2016-08-17,154.2956085205078,154.40338298306688,153.45820891659764,154.0220038366523,2952000
2016-08-18,154.49464416503906,154.55268729510604,153.9806057036437,154.18788090918372,2571800
2016-08-19,154.1917724609375,154.46633112948388,153.69254949022718,154.17512830970915,2368500
2016-08-22,154.02545166015625,154.34994298320194,153.4763212874619,153.8840080266005,3152400
2016-08-23,154.17506408691406,154.86565007389524,154.1334600740574,154.50787079824275,1647900
2016-08-24,153.6426239013672,154.09191440134128,153.33476424628026,153.97543073869858,1882900
2016-08-25,153.40130615234375,153.75075709015417,153.17666728245754,153.32642652904835,2034900
2016-08-26,152.94383239746094,154.3749129882749,152.37804513040666,153.60944655289956,3403500
2016-08-29,153.7841033935547,153.95882258048093,152.9520734099478,152.9520734099478,2229800
2016-08-30,153.517822265625,154.05032085906308,153.11013576650754,153.8672732773405,1866700
2016-08-31,153.04356384277344,153.39301483619346,152.4861053988105,153.30149105012387,1876400
2016-09-01,153.1766815185547,153.32644077906397,152.17823566542717,152.86882187900827,3003500
2016-09-02,153.80902099609375,154.27495562750738,153.35973051459248,153.87558489997664,2652800
2016-09-06,154.1917724609375,154.33321600695965,153.46789788383077,154.01704061245863,2152300
2016-09-07,154.1917724609375,154.25832367431585,153.7424692481447,154.2333637953571,1803600
2016-09-08,153.77578735351562,154.01707046213534,153.49288751087565,153.65929096810683,2229900
2016-09-09,150.5225830078125,152.88554567355013,150.5225830078125,152.73578633502464,8242600
2016-09-12,152.5111083984375,152.79399556417565,149.7071585392043,149.8402863921767,7056100
2016-09-13,150.43099975585938,151.69568868550513,150.08154874156938,151.4793527987294,7477500
2016-09-14,150.12315368652344,151.2131235557162,149.77370264055494,150.4642890036959,2990400
2016-09-15,151.64576721191406,151.94529848810683,149.95674750597863,150.07323118584424,3932400
2016-09-16,150.86546325683594,151.3072962171323,150.42363029653956,151.3072962171323,2844300
2016-09-19,150.87380981445312,151.99090927052217,150.6153806299999,151.62410163304958,2260400
2016-09-20,150.9322052001953,151.75750984908925,150.91552865280477,151.5657740757727,1997800
2016-09-21,152.2743682861328,152.42441903863045,150.8571671682527,151.44071907320597,4496500
2016-09-22,153.10792541503906,153.6081070096834,152.82448790602697,153.10792541503906,2323500
2016-09-23,152.0742950439453,152.9913143094605,151.96591657061768,152.89961238290903,1741500
2016-09-26,150.6820068359375,151.34892835911174,150.54028807933938,151.3155752866945,2639800
2016-09-27,151.7240753173828,151.8407856357312,150.25685806950722,150.5402955968575,3717300
2016-09-28,152.64117431640625,152.7495400629845,151.32400704783765,152.02426932617217,6413000
2016-09-29,151.0738525390625,152.9078775490301,150.59866656695596,152.4076958483876,3376400
2016-09-30,152.3744354248047,152.92464707850786,151.69918145002364,151.83256840616022,4583000
2016-10-03,151.99099731445312,152.1994097091556,151.54081941842526,151.98265267755585,1987600
2016-10-04,151.2906036376953,152.49939203717116,150.8404388143393,152.24096290520075,2811200
2016-10-05,152.2743682861328,152.5744825116056,151.81585867492754,151.8575436796694,1818200
2016-10-06,152.1576690673828,152.34107292531937,151.28233478549984,152.00760558339906,2368100
2016-10-07,151.90750122070312,152.54941442548426,151.15722231052337,152.39101910166414,2527700
2016-10-10,152.65780639648438,153.26637934749866,151.90752735721503,151.90752735721503,1879100
2016-10-11,151.0571746826172,152.46604332668497,150.4319380219106,152.44103487789448,3949800
2016-10-12,151.19888305664062,151.55735866541215,150.60699951538447,150.89043706247816,1920200
2016-10-13,150.75711059570312,151.07390134611893,149.58166223066448,150.16522681732025,3460100
2016-10-14,151.13226318359375,152.10764397590037,151.0655824392698,151.72415973341012,2698100
2016-10-17,150.65704345703125,151.3156205488625,150.43195467253057,151.0321829508832,1801800
2016-10-18,151.19888305664062,151.80745585657135,150.9904708507532,151.67406899189024,1720700
2016-10-19,151.7240753173828,152.06587436414262,151.36561245405227,151.59903309074906,1503700
2016-10-20,151.34063720703125,152.0992608667077,151.07387613578348,151.49070064499367,2359600
2016-10-21,151.22393798828125,151.41586415208576,150.39780109225524,150.70656627145615,5607600
2016-10-24,151.84140014648438,152.29201200409463,151.58270164946364,152.17518576448418,1905700
2016-10-25,151.44082641601562,152.01661737047712,151.24890034222972,151.72455816829924,3351100
2016-10-26,151.68270874023438,151.97476770549045,150.49775432746478,150.70637333111634,5375400
2016-10-27,151.4825439453125,152.16682090428205,151.2321984058577,152.1250945255224,2027100
2016-10-28,151.34063720703125,152.14174013662284,150.764846465934,151.72450194546244,3726600
2016-10-31,151.18211364746094,151.62438519625212,151.08198053697282,151.524252085764,1415600
2016-11-01,150.30593872070312,151.4742137373888,149.4881551221959,151.4742137373888,3622300
2016-11-02,149.6634063720703,150.38105686801168,149.41306080686203,149.92209212064725,3552700
2016-11-03,149.46311950683594,150.11401030225753,149.23780723669654,149.955457694867,1966900
2016-11-04,149.12925720214844,149.9303472767822,149.07083775238496,149.46304261106297,4337500
2016-11-07,152.1751251220703,152.2502249462269,151.08196301567966,151.18209611455512,3402400
2016-11-08,153.0263671875,153.57711222543654,151.89147817433917,152.0416778938384,3437500
2016-11-09,155.17929077148438,155.67162896231113,151.66613830636143,151.81633799857147,8363900
2016-11-10,156.99012756347656,157.56591860416117,155.50475984874802,155.90530515540033,8748100
2016-11-11,157.2737579345703,157.40727720586148,156.3892150451887,156.83982666942327,5003800
2016-11-14,157.52413940429688,158.0415107824787,157.04848166647056,157.80785837084164,4796400
2016-11-15,157.9998779296875,158.00823084918386,156.99850803951432,157.51587972393017,3750000
2016-11-16,157.6993865966797,157.86627937248687,157.32387466783786,157.54083400307695,3459100
2016-11-17,157.9664306640625,157.9914639446405,157.49912578246958,157.79118496691362,4211200
2016-11-18,157.70945739746094,158.1278736443544,157.5923013590928,158.07765296872475,4359200
2016-11-21,158.44598388671875,158.50456833575043,157.82673553444317,158.0610477924491,2999100
2016-11-22,159.01492309570312,159.20739100489507,158.51281846323144,158.93123473394076,2756300
2016-11-23,159.49192810058594,159.53377228595247,158.88940758465534,158.93961549947412,2465900
2016-11-25,160.08612060546875,160.11958829979773,159.81832797461524,159.9103800953392,1547100
2016-11-28,159.6509552001953,160.01079993201773,159.4333832763629,159.77647500835735,3159600
2016-11-29,159.99404907226562,160.18651702167932,159.5672562147586,159.69278878363582,2264900
2016-11-30,160.1697540283203,160.88106684370263,160.11954611552665,160.6467547379642,4774600
2016-12-01,160.58815002441406,160.80573464441423,160.31200653896082,160.53794211796802,8323900
2016-12-02,160.45436096191406,160.65519270589309,160.1949320108445,160.59662103691852,2773600
2016-12-05,160.85595703125,161.32458122566635,160.57980075188644,161.0735289017857,2925600
2016-12-06,161.0819549560547,161.14890311428937,160.5631099219997,160.8057985917324,2669400
2016-12-07,163.58407592773438,163.7598164381571,161.02336954393962,161.0652137387122,7241300
2016-12-08,164.2535858154297,164.688742565594,163.52554516672026,163.87701350640958,7032100
2016-12-09,165.4333953857422,165.4584993356396,164.32877051406066,164.38735490985383,4392300
2016-12-12,165.7598419189453,166.01925804289905,165.42510113879928,165.55899745085767,3791700
2016-12-13,166.7222137451172,167.13226645966577,166.22848540267844,166.4962780576628,5357500
2016-12-14,165.8101043701172,167.22435430480232,165.36658386349583,166.50467735214252,7456100
2016-12-15,166.2452392578125,167.09879968513752,165.97744658088553,166.14481061943607,6033000
2016-12-16,166.21336364746094,166.8675148112472,166.0036994847888,166.6410739324335,4467700
2016-12-19,166.55715942382812,166.80874609615006,166.23008395292902,166.3055599546256,2729400
2016-12-20,167.2448272705078,167.40417400496642,166.94291050965958,167.02678125312585,3062600
2016-12-21,167.0267791748047,167.40417192194934,167.01000246694443,167.2532071449643,2523500
2016-12-22,166.86746215820312,167.03519087603905,166.5403866795148,166.97649158339289,2250900
2016-12-23,166.93458557128906,166.94296752974708,166.66620933803503,166.85910955451754,1374200
2016-12-27,167.06874084472656,167.34548618515151,167.00164679960272,167.02680546691408,2340700
2016-12-28,166.12103271484375,167.36224039052846,166.053938678742,167.32869977091704,3818100
2016-12-29,166.04556274414062,166.49004955216333,165.7436459691743,166.04556274414062,3018700
2016-12-30,165.64308166503906,166.28046895264436,165.14827727894553,166.263692235369,4277400
2017-01-03,166.4062042236328,166.9764972398511,165.61786514652945,166.8171504736007,6669800
2017-01-04,167.0183868408203,167.19451028370665,166.55713614145284,166.69131141564182,4823200
2017-01-05,166.68296813964844,167.1190730733797,165.9701050439463,166.85069686896608,4124500
2017-01-06,167.32032775878906,167.58870393967086,166.19653129432797,166.66617681399046,4322600
2017-01-09,166.6913604736328,167.11908347643228,166.68297851555377,166.96811865283172,2303500
2017-01-10,166.38938903808594,167.23644001084216,166.23005510555953,166.6577651711631,3029200
2017-01-11,167.16944885253906,167.37073107621467,166.17982724890845,166.58239169625966,5209800
2017-01-12,166.68296813964844,166.81715624185526,165.6598062548646,166.7919975723017,3865200
2017-01-13,166.6410675048828,167.18620198493485,166.32238669179483,166.81719102536348,3468900
2017-01-17,166.1294403076172,166.59908583592608,165.71011211492987,166.28040511136268,3329800
2017-01-18,166.01205444335938,166.24687724360857,165.4669328278272,166.12108388521895,4634800
2017-01-19,165.45018005371094,166.18820198807012,164.95537570994043,166.07917253043485,3050900
2017-01-20,166.1830291748047,166.38449564665856,165.63736092489992,165.82204706370896,6999000
2017-01-23,166.03192138671875,166.3089506030668,165.41070319162785,166.09908114911357,3249700
2017-01-24,166.92172241210938,167.2407279981701,165.89755871840973,166.04026837285488,5205800
2017-01-25,168.24815368652344,168.35728990897263,167.6857050490208,167.90396468450345,4880800
2017-01-26,168.5,168.70986946863198,168.24815407575846,168.3992667540697,3999700
2017-01-27,168.42440795898438,168.62587440047778,168.2732953184517,168.47477456935772,3576500
2017-01-30,167.37506103515625,167.81158019840984,166.56915684018887,167.75282342272337,4718000
2017-01-31,166.5188446044922,166.96376688770832,165.84725969095683,166.82105717511226,4628100
2017-02-01,166.74546813964844,167.39185677878103,166.38448604937466,167.1652070110189,3676900
2017-02-02,166.7286376953125,167.03085012746064,166.2333490121675,166.35087535748008,2640600
2017-02-03,168.21449279785156,168.3739955602664,167.42538195816292,167.54290828687766,4857300
2017-02-06,168.13058471679688,168.48316379686057,167.71084588680498,167.92071530180093,2770900
2017-02-07,168.3824005126953,168.98682534471908,168.25647120053438,168.64263649132022,2606300
2017-02-08,168.3236083984375,168.47472099091326,168.02139602289455,168.3152182358477,2291500
2017-02-09,169.33946228027344,169.66685810881324,168.54196093479595,168.58393738653996,3487600
2017-02-10,170.1957550048828,170.41401464870805,169.63330634588155,169.82638267731988,2880300
2017-02-13,171.4213409423828,171.64800350426893,170.6826092890042,170.6826092890042,2637400
2017-02-14,172.23562622070312,172.2440163857322,171.21146247301522,171.30380552598422,3586600
2017-02-15,173.25143432617188,173.34377739754152,172.3363937791763,172.420346683845,3646000
2017-02-16,173.3353271484375,173.53680637904495,172.80646498338632,173.3940967275606,4589600
2017-02-17,173.30250549316406,173.33617042674354,172.578587400271,172.58700042258866,5747700
2017-02-21,174.30422973632812,174.4978320288541,173.75707495232265,173.87492150137896,3076400
2017-02-22,174.62411499023438,174.6914577193307,173.9422875190632,174.0180432726795,2254400
2017-02-23,174.935546875,175.2133179242072,174.42206989200935,175.13756218351432,3179900
2017-02-24,175.02813720703125,175.04497609833288,174.30423185709924,174.31264488059475,3703900
2017-02-27,175.33120727539062,175.3985500094402,174.75881330243882,174.85982098135665,3433700
2017-02-28,175.07025146484375,175.3480354091337,174.81771943873358,175.17968500649772,2821900
2017-03-01,177.62921142578125,178.10901068201906,176.6696000689941,176.7032650094465,7846100
2017-03-02,176.6780242919922,177.77232116857533,176.63593348052507,177.77232116857533,3336900
2017-03-03,176.69483947753906,177.03996610322497,176.27395710796424,176.82109905068728,2589000
2017-03-06,176.33282470703125,176.5769436060108,175.94562022799104,176.14763548860088,2524700
2017-03-07,176.0719451904297,176.4844145746179,175.91200782014627,176.1056229759166,2741000
2017-03-08,175.6005401611328,176.442304887883,175.44901583127637,176.41705297362537,3173100
2017-03-09,175.65106201171875,176.0046016919103,174.97764759236313,175.70999171390653,4430100
2017-03-10,176.05517578125,176.51814918207816,175.39018696501816,176.50973615454197,3004000
2017-03-13,175.8782958984375,176.21499659749668,175.58367315352947,176.03823322599854,2261800
2017-03-14,175.5416259765625,175.82783577062415,175.07023974301845,175.56689073736308,4433000
2017-03-15,176.41708374023438,176.69486768982387,175.68475241042464,175.78576008507076,5737000
2017-03-16,176.29920959472656,176.913694259893,175.97092185916526,176.913694259893,3018400
2017-03-17,176.154052734375,176.71913409241114,176.12875154441625,176.71913409241114,2873200
2017-03-20,176.1120147705078,176.49998809618336,175.90116277966732,176.14575829589745,3308600
2017-03-21,174.0372314453125,176.63491654379,173.9528855045871,176.55058347244832,6192400
2017-03-22,174.0877685546875,174.22271686147013,173.3202645379125,173.70823770256786,3898500
2017-03-23,174.00343322753906,174.8384114484842,173.6660753094451,173.76728011099735,3840000
2017-03-24,173.53111267089844,174.50102625739504,172.89855697464972,174.23114251907245,4052700
2017-03-27,173.0925750732422,173.32872822207432,171.89493757005604,172.20699433043106,4559600
2017-03-28,174.37461853027344,174.64451529006806,172.82275076961187,172.96612859723308,3538000
2017-03-29,174.00343322753906,174.2142851436927,173.69980595350262,174.18898394330463,2323900
2017-03-30,174.5516815185547,174.8046935595242,173.86851039979246,173.99502928965873,2849200
2017-03-31,174.02877807617188,174.5263856344486,173.99504742365434,174.34927718731146,4179600
2017-04-03,173.9528045654297,174.2733035477996,172.79734035754743,174.18052820392293,4436100
2017-04-04,174.2902069091797,174.3914245906604,173.58174748571972,173.75886877627522,2555400
2017-04-05,173.96136474609375,175.97710976033983,173.8770316506123,175.08309915803474,4110400
2017-04-06,174.12159729003906,174.8300569956983,173.6745920327027,174.12159729003906,3186900
2017-04-07,174.0625457763672,174.64449935084878,173.64927122666955,173.9022961985378,2609300
2017-04-10,174.0708770751953,174.85525275878604,173.69977570828163,174.15522297472202,2395200
2017-04-11,174.02032470703125,174.09622831679806,172.8479884351242,173.92754933863367,3511500
2017-04-12,173.4636993408203,173.99505043017885,173.19381550786792,173.99505043017885,2181700
2017-04-13,172.36734008789062,173.6914972188771,172.358910638363,173.18544712067072,3605200
2017-04-17,173.88536071777344,173.96126432070486,172.78049871050496,172.839530556325,2260900
2017-04-18,172.96600341796875,173.5816872602609,172.4093514057929,173.202156477187,2497900
2017-04-19,171.92861938476562,173.15155765289992,171.75149815201777,173.117814146959,3606400
2017-04-20,173.48902893066406,173.91917526170994,172.1986156762968,172.35043581354395,3873700
2017-04-21,173.26275634765625,173.6679470067964,172.85756568851608,173.48223193786157,3034800
2017-04-24,175.06080627441406,175.27184494997653,174.7653469763152,175.01859596314588,3220200
2017-04-25,177.0023193359375,177.25556827634117,176.29323260742814,176.38609012288362,3483600
2017-04-26,176.8250732421875,177.6354544823022,176.79974963348252,177.1120827280291,2865300
2017-04-27,176.90110778808594,177.07838599365402,176.47903031660042,177.04461258269714,1951700
2017-04-28,176.49588012695312,176.96016782468783,176.40302258740618,176.96016782468783,1934000
2017-05-01,176.36074829101562,176.84192251613354,176.17503327929728,176.84192251613354,1886000
2017-05-02,176.53805541992188,176.6815601560661,176.21727255043652,176.5127318124127,1359700
2017-05-03,176.61404418945312,176.82508286065928,175.98092817583472,176.5380733592057,1829400
2017-05-04,176.5886993408203,176.97700323590198,175.75298166627667,176.97700323590198,2640100
2017-05-05,177.07835388183594,177.08679079265409,176.22574930034796,176.48744810506895,1673800
2017-05-08,177.20489501953125,177.2893156141834,176.87567530962676,177.01918001591596,2311000
2017-05-09,176.95169067382812,177.5426092236413,176.6140339717442,177.39065469115928,1570100
2017-05-10,176.83352661132812,177.11209921379034,176.34391532949562,176.58872741080123,1394300
2017-05-11,176.6646270751953,176.80813177366323,175.66853109261555,176.546445977588,3093700
2017-05-12,176.43682861328125,176.66475406563796,176.27644998613837,176.40306808145718,1575100
2017-05-15,177.2133331298828,177.38217432033343,176.76593231289223,176.76593231289223,1818500
2017-05-16,177.2303009033203,177.66082810284027,176.81667328750578,177.54264694392464,1746600
2017-05-17,174.29257202148438,176.08217535108685,174.20815142335132,175.68542172525616,5717400
2017-05-18,174.706298828125,175.55045370423915,173.77772331208698,173.92122809533265,6653800
2017-05-19,175.9067840576172,176.36396498086424,174.89927817041522,175.04320573733983,4892800
2017-05-22,176.6518096923828,176.83807192534996,176.37242926166098,176.37242926166098,2246200
2017-05-23,177.04981994628906,177.24455696171526,176.6857699864436,177.0328964030883,3457500
2017-05-24,177.64236450195312,177.76089382107352,177.01584500447274,177.21904365956212,3479500
2017-05-25,178.2858428955078,178.5736980249367,178.04878421024526,178.23504645134147,2198200
2017-05-26,178.25204467773438,178.40444699282216,178.06579527732575,178.25204467773438,1152200
2017-05-30,177.97256469726562,178.23502156796977,177.76936603023935,177.97256469726562,1066600
2017-05-31,177.79476928710938,178.14189550859322,177.219059092312,178.14189550859322,1577500
2017-06-01,178.98016357421875,178.98016357421875,177.71867491020768,178.02346663200447,1827900
2017-06-02,179.41197204589844,179.66596731844575,178.87012149320776,179.0225109054944,2314000
2017-06-05,179.36953735351562,179.66586715941403,179.183275118733,179.36953735351562,1923000
2017-06-06,178.9547119140625,179.30183822778463,178.7853861011129,178.92085191896516,2094800
2017-06-07,179.2510986328125,179.42042449947095,178.76004457638814,179.22570039875052,1545800
2017-06-08,179.36953735351562,180.080713385197,178.97161466272814,179.1663386650085,2030300
2017-06-09,180.0553436279297,180.39400816231247,179.1409687631927,179.61508619259757,4271100
2017-06-12,179.82669067382812,180.1484186516047,179.38644629434413,179.87750002720892,3682300
2017-06-13,180.64791870117188,180.6648551508504,180.12300502967227,180.16533969450552,2426500
2017-06-14,181.0458526611328,181.181318429612,180.31774030396568,180.9950562276348,5423100
2017-06-15,180.91891479492188,181.0120459233051,180.12306931941615,180.2415986720193,2571800
2017-06-16,181.1428680419922,181.15983578561503,180.5152038965055,180.9477842894163,2372000
2017-06-19,182.29641723632807,182.37275266393664,181.5839273601244,181.82142398552563,2103300
2017-06-20,181.8553466796875,182.42365604372367,181.8299015371301,182.27097224578395,1762100
2017-06-21,181.4227294921875,182.0673612104665,181.2106780521834,182.0673612104665,2129400
2017-06-22,181.28700256347656,181.76199568970927,181.22763489399347,181.583879738668,2697100
2017-06-23,181.2955474853516,181.47366349001712,180.71876069942508,181.0410831075192,1346800
2017-06-26,181.40577697753903,182.16067964960507,181.1173901011529,181.76202187353263,1940400
2017-06-27,180.60845947265625,181.62631681316864,180.55756919414927,181.2700719210268,1981600
2017-06-28,181.71958923339844,181.9655631854397,180.6084289227118,180.6084289227118,4693700
2017-06-29,180.3370513916016,181.98257285800184,179.5651809400271,181.95712771718905,4372600
2017-06-30,180.8714904785156,181.5076451135015,180.6424711859929,180.795142085942,2216600
2017-07-03,181.93165588378903,182.6865584831993,181.41424985885,181.47361753117144,2134700
2017-07-05,182.0080718994141,182.2201234307151,181.3719173055109,182.14378798567031,1799000
2017-07-06,180.7866058349609,181.72811490596987,180.61696724270425,181.5923988551265,2297500
2017-07-07,181.55845642089844,181.651759577806,181.0240826183743,181.1258631740576,1326500
2017-07-10,181.50750732421875,181.81286183490965,181.1258044789131,181.2445527362601,1156300
2017-07-11,181.4990997314453,181.7620414966903,180.3964294433189,181.4397320470006,1577600
2017-07-12,182.55938720703125,182.95804509181204,182.27100025200608,182.3473356914073,2103300
2017-07-13,182.75440979003903,182.8392225963279,182.36422946481568,182.6186937688664,1587400
2017-07-14,183.43296813964844,183.7892129963014,182.457536718522,182.6186978794681,2395500
2017-07-17,183.39907836914065,183.6280975831148,183.2463945789596,183.48390413508503,2291000
2017-07-18,182.95802307128903,183.0513262446377,182.0504494238033,182.9241005276149,2247500
2017-07-19,183.4839630126953,183.500917817249,182.9241438400507,183.11922763320908,1785800
2017-07-20,183.37364196777344,183.70444176257163,182.9665067455438,183.69596436261105,1372000
2017-07-21,183.01356506347656,183.03055134492377,182.35972927349223,182.72486306255647,2217300
2017-07-24,182.63999938964844,182.99663366658305,182.29185177761457,182.99663366658305,1459600
2017-07-25,183.2937774658203,183.8542081339721,182.9796025261305,183.837221852797,1924200
2017-07-26,184.1004943847656,184.3976960702068,183.8882111685189,184.1004943847656,2041000
2017-07-27,184.87322998046875,184.8987029328525,183.9476781592172,184.49960940318607,3202400
2017-07-28,185.1279296875,185.2468077567378,184.5165530580662,184.7118499667988,2305000
2017-07-31,185.70529174804688,185.98550705288707,185.5269811628889,185.6628325279072,1765000
2017-08-01,186.27427673339844,186.6394106112513,186.08746646226248,186.58846471125776,2307100
2017-08-02,186.71583557128903,186.91963213467173,186.33372835209408,186.6648896696284,3063300
2017-08-03,186.8601226806641,187.00447367156207,186.5714206988679,186.7497312936744,2496400
2017-08-04,187.29327392578125,187.3781794525962,186.8347348453629,187.3527064988776,1877700
2017-08-07,187.53094482421875,187.64132325454145,187.3186616686363,187.4460263792916,1902800
2017-08-08,187.3951416015625,188.2357748794752,187.182858376758,187.4885467387461,3623900
2017-08-09,187.23374938964844,187.32715449945013,186.775223459454,187.0893983939069,3555800
2017-08-10,185.62039184570312,186.72425386211688,185.5779326242868,186.6478350376086,7832600
2017-08-11,185.70529174804688,186.14684431537705,185.5524541036258,185.75623762952057,4944500
2017-08-14,186.7836761474609,187.05539180862968,186.6478118385097,186.707257332451,2605000
2017-08-15,186.9450836181641,187.3017178455756,186.6903411823734,187.3017178455756,1835700
2017-08-16,187.208251953125,187.7432095989736,187.04691469760024,187.4035488092545,2476100
2017-08-17,184.94960021972656,186.86864850644525,184.9156406110555,186.80920299534915,3535800
2017-08-18,184.31036376953125,185.27222407612464,183.9869035627229,184.70192154557736,4468500
2017-08-21,184.4891662597656,184.6423760864988,183.6294456043638,184.2508312037676,3467200
2017-08-22,186.14898681640625,186.2851819751061,184.9658189753075,185.059451523378,2423200
2017-08-23,185.49351501464844,185.9531703192426,185.42541745143888,185.57011990265343,3660200
2017-08-24,185.272216796875,186.0297843659908,185.1019793746109,186.0297843659908,1934400
2017-08-25,185.5956573486328,186.3532248905879,185.5616150607136,185.78292240289423,2373300
2017-08-28,185.51055908203125,186.05532664767244,185.16156391027965,185.98722907843188,1425000
2017-08-29,186.06382751464844,186.2085299736556,184.3869622716208,184.43803219970764,2013300
2017-08-30,186.35317993164065,186.5489652518592,185.89353772007024,186.19997019054355,1804100
2017-08-31,186.85548400878903,187.17042394755268,186.5149961130992,186.8639913355744,2173000
2017-09-01,187.1958923339844,187.6129849872452,187.11928745530807,187.37465003917632,2150200
2017-09-05,185.28082275390625,186.8640563015136,184.8637298072848,186.8640563015136,3828600
2017-09-06,185.7743988037109,186.0893386454329,185.5956410900183,186.02124108727767,1915500
2017-09-07,185.65533447265625,186.1745672773256,185.2893115177476,185.96176716046585,1982800
2017-09-08,185.7658843994141,186.1233868248926,185.1530193876564,185.22962426705587,2135800
2017-09-11,187.9109344482422,188.02159462046544,186.9065245376356,186.9065245376356,3019300
2017-09-12,188.4727478027344,188.60043562643483,188.17483552400205,188.39614290148472,2072900
2017-09-13,188.7621307373047,188.7876657014094,188.285460756306,188.4131485651125,1720800
2017-09-14,189.23878479003903,189.33240431859565,188.64293441655647,188.66846937675933,1893700
2017-09-15,189.7403564453125,189.8427201757117,189.279765211352,189.46741686613856,2377700
2017-09-18,190.345947265625,190.5421237932601,189.92799351839844,190.1412328356394,1827300
2017-09-19,190.70420837402344,190.78097141290635,190.4056680915725,190.5250816015336,2042800
2017-09-20,190.97711181640625,191.0197622794122,190.16680507966927,190.6956473937738,1819900
2017-09-21,190.61038208007807,191.0368607596299,190.54214392953827,190.9771474972464,1741400
2017-09-22,190.3801422119141,190.601919527474,190.0560271597198,190.39720500890343,2448400
2017-09-25,190.0559997558593,190.5762913455592,189.3480434565368,190.30335170858712,2844300
2017-09-26,189.945068359375,190.63596170865543,189.8853550995133,190.2606584040844,1314500
2017-09-27,190.3118438720703,190.6530346284873,189.6550760692736,190.550670894014,2381500
2017-09-28,190.72122192382807,190.8662230759795,189.95355268791167,190.183854760196,1462800
2017-09-29,190.9088897705078,190.9515272191069,190.3203472107849,190.54211140085823,2415800
2017-10-02,192.12008666992188,192.24802504538687,191.07947783249224,191.224478996384,2611200
2017-10-03,192.9729919433593,193.00710449593765,192.4356248808443,192.54651345313232,2510000
2017-10-04,193.1180419921875,193.3483310643856,192.92185246611567,193.1009792040304,1746900
2017-10-05,194.1671905517578,194.18425334122009,193.15216932782045,193.28864561332853,2258500
2017-10-06,194.0904541015625,194.15869225366143,193.8175014931667,193.91132732541567,2090300
2017-10-09,194.07339477539065,194.44017322258503,193.9113307881487,194.38045995777085,1006800
2017-10-10,194.6959686279297,194.84096976244425,194.16713942968929,194.65333118814243,1417700
2017-10-11,194.99459838867188,195.02018607033727,194.6192950374493,194.74724646087384,1423600
2017-10-12,194.7556610107422,195.16507670053127,194.60212199264,194.89213724570192,1307300
2017-10-13,195.096923828125,195.30163827001192,194.909272176836,195.07987405262293,1744300
2017-10-16,195.71104431152344,195.77928245539263,195.1651521756648,195.38692939701355,2373400
2017-10-17,196.05226135253903,196.14608718606928,195.7707838519485,195.93284783850945,1838000
2017-10-18,197.425537109375,197.6131757744905,196.95640790884184,197.0331709557205,2720500
2017-10-19,197.5875701904297,197.596108093819,196.6237372094932,196.8966768009214,2305400
2017-10-20,199.0071563720703,199.0071563720703,197.9486484069357,198.4437563410123,3275700
2017-10-23,198.5973358154297,199.391219773901,198.56319629131684,199.391219773901,2325100
2017-10-24,199.9973297119141,200.3473217727949,199.71564276332413,199.8436822854105,3300500
2017-10-25,199.03271484375,200.1338936987705,198.3412754434601,200.1338936987705,3813300
2017-10-26,199.621810913086,200.1083742884865,199.5364425189653,199.67302673940304,2581500
2017-10-27,199.8949432373047,200.03152744196456,199.20350361112065,199.707143212244,2944200
2017-10-30,199.17791748046875,199.8693571822598,199.02425697707736,199.3401096130643,2672500
2017-10-31,199.43394470214844,199.67296049592449,199.0668763596742,199.4424763285748,1772000
2017-11-01,199.9120483398437,200.6205643501012,199.51937195118245,200.26204053022184,2675700
2017-11-02,200.5692749023437,200.7485302337925,199.1693196800805,199.92905123925905,2459400
2017-11-03,200.75711059570312,200.93637899605469,200.29615517755005,200.91077108534543,2574400
2017-11-06,200.9534149169922,201.1070623503876,200.6802465571101,200.79975445821248,2549900
2017-11-07,200.9619598388672,201.35463612583007,200.3388123865638,201.2009756568845,2390700
2017-11-08,200.9960784912109,201.12411800591127,200.57779436755163,200.91924175700777,1531900
2017-11-09,200.3643951416016,200.84242671762777,199.03273202970465,200.16806353545869,4225200
2017-11-10,200.1168975830078,200.3217739051314,199.83521054999588,200.13397386619835,2506600
2017-11-13,200.313232421875,200.41566406520388,199.43399274893684,199.45960065976905,2452400
2017-11-14,199.9888916015625,200.0486520900696,198.81942000171,199.724267781922,2566500
2017-11-15,198.8619842529297,199.4680552758108,198.5973475675251,199.0327079343589,2823600
2017-11-16,200.52658081054688,200.84242030060503,199.9119650823266,199.93757298555383,2933400
2017-11-17,199.70684814453125,200.2031433495568,199.68117882846272,200.0320102235598,3483300
2017-11-20,200.35720825195312,200.54545865358065,199.732566313802,199.9379339492021,2056600
2017-11-21,201.7091522216797,201.93163705748395,201.1700834766181,201.2299742009041,2749900
2017-11-22,201.22998046875,201.99153407333648,201.0417300894929,201.99153407333648,2860800
2017-11-24,201.4867248535156,201.82899121333315,201.43538620520548,201.56373282598088,1435500
2017-11-27,201.7091522216797,202.222564704866,201.4182245742976,201.5123497609944,2329500
2017-11-28,203.94248962402344,204.02806272984685,202.1370067667809,202.21402778467112,4844500
2017-11-29,204.8666534423828,205.06345594579665,204.31046734536028,204.63561646912552,3376100
2017-11-30,207.7930603027344,208.34925941999649,205.7137668493148,205.9447907508344,6586400
2017-12-01,207.4592742919922,208.30640080773617,204.8580170887253,208.04969461599987,9772700
2017-12-04,208.02407836914065,210.12905401041144,207.9898569612683,209.6498629038404,6565800
2017-12-05,207.0828094482422,208.60591657769103,206.87745490461768,208.59736449058053,4925600
2017-12-06,206.74920654296875,207.5107605176069,206.68931578771537,206.8347796866205,3976100
2017-12-07,207.3823089599609,207.8187004359396,206.30415840109623,206.39828358885103,2718300
2017-12-08,208.4605407714844,208.46910591883272,207.57064024126856,208.09260502106284,2704300
2017-12-11,208.9311370849609,208.99104088134456,208.35783372937945,208.5888707121624,1857800
2017-12-12,210.017822265625,210.3857579096091,209.4701883154608,209.5814176891692,3282400
2017-12-13,210.75360107421875,211.34402128321005,210.19740225770352,210.23163670679628,3748700
2017-12-14,210.1290283203125,211.4125463928772,210.0434552261598,211.25851743472649,4713300
2017-12-15,211.19332885742188,211.579263287777,210.82455084896483,211.1590291001413,5862800
2017-12-18,212.5141448974609,213.1573734901872,212.29116369646275,212.70282633158217,3285700
2017-12-19,212.17965698242188,212.98583887611937,211.78515079179456,212.9601107804923,2773600
2017-12-20,211.8966522216797,213.0372993816284,211.63077341728467,212.97727151945583,2401400
2017-12-21,212.4026336669922,212.9429367169268,212.19679583250624,212.4626615229772,2446700
2017-12-22,212.17965698242188,212.3597667383299,211.8108788874216,212.3340386427029,1847000
2017-12-26,212.05093383789065,212.3425275323342,211.7336120578499,211.78506822904424,2156700
2017-12-27,212.2482452392578,212.4283549744941,211.92235170321263,211.96522313332483,2930300
2017-12-28,212.8057403564453,212.85719654725204,212.49699012508648,212.6427870278784,2743300
2017-12-29,212.1624755859375,213.2173665769796,211.98236586233705,213.18306681780223,2951800
2018-01-02,212.7113800048828,213.0973144868185,212.03383865776885,212.98581735935275,4454900
2018-01-03,213.509033203125,213.7405991877827,212.754320464996,212.9687300209514,5528600
2018-01-04,214.924072265625,215.19850960050053,214.08357766499964,214.3751845093576,4932900
2018-01-05,216.7422332763672,216.8537303818654,215.2413670750316,215.59300172582232,3349200
2018-01-08,216.6308441162109,216.9567508414394,216.3135221489229,216.76806937804625,3847500
2018-01-09,217.6857452392578,218.08882317408967,216.74233793683163,217.15400062947168,5031400
2018-01-10,217.51419067382807,217.78005641535705,216.5107555752256,217.1282561107533,2357600
2018-01-11,219.2207794189453,219.2722355886052,217.7113417340333,217.8399821581829,2760400
2018-01-12,221.1934509277344,221.24490712115127,219.96703469623435,220.0956751797766,3678400
2018-01-16,221.1076812744141,223.62913943707787,220.33581220223988,223.21746371783377,8102900
2018-01-17,223.91213989257807,224.0064936919821,221.7337579995438,222.3512584681532,6144400
2018-01-18,223.1231689453125,224.11803245021224,222.45421216117813,224.0494067337132,4860200
2018-01-19,223.5726928710937,223.5812561906819,222.48287296901336,223.1521998355376,4057600
2018-01-22,224.8083953857422,224.83413772162447,222.79182511654847,222.8518992961152,3359900
2018-01-23,224.7141265869141,225.0745456968845,224.19925336733044,224.6797947222645,3483300
2018-01-24,225.31472778320312,226.3358843078161,223.85592526589048,225.6837100736016,7106400
2018-01-25,226.3272399902344,226.87644472552984,225.185961544263,226.1813492988205,5918900
2018-01-26,228.18081665039065,228.197969481803,226.5847129530566,226.8164202085327,3861700
2018-01-29,226.6791229248047,228.1722310969652,226.64479107385577,227.88047583272288,4605600
2018-01-30,223.6413726806641,225.20314439389784,223.1865739056593,224.37936336865897,9409500
2018-01-31,224.3450622558593,225.8210176465241,223.35823755462235,225.68371642558665,5360500
2018-02-01,224.49952697753903,225.5979106097047,222.91201263270167,223.06649288080376,5182000
2018-02-02,218.7586975097656,222.98062415670407,218.58707756248447,222.7746592699466,9486600
2018-02-05,208.75311279296875,218.8359385924463,205.1404520005812,216.43322003849912,19888200
2018-02-06,213.6356964111328,213.9531938500685,203.8360400170738,204.5053798216331,20493100
2018-02-07,213.464096069336,216.9222889684337,212.4429530243095,213.01788692308835,12657100
2018-02-08,204.80581665039065,213.73877562180976,204.6599390198253,213.6358062575906,15829100
2018-02-09,207.68907165527344,209.4052975173796,200.59247404921047,207.15704582802508,19858000
2018-02-12,211.24166870117188,212.68330530258373,208.57293683506748,209.40530746523208,10458400
2018-02-13,211.5849456787109,212.1684562805414,209.6627676906642,209.9974312637767,6234000
2018-02-14,213.9275360107422,214.0905795471581,210.271966891665,210.38352575211024,5764000
2018-02-15,216.67352294921875,216.67352294921875,213.23249468465173,215.91837935249995,6111500
2018-02-16,216.76394653320312,218.62220815526035,216.11010182844512,216.30796966563628,6399000
2018-02-20,214.51844787597656,216.44553516923287,213.86460343522376,215.4561832554484,8685200
2018-02-21,213.1161193847656,217.2370009284009,213.1075210055409,214.7335073351736,5894800
2018-02-22,214.6388092041016,216.24758517241025,213.812905587301,213.8989418633005,6342300
2018-02-23,217.5810394287109,217.6154460581085,215.12055191712,215.7571730156572,5119000
2018-02-26,221.030990600586,221.2546534829155,218.4844656824932,218.7941779951356,6120900
2018-02-27,218.4845428466797,221.8397366852462,218.4501230623982,221.1859183115148,7219200
2018-02-28,215.249740600586,220.0416776361786,215.249740600586,219.5340843320791,5299300
2018-03-01,211.61924743652344,216.6864775360784,210.2341465199744,215.25837158126285,8144800
2018-03-02,211.07720947265625,211.5675796850038,208.3328165776388,209.52864777811527,6393400
2018-03-05,214.0797271728516,214.7593800270955,209.74376670215923,209.77817335667643,4891000
2018-03-06,214.0797271728516,215.2325404450344,212.53977668267308,215.2325404450344,4408500
2018-03-07,213.45166015625,213.8560071821165,211.12021269066403,211.51596133649213,5362600
2018-03-08,214.3377685546875,214.82815186620783,212.68597388434551,214.32917017506853,5846600
2018-03-09,218.14031982421875,218.14031982421875,215.3701190714117,215.88631060232208,3904000
2018-03-12,216.76394653320312,219.1383999614058,216.54025729113204,218.5619932166817,5512800
2018-03-13,215.26690673828125,218.49307129878943,214.77652342398136,217.74460532148663,6100900
2018-03-14,213.2538452148437,216.4713992040148,212.42794107117945,216.29074128737952,6222800
2018-03-15,214.21731567382807,215.7658772077729,213.18494569363045,214.07966284252268,5069600
2018-03-16,214.6949005126953,215.5826382888134,214.03986150417867,214.23810391532507,3430100
2018-03-19,211.9453887939453,214.07423821547093,210.5749996800554,214.0052860828427,5739500
2018-03-20,212.9711303710937,213.61754212274465,212.2988632014793,212.44538162036648,3258400
2018-03-21,212.5573272705078,215.16882858796671,212.29877320048232,213.005509577344,4341400
2018-03-22,206.30010986328125,211.18698002619607,206.13635015223323,210.37680870918675,7449700
2018-03-23,202.6543426513672,207.6273929060723,202.41301671514788,206.8344629511693,7598700
2018-03-26,208.4203338623047,208.70474337962585,204.43842965320687,206.0156754601913,6589700
2018-03-27,205.3778686523437,210.52330556159583,204.13676954291748,209.48043564203067,6513100
2018-03-28,205.3693084716797,207.4723033375012,204.3091969504362,206.02433426952567,7983700
2018-03-29,208.05831909179688,209.38562479745008,206.0415182755083,206.48108653250603,6614500
2018-04-02,203.53341674804688,207.73940486245425,200.9908676318473,207.13609012914367,9217400
2018-04-03,206.98101806640625,207.06721155233004,203.74895961345624,204.5936136914151,9874500
2018-04-04,208.9720153808593,209.35123259502768,202.49065596085669,202.58546355221924,6437500
2018-04-05,211.0835876464844,212.10060240160283,209.76490883957743,210.12689781095585,4786400
2018-04-06,206.10191345214844,210.51474650935987,204.47295647194505,208.8340786966548,6985500
2018-04-09,206.6190490722656,209.9890121679656,206.3604817407773,207.8515476534716,5052000
2018-04-10,210.30783081054688,211.1610987604055,208.74782643003127,209.7389986619173,5977500
2018-04-11,208.4720916748047,209.9372889316533,208.04976461994312,208.6875622464377,4733100
2018-04-12,210.997299194336,211.8678083027549,209.8165252369047,210.0061403010391,4742400
2018-04-13,209.93722534179688,212.4194497835548,208.8598728099612,212.3849671378215,5222500
2018-04-16,211.6954803466797,212.6004591954143,210.9197917056371,211.26453929026104,4018400
2018-04-17,213.574462890625,214.16053661423672,213.11766626743287,213.8761138420316,3821900
2018-04-18,213.21240234375,213.93638016583168,212.9538350783559,213.64334340231443,3645600
2018-04-19,212.5142974853516,213.3847937610891,211.5834631438184,212.8159483604946,3721800
2018-04-20,210.8257751464844,212.70569117504763,210.05828981238105,212.4556041439991,3396500
2018-04-23,210.7136993408203,211.4294330698025,209.67025761977465,211.32595603107188,2491000
2018-04-24,207.0401153564453,211.75713689423748,205.3412970541088,211.6105400303711,7088900
2018-04-25,207.56619262695312,208.10947354311327,205.3154743207074,207.2126284383941,5269200
2018-04-26,209.6529998779297,210.3083895229608,207.9283124471252,208.1956368935685,3845800
2018-04-27,209.5064392089844,209.9289924395057,208.488879765062,209.5236897706016,3209800
2018-04-30,208.29054260253903,211.13628014226984,208.2646733378589,210.4981540690611,3475700
2018-05-01,207.61795043945312,207.73005937753456,205.1602777718433,207.5575931977889,4396600
2018-05-02,206.1950225830078,208.4284898241021,205.8587090338018,207.4885382581573,2729400
2018-05-03,206.18641662597656,206.81592394246064,202.7542786817904,205.1688440563049,6177500
2018-05-04,209.1356201171875,209.73925813991448,204.9618661636423,205.33268083652445,3600900
2018-05-07,209.9117431640625,210.9896730010883,209.1097696813104,209.98073225263093,2983800
2018-05-08,209.9117431640625,210.39465362571835,208.54923827106307,209.6961571966573,2927200
2018-05-09,211.61917114257807,212.00723639369693,209.73064920319368,210.610230437979,3670500
2018-05-10,213.39556884765625,213.9560869658351,212.11067205151443,212.1365413087645,3877800
2018-05-11,214.326904296875,214.67184968295405,213.3265955730484,213.6025387235906,3293500
2018-05-14,214.9564666748047,215.7584401822183,214.5942838174253,215.0771942939312,4286300
2018-05-15,213.26622009277344,214.0164549072709,212.5591050952941,213.92160973148,4755900
2018-05-16,213.8354034423828,214.1027279279324,212.9730596008305,213.15414443889577,2034400
2018-05-17,213.63702392578125,214.6287138754471,212.8954078488617,213.6887624402584,2058200
2018-05-18,213.5999755859375,214.0583064617205,213.09840320960924,213.574033324701,2408800
2018-05-21,216.1422882080078,216.77357149756187,215.5110049184537,215.51964793500144,4060300
2018-05-22,214.62030029296875,216.5660480966204,214.39546307490764,216.5141635997945,2329300
2018-05-23,215.00938415527344,215.06991164828813,213.14146375933345,213.45278382532345,3489400
2018-05-24,214.3868103027344,214.8364847183965,212.6053722837173,214.5770622460708,3448100
2018-05-25,213.9198455810547,214.5511421835137,213.34910288747668,213.9544440445731,4207000
2018-05-29,210.52989196777344,212.9166841841256,209.54404702485056,212.1989179158346,6439600
2018-05-30,213.3404693603516,213.73827256042995,211.5071464623488,212.01736169219689,4185900
2018-05-31,211.16114807128903,212.7523470756041,210.5817493211712,212.73504784853444,5357800
2018-06-01,213.0464630126953,213.4529092597905,212.43246553449305,212.8562110163763,3565300
2018-06-04,214.6376342773437,215.0440804955531,214.06687832895,214.2225450400796,3062500
2018-06-05,214.5943603515625,214.87973828261968,213.738239753838,214.60301656475767,2816400
2018-06-06,217.5086669921875,217.51731000992845,214.94027881030547,215.5369769206039,4102500
2018-06-07,218.3821258544922,219.1085353379804,217.6989578583317,218.11404710668933,4286800
2018-06-08,219.02200317382807,219.1430713865918,217.7248380961693,217.88914778394405,4451000
2018-06-11,219.1258544921875,219.79173651031,218.80589120868405,219.32474951743689,4200200
2018-06-12,219.0478515625,219.4542975016488,218.40791231469464,219.4283552668469,6531000
2018-06-13,218.07945251464844,219.43715870726385,217.9497412458092,219.15178072036792,3819000
2018-06-14,217.9151611328125,219.2382688881021,217.5260009261804,218.9269486400664,5007000
2018-06-15,217.15821838378903,217.5566028564226,215.4520608264405,216.7511647605535,6340800
2018-06-18,216.28341674804688,216.43064689840705,214.906370151886,215.4779788875182,4075500
2018-06-19,213.8151397705078,214.1182560209272,212.6459412205837,213.57264148410607,5511100
2018-06-20,213.451400756836,214.76781630201577,213.1569272130244,214.7505044345656,4711700
2018-06-21,211.75387573242188,213.0010172376649,211.26021004694465,212.90574911670427,4676600
2018-06-22,212.78448486328125,213.4946545384842,212.56796762331533,212.98367702380403,3584900
2018-06-25,209.85714721679688,211.66722799589152,208.4627757979124,211.4766917859697,9536000
2018-06-26,210.1689453125,211.05233931989648,209.8225230271336,210.3854625446448,3829900
2018-06-27,208.8265380859375,212.68921136379765,208.73126997415807,210.68859423159483,6149300
2018-06-28,209.6580505371093,210.42019572381656,207.70939467896164,208.2636784833392,5524000
2018-06-29,210.22091674804688,212.1522600601867,210.09966762122244,210.87046847357,3966200
2018-07-02,210.22091674804688,210.48939601350355,208.39351069830204,208.653334031544,5700300
2018-07-03,209.2942810058593,211.58070311021777,209.0258016747485,211.37284174976085,3143800
2018-07-05,210.9310607910156,211.03498481910407,209.32017227983783,210.56731347754467,3294600
2018-07-06,211.8404693603516,212.3601027985657,210.2901985473786,210.7232330201388,3546000
2018-07-09,214.6465606689453,214.78513489535624,212.84513537109987,212.86246045319265,3679300
2018-07-10,215.85040283203125,216.06692011178515,215.17486997641228,215.23550115802308,3474700
2018-07-11,213.98834228515625,214.9236984442126,213.6072697890409,214.21351548051308,4409800
2018-07-12,215.9110412597656,216.0322904118904,214.9323788935802,215.71184905595345,3175400
2018-07-13,216.69053649902344,216.9157229750245,215.59062478634448,215.8591173704357,3018100
2018-07-16,217.09747314453125,217.16676023710625,216.36997849523613,216.85497492809955,1881400
2018-07-17,217.6258087158203,217.876976116448,216.43062931390685,216.9935820708961,2960100
2018-07-18,218.2754364013672,218.3966855701941,217.40071119877075,217.72115259884868,2119600
2018-07-19,217.20147705078125,217.9203160335402,217.04559094653223,217.5738936584314,2537400
2018-07-20,217.1736755371093,217.69396868424096,216.51461902602543,216.6360353154912,2687800
2018-07-23,217.017578125,217.3124254632302,216.4625908294209,216.9742302867357,1792000
2018-07-24,218.70864868164065,219.09887199491527,217.71139662333223,217.88482773679368,5485300
2018-07-25,220.2781219482422,220.39952499566743,217.59856152045472,218.15356200233,4687600
2018-07-26,221.2320556640625,221.7176679775844,220.65105427238856,220.7117624275504,4175000
2018-07-27,220.4862518310547,221.6482676445732,219.80986147867725,221.2233503280526,5852900
2018-07-30,219.2809600830078,220.9459225141924,219.1075289774158,220.7204634001173,4484200
2018-07-31,220.40821838378903,220.8504695599586,219.9139392141809,219.99198120433883,3743100
2018-08-01,219.48912048339844,220.81588783987883,219.0121749427149,220.1741780913276,3159000
2018-08-02,219.48043823242188,219.7492584551417,217.6853923860854,218.04960171028128,4132600
2018-08-03,220.5990447998047,220.69443388596832,219.42836176342755,219.42836176342755,2469400
2018-08-06,220.9979705810547,221.33616587858648,219.9400236027357,220.4516500112166,2305400
2018-08-07,222.09918212890625,222.65418264693864,221.6916118934392,221.97777907357184,2394500
2018-08-08,221.66567993164065,222.0992643228577,221.4575678923015,221.96919429827085,1876800
2018-08-09,221.26670837402344,222.19458498151675,221.12795824416528,221.7870015130806,1677300
2018-08-10,219.65380859375,220.1741018135596,218.8733489161216,219.9833236633799,4796900
2018-08-13,218.56118774414065,220.22616324973,218.26635356933696,219.8879679946449,3686700
2018-08-14,219.5757293701172,219.87056346788592,218.72589476086773,219.18549298148977,2815800
2018-08-15,218.3184051513672,218.699961527942,216.67078977828004,218.38778024092127,5804000
2018-08-16,221.9429931640625,222.3505632067232,220.50349102325825,220.58153297221,7919200
2018-08-17,222.905990600586,223.43606499872004,221.6198680227237,221.7936644289761,3902500
2018-08-20,223.7055053710937,223.95752149178483,223.3057748662872,223.42742044616827,2930700
2018-08-21,224.2616577148437,224.80912908066767,223.99227125223769,224.13998562482243,3290900
2018-08-22,223.4882049560547,224.374597134884,223.37523132387983,224.20078746697925,3850600
2018-08-23,222.8886108398437,223.81844223741857,222.44542798089185,223.1579972791959,2811900
2018-08-24,224.0704040527344,224.3571607827297,223.3230544357918,223.54030322263367,3631500
2018-08-27,226.4427490234375,226.5035850498584,225.2869971195799,225.2869971195799,4111600
2018-08-28,226.4949188232422,227.08582918713705,226.24290279289963,227.06843231079225,2713600
2018-08-29,227.0945739746093,227.47693410208487,226.321181798332,226.6340074373735,2433900
2018-08-30,225.9475555419922,226.93819674060035,225.46092012519497,226.58190536050927,3867200
2018-08-31,225.80848693847656,226.36463027062803,225.052465093406,225.58253962123223,3081800
2018-09-04,225.7041778564453,225.86928909894465,224.3832879164508,225.2609817297751,2945000
2018-09-05,225.8692779541016,226.20817234276032,225.0002826236712,225.26097061494715,3282400
2018-09-06,226.19078063964844,226.8511989951075,225.10453657910944,226.06043665630983,3878500
2018-09-07,225.5390167236328,226.23420226064744,224.6004870770719,225.3565086414731,3796400
2018-09-10,225.01763916015625,226.5036136584101,224.948104686999,226.3906400292529,2247600
2018-09-11,225.9649810791016,226.38210861804933,224.0445077503471,224.28782551815468,3072900
2018-09-12,226.15603637695312,227.4768997416737,225.5737978327236,226.0691315393562,4971200
2018-09-13,227.485580444336,227.8679404842433,226.7990667563706,227.1727548769377,2472300
2018-09-14,227.58116149902344,228.08516703717743,226.8251134123498,227.6854366779775,3077700
2018-09-17,226.79049682617188,227.841974148958,226.49504148421724,227.43354512809407,2473500
2018-09-18,228.46755981445312,229.00633266275733,226.9641883831912,227.0250244195177,2998900
2018-09-19,229.7797393798828,230.2750465254528,228.6326592666696,228.6326592666696,4001000
2018-09-20,232.0565643310547,232.29118356755487,231.1441031498336,231.1528015910647,5247100
2018-09-21,232.6015625,233.02823401920008,232.14005251781592,232.9759896117046,3944500
2018-09-24,231.1212615966797,232.23585325422948,230.97321805844425,232.2184207356364,3778600
2018-09-25,230.52052307128903,231.730887803692,230.34635725452463,231.65252115833985,1820400
2018-09-26,229.6931610107422,231.48695642016483,229.24905700075328,230.5900587154535,3365900
2018-09-27,230.1024932861328,231.0777578800141,229.52777809888835,230.1024932861328,2440100
2018-09-28,230.2331085205078,230.70333487752384,229.44941564145955,229.50166006179825,3288800
2018-10-01,232.26206970214844,232.6277807055399,231.39998347478164,231.71347662308924,5828100
2018-10-02,232.993408203125,233.38524123591944,231.6698124284606,231.7220568328332,4553400
2018-10-03,233.32440185546875,234.48252205443305,233.08058567810943,234.0384178630402,5827700
2018-10-04,231.843994140625,233.11531902459305,230.3897872547868,233.09791307992217,8720900
2018-10-05,230.1634063720703,232.16617956507545,228.92689336297173,231.922363467023,7477100
2018-10-08,230.6075897216797,230.9384888439509,228.2129557908972,229.2317753739968,6236400
2018-10-09,230.0851593017578,231.0343019828096,229.13601662070607,230.2157703910813,4559100
2018-10-10,222.97085571289065,229.98930673928425,222.7444587816144,229.9196563658028,12292000
2018-10-11,217.9290466308593,223.5542637177995,216.7012496572557,221.81269896311733,15270300
2018-10-12,220.5674743652344,221.7081883385564,217.6329513954028,221.49049442648783,8634400
2018-10-15,219.7315673828125,221.8214373244573,219.7315673828125,220.1930775047749,5500900
2018-10-16,224.5904235839844,224.7558464772085,221.15955277851583,221.71684855445963,7099800
2018-10-17,223.76319885253903,224.67750256968392,221.7604123880213,223.71967070370795,6822400
2018-10-18,220.89840698242188,223.66746775417,219.71416460480745,223.0143858792877,8694600
2018-10-19,221.591049194336,223.03741031948817,220.7371578117143,221.5126213727981,6618300
2018-10-22,220.47573852539065,222.56688539946705,219.74384310226023,222.24450574061024,4662600
2018-10-23,219.28208923339844,220.3799325595469,215.6661662447709,216.9905448713644,7360500
2018-10-24,214.0280914306641,220.34507427844088,213.6272839104763,219.9181285824914,7624300
2018-10-25,217.6265869140625,218.63729401562108,214.55957925647783,215.50059342284257,5920200
2018-10-26,214.80357360839844,216.9905520389159,212.8692686638349,215.5441907727524,5882900
2018-10-29,213.0087127685547,218.03616471197896,210.0288403752127,216.7117725499021,6833300
2018-10-30,216.6943359375,216.90345468137104,212.67760480284105,212.98256797576445,6151100
2018-10-31,218.8639068603516,220.6326614263789,218.16685764777884,218.6460798123668,5376400
2018-11-01,221.0770568847656,221.1641930350357,218.6199743294455,219.7003881401793,3267900
2018-11-02,219.9703826904297,222.70628877068071,218.3323197001168,222.514599982661,6413400
2018-11-05,221.73049926757807,222.12258528485964,220.00531281447493,220.30155440130028,2833700
2018-11-06,223.2553100585937,223.38600097078475,221.599816498562,221.77407547985268,2193300
2018-11-07,228.0910797119141,228.1607726743848,224.3618813495956,225.1983298503368,4462300
2018-11-08,228.3699493408203,229.1279834354872,227.38536654099823,227.87329714423728,4023400
2018-11-09,226.6185302734375,227.80352316725416,225.7036673652213,227.55083636213936,4386500
2018-11-12,221.5039825439453,226.47045016389632,221.0334686475816,226.27876128687527,10153000
2018-11-13,220.4932098388672,222.50592927824184,219.7700225723416,221.1641207503606,3937900
2018-11-14,218.6198883056641,222.43620821482747,217.53946162495265,222.20096463286097,5610300
2018-11-15,220.6326446533203,221.31226392775764,216.38937833559632,218.00129039107688,5667000
2018-11-16,221.8824920654297,222.6772721398718,219.5156231972392,219.9086420639915,4529500
2018-11-19,218.22303771972656,221.6466905901075,217.3321851211522,221.4982173781352,4249600
2018-11-20,213.54161071777344,215.66391971580504,212.6944302553311,215.16609957777555,7341100
2018-11-21,213.6726989746093,215.40200329507925,213.61156922230904,214.7120247043669,4257600
2018-11-23,212.06564331054688,213.1311692209684,211.9783132045985,212.4499330915824,1928000
2018-11-26,215.19239807128903,215.4893444874073,213.69891032265213,213.8648548865829,3435500
2018-11-27,216.16180419921875,216.18800456389184,213.2272434152023,214.13555381958832,2932000
2018-11-28,221.6990661621093,221.6990661621093,217.11381516091663,217.57670610061223,5132500
2018-11-29,221.480712890625,222.6859830891805,220.28418503229787,221.48945523085337,3471100
2018-11-30,223.15757751464844,223.4457948477344,220.8169227999917,221.05273940465048,2991800
2018-12-03,225.9698638916016,227.3410517331554,224.47636326931308,227.2275345980173,9544200
2018-12-04,218.98280334472656,225.3672293269129,218.67712800619827,225.0178822752418,5376900
2018-12-06,218.10069274902344,218.23169456133903,212.07436950126225,215.1661322125322,8232800
2018-12-07,213.37576293945312,219.5767749092931,212.4849103668495,218.04835777992665,5963700
2018-12-10,213.72512817382807,214.4063644719235,208.9564607604203,213.0526208904683,6021000
2018-12-11,213.30584716796875,217.03518793151784,211.9346458682845,216.98278720151853,5646500
2018-12-12,214.7469482421875,217.2622767375768,214.54606099476905,216.0657489000939,3734800
2018-12-13,215.08750915527344,216.47618153091744,214.126784873972,215.218510954208,4455300
2018-12-14,210.85166931152344,213.8299021421401,210.32764863327915,213.157394945318,6591200
2018-12-17,206.49346923828125,210.8341739964497,205.28821248657889,209.64637526998783,7036700
2018-12-18,207.3057098388672,209.4454905734155,205.8296938511513,208.24896289598863,5349600
2018-12-19,203.8645782470703,210.65948092184505,202.68552196930275,207.4716458085374,9545700
2018-12-20,199.9081573486328,203.82090012118832,198.2137962391587,203.13966407278423,11912800
2018-12-21,196.244140625,203.582829917409,196.0339720406233,200.5527703198544,10242700
2018-12-24,190.9984436035156,195.56103063359228,190.80578019421145,194.8516850641996,7024000
2018-12-26,200.29006958007807,200.3163406544357,190.0088993292368,191.953039007912,9761100
2018-12-27,202.52310180664065,202.6194334910573,194.8779151963484,197.5138809423708,7952000
2018-12-28,201.8401031494141,204.75631247572093,201.1307574629858,203.79300863296365,7266800
2018-12-31,204.2221527099609,204.27469486576587,202.33932085919224,203.46026472538,5079600
2019-01-02,204.3622131347656,204.9226849008411,200.6665978337771,200.78044804589743,5319500
2019-01-03,198.5473175048828,202.66328337172405,198.23205129501787,202.5144095174408,7350200
2019-01-04,205.1679077148437,205.9560666087312,201.1832969452973,201.4197499585444,7343700
2019-01-07,206.1136779785156,207.4448033623001,204.00314637819744,205.65829051724984,5101600
2019-01-08,208.3555450439453,209.0035958553539,206.490219170878,208.3730635422804,4845800
2019-01-09,209.2313537597656,210.0720682495542,208.2330128196624,209.2401063305486,4872000
2019-01-10,210.1770782470703,210.31719950628272,207.58488840243564,208.11033644313284,3052200
2019-01-11,210.0720367431641,210.1245788853888,208.39062137846733,209.1875328067105,2047200
2019-01-14,209.248764038086,209.8705303096801,208.11030237806,208.36426042645124,2330700
2019-01-15,210.73748779296875,211.07902490992257,209.20494704923087,209.2487366001624,3940300
2019-01-16,211.8059997558593,212.71676142439844,211.1754673073701,211.3681307423364,3718500
2019-01-17,213.50494384765625,214.3894344865783,211.08789822561968,211.25429059672533,4108400
2019-01-18,216.50555419921875,216.81227332840777,214.27958394665475,215.27863756573484,5393200
2019-01-22,213.8326873779297,215.35756463471503,212.38669299660825,215.01578341518933,5218500
2019-01-23,215.34002685546875,216.39166031541183,212.9387862012653,215.7168567182817,4330300
2019-01-24,215.12091064453125,215.7606521400048,213.9465869755132,215.12091064453125,2840400
2019-01-25,216.8035583496093,217.82014318434145,216.1813344020032,216.8035583496093,4110600
2019-01-28,214.7966766357422,214.9105947856486,213.07899847238627,214.47241308167708,3560300
2019-01-29,215.331283569336,216.1550540346853,214.6652387446014,215.0157921713685,2432900
2019-01-30,219.24856567382807,219.96719000407177,217.1452990864313,217.6974122488262,5686200
2019-01-31,219.1959686279297,219.46763909192603,217.6360431353608,218.1706252449877,5649600
2019-02-01,219.511474609375,220.71210141786423,218.871733147606,219.67798577515225,3971400
2019-02-04,221.1240081787109,221.1502980095846,218.8103960838805,219.4676686002091,2576100
2019-02-05,222.5612945556641,222.7716132508569,221.5534684429608,222.0354710731888,3090500
2019-02-06,222.48239135742188,222.90305545388912,221.7637802607198,222.27207268143368,1913500
2019-02-07,220.7559967041016,222.01796249176093,219.2398913433223,221.19417852635843,3884800
2019-02-08,220.2476501464844,220.29145761750348,218.3284122128624,219.5377845790091,2942300
2019-02-11,219.9146270751953,221.1240128096859,219.3975758941934,220.9487294371991,2677600
2019-02-12,223.06072998046875,223.36746245727792,221.4306938515294,221.4745146871081,3080600
2019-02-13,224.17379760742188,224.8398290879756,223.57786344292947,223.9371757059141,2918200
2019-02-14,223.61285400390625,224.4979894601759,222.26324708676407,223.06949968624545,3811000
2019-02-15,227.2931671142578,227.31952906174223,225.0962487643852,225.11384127460872,4751100
2019-02-19,227.43377685546875,228.0225627827937,226.6868192406301,226.6868192406301,2744500
2019-02-20,228.0401153564453,228.26860343716564,227.0031763741528,227.442560026092,2454000
2019-02-21,227.187744140625,227.81166151114263,226.28261475432183,227.5480420075025,3197200
2019-02-22,228.6288452148437,228.83974073437383,227.6094721740428,227.8291639461677,3938500
2019-02-25,229.2615966796875,230.5533587692597,229.13855639429144,230.10520571580432,3585000
2019-02-26,228.9540100097656,229.797618998814,228.12796671000183,228.44431002420265,3080200
2019-02-27,228.365234375,228.8485724392576,227.3985850643322,228.32130674090723,2777200
2019-02-28,227.8468017578125,228.80465496934195,227.6534718644308,228.35647503062705,2772900
2019-03-01,228.84852600097656,229.83274080199368,227.8027910704354,229.490008781367,3676900
2019-03-04,226.96804809570312,229.9558519592217,225.14022366251567,229.7976802599548,4823900
2019-03-05,226.8889617919922,227.4777209440365,226.1859585847548,226.91532374181725,2107200
2019-03-06,225.7289886474609,227.11745622450675,225.3599213396365,226.93289575274045,3222000
2019-03-07,223.918701171875,225.39502384972715,222.86418305784844,225.31593800818337,4104600
2019-03-08,223.830795288086,223.9977497895144,222.09962286326703,222.22264973264348,5495800
2019-03-11,225.6322631835937,225.6937565028497,221.8535617372505,222.1962803911676,5469400
2019-03-12,224.8413543701172,225.81678640321243,224.4634775383809,225.1752767554381,6570500
2019-03-13,226.15077209472656,226.7834856292492,224.97322712005817,225.70259218590016,5272800
2019-03-14,226.3177490234375,226.6692505970645,225.50927126802927,226.1331885725561,3409600
2019-03-15,227.5021514892578,228.21546026797324,225.7320750292581,226.8328634994632,4225100
2019-03-18,228.0746459960937,228.1891323420656,226.94743923339465,227.1499940666317,2786200
2019-03-19,227.97772216796875,229.80942253856992,227.2027627083879,229.06088092989648,4761400
2019-03-20,226.57745361328125,228.23304343403333,225.9257686973112,227.60777636095983,4382600
2019-03-21,228.5941772460937,228.9376362270837,225.7497563894446,225.7761742437727,3800000
2019-03-22,224.52560424804688,227.7663321402229,224.44633727439748,227.13227697517445,6226500
2019-03-25,224.62252807617188,225.3446384201964,223.3015817381496,224.28788403725068,4982500
2019-03-26,225.8466186523437,227.0530788219457,224.8250969051136,226.3661877171864,3278700
2019-03-27,225.5383453369141,226.7007844637144,223.7682956719479,225.99629056095523,3166200
2019-03-28,226.3925323486328,226.56866924148937,225.0804011834164,226.25165508400752,2434400
2019-03-29,228.1978759765625,228.38280092974856,226.82409400345327,227.7135128852572,4255900
2019-04-01,231.06874084472656,231.3065014985177,229.47477428690988,230.04720583723773,6051700
2019-04-02,230.45233154296875,230.7869756272855,229.9151326511114,230.72532500654805,2320000
2019-04-03,230.7252960205078,231.3593513441027,230.03840499284024,231.23605011811813,3265500
2019-04-04,232.2927703857422,232.4336745259926,230.82210525758595,230.9189886116967,4397000
2019-04-05,232.62744140625,233.22626391589955,232.14307832881465,232.9796883604721,3112700
2019-04-08,231.7996826171875,231.9581897402253,231.0511409254321,231.45622364254805,3231700
2019-04-09,230.2937469482422,230.8485485988123,229.8005958976724,230.8309187846884,4161200
2019-04-10,230.3730926513672,230.7869903281144,229.84470863587947,230.63727122174737,3602600
2019-04-11,230.1968994140625,230.94544101345448,229.4747756652505,230.65484465707544,2731700
2019-04-12,232.5482635498047,232.8300719547968,231.6764204765309,232.37212657800245,3395200
2019-04-15,232.31919860839844,232.6538425970997,231.7379790819254,232.5041235430477,2190300
2019-04-16,232.953353881836,233.64906000584497,232.42496982404083,233.61382723539745,2536000
2019-04-17,232.953353881836,233.5345736579376,232.4161817874761,233.4553200804777,2873600
2019-04-18,234.00010681152344,234.3261306770814,232.9427074019664,233.4890474610674,3469200
2019-04-22,233.56838989257807,233.89441381607656,233.0132564484424,233.1542448541585,1604200
2019-04-23,234.81082153320312,235.14563873968703,233.5595662577311,233.90323053360163,3399200
2019-04-24,234.3173370361328,235.00463858406968,234.1499150150265,234.72266182317665,1899800
2019-04-25,233.0925750732422,233.72700950171543,231.7267918060801,232.6784300033945,2333800
2019-04-26,233.8062438964844,233.8062438964844,232.5021215839241,232.99559434631752,1883100
2019-04-29,233.89439392089844,234.30853892409067,233.57716331232376,233.7886593483024,1522500
2019-04-30,234.2027587890625,234.4406615311213,232.7136011028709,234.3966144313709,2259200
2019-05-01,232.75778198242188,235.101664499036,232.74898869188647,234.8020741325089,2902500
2019-05-02,231.6385040283203,233.0219266589524,230.5811051113644,232.41392631531843,3660200
2019-05-03,233.480224609375,233.7269475500076,232.2730435466092,232.9074778069191,2161600
2019-05-06,232.8633728027344,233.242290785676,229.17132247118096,229.4092520938527,3282600
2019-05-07,228.67794799804688,231.2949864284327,227.1711764444273,230.8456144613323,6758100
2019-05-08,228.80128479003903,230.0789466123836,228.05229578202523,228.58099548714,4115200
2019-05-09,227.726303100586,228.2990499883975,225.02114363675813,227.10948221168871,7175400
2019-05-10,229.0303955078125,229.57670867942923,224.7303305440661,226.96846395764385,5456100
2019-05-13,223.346923828125,225.31190068336247,222.57150116436463,224.40430981345767,6326000
2019-05-14,225.4088287353516,226.6600838332324,224.02541887659007,224.1663938148171,4308800
2019-05-15,226.38687133789065,227.0124852869456,223.5847850483399,223.9636761096846,4151400
2019-05-16,228.36070251464844,229.1713520774516,227.20638873726875,227.3385569387276,3889400
2019-05-17,227.4102325439453,229.1327804201847,226.32369944194167,226.45619690370444,3652900
2019-05-20,226.72999572753903,227.38366765608907,225.6876332388687,226.32363435130333,2613300
2019-05-21,228.5850067138672,228.68218946014312,227.62215618717164,228.08151651908327,2376700
2019-05-22,227.5515899658203,228.664595689515,227.4367498373794,227.8254270608209,2942600
2019-05-23,225.0428009033203,225.563988943614,223.73544342556923,225.5374894560091,4616900
2019-05-24,226.24417114257807,226.7388462398033,225.272491766996,226.32366960915672,2258900
2019-05-28,223.90328979492188,227.20701849356303,223.89446112506087,226.2441678021882,4580100
2019-05-29,221.9599151611328,222.85209604718648,220.37870714579907,222.67542829970563,5192100
2019-05-30,222.48995971679688,222.90513641385613,221.5624505005758,222.4016325660979,3454700
2019-05-31,219.2657165527344,220.89992375569707,219.2657165527344,220.29923716194216,4891100
2019-06-03,219.51300048828125,220.49352187468807,218.22330047019668,219.37166091500663,5479600
2019-06-04,224.0623016357422,224.106471945757,221.2885760007769,221.48291458173324,3796100
2019-06-05,225.899658203125,225.9614993280495,224.4333037699488,225.4491534258033,2792400
2019-06-06,227.6575622558593,228.21407853380072,225.7230185076698,226.24419314443784,2796200
2019-06-07,229.8925018310547,230.66101423862835,228.2582942170684,228.31129321360584,3124900
2019-06-10,230.54605102539065,231.87992129436915,230.50189420444104,231.33224731731644,3495900
2019-06-11,230.44894409179688,232.20680647941336,226.9773761468748,232.0213100512268,2792100
2019-06-12,230.0691375732422,230.78465084261367,229.66277606986995,230.37828933924143,1725500
2019-06-13,231.04962158203125,231.33230078318724,229.9984302059225,230.85528300095808,1882700
2019-06-14,231.0054931640625,231.5531673350572,230.05145748225985,230.766970764724,2260900
2019-06-17,231.1555938720703,231.5972699656616,230.5284213673461,231.12027919417696,1319500
2019-06-18,234.37991333007807,234.7950900946668,232.26871481577632,232.52489459591308,6147700
2019-06-19,234.58297729492188,235.15715075802865,233.76146632658,234.4416377265352,3920800
2019-06-20,236.8090209960937,237.18004074247148,234.8833198725925,236.78252151119293,3471800
2019-06-21,236.5054473876953,238.1523835825802,236.32834527078788,236.67368629216065,4446800
2019-06-24,236.56739807128903,237.22262715968228,236.5054096380668,236.7090473158188,1654200
2019-06-25,234.8761138916016,236.77097605680336,234.76100026520567,236.7621398699885,7240300
2019-06-26,234.8407440185547,235.9652639020227,234.8318808076505,235.6376493623816,2141400
2019-06-27,234.7787628173828,235.4517183392005,234.2032215525581,235.0444159548302,1991500
2019-06-28,235.3985137939453,235.76155404406683,234.70785910448828,235.4782016017316,2176200
2019-07-01,236.3902587890625,237.9663698508232,235.5313651360705,237.7007437816424,3970200
2019-07-02,237.0011749267578,237.0631633369286,235.6552914283373,236.27509446412088,2775300
2019-07-03,238.6835784912109,238.7190043064605,237.55019560104176,237.60332081292628,1262900
2019-07-05,238.42662048339844,238.61258561583327,236.69999827078635,237.93076750749296,2157000
2019-07-08,237.3554229736328,237.68303749403145,236.8330069786752,237.2137467174096,1423400
2019-07-09,237.17832946777344,237.40855677020275,236.14236065080925,236.1689232609369,1407000
2019-07-10,237.91326904296875,238.966964262112,237.45284146849625,238.0460820911836,1978600
2019-07-11,239.8878173828125,239.8878173828125,238.3913941695134,238.7721338689497,2238500
2019-07-12,242.0748291015625,242.0748291015625,240.48985529350475,240.5429804918108,2411200
2019-07-15,242.2608642578125,242.2608642578125,241.69415921976704,242.21657522684947,2624500
2019-07-16,242.1015472412109,242.6062369493613,241.6410925307713,242.27862234200384,1780400
2019-07-17,241.09207153320312,242.12806742815977,241.0035204873289,242.0306531711025,1550800
2019-07-18,241.08322143554688,241.5082502656712,239.7373373398001,240.54310596370985,2119000
2019-07-19,240.5540771484375,242.2289468039132,240.4742969820644,242.0871544607626,2364300
2019-07-22,240.73133850097656,241.18329998187488,239.97807838085564,240.83767601551057,1623500
2019-07-23,242.23789978027344,242.46828875275247,240.9972501603091,241.7416399322877,1722900
2019-07-24,241.58203125,241.7947332928992,240.89081045985893,241.2630187518388,2355400
2019-07-25,240.5009155273437,241.55544709330144,239.72991456784104,241.46685053981548,2348600
2019-07-26,240.9174346923828,241.08581144231047,240.25279816713007,240.73134403766832,1731300
2019-07-29,241.1567840576172,241.64417348562387,240.76686169755723,240.91749753786337,1346000
2019-07-30,240.9617614746093,241.17443650985217,239.8185790719202,240.23508571202373,1670600
2019-07-31,237.95758056640625,241.6441009264697,236.699217272904,241.3073474398872,5058800
2019-08-01,235.5117034912109,240.78446941510003,235.1926639536223,238.2234178621538,7225300
2019-08-02,234.6698760986328,235.4320067557634,232.56075840627616,235.02434352431007,5691500
2019-08-05,227.83741760253903,231.4264441998402,226.09163782757423,231.28465182210192,6608200
2019-08-06,230.6643218994141,230.7263340862924,227.79307381014937,229.1223468190648,4991000
2019-08-07,230.6199951171875,231.0187878349968,225.40925415012808,227.863982077278,5089500
2019-08-08,234.0672302246093,234.0672302246093,230.9212682443905,231.701112645618,3637100
2019-08-09,233.225341796875,234.34193962510471,231.5150172509317,233.45575774089065,3773000
2019-08-12,229.87564086914065,232.33038269623657,229.13125111955029,231.66574609365955,3072700
2019-08-13,233.2164764404297,234.5102942973793,229.19320349202115,229.58312564794383,4326300
2019-08-14,226.04736328125,230.1681187353738,226.02963585059413,229.68070228577744,6148000
2019-08-15,227.18167114257807,227.70454247470343,225.02825474184328,227.0753335984633,4034800
2019-08-16,230.01959228515625,230.3483396754443,228.23366205471007,228.69570886521063,2743200
2019-08-19,232.20523071289065,233.01378513728287,231.74321123412804,232.8272039979341,1971800
2019-08-20,230.73931884765625,232.4008437255177,230.54384373758865,231.9121695080619,1975200
2019-08-21,232.8184967041016,233.37826768611112,232.33868913160305,232.64078216156665,2156300
2019-08-22,233.2893524169922,234.40889410268304,231.85885103232087,233.42262473304456,2329200
2019-08-23,227.7183380126953,233.84910819498185,226.6076767003872,232.1431413131356,6293900
2019-08-26,230.21505737304688,230.49938968786503,228.5090905995598,230.12620013523843,3145200
2019-08-27,229.05992126464844,231.51223953283792,228.56235337188767,231.4678244806122,3077200
2019-08-28,231.3611755371093,231.42335117877727,227.762661982202,228.3668476113544,2741700
2019-08-29,234.4799652099609,234.78205816685343,232.79178592594948,233.6269952660629,3740600
2019-08-30,234.68426513671875,235.81267324218,233.8312954437356,235.69716156299543,2442400
2019-09-03,232.2764434814453,232.969486603888,231.04139014833305,232.8539748975768,3082900
2019-09-04,234.50653076171875,234.5243184741849,233.47584670904905,234.1955440631297,1963100
2019-09-05,237.8385467529297,238.75371942002545,236.9678162653655,236.99447072691493,3614800
2019-09-06,238.40711975097656,238.95799648813207,237.59856524097245,238.18499028500003,2470100
2019-09-09,238.8337860107422,239.36690258752776,238.1496364583859,238.87822820947835,2243400
2019-09-10,239.3578948974609,239.38454935483333,237.7229977938895,238.5493402032725,2654300
2019-09-11,241.4014434814453,241.44585853268265,239.20680306508604,239.651062039123,1899800
2019-09-12,241.96121215820312,242.95634791348127,241.1970726290616,242.22775669428992,3272200
2019-09-13,242.2100067138672,242.8141924324244,242.08560118129648,242.5831690807456,2182700
2019-09-16,240.9395294189453,241.8635689664856,240.6107548572361,241.32158579622225,4077500
2019-09-17,241.28594970703125,241.3037103057604,240.22861110116224,240.42408614885449,1756200
2019-09-18,241.6503448486328,241.7925110432581,239.4379427597783,241.001716669798,3052600
2019-09-19,241.1616668701172,242.7432284772398,240.90398895161485,242.09460030839887,2965600
2019-09-20,239.80519104003903,242.04070959661496,239.66268515792487,241.71117663557123,4076900
2019-09-23,239.90301513671875,240.4463202089145,238.75410796769,238.9144168033401,1898300
2019-09-24,238.6651306152344,241.0164093201024,237.69433493971945,240.847212492819,3733300
2019-09-25,240.09909057617188,240.5889596419052,238.1753291194516,239.04814027402224,3391800
2019-09-26,239.4756317138672,240.48206070909583,238.6027934745948,240.48206070909583,2401100
2019-09-27,238.6828765869141,240.4463555790853,237.8011506809318,240.09899253720943,3171000
2019-09-30,239.74270629882807,240.32161743658327,239.1459921282906,239.1459921282906,2128800
2019-10-01,236.4651794433593,240.7313573345465,236.42065826658225,240.2593187038452,3558400
2019-10-02,232.20797729492188,235.18271567388305,231.18374533974443,235.18271567388305,6690100
2019-10-03,233.3569183349609,233.37472137475777,229.2332450741744,231.8428173656144,5610300
2019-10-04,236.60777282714844,236.7769968498584,233.98928521072773,234.13179108144223,2937500
2019-10-07,235.7882843017578,237.3558211239193,235.2984426349352,235.948620335083,2104200
2019-10-08,232.97393798828125,235.31632894298053,232.76910788576777,233.9180427667853,3505200
2019-10-09,234.6215362548828,235.3429532417248,233.77544367017163,234.63045136194648,2020800
2019-10-10,236.02886962890625,236.9373140085876,234.3366293429068,234.4435291348252,2100800
2019-10-11,238.83433532714844,240.5978145984868,238.3533814931087,238.48697223028336,4177000
2019-10-14,238.567138671875,239.3420193468844,238.19308458897208,238.3355904425297,1194600
2019-10-15,240.6689910888672,241.5329138706265,239.45770530094512,239.6892806383869,3168900
2019-10-16,240.5443878173828,240.97190542176853,239.93875826299768,240.28612141285143,2415000
2019-10-17,240.8115997314453,241.4973837495288,240.2148580994441,241.06989331964425,1883400
2019-10-18,238.5238037109375,245.0831057779975,238.5059620785921,240.27946384989585,2232400
2019-10-21,239.0317840576172,239.1743811346398,238.30990505354805,238.89810779716208,1379600
2019-10-22,238.68423461914065,240.0745221745805,238.6307641129785,239.27243738453635,2534300
2019-10-23,239.0585784912109,239.64678138044084,238.2743079722377,238.95163745637245,1693400
2019-10-24,238.8267822265625,239.84274883078947,238.0068559725769,239.7536222731117,1843700
2019-10-25,240.2705841064453,240.734004214811,238.5148966684895,238.59510242584443,1825200
2019-10-28,241.34901428222656,242.0352374317897,240.79646743483545,241.32227902179216,1809600
2019-10-29,241.4024353027344,242.0530294367252,240.9033590785493,241.0459561708328,2884600
2019-10-30,242.1778564453125,242.4006593682798,240.52021575329445,241.40250662500583,2144700
2019-10-31,241.05487060546875,242.1064935358976,239.7982592607576,242.0262877731645,3021000
2019-11-01,243.6038055419922,243.60380554199216,242.1333116600512,242.2848024200788,2989400
2019-11-04,244.68212890625,245.12773469715384,244.15631733669773,244.84256766116587,1543200
2019-11-05,244.91378784179688,245.53764666310107,244.57512317866667,245.15440511409952,1706300
2019-11-06,244.90493774414065,245.27033776526224,244.18305852117007,245.1010053848005,1605900
2019-11-07,246.91012573242188,247.80133719826364,246.47344081739635,246.47344081739635,3023800
2019-11-08,246.92800903320312,247.07949977729305,246.0189557781829,247.0082148149484,1512000
2019-11-11,247.00830078125,247.23110376284689,245.4308654626909,245.78734479372,1729000
2019-11-12,247.12399291992188,247.74782452127027,246.54471100523733,247.2487483611472,1694000
2019-11-13,247.80145263671875,248.11338223459907,246.1259971464213,246.2774879355217,2595600
2019-11-14,247.961654663086,248.04186039207207,246.9456610340572,247.6497253630717,1582600
2019-11-15,249.947494506836,249.95643183560904,248.66177256936987,248.99212675853272,2363300
2019-11-18,250.24205017089844,250.3224043614448,249.65275885894675,249.78670975780256,1790500
2019-11-19,249.4027404785156,250.75096870963955,248.9920322301783,250.74203138425943,1928300
2019-11-20,248.3939208984375,249.018907198837,247.07247691664057,248.78678188632432,2463600
2019-11-21,247.96533203125,248.59034556495112,247.46533210347008,248.5099641051717,1382100
2019-11-22,248.9832458496093,249.1350442333824,248.02790513277856,248.5546899386452,1419300
2019-11-25,250.71543884277344,250.7243761750045,249.67974372660623,249.71543855960223,1811100
2019-11-26,251.2152557373047,251.41168616735465,250.5456102595813,250.95634577110485,1300300
2019-11-27,251.706298828125,251.706298828125,250.9027298532421,251.43842433787125,1786300
2019-11-29,250.849365234375,251.402934819132,250.75113633335863,251.16184485624905,811900
2019-12-02,248.3939208984375,251.3314137310168,248.39392089843747,251.29571891244748,2544300
2019-12-03,245.99215698242188,246.1082332787732,244.3046365163124,245.9207128394564,3834300
2019-12-04,247.3671417236328,248.00109268438217,246.97428068382865,247.32250957054643,1928500
2019-12-05,247.6438140869141,248.09024440701413,246.5634603416962,248.09024440701413,1453000
2019-12-06,250.6260223388672,250.840300198596,249.45637694126805,249.50994640620024,2686400
2019-12-09,249.7868804931641,250.6440196928122,249.7333109961838,250.3940196242497,1206100
2019-12-10,249.518783569336,250.12594940771763,248.7777213556992,249.7241512901941,1406900
2019-12-11,249.7510528564453,249.9117612794635,248.79568515080567,249.2242681934732,1921700
2019-12-12,251.7420959472656,252.63495668515563,249.32242372906163,249.5724236457529,3768600
2019-12-13,251.88487243652344,253.22416323895263,250.8938103217376,251.7241640797378,3065500
2019-12-16,252.7421112060547,253.67066681222207,252.6170976160231,252.6170976160231,2117200
2019-12-17,253.03665161132807,253.57237334262567,252.59915870060564,252.84915854215265,1697900
2019-12-18,252.86705017089844,253.49206350805565,252.81348071319283,253.38492459264447,1592600
2019-12-19,253.9832458496093,254.05468999223905,253.18861368656223,253.2600305812352,1815100
2019-12-20,254.7587738037109,255.2961316881167,254.6334057850054,255.02746641149247,3637000
2019-12-23,255.5378875732422,255.8334466591092,255.3766884343072,255.54685219134507,2564700
2019-12-24,255.2513885498047,255.80664839729687,255.12599318751413,255.80664839729687,611600
2019-12-26,256.19171142578125,256.2275425719837,255.42151943494628,255.44838596180887,931600
2019-12-27,256.4335021972656,256.89922508995244,256.04840621381743,256.88129585183026,1930200
2019-12-30,254.8214569091797,256.5051654295113,254.4542628313494,256.44246775816464,2552900
2019-12-31,255.3318786621093,255.5199442937482,253.95266692407864,254.2661278642422,1341300
2020-01-02,258.4844055175781,258.49337013666457,256.2723037645381,256.53203173764234,3865500
2020-01-03,256.42462158203125,257.13211603417534,255.4036387050207,255.5469359858904,3296700
2020-01-06,257.01568603515625,257.06045447341467,254.4901229669578,254.6065537038204,1645100
2020-01-07,255.9051818847656,256.84556522600684,255.7618845947337,256.40670873429553,1413000
2020-01-08,257.3917541503906,258.52916737897766,255.3139853003416,255.528944812136,3136700
2020-01-09,259.3262939453125,259.57705733237043,258.31427577681336,258.77999873217755,1783100
2020-01-10,258.1441955566406,259.7562698506535,257.7859659350272,259.68460752762985,2989600
2020-01-13,258.8426818847656,258.8964149467104,258.05458786585564,258.63671425769763,1463300
2020-01-14,259.0218200683594,260.1592063639119,258.5740263145126,258.7083589744343,2198500
2020-01-15,260.0337829589844,260.8308414589188,258.77996618140685,258.83369923393474,2195100
2020-01-16,262.3443603515625,262.3801914934345,261.0368106503438,261.1801078866785,2522000
2020-01-17,262.7726745605469,263.07731448415035,262.34260753618327,262.99667691708214,2147400
2020-01-21,261.4823913574219,262.781615826591,261.07023472098234,262.02897126890525,4476900
2020-01-22,261.4644470214844,262.59342738325097,261.2583550580414,262.08269556778214,2077000
2020-01-23,261.2225952148437,261.5092974491491,259.4843347441914,260.5147401133214,1872600
2020-01-24,259.6635131835937,262.3246621953676,258.355347115918,262.11859753355026,3612500
2020-01-27,255.68524169921875,256.8411015377874,254.3412275338258,255.22829547693112,4129100
2020-01-28,257.4147033691406,258.2211068464872,256.0348404049366,256.45596617058084,2999200
2020-01-29,257.4147033691406,259.1977543999913,257.3430072612568,258.9379038610057,2126300
2020-01-30,258.5345764160156,258.7406410909703,255.2282993316905,255.96303364910472,3433200
2020-01-31,253.051025390625,257.3608290747042,252.3252325093676,257.11888899960474,4885700
2020-02-03,254.4487762451172,256.49167671975795,254.018681860547,254.18892584543693,3157400
2020-02-04,258.0865173339844,258.9466785753449,257.530995962605,257.7639397784536,3004100
2020-02-05,262.4052734375,262.56657589478806,259.797910407792,260.5236757614689,3305900
2020-02-06,263.1938781738281,263.55230392585906,262.03804535887934,263.4447597938223,2857200
2020-02-07,260.9089050292969,262.3604354686472,260.43402127637324,262.31564594902443,3839300
2020-02-10,262.4859924316406,262.49493393264135,259.9861182848902,260.0219663210123,2877700
2020-02-11,262.47705078125,263.80315481476435,261.885681172144,263.7404275810616,1994500
2020-02-12,264.9678649902344,265.1022609132324,263.9016117610615,263.9912181577379,2804400
2020-02-13,264.1615905761719,265.07551064105223,263.3551873019778,263.7763129615303,2638000
2020-02-14,263.9105529785156,264.43919511632646,262.88908938258834,264.2958303654579,1861700
2020-02-18,262.4859924316406,263.31927469921084,261.41973894533646,262.6651779241716,2397800
2020-02-19,263.5164489746094,264.07197059403205,262.8802897663071,263.2207504713392,1474400
2020-02-20,262.3337097167969,263.6866930666725,259.9951376065551,263.0325961646439,3493900
2020-02-21,260.3246765136719,261.50167900614366,259.43519319689915,261.2770597912546,3271800
2020-02-24,251.1782073974609,254.0713041977796,250.64810930110733,251.87002475995504,6595200
2020-02-25,243.2176971435547,252.79543634898232,242.48093953718708,252.2922915005697,9903700
2020-02-26,242.3551483154297,247.35967118949864,241.5375310525742,244.37672132444445,7477600
2020-02-27,231.3577880859375,240.54921610105097,231.25896879405653,237.9705645181021,11188900
2020-02-28,228.71630859375,229.21945353266992,221.9238244989883,225.0864674560624,17541400
2020-03-02,239.9202880859375,240.11795410283315,228.26704147105823,230.6479997977517,8544500
2020-03-03,232.9749755859375,243.5051226233548,231.07020954690705,240.6120268227528,11482600
2020-03-04,243.3883514404297,243.5859899797028,236.2634108093733,238.5006362997881,5408100
2020-03-05,234.9157257080078,239.4710094563376,233.20862534993984,237.4404432070069,5872900
2020-03-06,232.5707244873047,233.6938204840376,226.80249138357703,227.91660754781648,7372400
2020-03-09,214.48434448242188,221.9866299062603,213.09170294923643,216.98210844350768,10406900
2020-03-10,225.04153442382807,225.10442068455805,213.0199078228316,222.1843704457553,9407100
2020-03-11,211.89678955078125,220.045981643078,209.8842100618928,218.8150589631744,7687200
2020-03-12,190.5758819580078,205.7511519626762,190.324309593866,198.11410047061185,17322600
2020-03-13,208.5455017089844,208.87793381936672,191.63615760801795,202.741334126182,13676000
2020-03-16,181.93258666992188,196.1464836499308,181.052069464772,185.5354739896393,12407000
2020-03-17,191.79782104492188,192.69629773929648,179.11133450744558,185.9936555670087,16128100
2020-03-18,179.1472930908203,184.58308060890727,170.41409727930142,178.85978763664636,13369800
2020-03-19,180.8724365234375,184.1698460853272,172.79513555610708,178.2309114555768,13532100
2020-03-20,172.93482971191406,185.00151724677963,172.1237807479717,183.19917399287417,12206000
2020-03-23,167.735107421875,172.304041185447,164.1033862569775,171.33979453349855,15712300
2020-03-24,186.2181091308593,186.73178357153049,176.81889542552875,176.87296352438085,14123600
2020-03-25,191.10250854492188,198.4110131133556,185.02861881472205,189.7597712310736,17556100
2020-03-26,202.82672119140625,203.5476475510312,192.8597506352041,193.23824109924388,16071900
2020-03-27,194.968505859375,201.19559195363823,193.36442130822888,196.1039772689357,10545600
2020-03-30,201.05137634277344,201.61009829806784,193.8420040131469,195.8786467459833,7691800
2020-03-31,197.5638885498047,202.53836070294136,196.8519688828873,200.01507692956537,8426600
2020-04-01,188.68731689453125,193.5536381086546,187.23643004630608,189.831794943471,8570300
2020-04-02,192.8146514892578,193.5626116998133,186.7046963442569,187.72302449355465,8231900
2020-04-03,189.78677368164065,193.346399299556,188.06553236043345,191.7062601346471,6664500
2020-04-06,204.1424255371093,205.38604689211087,196.56356818660163,197.3115423529584,10322500
2020-04-07,204.2054901123047,212.8206884103721,204.07030612179784,212.18987104036896,10857700
2020-04-08,211.1715240478516,212.00060019661328,204.4217444090557,206.4944416563531,7010200
2020-04-09,213.70388793945312,216.4524647804139,211.87451021842483,214.33470547243,9393200
2020-04-13,210.838119506836,213.29831419369955,208.13460463091928,213.045987238677,6761900
2020-04-14,215.99278259277344,216.70471579163905,213.4695133458188,215.1096383563393,5391900
2020-04-15,211.84744262695312,213.199200162538,209.4232885796781,211.3067341124037,6828000
2020-04-16,212.08175659179688,212.73060135261568,209.234050558291,212.40617897220628,6126400
2020-04-17,218.59182739257807,218.799221375752,214.82285381219864,217.84345348248408,5924500
2020-04-20,213.37115478515625,217.40162015370123,213.0285158362092,214.81383206224788,7357400
2020-04-21,207.58241271972656,210.39561796108464,206.8520624173269,208.5832667011157,6571400
2020-04-22,211.6849822998047,213.0374867410501,210.4406738111752,211.3513551819279,4318000
2020-04-23,211.95553588867188,215.4269565175699,211.73913017405576,212.3522590612166,6364800
2020-04-24,214.4441070556641,214.8949419070383,211.1710416320032,213.34406891764,3568500
2020-04-27,217.5909881591797,218.375436574135,215.0031861751659,215.6073033607326,3632500
2020-04-28,217.38357543945312,221.05337824190303,216.72536031763792,220.91811951272587,4709900
2020-04-29,222.216537475586,223.3165758214479,220.1877802610948,221.34191659800072,5015300
2020-04-30,219.3041381835937,221.0623916086764,218.12295290208672,220.18777076879604,4928900
2020-05-01,213.9482421875,216.69833825521383,213.244940735218,216.022085800451,4723500
2020-05-04,214.0744781494141,214.3720308842983,210.66616683476408,212.08179526208687,3845500
2020-05-05,215.3187255859375,217.96963668649528,215.22855311322127,216.41876371281367,3143500
2020-05-06,213.5695037841797,216.88764195723883,213.3350745953404,216.7073107536402,3082300
2020-05-07,215.4179229736328,217.46470339723427,215.09332131375064,215.71547564172383,3411500
2020-05-08,219.6647491455078,219.8270568320036,217.6089435058049,218.4475034095289,3894800
2020-05-11,218.7090301513672,219.9533389102802,217.30242742827755,217.91555630413112,2743000
2020-05-12,214.66954040527344,220.13365700790828,214.5433071878604,219.83610433292267,6433900
2020-05-13,209.9266967773437,214.14650337670005,208.30368894744345,213.65960790692225,7531300
2020-05-14,213.4703063964844,213.4793181406725,205.8512000075061,207.45617100983708,6964500
2020-05-15,214.0322265625,214.3393903466246,210.8702123740356,211.54778684299225,4811100
2020-05-18,222.18121337890625,223.3285768508508,219.85939834016835,219.99490774086297,5207700
2020-05-19,218.8295288085937,222.2625767530106,218.6940193811046,221.7476133579664,4404700
2020-05-20,222.00050354003903,222.76842681466363,221.09707088061643,221.702369108195,3280600
2020-05-21,221.3590850830078,223.49118681671703,220.32917235144507,221.8379033134973,3378200
2020-05-22,221.23263549804688,221.43139182317933,219.68775929547888,221.25973738008395,2521100
2020-05-26,226.08395385742188,227.683033035294,225.7496882869856,226.6169756549512,4872300
2020-05-27,231.07101440429688,231.0890731351447,226.1563376967087,229.228003746306,5326100
2020-05-28,229.78811645507807,233.03143659177505,229.3725313408666,232.96818968481904,4957600
2020-05-29,229.73391723632807,230.6644656889825,226.47252432532824,228.8124257194158,5082300
2020-06-01,230.61929321289065,230.8722532924188,228.2974643150829,229.27317338695897,2060800
2020-06-02,232.9501495361328,233.01339644813345,231.0168039242436,231.77567037121847,3045800
2020-06-03,237.75636291503903,238.50619982130337,234.58530575392209,235.20867643637368,5184500
2020-06-04,237.90093994140625,238.8947215056484,236.14830572702672,237.0336521992405,3937100
2020-06-05,245.31805419921875,247.4953297033692,243.73704741812185,244.28812797651617,7866800
2020-06-08,249.60040283203125,249.69075162251,246.5467956796793,246.5467956796793,4667600
2020-06-09,246.9803771972656,248.46199213618848,245.851086590848,246.85388341547247,4632600
2020-06-10,244.3423614501953,247.7031316623588,243.93583334221609,246.81778540237707,6531200
2020-06-11,227.69216918945312,238.0635877366746,227.10494337916364,236.82588920268165,14257800
2020-06-12,231.94732666015625,235.18163150152083,227.1501007306724,233.9890935967524,9817200
2020-06-15,233.40182495117188,234.53111573613927,225.0450731424133,226.12014639006043,7421300
2020-06-16,238.3436279296875,241.3430311911504,233.7090136429708,241.29784301259045,9238000
2020-06-17,236.53677368164065,239.1386644619898,236.0308535377483,239.0573312508464,3669300
2020-06-18,236.2024688720703,236.93424708659447,234.08841228502763,234.9286255729345,3268700
2020-06-19,234.483627319336,239.6118276745609,233.4054352708764,239.38531720472,5852600
2020-06-22,235.86083984375,236.09639194140308,232.5628339745556,233.6500953413725,2823500
2020-06-23,236.9300842285156,238.42504863719853,236.4951739286253,238.1351084372716,2948000
2020-06-24,230.7055511474609,235.1360835371196,229.1743374758254,234.8642819120668,5903500
2020-06-25,233.25149536132807,233.4961167899052,228.3769841273839,229.5367169835845,4312300
2020-06-26,226.8548889160156,231.9921335767513,226.23877292651736,231.6297221653588,5331400
2020-06-29,231.8652191162109,232.05548020037125,227.3712445662861,228.4856723916805,3759000
2020-06-30,233.64117431640625,234.71029782699148,230.78714598042373,231.1042663844713,3667900
2020-07-01,233.1337432861328,235.8065791459535,232.9797315784052,234.5471670699069,3575300
2020-07-02,234.13946533203125,237.53712398605285,233.65019474379145,236.6129431360201,3830000
2020-07-06,238.2891082763672,238.3343993281209,236.3592338879653,237.52803611548745,2989100
2020-07-07,234.70120239257807,237.24717901382192,234.46562254926053,236.56764729675933,2828700
2020-07-08,236.22332763671875,236.64916858420256,233.9854022574252,235.2448142096357,2837800
2020-07-09,233.0702667236328,236.6491441672821,231.35786149036608,236.35920405205653,3995600
2020-07-10,236.31396484375,236.62201591492192,232.3636059453335,233.03409606514745,3110100
2020-07-13,236.5132751464844,241.47836894811053,236.0964758060356,238.34347052552425,4876000
2020-07-14,241.54180908203125,241.95858079045283,235.661603509168,236.06026432599427,7614300
2020-07-15,243.64376831054688,245.120621259878,241.9585157379268,245.0571916810237,5220600
2020-07-16,242.33921813964844,243.66203260893263,241.02544529431563,242.05834714240785,2478100
2020-07-17,241.8685760498047,243.07457946668927,241.3517451146215,242.96577295401912,3415100
2020-07-20,241.9410552978516,242.68460312757776,240.3179515407772,241.5511561939869,4017400
2020-07-21,243.3193817138672,245.06941760487192,242.69371662586207,243.7546354144082,3173200
2020-07-22,244.80645751953125,245.14195344609,242.8025030482734,242.8478575371904,2039300
2020-07-23,241.8231506347656,244.6250278818993,240.852913505604,244.49809622621896,2838000
2020-07-24,240.0095672607422,241.50571111742505,239.42922936586447,240.42666782766435,2637700
2020-07-27,241.1521148681641,241.4785342134028,239.7012976545728,240.082120224018,2637900
2020-07-28,239.32052612304688,240.8438722459134,239.04850991255137,240.2182349617737,1989300
2020-07-29,240.7441253662109,241.26098380207296,239.20262648902207,239.55627520999423,1917900
2020-07-30,238.7311553955078,239.220812279625,235.70258813457505,238.0057603370027,3055600
2020-07-31,239.7013397216797,239.82827137642545,235.92014894351905,239.1663561417365,3306800
2020-08-03,241.8504333496093,242.2403325491404,240.6081796331193,240.8983487606056,2569300
2020-08-04,243.3827362060547,243.3918126343299,241.2246493513938,241.46041511025044,1909800
2020-08-05,246.6380920410156,246.8829066557365,244.73389535481863,244.81550022639223,2122900
2020-08-06,248.36087036132807,248.4787532622629,246.2481375905607,246.3025408260625,1948100
2020-08-07,249.0138092041016,249.19517182315963,247.07336200602256,247.7534303194146,2311300
2020-08-10,252.2055206298828,252.33245227849127,249.7935425859194,249.82074420148123,2313900
2020-08-11,251.3441467285156,255.5061608808045,250.6912801356833,254.7082097482265,4546400
2020-08-12,253.92843627929688,254.5631500716244,252.73150946352607,253.74707366888947,2641600
2020-08-13,253.3661499023437,254.09154471063576,252.2871064463836,253.10318252372167,1668300
2020-08-14,253.71072387695312,254.0371709489753,251.98789025340227,252.2871357087594,2247000
2020-08-17,252.9400329589844,254.118806720628,252.53198098731443,254.0190766714011,2436900
2020-08-18,252.259994506836,253.32088548289192,251.27160429652844,253.07607087427468,1678300
2020-08-19,251.5618438720703,253.65645245989856,251.1447429757729,252.6952912755296,3374300
2020-08-20,251.96072387695312,252.3869010456736,250.1472087201929,250.30136968421743,2063700
2020-08-21,253.800033569336,254.0908070369938,251.5917914225365,251.7553844302345,2601200
2020-08-24,257.3348388671875,257.3984567920526,254.8721817852572,256.0080973050809,2622800
2020-08-25,256.8261108398437,258.28918536112934,255.37213252272028,258.28918536112934,3346000
2020-08-26,257.5621032714844,257.72566850221386,255.8718737559701,256.8169357995104,2647500
2020-08-27,259.0251770019531,260.30649343895334,257.7892861070997,258.47993183458607,3432800
2020-08-28,260.5336608886719,261.2152103736625,258.988804296432,260.10655543545164,2715500
2020-08-31,258.3345642089844,260.206551594154,257.980172831024,260.1338651709884,4070100
2020-09-01,260.6153564453125,260.74256455254647,257.3257498004271,257.83463769398344,3023600
2020-09-02,264.6322631835937,265.40469217124377,261.3517487037499,261.7879230159517,3464300
2020-09-03,257.4803161621094,265.6770750137943,255.44476381792447,264.4139509998899,6118500
2020-09-04,256.0535888671875,259.7067118697327,251.7280403101458,258.90702270037315,7145800
2020-09-08,250.2831115722656,253.3818649212668,249.9105279279921,253.37279645445048,4780100
2020-09-09,254.3087158203125,256.7077544462274,252.0732423372837,252.709338248165,3488900
2020-09-10,250.61935424804688,256.417072273678,249.7651434443279,255.4719826697581,3455800
2020-09-11,251.80067443847656,253.3727915805628,249.8650698582397,251.6734663146651,2787500
2020-09-14,254.92678833007807,255.7446422300025,253.23655878572248,253.4637419652749,2371700
2020-09-15,254.9722900390625,257.08055723085346,254.3361935856923,256.6443831445036,2331800
2020-09-16,255.38124084472656,258.2891976169561,255.15405758853143,255.84470356171047,2651800
2020-09-17,254.054443359375,255.49022902527705,251.80077596247844,252.3460212056998,3305300
2020-09-18,251.8836364746093,254.5070493625348,250.2895514849388,254.1609007455673,3156700
2020-09-21,247.25634765625,247.9213190996812,243.2574566366244,247.3838600516774,5936900
2020-09-22,248.50421142578125,248.89589425181447,245.7532858912584,247.46579325924665,3169800
2020-09-23,243.7403106689453,250.125773124316,243.28485749064285,249.7522981822692,3575900
2020-09-24,244.2138671875,246.7461843721796,241.6359880305312,243.084325015426,4432100
2020-09-25,247.4931640625,248.048803362858,242.5105072766549,242.9932863305532,3606800
2020-09-28,251.3189849853516,252.4302915284863,250.24412246948373,250.73601954231984,2790200
2020-09-29,249.97091674804688,251.3919283389128,248.94158819085405,251.0457795003537,1971100
2020-09-30,252.77647399902344,255.2086058180964,250.4992084675007,250.4992084675007,4028500
2020-10-01,253.35943603515625,255.3725307328352,251.9293067862673,254.4433887195618,2968000
2020-10-02,252.13873291015625,253.6964019580197,249.223850814432,249.7430738303865,4771600
2020-10-05,256.4293212890625,256.50218158435143,253.91521022232047,253.9516542692964,1862500
2020-10-06,252.97686767578125,258.2601124473992,252.53962269797088,257.36744217418106,4364400
2020-10-07,257.7135009765625,258.3966803790751,255.263161962326,255.3086961363704,2422600
2020-10-08,258.9615173339844,259.3167562774155,257.5040619333153,259.1710079574836,2148000
2020-10-09,260.455322265625,261.2569239206432,259.07075527882057,260.16382570041065,2549100
2020-10-12,262.7598876953125,263.80742383911627,261.1384764313568,261.3844387963589,2534800
2020-10-13,261.1932678222656,262.4412050258146,260.5374141636331,262.0313138633284,2430600
2020-10-14,259.72662353515625,262.29538504085883,259.2256085727374,261.6304136756021,2264000
2020-10-15,259.6446228027344,259.972535579955,256.56575644516846,256.90278717685914,3128000
2020-10-16,260.5987854003906,262.7858521966364,260.5258952248764,260.844821029072,2409300
2020-10-19,257.0083923339844,261.59213131673226,256.3249320812283,261.20940914882743,2837600
2020-10-20,257.8466796875,260.3162406294593,257.2087725818744,258.03804069516457,3339000
2020-10-21,256.9537048339844,259.23190556209005,256.82611224437807,257.47314127440865,2907100
2020-10-22,258.484619140625,258.9493809346044,255.43182495617663,257.07214597665813,2324200
2020-10-23,258.2021484375,259.2956958858355,256.5345177793585,259.2136839987204,2161000
2020-10-26,252.42446899414065,255.51372042921,249.41725720234533,255.2859005113452,5140600
2020-10-27,250.292221069336,252.48840967099585,250.237546482578,252.37906049747988,3029800
2020-10-28,241.92662048339844,246.729055993799,241.50741166696304,245.1343160196932,5815200
2020-10-29,242.93814086914065,245.07965451054383,239.49350345384133,241.6076798066334,5479400
2020-10-30,241.54396057128903,242.69218267930552,238.2177929490964,241.5166232739586,5271200
2020-11-02,245.3166656494141,246.50131890459585,243.248041588814,245.04326487586383,5062900
2020-11-03,250.2830352783203,251.9051124935925,248.05041606390392,248.469597058397,4343000
2020-11-04,253.80064392089844,257.946957486646,251.1123563496578,251.4221882639937,6766400
2020-11-05,258.7215881347656,259.6784213065981,257.0448357535154,257.2453185279076,4316200
2020-11-06,258.0927124023437,259.1498004973232,256.88072228718505,258.75795678739024,3078200
2020-11-09,265.83868408203125,272.9193218376977,265.5379738264137,272.11739074262806,10839300
2020-11-10,268.38116455078125,268.79122399133496,265.54706841464105,267.27849538713565,4354500
2020-11-11,268.0166320800781,269.8665577618667,266.94132801495425,269.8027614673084,2910400
2020-11-12,265.2280578613281,267.2966814546368,263.53309025048475,266.2942677981944,4361900
2020-11-13,268.96441650390625,269.6661202416739,266.4766386993032,266.9778318176469,3090400
2020-11-16,273.3658142089844,273.45691997086817,271.1696258323889,272.7279070154279,4615000
2020-11-17,271.8439636230469,272.60943556763425,269.37440234597864,270.9326835256722,4049200
2020-11-18,268.6090087890625,273.156288902767,268.6090087890625,272.6550958269733,3566400
2020-11-19,269.1283264160156,269.5657508540524,266.91392255670365,267.97101075774737,3266600
2020-11-20,267.1666259765625,269.0480145505415,266.86525039286965,268.7100993025352,3090200
2020-11-23,270.2351989746094,270.92928506452535,268.0341520081091,268.74652185801324,2855600
2020-11-24,274.381591796875,275.00262657149693,272.4362662816828,273.02078927303774,4022700
2020-11-25,272.838134765625,274.02543670913946,272.2079580726777,273.94324338461485,2629200
2020-11-27,273.2948913574219,274.17167624340027,272.3176850859714,273.47756184323475,1518000
2020-11-30,270.90191650390625,271.9795993391562,269.1940570559992,271.7238775160191,4159300
2020-12-01,272.5641784667969,274.9113568921049,272.3267124850881,273.74233862088283,2841100
2020-12-02,273.24005126953125,273.3861820600532,270.6554343331443,271.34040673594205,2481700
2020-12-03,274.0437927246094,275.2676069006424,273.12135418194185,273.42275768690945,3140900
2020-12-04,276.354248046875,276.354248046875,274.5367978287679,274.6646447823696,2747300
2020-12-07,274.9935607910156,275.9616527775939,273.9889291431716,275.6054537913421,2589900
2020-12-08,275.99810791015625,276.61000072308104,273.970589340592,273.9979871102516,2205400
2020-12-09,274.7926940917969,277.27686203662626,273.9615908151207,276.9298048582778,3074500
2020-12-10,274.48211669921875,275.0392141427938,273.2583028283995,273.97978694008566,2413000
2020-12-11,274.8383483886719,275.06667254634795,272.7834309695872,273.4684034426154,2454300
2020-12-14,273.1669006347656,277.4593760775903,273.0755654398995,276.74700615217586,3646100
2020-12-15,276.3818359375,276.6740975633281,273.51409886492,274.8566460949898,4211500
2020-12-16,275.9525451660156,276.61011979248985,275.1945212980794,276.3087441965052,1977300
2020-12-17,277.17645263671875,277.37737905898115,276.59195714479694,276.9298725205091,3002900
2020-12-18,276.2594909667969,277.39419619584135,274.73134045997307,277.3301346253093,4442100
2020-12-21,276.4789733886719,277.2384684052237,272.15984639911466,273.4134865168866,6340800
2020-12-22,274.5849609375,276.2412347962414,274.39277620143764,276.2046241904614,2698200
2020-12-23,275.6920166015625,277.0737798751284,275.56392144926167,275.61882336106095,2714400
2020-12-24,276.3692321777344,276.4424533633699,275.3718099476258,276.0398206194747,1955700
2020-12-28,278.1810913085937,279.2334155096537,277.586301797186,277.8974220350654,2382400
2020-12-29,277.6867980957031,279.7365714028703,276.9364628279238,279.4894849296368,2319600
2020-12-30,278.2999267578125,279.21499571611884,278.0528402666292,278.2816075062058,2081300
2020-12-31,279.819091796875,280.2766265167444,277.58632012985646,278.181109680546,2797000
2021-01-04,276.64373779296875,280.6151349212913,273.36777429368584,280.551073372682,5106600
2021-01-05,278.0346374511719,279.14186342400774,275.78357491632045,276.2868518333284,3355200
2021-01-06,282.0335998535156,283.8911900656966,277.3209968941115,277.9523971661753,7290300
2021-01-07,284.1291198730469,285.4834329775488,282.8114173729123,283.415366679283,4107900
2021-01-08,284.6230773925781,284.979939791016,281.83210011054723,284.81523406866,3234900
2021-01-11,283.8270874023437,284.5865827152073,282.22571595619706,282.2897495905096,2811400
2021-01-12,284.3485717773437,284.8152659686469,282.67400756112244,283.83613529993755,2290900
2021-01-13,284.2478942871094,285.1355123539629,283.59820310179094,284.2478942871094,1854400
2021-01-14,283.7172546386719,285.74870981180663,283.5708681101466,285.126469325618,3232400
2021-01-15,282.06756591796875,283.1661136515568,280.1542847640402,281.9668801432917,4009100
2021-01-19,283.16619873046875,284.4661184039793,282.5070754797244,284.11824391924785,2781700
2021-01-20,285.4090270996094,285.9308388248482,283.7337706426039,284.1823309306666,2398400
2021-01-21,285.5006408691406,286.26961350693927,284.8873066169978,285.62881694406235,1930000
2021-01-22,283.7611389160156,284.7223471968408,282.95554099745857,283.6604252075818,2049700
2021-01-25,283.4681701660156,283.58718275109527,279.7789197146804,282.8639717675375,4546400
2021-01-26,283.2301940917969,284.8779877109436,283.0653923800993,284.28295267832,2256100
2021-01-27,277.61846923828125,280.78590807098027,276.5565473540391,280.62113431408727,5743100
2021-01-28,280.1907958984375,283.2575481248795,279.05562292132095,279.1929622847818,6392100
2021-01-29,274.4602966308594,279.0100715563047,273.3434496289219,278.22280016238824,5929900
2021-02-01,276.4834289550781,277.70098970915194,274.76241121534133,276.7214542321354,3138600
2021-02-02,280.8774108886719,282.3512669160518,278.77186635884505,278.7901931757751,3090500
2021-02-03,281.2802734375,281.90277073522884,279.37612790215286,280.218351492254,2087800
2021-02-04,284.40203857421875,284.40203857421875,281.74721892756423,281.82047035991604,2638800
2021-02-05,285.1983947753906,286.1229773407079,284.58503293156105,285.9490401583038,1955600
2021-02-08,287.34967041015625,287.34967041015625,285.9947988013824,286.2602862521149,1690000
2021-02-09,287.377197265625,287.9081443491494,286.141337958397,286.7729987612639,1798700
2021-02-10,287.9082946777344,288.5857170194103,285.8942986116086,288.5216569142692,3048000
2021-02-11,288.0729675292969,289.0616663194808,286.3519220285765,288.4483042980485,1937100
2021-02-12,288.4025573730469,288.4941077007022,287.29484590172154,287.70680840755165,2479500
2021-02-16,288.8968811035156,289.7757307311606,288.24692126540896,289.58346666041695,1836300
2021-02-17,289.8305358886719,290.1143222335844,287.33135543416887,288.08202870526554,2007400
2021-02-18,288.87847900390625,289.2812779550244,286.8828110697841,288.1369691023542,2609600
2021-02-19,288.8427734375,290.14517336292585,288.53090281705954,289.475611604574,2314900
2021-02-22,289.1086730957031,290.28268013443426,286.8707178046007,286.98995748666914,2978000
2021-02-23,289.2738647460937,290.28275587799965,285.79769122033275,288.7051808839549,5723400
2021-02-24,293.0710754394531,293.538853460507,288.1640806397318,288.6226777613778,4290300
2021-02-25,287.98052978515625,293.4286633928584,287.0449741614788,293.236032534728,7648600
2021-02-26,283.8256225585937,288.40241050160165,283.2110904185139,288.3840767028427,7925600
2021-03-01,289.457275390625,290.6771591876923,287.49449462100097,287.5220093236882,4749700
2021-03-02,288.173095703125,290.2276006688105,288.0080075520676,289.57640096817465,4075700
2021-03-03,287.0726623535156,289.714186667699,286.92590789266643,287.9440082177606,5148100
2021-03-04,283.94488525390625,288.8427254842045,280.3678345159391,287.2559699046856,8577600
2021-03-05,289.13623046875,289.8791553768702,282.4040298008897,286.6231278408145,7016100
2021-03-08,291.89703369140625,295.08887936029134,289.6774115671359,290.52124248783326,8230700
2021-03-09,292.2272033691406,295.12554012966467,292.0712960443884,293.01600486264914,5829900
2021-03-10,296.5563659667969,297.4552262914889,293.93320418842563,293.9882335970248,6472200
2021-03-11,298.3907165527344,299.8949281726354,297.01492553037906,297.8220607419806,5745900
2021-03-12,301.12408447265625,301.2891727432221,298.5467705056915,298.7027058660377,4257200
2021-03-15,302.75653076171875,302.8941042484613,299.74813589262345,301.92188095476524,4456000
2021-03-16,301.6284484863281,302.67406323113295,301.13318380877763,302.53648970959114,3270600
2021-03-17,303.3803100585937,303.6187895033245,301.18823051468667,301.9494893712996,4338200
2021-03-18,302.08697509765625,305.29715380747496,301.54583404543695,302.9491396189648,5376500
2021-03-19,299.6247863769531,301.61914436112863,298.6781492953579,301.5364317673203,5628800
2021-03-22,300.7553100585937,301.4354383355322,298.72418096333,299.20208544230866,3807600
2021-03-23,297.8326416015625,300.9758608855495,297.2628249474763,299.9097405450065,5068400
2021-03-24,297.85107421875,301.2056895535379,297.85107421875,298.9539652942536,6099000
2021-03-25,299.7903747558594,300.18556671284733,294.6711664091217,296.59201248253,5557900
2021-03-26,303.85260009765625,304.1099656756152,300.2406750324437,301.0862286591576,4956600
2021-03-29,304.8175354003906,305.5527772284995,302.28090341236253,302.6393527357482,5200900
2021-03-30,304.0455627441406,304.7624334367848,303.08972580472124,304.2569300722742,4568800
2021-03-31,303.4574890136719,304.7809475354963,303.23692194259934,303.85268103190833,3763700
2021-04-01,304.6247863769531,304.7626408255626,303.03479027578896,304.0089991095634,5936100
2021-04-05,308.0711669921875,308.9442635227159,306.88556310378874,306.91313398269614,5632700
2021-04-06,307.30828857421875,308.2733253140514,306.76604265649314,307.60239661194026,2987500
2021-04-07,307.30828857421875,308.0435586685226,306.4535633842964,307.09692121085146,2658500
2021-04-08,308.0068359375,308.0252071748254,306.4444112864279,307.2439948492894,2665000
2021-04-09,310.515869140625,310.71806494131306,308.2182023363013,308.549080940923,3034700
2021-04-12,310.23095703125,310.5158654678009,309.4038026010153,309.9644478794379,2951500
2021-04-13,309.5323791503906,310.1113954671033,308.33757600779984,309.3853251614096,3391700
2021-04-14,310.2125244140625,311.66463718891345,309.48645400279474,309.5507953912696,3966800
2021-04-15,312.8871154785156,313.14445307034805,311.4074032897085,311.4074032897085,3881800
2021-04-16,314.2955322265625,314.8195793891871,313.4865109215898,314.17603780180514,3748900
2021-04-19,313.2749938964844,313.7898383036759,312.2636823620311,313.5691987168555,3222800
2021-04-20,310.8570251464844,312.4567181426182,309.59749417303067,312.03381628119814,3762900
2021-04-21,313.7807006835937,314.0013683730756,310.34226881056406,310.40663138903466,4191200
2021-04-22,310.8570251464844,313.69787183754534,309.91007624946405,313.6151319988054,4962500
2021-04-23,312.9808044433594,314.0472759268811,309.9468977479517,310.51690207983535,3613900
2021-04-26,312.46588134765625,313.9460797610563,312.0246022634408,313.6426723337479,2090900
2021-04-27,312.4291687011719,312.9807957368783,311.39030525317315,312.2177317782746,2732700
2021-04-28,311.08673095703125,312.11641924122154,310.8017289518322,311.8774024975426,3025100
2021-04-29,313.1094970703125,313.37609387082466,310.16750514144434,312.4843329039252,3688400
2021-04-30,311.6109313964844,312.2636755311596,310.6088225523754,311.59255411695665,2909600
2021-05-03,313.60595703125,314.5896886291281,313.0911126178947,313.31178026427284,2698400
2021-05-04,313.9553527832031,313.99213540405435,310.39739876688776,312.57629909893086,4478300
2021-05-05,314.6815185546875,315.6192645313034,312.92552096504994,314.6539386158725,3506100
2021-05-06,317.65118408203125,317.7707065380951,314.34145015490134,315.2791964105404,4276700
2021-05-07,319.8300170898437,320.2069616581397,317.0075481891043,317.33853554096044,3526500
2021-05-10,319.7012634277344,322.78115419055035,319.5633637338275,321.098721811074,6092500
2021-05-11,315.2608642578125,317.3846046531884,313.4037487597503,317.1731396578129,8396400
2021-05-12,308.907958984375,314.6356374910323,308.64133414003027,314.0104452984053,7034100
2021-05-13,312.9991760253906,314.46096931603245,309.1561924202296,309.1837723669619,5741300
2021-05-14,316.5020751953125,317.1180368969177,314.3139718344314,314.7092938885271,4677300
2021-05-17,315.9410400390625,317.3017157806445,314.46086993734696,315.646835328952,3262200
2021-05-18,313.60595703125,316.7226315169807,313.38531744178806,316.1250472575772,3462300
2021-05-19,312.070556640625,312.1808764106743,308.17244179536414,310.3421387580931,7223900
2021-05-20,313.9828186035156,315.2883346284562,311.9786013778896,312.3463432819728,4532800
2021-05-21,315.1095886230469,316.9797560428489,314.409418003784,315.33990494624805,4481000
2021-05-24,316.8783264160156,317.55086004015715,316.03997182639665,316.3347833970981,2531800
2021-05-25,316.1598205566406,317.8365301589408,315.6807727194632,317.5417185138534,2623200
2021-05-26,316.2427062988281,317.02578736955815,315.68996965105043,316.50988108844314,2064500
2021-05-27,317.468017578125,318.9051891497492,316.79548380988643,318.15896653043603,3026200
2021-05-28,318.4261474609375,319.2000069286495,318.1589726554273,319.107874776944,2641400
2021-06-01,318.6380310058594,321.19914746504725,318.3892994913478,321.09782177517496,2584300
2021-06-02,319.0893859863281,320.00145760896027,318.52742773617643,319.44869289231866,2576700
2021-06-03,318.7762145996094,319.6422062460458,316.5099097938307,317.4772271299547,4436400
2021-06-04,320.5082397460937,320.59115026160674,319.2553322475111,319.7436018042808,2594200
2021-06-07,319.3013916015625,321.0978704899436,318.7762635431384,321.0610119994953,2224300
2021-06-08,319.07098388671875,319.59611179479805,317.6061756021679,319.3934323275455,2748700
2021-06-09,317.6431579589844,319.5685995913912,317.551025780706,319.2553726770794,2591200
2021-06-10,317.8181457519531,320.35162558552094,317.6522966137893,319.2553175174485,3089400
2021-06-11,317.9469909667969,319.2643932465889,316.51904137887936,318.7853455397859,3003000
2021-06-14,317.191650390625,317.71677839037505,315.5057471619596,317.67991990404505,2527000
2021-06-15,316.37164306640625,317.40345545297725,315.41351951539934,317.385040272781,2138500
2021-06-16,313.9302978515625,316.5835457819671,312.7602732057807,316.37164469211564,4032000
2021-06-17,311.98638916015625,314.40932062819303,310.11622231956284,313.7460086982163,5169100
2021-06-18,307.19158935546875,309.3043698174032,306.9332602101143,308.47402814703304,7126600
2021-06-21,312.5613098144531,312.8473162000204,308.5295151316722,309.3137379961342,5435700
2021-06-22,313.1793518066406,314.06504775841427,311.334135482915,312.51507280386875,4042100
2021-06-23,312.5613098144531,313.8345140628634,312.46904333232044,313.3086204549066,3082700
2021-06-24,315.51373291015625,315.827416489013,314.02831826427666,314.30511776735005,3704700
2021-06-25,317.79266357421875,318.2816451906938,316.53790076324333,317.09147176350336,3638000
2021-06-28,316.2702331542969,317.76488281435667,315.3660946992938,317.6818232589799,3606300
2021-06-29,316.32537841796875,318.0506791000008,316.0947264084512,317.35872307144814,2375800
2021-06-30,318.2538757324219,318.770534341253,315.8550875309732,315.88276466516834,3778900
2021-07-01,319.5545349121094,319.5914471205218,318.2260051226814,319.0194345910735,3606900
2021-07-02,321.01239013671875,321.3353087291876,319.388590235693,320.1820481530672,3013500
2021-07-06,319.05645751953125,321.1692105752469,317.0082656562348,320.837085051576,3910600
2021-07-07,320.07135009765625,320.27432509191453,317.7740358090563,318.8996192943474,3347000
2021-07-08,317.7278747558594,318.29988743995824,315.09843527193993,316.048720766182,6379900
2021-07-09,321.7414245605469,322.05510822026093,319.07507121929234,319.7485858790194,5063100
2021-07-12,322.940673828125,323.1805610640924,320.48653167453057,321.07701466897987,3999800
2021-07-13,321.9903869628906,323.1436476611818,321.85200131025147,322.47936837273494,3310200
2021-07-14,322.3686218261719,323.5495595156953,321.399866060408,323.08825529079127,3933300
2021-07-15,322.85760498046875,322.9129592353042,320.73561679637555,320.97547584873723,5082600
2021-07-16,320.0945739746094,323.7871918783965,319.72531781871845,323.7687389309556,5710400
2021-07-19,313.76177978515625,323.1317930369433,311.45389335996526,315.5250083946952,9715300
2021-07-20,318.5621032714844,319.5221917216479,313.6417027877138,314.1402140446652,5802200
2021-07-21,321.2485046386719,321.3962127298004,319.75299895309763,320.3068972517201,3056800
2021-07-22,321.497802734375,322.0055264523212,320.039202813559,321.04543786149395,2429300
2021-07-23,323.6302185058594,324.01792754583124,322.3747139740802,323.10401377917765,4142300
2021-07-26,324.4056701660156,324.4426042279162,322.6332014364378,323.1040191652577,2466600
2021-07-27,323.6763916015625,323.7317786118328,321.93164443317494,323.1224933264229,3902600
2021-07-28,322.5131530761719,324.2394751768401,321.9131084522162,324.04559250150027,3697700
2021-07-29,323.86102294921875,324.68261568911714,323.4548327724929,323.9810375249472,2425700
2021-07-30,322.6240539550781,324.03647925325174,321.8763010426592,322.9933101310662,3576700
2021-08-02,321.5809326171875,324.8673609649662,321.3132098765276,323.5195630447399,2827100
2021-08-03,324.1102905273437,324.202611606278,320.4361256962861,322.26398163840906,3819300
2021-08-04,321.2485046386719,323.1778940380493,321.1469711730172,322.7255573775192,3118500
2021-08-05,323.667236328125,323.7041704021828,321.8763422367602,322.04250331135427,2261400
2021-08-06,325.033447265625,325.4027034115303,324.4518554539161,324.59956354676586,2123700
2021-08-09,324.1655578613281,325.00563147633864,323.6116597646541,324.5809884769405,2322500
2021-08-10,325.6242980957031,325.81815265311576,324.036471223107,324.40572738994433,2841000
2021-08-11,327.66455078125,327.83071187565497,326.51984790097464,326.74139602684795,3422500
2021-08-12,327.9320983886719,327.9505513318225,326.55657938206,327.89516432993827,3118600
2021-08-13,328.07989501953125,328.98456840948774,327.7198512376539,328.50453820609124,2414900
2021-08-16,329.1692199707031,329.1969134799114,325.55968235087505,327.1752027903857,3634600
2021-08-17,326.6397705078125,327.41524514168634,324.49807330728487,326.7136386502966,5019600
2021-08-18,323.21484375,326.8336217267305,323.0025362488311,325.52272996228146,4038000
2021-08-19,322.6240539550781,323.54720848126846,320.62079623737134,320.6392491858166,5442200
2021-08-20,324.7427673339844,325.2883791391029,322.3106137434854,322.7267722123355,3394800
2021-08-23,326.86053466796875,327.655824700817,326.3704068468021,326.4073773912674,3569200
2021-08-24,327.1285705566406,327.82214898907887,327.0176025229351,327.44298939273256,1981400
2021-08-25,327.5354919433594,328.33080993591443,326.3702992972992,327.1655890680739,2434700
2021-08-26,325.66754150390625,328.2938892311409,325.5843154538142,327.8037614549631,3008900
2021-08-27,327.8961486816406,328.1550835026083,326.12057546516303,326.12057546516303,3163700
2021-08-30,327.44305419921875,328.49730717163305,327.25811684703353,328.2568575698296,2482000
2021-08-31,327.2950439453125,328.108818915964,326.6106940488905,327.1840476921628,2913800
2021-09-01,326.9528503417969,327.6926842436215,326.71242901775935,327.6372002287069,2739200
2021-09-02,328.173583984375,328.4602608272468,327.29506818975443,328.0903579546813,2390000
2021-09-03,327.4985046386719,327.9701187862511,326.5274778912745,327.0730895431893,2465400
2021-09-07,325.0015563964844,327.082291363512,324.5853981143692,327.0360640973988,3168500
2021-09-08,324.3450622558594,325.67673524327506,323.3370648818178,324.4282882898502,3075700
2021-09-09,323.03179931640625,325.9910782042038,322.6711532530905,324.18776322229985,3484700
2021-09-10,320.6181640625,325.20502099385544,320.497939299365,324.8258614415739,4539000
2021-09-13,323.02264404296875,323.6145112951573,321.3303247707255,322.6619978663658,5439700
2021-09-14,320.4054870605469,324.19705472273915,319.70265189944234,324.03983119710017,3902200
2021-09-15,322.5787658691406,323.1706048886168,319.76745291672427,320.3500634130319,3267300
2021-09-16,321.9868469238281,323.74390665377416,319.97085237285614,322.66194009590026,3646000
2021-09-17,320.3149719238281,322.2240334681498,319.7774526842296,321.4363073090139,5380900
2021-09-20,314.53228759765625,317.0900725151146,311.37213358514094,315.2922133023456,10010600
2021-09-21,314.2635192871094,317.93339188107336,314.17086887622,316.3950160873227,6071100
2021-09-22,317.4052124023437,319.1011168597552,315.49614973771963,316.1633968629378,6862700
2021-09-23,322.09429931640625,323.1229843955649,319.2863083490837,319.54579163617245,5592200
2021-09-24,322.3817443847656,322.90071121813634,320.9360470230084,321.1121280859275,3121600
2021-09-27,323.0673828125,324.8189163646219,322.6596475670543,322.7708506595904,3426000
2021-09-28,317.7943725585937,322.3353454528525,317.321731047107,321.86270394136574,7493800
2021-09-29,318.5820617675781,320.3428719446896,317.7572865154885,318.6747404529362,4116600
2021-09-30,313.5036926269531,320.1298105500025,313.3368596302607,319.7961728381902,7926000
2021-10-01,318.0352783203125,319.5180523668943,312.9382619787618,315.1160837082824,6219800
2021-10-04,315.0975646972656,318.8230101604475,313.2997057306569,317.50704074759125,7037700
2021-10-05,317.98895263671875,319.60145420858214,315.5238467978608,316.1354921517033,3826100
2021-10-06,318.90643310546875,319.0732377754472,313.67041245522466,315.5331494480121,6276300
2021-10-07,322.1593017578125,324.1424901583732,321.36229888691133,321.454977585607,5310400
2021-10-08,322.066650390625,322.9285029703411,321.18624510065445,322.42808886174043,3658300
2021-10-11,319.7033996582031,323.9478115977699,319.5921682759239,322.1870298460992,4098400
2021-10-12,318.59130859375,320.7413294559132,318.0445411668446,320.17600932471726,5100300
2021-10-13,318.69317626953125,319.3140694987292,316.12611620631543,318.7487778040399,4189100
2021-10-14,323.5492858886719,323.6326882042846,321.2046598556975,321.76995164425875,4473900
2021-10-15,327.1063842773437,327.3195855761561,325.3172021463072,325.99392389094515,4206800
2021-10-18,326.7818908691406,327.3659311155584,324.6960490125291,325.70652011702936,3310600
2021-10-19,328.59893798828125,328.6453070119282,327.06004656590494,327.8665959833243,2380900
2021-10-20,330.0542907714844,330.56415182691137,328.51539985427485,328.64519912862283,2873800
2021-10-21,329.9894714355469,330.1099912793304,328.4505801438561,329.46107962279,2243800
2021-10-22,330.7125244140625,331.5283248408675,329.3961423271143,329.99871318612804,3872300
2021-10-25,331.4632568359375,331.7784754424911,330.295205264516,331.28711691093275,2518200
2021-10-26,331.4171142578125,332.7427759249936,331.2965944169701,332.3997753263145,3182200
2021-10-27,329.0809631347656,332.15871718091233,329.06240421194923,331.9640465286264,3542100
2021-10-28,331.2315979003906,331.3057769920049,329.794696274498,329.794696274498,2490500
2021-10-29,332.09381103515625,332.3626324774243,330.38805948614896,330.6290708381466,2979600
2021-11-01,332.92828369140625,333.7811456832738,331.86219205604687,333.224943641208,2548400
2021-11-02,334.2632141113281,334.550594587234,332.6130820953643,333.187843047176,2629000
2021-11-03,335.18096923828125,335.4405396079681,332.7150365807319,333.6513571208034,3557400
2021-11-04,334.986328125,335.2644291559991,333.61429702628544,334.977048660283,3870900
2021-11-05,336.7939758300781,338.3143366129736,335.4868729478426,336.47878529263414,4489000
2021-11-08,337.7395324707031,338.96323319417945,336.821742782575,338.4255336530875,3056000
2021-11-09,336.775390625,337.7209620841137,335.4219189385728,337.6190011728057,3680600
2021-11-10,334.7266845703125,337.19261690670635,333.9943142940229,336.0708769810726,3529000
2021-11-11,333.234130859375,334.9028215384627,333.1599800316808,334.83792188232746,2461200
2021-11-12,334.92138671875,335.3478176768271,333.34540563000576,334.3744358985746,3099800
2021-11-15,334.8842468261719,336.2655570098795,334.3558550125291,336.14503716589394,2555000
2021-11-16,335.5238952636719,337.0164457756,335.31069396985515,335.4219343476799,2728600
2021-11-17,333.59576416015625,335.1995272466262,333.3083836663593,335.0697561967102,2976000
2021-11-18,333.13214111328125,333.7810527453585,331.0741092575259,333.76252211279933,3438100
2021-11-19,330.5879821777344,332.4271208080758,330.0956913592645,332.4271208080758,3542200
2021-11-22,330.8573608398437,333.681052790066,330.75517229726387,332.0462912258153,4929200
2021-11-23,332.54791259765625,332.8730167892999,330.05859357230423,330.9317175858196,5789300
2021-11-24,332.55712890625,332.7150463366208,330.4857771939042,330.7272879651766,4246700
2021-11-26,324.1882019042969,326.4546050589042,322.64630281738613,325.4049968340649,9075000
2021-11-29,326.2037658691406,327.67134059026813,324.0952805489616,327.50415391564604,5243000
2021-11-30,320.3614196777344,325.1078736278176,319.85983108060265,323.89107836811274,9543500
2021-12-01,316.2372741699219,325.4515081029849,316.1072494942446,323.27799555515367,8415000
2021-12-02,321.9496765136719,323.19436429206985,316.8967430289556,317.4911941198412,8326400
2021-12-03,321.6059265136719,323.7051425346514,318.67074879242904,323.11066324341255,11365300
2021-12-06,327.71795654296875,328.83256325175205,324.01181340978604,324.4112417847884,7026500
2021-12-07,332.28790283203125,333.09600050312173,330.4766562735329,330.606680968962,5271500
2021-12-08,332.52008056640625,333.3374757520652,331.0618028813521,332.6872956517233,3355600
2021-12-09,332.63153076171875,333.62541026449696,330.9967687742473,331.36830430111155,3774500
2021-12-10,334.6006774902344,334.6935400995866,332.16705917499735,334.00619805087695,3855200
2021-12-13,331.6374816894531,334.37757936788216,331.2380535987611,333.85742427142355,4563000
2021-12-14,330.8296203613281,332.91024222985527,329.714985305276,330.4023275269115,4079700
2021-12-15,334.21044921875,334.3590690351894,329.2225153297661,330.5136056939403,9274900
2021-12-16,333.86688232421875,336.7184674763653,332.8172740316714,335.56667062665485,9493700
2021-12-17,329.07635498046875,332.147214181882,328.22022099536684,331.5609525310231,10638300
2021-12-20,325.01904296875,325.36337652579294,322.4786138818359,325.1214200799368,7303400
2021-12-21,330.2674560546875,330.33260254432247,327.10353471348344,327.7083974348153,4693300
2021-12-22,332.5753173828125,332.73349785226543,329.5788908346287,330.304731879287,2999500
2021-12-23,334.4084777832031,335.4693375861152,333.2918146417986,333.5058552332578,2655000
2021-12-27,337.7213134765625,337.75851570130953,334.7248872630257,335.05987767761803,2594300
2021-12-28,338.7170104980469,339.76855555704145,337.6934097065809,337.89810714595745,3048500
2021-12-29,339.5078430175781,340.25231317905894,338.5307596540111,338.6331083269837,3012200
2021-12-30,338.79156494140625,341.2575620332117,338.35419727616875,340.2990790730513,2863200
2021-12-31,338.0934753417969,339.4148640551695,337.7119396150795,338.2702852736571,3133800
2022-01-03,340.2896728515625,340.4478817086585,337.14435241061426,339.04271670253587,5624100
2022-01-04,342.3276062011719,343.5745623127251,341.7134287016943,341.8344069301945,5462200
2022-01-05,338.8099670410156,343.844335413911,338.70761835329364,342.1786133610994,7638000
2022-01-06,337.2279968261719,339.3310577381204,336.8278316609532,338.82854389250656,7019800
2022-01-07,337.1535949707031,338.605276648188,336.0555331580025,336.76277288757103,5806300
2022-01-10,335.7392883300781,336.139425339238,331.6913160502582,335.9998459637929,8091800
2022-01-11,337.36773681640625,337.56314791664545,332.86379636231004,335.6461823464745,7310900
2022-01-12,337.74932861328125,339.24752796106714,336.55820390245816,338.47516979021015,4493200
2022-01-13,336.1207275390625,339.77784811703646,335.4228024639387,338.92171419614795,6418100
2022-01-14,334.20367431640625,334.8178232300783,331.653902735252,333.3382258680499,8575400
2022-01-18,329.28106689453125,330.68620344733387,328.1364595103741,330.6582875793615,8166100
2022-01-19,326.0241394042969,330.86307054654765,325.8938463988292,330.2675224607452,7386500
2022-01-20,323.2137756347656,330.3977529442782,322.7298910901108,327.0756508304062,8968700
2022-01-21,318.8162841796875,324.8694631200184,318.6207278945293,323.2304394203172,16301600
2022-01-24,320.176025390625,320.4647132906167,308.57255088779823,315.1658494440471,29707000
2022-01-25,319.3842163085937,322.01969220344915,312.2880353270957,316.8698369132744,18657900
2022-01-26,317.987548828125,324.0779879382902,315.2589679918,322.25272906720414,19047300
2022-01-27,318.07135009765625,323.73341806281644,316.52548589599525,320.72544268009034,12854100
2022-01-28,323.24908447265625,323.31427938036586,314.6722027017683,318.35997794994233,12008900
2022-01-31,326.9461364746094,327.20688764986863,321.0233475995436,322.01047907872123,8379100
2022-02-01,329.6095886230469,329.9168913794049,325.6424188861074,327.4863206835053,7636000
2022-02-02,331.5559997558594,332.1426972237361,328.5107943508768,329.28372648776127,8856400
2022-02-03,326.85308837890625,330.8016149599709,326.4805622775028,330.4291172783188,9339900
2022-02-04,326.75079345703125,328.9671941031761,323.91046528632535,326.3131006536349,8532300
2022-02-07,326.7786560058594,328.88330965823,325.7822024253336,327.1139238995751,4746200
2022-02-08,330.1683349609375,330.9226519316537,326.67611623734416,327.43043320806044,4568400
2022-02-09,333.0832824707031,333.4837168557806,332.1427021720144,332.7852728921423,4781700
2022-02-10,328.31512451171875,333.4463671862307,326.8996220310516,330.3918408923438,10298500
2022-02-11,323.4168701171875,330.0567497750591,322.42973808258444,328.23146210147087,8211500
2022-02-14,322.1129455566406,323.6588093181989,319.60785846750736,322.88587743741977,7315100
2022-02-15,326.1453552246094,326.64824277556016,324.403906364928,324.9440237939091,4932200
2022-02-16,325.6332702636719,326.6110806152364,322.8767238113191,324.7858213630934,4496500
2022-02-17,320.054931640625,323.80790246030386,319.2912928088899,323.54715120309623,4433500
2022-02-18,318.02081298828125,321.02400195255257,316.7990214604097,319.81151774028496,6193700
2022-02-22,313.3854675292969,317.34930252911886,311.11906494477523,315.9782808142003,7942700
2022-02-23,309.19775390625,315.483948847272,308.54490408323227,315.39067645463007,5732600
2022-02-24,309.9626159667969,310.33567715681687,300.9623831173723,301.0836344082463,14167100
2022-02-25,317.6104736328125,318.0581356407674,310.63411322718065,311.21236229595047,9496300
2022-02-28,316.4913330078125,316.9390235793952,312.2477079789135,313.329605513177,8217300
2022-03-01,310.7273254394531,316.192740121259,309.0205289765369,314.5605729537063,8532900
2022-03-02,316.1741027832031,317.5264812745978,312.15431042011704,312.69524473903266,6836200
2022-03-03,315.3627014160156,319.0560548150746,314.01032286311533,317.76896978409115,7790700
2022-03-04,313.8143920898437,314.1874531086849,310.39149248926213,312.07961708127186,6025000
2022-03-07,306.3531188964844,312.75120060935075,306.2318676370897,312.629977812693,6590800
2022-03-08,304.5437316894531,311.8838158787348,304.1053770935917,306.3717509037379,8209800
2022-03-09,310.9511413574219,312.4807287482749,309.2443734398093,310.6899957617561,4669200
2022-03-10,309.7479553222656,310.4381481045479,306.54891504960136,307.1458354599285,3317400
2022-03-11,307.7987365722656,313.1242853495873,307.4909690023898,311.60403366714894,6923400
2022-03-14,307.8453674316406,312.07034730782703,306.6515549501035,309.4122409768953,5640600
2022-03-15,313.5532531738281,314.1688166761875,308.8152898996919,309.6453770122276,6648500
2022-03-16,318.37518310546875,318.43116930936725,312.01441600397897,316.35131172041105,9577100
2022-03-17,322.1898498535156,322.320408442341,316.7430491320951,317.0508452035051,6032900
2022-03-18,324.5379943847656,324.7716834254225,320.2941934190184,321.2009080378268,5903900
2022-03-21,322.9020690917969,325.2296020729676,320.9016778430027,323.9957174817385,4329900
2022-03-22,325.42578125,325.9679268680056,324.22926686948824,324.4723124188388,4430800
2022-03-23,321.0046081542969,323.8369181059115,320.9485250682446,323.19193408981664,4098700
2022-03-24,324.4164123535156,324.4164123535156,321.03260022617025,322.01408260733234,3550000
2022-03-25,325.7998352050781,326.52894367906936,323.6031530954613,325.1080964286857,3206200
2022-03-28,326.6878356933594,326.6878356933594,322.8460025743824,325.0613695292946,2962400
2022-03-29,329.9408874511719,330.6325978905591,327.2861833436242,329.65111531972616,4711800
2022-03-30,329.14630126953125,330.40822766344587,327.57591792561107,329.17434281044086,3909800
2022-03-31,324.2012634277344,328.6320242499007,324.1358522176261,328.16464646254184,3978900
2022-04-01,325.30426025390625,325.62207369054,322.71496934497804,325.4351111859446,3560200
2022-04-04,326.45416259765625,326.4915608235022,323.4536039511224,324.9585758816751,3829900
2022-04-05,323.743408203125,328.14610122846926,322.95821654122534,325.1268574320858,4331700
2022-04-06,322.2572326660156,323.4817611302119,320.34099367207443,321.1729119407544,5431300
2022-04-07,323.3974304199219,324.4537089243417,319.583639718523,321.34095647092045,4599900
2022-04-08,324.70611572265625,326.3419383627865,322.16357882093723,323.1544176808404,4535900
2022-04-11,320.8082275390625,324.43505636987555,320.3782192977229,322.8272751246758,5344400
2022-04-12,319.89215087890625,324.12659377476007,318.7517475910402,321.9392684901288,4501400
2022-04-13,323.20123291015625,323.4722916020445,319.25656158064606,319.3967692706725,3605000
2022-04-14,321.94439697265625,326.0962279090139,321.9069851205869,324.20731462741804,4179600
2022-04-18,321.76678466796875,323.60892633415324,320.3921913583094,321.5517021506879,3939000
2022-04-19,326.4610290527344,327.04078457174086,321.9071116613654,321.9445235281412,4261200
2022-04-20,328.7145690917969,330.15462611964534,327.5456981197843,328.2750724648446,5677000
2022-04-21,325.14227294921875,331.8469248725477,324.6466731332924,330.98662386196827,5369600
2022-04-22,316.3151550292969,323.9268559755407,315.8195549125752,323.86139235673727,6855100
2022-04-25,318.45654296875,318.9427829994723,311.57424467135246,314.61330907136426,6806600
2022-04-26,310.8728942871094,317.0445093789655,310.70455520122124,316.0907210643969,7619800
2022-04-27,311.41522216796875,315.12755684257473,309.5917723679244,312.2100599920108,6894400
2022-04-28,317.2689819335937,318.4378528623835,310.91030695884467,313.4818230021822,5976600
2022-04-29,308.2920227050781,317.21285290665634,307.7403190954753,315.70733243224385,6495600
2022-05-02,309.2740173339844,310.770178457538,303.40160846697887,308.90934429048,9221700
2022-05-03,309.7506408691406,311.7798123406436,307.7495211443924,309.68517728108844,6051000
2022-05-04,318.484619140625,319.02699127116364,308.7689781224694,310.2651101891789,10569700
2022-05-05,308.8063659667969,316.2871405573638,305.6738144365093,315.9037474351704,9101200
2022-05-06,307.7122497558594,309.1896898504131,303.6726255327152,306.4685552780265,10644200
2022-05-09,301.6622314453125,305.1875360853367,300.5120521154369,303.8877663808871,7817200
2022-05-10,300.942138671875,306.3469961020009,298.3519312559951,305.30905253076486,7716500
2022-05-11,297.7908020019531,304.9069006948046,297.51028448686185,300.8579171600907,9374700
2022-05-12,297.0242004394531,298.69800338573623,292.2458403218077,296.05169164881,6790800
2022-05-13,301.3161926269531,302.06425850445333,298.1555615012794,299.53948622834315,4236700
2022-05-16,301.8305053710937,304.4394330998507,298.95042015156696,300.8299450741698,3692600
2022-05-17,305.8702392578125,306.1227051785336,302.46647242612624,305.6177448001952,3316800
2022-05-18,295.0697326660156,303.33601205726995,294.0224289974996,303.16767297442044,3659000
2022-05-19,292.8536071777344,295.8178765717724,290.6561240038437,291.8624068587691,3836700
2022-05-20,292.8394470214844,295.3233555865683,287.08425075660693,295.06090540997315,4654000
2022-05-23,298.8571472167969,299.61637931563735,295.05160430497654,295.5577685725141,4484600
2022-05-24,299.3727111816406,300.08505983843884,293.96431921126947,296.729443704626,5260500
2022-05-25,301.1442565917969,302.3252971346543,297.5543086851617,298.05109058566075,4612800
2022-05-26,305.9901733398437,307.2274222807701,302.6626479068995,302.709531383518,3270200
2022-05-27,311.2579650878906,311.3142023799864,306.33700179500295,306.5525685463934,2773100
2022-05-31,309.5050964355469,311.70778993481525,307.12428008006395,309.4769777961284,4354000
2022-06-01,307.78045654296875,312.0828095218438,305.66211851223466,311.5766452999298,3721400
2022-06-02,311.9140625,311.92344491657553,304.9684711855938,307.95854437047785,3718800
2022-06-03,308.70849609375,310.9393377954438,308.12735822623694,309.1958955879691,4150900
2022-06-06,308.80206298828125,311.8858449411908,307.93971047975333,310.8079257592205,1957600
2022-06-07,311.3517761230469,311.6329626491641,306.33707330442195,306.33707330442195,2424000
2022-06-08,308.73663330078125,311.12680463628584,307.9680186404853,309.8426717992927,2032900
2022-06-09,302.7564697265625,309.3083730292948,302.7564697265625,307.5930780625265,2591500
2022-06-10,294.66729736328125,298.791527824298,294.62044248500393,298.36036568737853,4484700
2022-06-13,286.4282531738281,290.21506069126235,285.09726540511,288.2279328529363,6317200
2022-06-14,285.2284240722656,288.16226040442643,283.0069649876394,287.3936458589216,3724000
2022-06-15,287.9747619628906,291.2085204508946,283.3162492287588,287.19676513534915,7060900
2022-06-16,281.1041564941406,282.7538599641521,279.34197844297904,282.4820273230868,4943500
2022-06-17,280.6457214355469,283.3326612085932,278.45671246448205,280.22293755773154,4738000
2022-06-21,286.8181457519531,287.92674184679936,284.30968403017715,284.7418432640678,3246500
2022-06-22,286.1793212890625,289.06357543254825,283.097781386801,283.2856916996939,6361200
2022-06-23,288.18048095703125,288.4811260230126,284.4600914465596,287.1752438162367,3582600
2022-06-24,295.9594421386719,296.0533972895803,290.41643228811506,290.4916078772764,3314800
2022-06-27,295.3394470214844,296.776900983573,294.4187608552447,296.31652922935933,1896500
2022-06-28,290.6230773925781,299.4637195821852,290.5197468122535,296.880111021084,3025900
2022-06-29,291.2901306152344,292.6336289515562,290.1439466806404,291.61895928036324,2462800
2022-06-30,289.1952514648437,291.074240774075,285.8412486668016,288.1899853033407,4117800
2022-07-01,292.0418395996094,292.4739989951488,286.329697599124,288.8005724553296,3315000
2022-07-05,290.9707946777344,291.0177865991118,285.2116895750853,288.0489809353724,3767700
2022-07-06,291.62841796875,293.3946717726865,289.3078659895083,291.24322187992647,2493300
2022-07-07,294.9541931152344,295.2548094463337,292.7557516239577,293.6295029535001,2267500
2022-07-08,294.49383544921875,296.0722074499305,293.2819086091961,294.53142324404416,2094300
2022-07-11,292.84033203125,294.756879414851,292.34240128878224,292.802744238115,2633200
2022-07-12,291.2151184082031,294.57849618487967,289.9280154992143,291.7694167361787,2806000
2022-07-13,289.12945556640625,291.1869509801281,286.6491761253337,287.6638463225358,3481200
2022-07-14,287.861083984375,288.2932433888137,283.2293833839994,284.34738403527547,2893100
2022-07-15,293.8650817871094,293.9778636412427,290.5660691383292,292.1262850476844,3027500
2022-07-18,291.975830078125,297.3331963369441,291.1111502805131,296.77866656426346,2344900
2022-07-19,298.9873962402344,299.2599714617817,293.86503004639826,294.2503871022215,3004900
2022-07-20,299.5794982910156,300.228022453497,297.42717825102113,299.1095549085258,3243000
2022-07-21,301.1491394042969,301.1961222720638,296.42150984755136,298.53625519231355,2159800
2022-07-22,299.88037109375,302.8316303090025,298.26376415996657,302.4180776968897,3264100
2022-07-25,300.7262268066406,301.13040000276493,299.11902811964654,300.8296292885105,4002500
2022-07-26,298.45166015625,300.27504282855654,298.03810767285665,299.7205130628856,2101700
2022-07-27,302.6529846191406,303.99701597898473,298.92163254327824,299.7111340836707,3338100
2022-07-28,305.6794128417969,306.5158972293679,300.58521345607613,303.0665285265419,2688400
2022-07-29,308.9032592773437,309.47657656910286,305.38809113947804,305.95200038282326,3225600
2022-08-01,308.320556640625,309.8995600044117,306.82613966956865,307.2584796823272,2745500
2022-08-02,304.56103515625,308.07620386140576,304.42943718951545,307.3148975769531,5394600
2022-08-03,308.4333190917969,309.35441867092425,305.5948706985958,306.1212051200758,2564600
2022-08-04,307.6813659667969,308.6212528794761,306.9200598621725,307.9915447105015,2426400
2022-08-05,308.2547302246094,308.4615065050146,305.39746580893865,305.529063752412,2672400
2022-08-08,308.6775207519531,311.21519695894665,308.0101807201704,309.9839480032042,2528800
2022-08-09,308.19830322265625,309.1663855396197,307.5215835371916,308.5460567710212,1655100
2022-08-10,313.17041015625,313.7625149675361,312.00493058462826,312.60647212908844,2934400
2022-08-11,313.6496276855469,316.5538745638114,313.15148881030547,315.63280382264986,2401600
2022-08-12,317.5219421386719,317.60655719100373,314.10076913295,314.6740863078682,2606900
2022-08-15,318.9693908691406,319.4205468762199,315.8583677373566,315.90535060591765,1936500
2022-08-16,321.1968078613281,322.46566039083496,318.38655636527363,318.45235530513594,3897100
2022-08-17,319.7494812011719,321.4976567739639,318.33965108773293,319.25134237507945,2960300
2022-08-18,320.1066589355469,320.50142404318945,318.5934548362376,319.7495260171964,1850900
2022-08-19,317.39080810546875,318.9163586227229,316.65628271796027,318.6244337083557,2010300
2022-08-22,311.4769287109375,314.0760030672865,310.91190255054016,313.68990233665534,2684500
2022-08-23,309.923095703125,312.12670057491465,309.48052397426454,311.0531480097646,2897200
2022-08-24,310.6294860839844,311.73128892733666,309.1886846663296,309.7537110286017,2581700
2022-08-25,313.7274780273437,313.7274780273437,309.81942717089544,310.8458771436117,2498900
2022-08-26,304.1034545898437,314.2173414604097,303.9998812887475,314.04781346286063,4191000
2022-08-29,302.38018798828125,304.48016276415666,301.10888592784227,301.85283774280674,2896900
2022-08-30,299.4985656738281,303.3877950330128,298.1142641856172,303.3124428666384,2926300
2022-08-31,297.247802734375,301.5043080407592,297.200729197512,299.8939792467524,2981600
2022-09-01,298.5756225585937,298.75454799121644,294.469821288446,295.9671219574269,3228000
2022-09-02,295.46807861328125,302.0505585973275,294.10260083586354,301.1276813850066,3826200
2022-09-06,293.9989013671875,296.8240028073395,292.8029233649356,296.2118745045722,3320400
2022-09-07,297.8882141113281,298.46266656778647,293.29273815180625,293.471663610504,2520200
2022-09-08,299.68682861328125,299.8375041774325,295.39267561945786,296.3438025451019,3301100
2022-09-09,303.49127197265625,304.1127978249551,300.8733454218093,301.41951913166,2479300
2022-09-12,305.6478271484375,306.693101213249,304.3670991516729,304.4424513071204,2486900
2022-09-13,293.5563659667969,300.9581195838336,292.70881235642224,300.2141679931728,4301200
2022-09-14,293.8671569824219,295.2043847980659,291.48465504607105,294.14965573438894,2868800
2022-09-15,292.2662048339844,295.2419823864289,291.4846059263015,293.4621830721036,3294600
2022-09-16,290.86212158203125,291.36254870584526,288.3127872741371,288.8887380630353,4071000
2022-09-19,292.8449401855469,292.88271642341607,288.2561213959648,288.3316450568764,2730000
2022-09-20,289.8895263671875,290.80540547769294,287.5856661060156,290.5221557795249,2822800
2022-09-21,284.97039794921875,292.9583610753659,284.8854229900388,291.30600296779755,5110700
2022-09-22,283.7523193359375,286.0656318328139,283.1574947192984,284.73430006114427,3492500
2022-09-23,279.3522644042969,281.372875394286,276.0853256641795,281.2029255394723,4949300
2022-09-26,276.3875732421875,279.7111630798167,275.2356424710189,278.1626825106937,4143400
2022-09-27,275.0467224121094,279.98492165773115,273.3471660661279,278.3325640044817,3681000
2022-09-28,280.1737365722656,281.40119056737626,274.81063455029334,276.03811736023084,3995700
2022-09-29,275.9058837890625,278.3985965507519,273.6775758489071,278.32304408322113,3351100
2022-09-30,271.2699890136719,277.08629321396563,271.0245153946048,274.9618327154828,3827200
2022-10-03,278.34210205078125,279.8339327471714,273.318926303212,274.3481059331922,3457600
2022-10-04,286.2262268066406,286.263974247984,281.78845318733187,281.94895185014303,4163800
2022-10-05,285.8957214355469,287.55750195218275,282.1283254540735,283.00645763913144,2746900
2022-10-06,282.5342712402344,286.38661221721503,281.94884035283326,284.6492797127077,3081700
2022-10-07,276.62359619140625,280.32489054570976,275.178964445036,280.17381436646934,3029300
2022-10-10,275.6698608398437,278.4647261267561,273.9042035278364,277.8604215842367,3154500
2022-10-11,275.98162841796875,279.6168226524787,274.4992199698557,274.9335461086888,3849900
2022-10-12,275.8587646484375,278.1343007406282,275.11283509431587,276.1420144462903,4378700
2022-10-13,283.79022216796875,284.894954578447,270.62800356934275,271.1190085583761,7389600
2022-10-14,280.2588195800781,287.3781016010333,279.6639660647157,285.6596711081216,5519400
2022-10-17,285.2063293457031,286.29215845461266,283.2423972124879,284.1016265254029,3555700
2022-10-18,288.42608642578125,291.1737243751473,286.13167691022124,291.06042447040284,4685500
2022-10-19,287.3685913085937,289.5402497243573,285.4235327094792,287.35914004462364,2939800
2022-10-20,286.3867492675781,291.1644231450361,285.84854562788377,287.8219301585866,3574700
2022-10-21,293.7105712890625,294.0129050916125,285.33045261857296,286.34133622063325,5357200
2022-10-24,297.65020751953125,298.54775185067007,294.3907636039863,295.26939405522705,4331700
2022-10-25,300.9002685546875,301.17426036518657,296.7621647337817,296.988929501705,6024800
2022-10-26,300.7962951660156,303.95182789073976,300.21996967253017,300.41839240734265,4991800
2022-10-27,302.761474609375,305.98314896715,302.2513187453842,303.8007290525506,4262200
2022-10-28,310.43292236328125,310.72582797419415,303.70615572573166,303.99903250451433,5251400
2022-10-31,309.33697509765625,310.65964890907014,307.86310561393594,308.8645895341422,5128200
2022-11-01,308.38287353515625,311.61397596903527,306.8617764039643,311.1793891453255,4376400
2022-11-02,303.6117553710937,312.48317359465864,303.57398527023685,307.48532428714526,7110300
2022-11-03,302.2040405273437,304.0746983867584,299.6626030082556,301.7127697505899,4112700
2022-11-04,306.2382507324219,308.12779375021046,301.70333019044625,305.7374941538551,6263700
2022-11-07,310.28173828125,310.7824658124708,306.24754721955736,307.1828902172158,4518300
2022-11-08,313.3901672363281,315.1380003951237,310.1590646353551,311.27388816050296,6349000
2022-11-09,307.3719482421875,312.5965333460862,307.01293046851566,311.50059497513865,4799200
2022-11-10,318.6336975097656,318.8509765377884,313.550821394028,315.76158360630313,6002300
2022-11-11,319.1342468261719,319.68220139329065,315.685837981599,319.23815781064417,5190700
2022-11-14,317.2259216308594,321.09949061390193,317.0275276854462,318.1140091627032,3303300
2022-11-15,317.6415405273437,321.3355996518952,315.00564944389475,319.7956178690729,4824100
2022-11-16,317.5093078613281,318.6241311112568,317.0180083170571,317.1314050956732,3085500
2022-11-17,317.53765869140625,318.1800962941249,314.3537838330892,314.3537838330892,3606500
2022-11-18,319.3847351074219,320.12315200019657,317.3872334850406,319.46993372304814,3659100
2022-11-21,319.081787109375,320.59649657499074,317.6428290069141,319.6592829133803,2304100
2022-11-22,322.7832946777344,322.9347684884761,320.35032423638535,320.82366906095,4389400
2022-11-23,323.7203674316406,324.316757329889,321.864835890445,322.4517785428121,3108500
2022-11-25,325.20684814453125,325.47192011533826,323.7962896810238,323.85308875400546,1498300
2022-11-28,320.4449768066406,324.69563306600213,319.9337851866803,323.4743953036339,3089800
2022-11-29,320.4355163574219,321.27805510495625,318.6651824811861,319.91481972652616,2943600
2022-11-30,327.6966247558594,327.7345004321947,318.2581275539405,320.5964522034833,6940400
2022-12-01,326.04937744140625,328.27410383984875,323.4743805039764,328.26462769857625,5325900
2022-12-02,326.36181640625,326.99611125305125,322.68865553982744,322.68865553982744,3736500
2022-12-05,321.9028015136719,325.0079416477999,320.95611209606375,324.19380261617766,3827200
2022-12-06,318.523193359375,322.4898253266664,316.875962604032,321.6567338074249,5516300
2022-12-07,318.5042724609375,320.2935009004627,317.65225754256,318.22027711837023,3577100
2022-12-08,320.4166564941406,321.54321979001503,319.0912964080187,319.7350386083232,3278400
2022-12-09,317.4913024902344,321.0319125272103,317.3777043550315,319.6687060140999,3815500
2022-12-12,322.4613037109375,322.48970323422,318.1444028280139,318.2201541505435,5017300
2022-12-13,323.587890625,329.6561729418884,321.40104049576667,329.6182972777748,5274300
2022-12-14,322.08270263671875,326.2860063252461,319.64025644019813,323.5595359445072,5498400
2022-12-15,315.0581970214844,319.38457418721623,313.1458949782326,318.6366815281892,5865600
2022-12-16,312.1359558105469,313.5876615271554,309.7449196172897,312.43958772725887,6672200
2022-12-19,310.6272888183594,313.4263138064207,309.0427334526978,312.04103315205936,3709600
2022-12-20,311.5761108398437,312.98985514678344,309.70691871617754,310.8265286902094,4721700
2022-12-21,316.5289306640625,317.2215563623588,314.1758275130572,314.5743478928921,5086800
2022-12-22,313.3599548339844,314.8685879288032,308.98584255329064,314.53649232671347,4876900
2022-12-23,314.9443359375,315.19104037752936,311.27237778620844,312.75254651454424,3997900
2022-12-27,315.36199951171875,316.73781187638343,313.6541204678021,315.3335358261847,3098900
2022-12-28,311.7564392089844,316.6618640101324,311.7564392089844,315.6656061404181,3102400
2022-12-29,315.0677490234375,315.8173310742351,313.23651836493934,313.616043684204,2458800
2022-12-30,314.3752136230469,314.44163854200497,311.5477243090017,313.70155375401464,3881800
2023-01-03,314.27081298828125,316.74724018259343,311.5476812467597,315.4094181767049,3910700
2023-01-04,315.5421142578125,316.9463895740837,313.30289495027,315.5421142578125,4137300
2023-01-05,312.3731384277344,314.204369419293,311.3104557581445,314.0335873379513,4350100
2023-01-06,319.07177734375,319.8687891359051,313.0277495362979,315.18157798810074,4800800
2023-01-09,318.1324157714844,322.0415808709328,317.7813541906,320.4095962321813,3864000
2023-01-10,319.9732666015625,320.0681262337739,317.18371005455793,317.80993998918467,2277500
2023-01-11,322.37371826171875,322.42114806576825,319.8782967031204,321.08329749403555,3265800
2023-01-12,324.4990539550781,325.4478815982216,320.65631358271565,323.4363716277049,4332600
2023-01-13,325.48590087890625,325.9128560209374,321.75698556960623,321.8044443337832,3473400
2023-01-17,321.8044738769531,325.2107625615293,321.30159624844305,324.8407057818692,3929700
2023-01-18,315.93115234375,322.79118686336005,315.67497929543697,322.19342079470687,5164300
2023-01-19,313.7109680175781,315.44731030523013,313.0847381392316,314.1189570584022,3454200
2023-01-20,316.86376953125,316.92074514132474,312.7613517230312,314.1573121308081,4120200
2023-01-23,319.2377624511719,320.738168072988,316.274886636411,317.83229683316216,3985300
2023-01-24,320.12091064453125,320.7096777697632,316.89216806778325,318.08868452276704,3360900
2023-01-25,320.3299255371094,320.63381478207725,315.8001616094475,317.40504227012195,4318600
2023-01-26,322.26715087890625,322.36211988951925,319.26633880294224,321.4030111296055,2930900
2023-01-27,322.50445556640625,324.3372670444332,321.12750678542665,322.305040994354,2907400
2023-01-30,320.0829162597656,323.28317102955043,319.8835016812992,321.41239508364976,3032700
2023-01-31,323.6630249023437,323.6915126998766,319.560637155282,320.5957324395972,2593500
2023-02-01,323.7010498046875,325.98016077058446,318.67748849393536,322.03919383240265,6175400
2023-02-02,323.283203125,324.3088218770086,320.9851099970888,324.3088218770086,5169400
2023-02-03,321.90625,324.4607622731112,320.9376068600224,321.7068064238473,6504300
2023-02-06,321.4315185546875,322.4571085826789,319.73166879651865,320.64330759700823,2708400
2023-02-07,324.3183288574219,325.0685462950955,319.25680275775784,319.9785323930119,4969600
2023-02-08,322.3241882324219,324.2614171395663,321.77338530316376,323.2263214737601,2769500
2023-02-09,320.10205078125,325.3060463458201,319.1334362444724,324.5368464823981,3094700
2023-02-10,321.6689758300781,321.93487172843044,319.0289990605518,319.77918774989763,2523900
2023-02-13,325.29644775390625,325.3059533481748,321.81131435284215,321.81131435284215,2653900
2023-02-14,323.9574279785156,326.22703306351445,321.3649225569649,324.31826374322634,3501100
2023-02-15,324.4512939453125,324.4607995396879,321.57390995521035,322.36209181566346,1967700
2023-02-16,320.3964233398437,323.7201360551058,320.3204365344289,321.450501176056,3229600
2023-02-17,321.7774658203125,321.91061707439985,318.72413078381027,319.33290516809643,3034200
2023-02-21,315.0810852050781,319.54216009972794,314.9384127834074,318.3817093568731,3142900
2023-02-22,314.3867492675781,316.2035224201238,313.36899983876054,315.55672133707105,2896400
2023-02-23,315.480712890625,316.50798373193334,311.9708248885351,315.65191985951463,5999600
2023-02-24,312.1038818359375,313.074112422275,310.4963713820661,311.82802911747274,3764700
2023-02-27,312.9980773925781,315.7755605130496,312.18006923715984,314.58657491880075,2887300
2023-02-28,310.6296081542969,312.8173299011389,310.5725391715422,312.8173299011389,3155300
2023-03-01,311.03857421875,311.818555591759,309.4215424969473,310.12544157823106,3317500
2023-03-02,314.3106994628906,315.03361194100256,310.8483597287405,311.5807933798696,3047500
2023-03-03,317.8966064453125,318.1058690145459,314.29162399655524,315.33790781476125,3033500
2023-03-06,318.3436279296875,319.7133411227584,317.86803387731453,318.29608013563313,2641700
2023-03-07,312.81719970703125,318.5719046487428,312.67452730952454,318.33410764358007,5009200
2023-03-08,312.4558410644531,313.4165505538854,310.658110239277,312.8648741021492,3169600
2023-03-09,307.3099060058594,314.31066705250913,306.6631049226476,313.62581030911906,4760900
2023-03-10,304.1234130859375,309.0125053305543,302.88685101139816,306.7962496008658,7741600
2023-03-13,303.2578430175781,307.3955176859183,301.2032729265135,301.2983975565368,6831600
2023-03-14,306.4634094238281,307.90920541962834,303.1532631634815,306.48242274278425,4760500
2023-03-15,303.9427185058594,304.19952889763414,299.59578099390313,301.4315674522079,6518000
2023-03-16,307.4715881347656,307.77597532793595,300.984477591631,302.15444953715155,6569900
2023-03-17,303.7597045898437,306.229834958718,302.48172376802546,305.8769633496236,5314900
2023-03-20,307.3837585449219,307.81294392756985,304.55121069298355,304.55121069298355,4695000
2023-03-21,310.5502319335937,310.76005145063675,308.37575198661096,310.3595054396025,3527300
2023-03-22,305.3620300292969,312.40048753505283,305.24758829834497,310.5788790368113,4378700
2023-03-23,305.9914245605469,309.9779659148484,303.7597239587817,306.45873789912224,4772600
2023-03-24,307.4029235839844,307.5364291998435,303.1970164483939,304.6657528541272,4484900
2023-03-27,309.30084228515625,310.502538454652,308.3375760473721,309.5678826444646,3550900
2023-03-28,308.8239440917969,310.5787846787649,307.8988349073678,308.9956066360713,2536500
2023-03-29,311.94268798828125,312.0285483907484,310.23555034546433,311.4658280445449,2531700
2023-03-30,313.27789306640625,313.7261425404561,311.5993368903525,313.6593751686315,2487000
2023-03-31,317.2262268066406,317.4074358694034,314.26017265180093,314.3364574178628,2837300
2023-04-03,320.364013671875,320.68827490331466,318.07509202892464,318.1513768047619,3450700
2023-04-04,318.48516845703125,320.6978052123568,317.2357979411397,320.3639974863455,2449900
2023-04-05,319.3244323730469,319.92528043228947,318.3134918339201,318.54237524497825,2566600
2023-04-06,319.40069580078125,319.7917243386888,317.85567466894,318.876161650415,2333300
2023-04-10,320.4117431640625,320.4117431640625,317.99883287802965,318.5424602295432,2834200
2023-04-11,321.3082580566406,322.23336760898064,320.4594624022473,320.7455667564868,2343100
2023-04-12,321.0315856933594,323.3205363391477,320.41167368729856,322.939025161372,3363800
2023-04-13,324.61773681640625,324.8180099070904,320.51675163640795,321.4704718275918,3040900
2023-04-14,323.1583557128906,325.075341481532,321.6991658442092,324.2074531262072,3107900
2023-04-17,324.1883850097656,324.1979024143906,322.3476840290345,323.42539185305475,2226400
2023-04-18,324.0738830566406,324.4744580635613,322.26182177960266,324.2074177606842,2191100
2023-04-19,323.3014831542969,323.9118778297776,322.5385189151661,323.4159248796445,2854700
2023-04-20,322.3096008300781,323.16794278317053,321.260503285091,321.8136479332386,2179300
2023-04-21,322.6379089355469,323.0864026731309,321.39740921256754,322.7810681598806,2470100
2023-04-24,323.24859619140625,323.4012779896715,321.7790593640446,322.44703859132045,2288800
2023-04-25,319.985107421875,323.1818154582032,319.8610807529608,322.69517313272166,2745300
2023-04-26,317.71405029296875,321.0634111052694,317.1033230403881,320.2427791208271,3588400
2023-04-27,322.72369384765625,323.0862802648347,318.5536442788905,318.88763380733155,3066600
2023-04-28,325.42431640625,325.43386812060817,321.7027879416139,321.76003998560213,3651100
2023-05-01,324.7848205566406,326.91278432795707,324.68941993924665,325.4909773244024,2296200
2023-05-02,321.45465087890625,324.44142512843166,319.01180012527254,324.3841730889776,3275800
2023-05-03,318.8209533691406,322.7047152206801,318.64919724388847,321.7027753689633,3924100
2023-05-04,316.16815185546875,318.3247423837369,314.2978506418193,318.0289304767186,3576800
2023-05-05,321.3211669921875,322.0559211286528,318.6588298902864,318.9641936045654,3542700
2023-05-08,320.83447265625,321.95094591698705,319.756177137364,321.74101201843325,1789900
2023-05-09,320.4048767089844,321.27323785114413,319.813253080958,320.06136458473753,1924900
2023-05-10,320.1376647949219,322.38968420300563,317.27494750874047,321.96026496165194,3365500
2023-05-11,318.0765686035156,318.59186597220315,316.3016975084737,318.467810205568,2744700
2023-05-12,317.9525146484375,319.1453136542899,316.1489885734754,319.1166876429922,2636400
2023-05-15,318.4964599609375,318.9640570485776,316.67385929305857,318.24837753024644,2171000
2023-05-16,315.2330017089844,317.8285341249446,315.166197959787,317.4849927869841,2265200
2023-05-17,319.2980041503906,319.8324049597448,315.7482618444108,316.9410609916588,3068800
2023-05-18,320.6816711425781,321.0442867521358,317.52314124827666,318.6205106680455,3553500
2023-05-19,319.587646484375,321.7489056386025,318.6600292458377,321.28029623167487,3706700
2023-05-22,318.3540344238281,320.5057213886418,317.512481074797,319.52072807878085,2555100
2023-05-23,316.1640625,318.54528240117645,315.6572218883822,317.2638368771639,2526200
2023-05-24,313.6777038574219,315.8102459514397,313.1708632269915,315.5807420234323,2978300
2023-05-25,313.4290466308594,314.3662362849634,311.5833844969931,313.7350713159693,3499900
2023-05-26,316.3840637207031,317.1299807386658,313.59166839566296,313.7924843509273,3580000
2023-05-30,316.0780639648437,316.84312582839,314.5479986060033,316.2023883416779,3474500
2023-05-31,315.1217041015625,315.74332587837824,313.38125067884124,315.0547849121616,3067600
2023-06-01,316.4797058105469,317.4742715805028,313.0178849932646,314.53840705026363,3081300
2023-06-02,323.2981872558594,323.70939159106103,318.5548912586752,318.67921563539335,5584700
2023-06-05,321.4429016113281,323.6902248783532,321.2803168711087,323.4320037723648,3415600
2023-06-06,321.4811706542969,322.02624250403227,319.85543994479536,321.3472739017892,2824900
2023-06-07,322.4374389648437,322.77212243945854,321.25160066487666,321.83496201594704,2739000
2023-06-08,324.0058288574219,324.43617795923643,322.03584207655365,322.4948791728808,2700300
2023-06-09,324.4457092285156,325.3924713808421,323.53723664629644,323.7763129864789,3162300
2023-06-12,326.2627258300781,326.387021017288,324.4074910212186,324.8951869295221,2035500
2023-06-13,327.6492919921875,328.6151696097476,326.6738711675649,326.80773872351574,3259300
2023-06-14,325.5453491210937,327.094558495387,323.55621845021216,326.47296610477827,3766000
2023-06-15,329.705322265625,330.47992711697685,325.3158850465918,325.47846976616387,4722500
2023-06-16,328.70477294921875,331.3692979091894,328.4843160127974,331.00507742725785,5576800
2023-06-20,326.31817626953125,327.42040243542533,324.9188290306559,327.1232813624441,3387200
2023-06-21,325.3309326171875,326.74946770499787,324.6120857128836,325.5130428396076,3050700
2023-06-22,325.2445983886719,325.8100876444004,324.1902839924202,324.8612193127481,2605500
2023-06-23,323.1552124023437,324.1424275841048,322.2542553335575,323.1168657132593,3721600
2023-06-26,323.1361694335937,324.03709757514844,321.9955963368831,322.8102663345644,2301900
2023-06-27,325.1392517089844,325.5417895880527,323.09772185813034,323.09772185813034,1778800
2023-06-28,324.5641174316406,324.86123842670946,323.4139508862482,324.6599695187484,2305000
2023-06-29,326.98907470703125,327.2095316151816,324.06574649006654,324.3533027941697,2902700
2023-06-30,329.5672912597656,330.2669500688047,328.5225707880913,328.9634552876167,3027500
2023-07-03,329.7781677246094,330.2190522422817,328.5417430283628,328.7526059281106,1698400
2023-07-05,328.5704345703125,329.4617974238023,328.033698061763,328.1583028315952,2717000
2023-07-06,325.1392517089844,326.7111150343189,323.67280522104,326.1072789657615,3742400
2023-07-07,323.4140014648437,326.2606363224214,323.1839798197724,323.9315794162092,2852200
2023-07-10,325.4746398925781,325.54173927870494,323.16477131261644,323.3851989385325,2560200
2023-07-11,328.4076232910156,328.67599163593184,325.8293566827338,326.58652103984565,2477100
2023-07-12,329.3564147949219,331.5321137517746,328.8963423470193,330.5832454060464,4140200
2023-07-13,329.634521484375,330.5546375333652,329.4236585096104,330.0370594589499,2472300
2023-07-14,330.8325500488281,331.55139700216745,330.1999612198946,331.3500987952631,3293400
2023-07-17,331.4842834472656,332.2989824762584,329.9219847887167,330.2478585503226,2860000
2023-07-18,335.05938720703125,335.3756962868934,330.9092564694466,331.2926357102227,4617200
2023-07-19,336.1231689453125,337.81007206681056,335.8452066696224,335.8452066696224,5864300
2023-07-20,337.7909851074219,339.1903616379992,336.75585831421506,336.8517104293169,4561300
2023-07-21,337.7698059082031,338.90164517807324,337.3573311978183,338.4124480054133,2971700
2023-07-24,339.62115478515625,340.1007508364453,338.1439907509644,338.3166383040957,3073700
2023-07-25,339.86083984375,340.6857307271144,339.1222434360477,339.3620413819853,2548700
2023-07-26,340.7529296875,341.7408961945231,338.7098462137012,338.7290487863244,3084700
2023-07-27,338.3741760253906,341.81767204432447,337.6739845484497,341.33807600928264,4771000
2023-07-28,340.0144958496094,341.0408093601185,339.00732637480587,340.0432704476194,3219000
2023-07-31,341.05987548828125,341.0886500747791,339.7361859649518,340.10068357540064,2201400
2023-08-01,341.6641540527344,342.1437499852777,340.6474130175196,340.7720833713222,2581900
2023-08-02,338.3453674316406,340.7050007629089,337.7410718046625,340.0143813709648,5061000
2023-08-03,337.6259765625,338.96886875581055,336.79148422125627,337.25190691086704,3307000
2023-08-04,336.3407592773437,340.4748755658752,335.90914032475297,338.70996532453535,4269400
2023-08-07,340.1486511230469,340.3884491151276,337.5204744969517,337.67394872454923,2390800
2023-08-08,338.6138610839844,338.9304107539561,335.64039007642697,338.0383694516888,3033600
2023-08-09,336.9447937011719,339.2468474791983,336.2350013482659,338.4699046950169,2873300
2023-08-10,337.53009033203125,341.3956329600965,336.8586442163782,338.7386523591028,4133500
2023-08-11,338.5947570800781,339.2853764523765,336.3022742775129,336.85862199886685,2602600
2023-08-14,338.7962951660156,339.0744691219144,337.4150559486066,338.33590160836275,3134100
2023-08-15,335.3430480957031,337.65470396320035,334.93060262618854,337.31901023400286,2818700
2023-08-16,333.578125,337.1750942850662,333.52057583321584,335.04568729741857,3586800
2023-08-17,330.97882080078125,335.06498847829346,330.74862406589705,334.71009208794044,4804100
2023-08-18,331.5263977050781,332.285289368151,329.1825021579183,329.44188615123034,3525400
2023-08-21,331.09405517578125,332.1026857578321,328.9998993416592,331.6992159356858,3176500
2023-08-22,329.4513244628906,331.5454798929888,329.07670120760645,331.20925999199073,2816000
2023-08-23,331.2477111816406,331.79526687243515,329.7299576331074,329.99892772964023,2605400
2023-08-24,327.59747314453125,333.30351014198726,327.5398387761164,330.75789448517065,3840800
2023-08-25,329.9701232910156,330.9787538630679,326.9442022593158,328.97107890152046,3868500
2023-08-28,332.0931091308594,333.01531759926803,330.9307770193477,331.6128032135599,2382700
2023-08-29,334.8885498046875,335.01343405482345,331.7953780007922,331.9490794382248,3107700
2023-08-30,335.6377258300781,336.91535582191653,334.7923828342392,335.3495540431071,2792900
2023-08-31,334.1103820800781,337.44370614150665,334.04313221950105,337.0978999709019,2901400
2023-09-01,335.2343139648437,336.55993361369104,334.05275090624474,336.14687757856734,2533200
2023-09-05,333.31304931640625,335.5224444411736,333.2361839657556,335.3303103800887,1906900
2023-09-06,331.4110107421875,332.8615436774233,329.9316606308131,332.8039093251461,2748400
2023-09-07,332.0738220214844,332.6021466683832,330.7866060121248,330.8922592152889,2378600
2023-09-08,332.8615417480469,333.3706647339042,331.87211295230367,332.15066921484856,1665900
2023-09-11,333.6876220703125,334.85956930807544,332.86151022699863,334.31201370092793,1722900
2023-09-12,333.53399658203125,335.54167161608524,332.7174707336921,332.9864701658667,1813800
2023-09-13,332.9000244140625,334.7828447445574,332.1987965265179,333.8702517621468,2025200
2023-09-14,336.1565246582031,336.8193492026695,334.03358060527853,334.92694262067306,3489400
2023-09-15,333.3855285644531,335.99566288993407,332.86541812775323,335.4274065987378,3581700
2023-09-18,333.3951416015625,334.3390413771484,332.5860972480919,333.52035609550563,2122800
2023-09-19,332.3548278808594,333.0675508696996,330.34184396916686,332.7400827560956,2740900
2023-09-20,331.63250732421875,334.8494315122616,331.51693378584434,333.28912995807394,3411400
2023-09-21,328.0303649902344,330.9872493134196,327.9244323563773,330.52495506666463,3483700
2023-09-22,327.0672302246094,328.8490677771788,326.81683062529,328.1363445133807,3376400
2023-09-25,327.4524841308594,327.5391642986712,325.246857439631,326.24854392279804,3104700
2023-09-26,323.6576232910156,326.2581161916127,323.18565879896846,325.4201786105403,4657300
2023-09-27,323.0701599121094,324.726782997567,320.66227922935553,324.4667424653365,4442200
2023-09-28,324.2161865234375,325.2275136500592,322.2417368938944,322.96410081588283,4053600
2023-09-29,322.6078491210937,326.34485505928,321.60616257827485,326.296709205319,3786500
2023-10-02,321.7795715332031,322.6752961823161,319.84362586511963,321.9722137642948,4192600
2023-10-03,317.8209533691406,321.5772408321587,316.91558800714773,320.57555437766365,4871100
2023-10-04,318.7937316894531,319.2464143912486,316.50142479070473,317.9654349206332,4877100
2023-10-05,318.96710205078125,319.525717350123,317.25269244464056,318.6299929285424,3172200
2023-10-06,321.7891845703125,323.2724473205328,316.376273426909,318.1773634984961,4491300
2023-10-09,323.7057800292969,323.9851023634098,320.3347477389948,320.68149777325027,3756300
2023-10-10,325.0157470703125,326.51826226839506,323.6480579063785,324.7749590014778,3769400
2023-10-11,325.57427978515625,326.3544305786338,323.7731901905088,325.7283876372473,2773900
2023-10-12,323.87921142578125,326.28709216155374,322.2418701613012,326.28709216155374,3315000
2023-10-13,324.2740783691406,327.0961072845394,323.1568182805746,325.04461777146514,5154600
2023-10-16,327.3658447265625,328.3482494771636,325.94036876121226,326.2870894756332,3969300
2023-10-17,327.46209716796875,328.93571881367546,325.8054742583512,325.8632610371576,3777800
2023-10-18,324.2259216308594,327.4428463707478,323.6191310572356,327.2213107888159,4141200
2023-10-19,321.80828857421875,326.1424718609032,321.4615680199536,324.2835958611711,5201800
2023-10-20,319.1649475097656,322.0945775122319,319.1071283802686,321.2754339649881,3960800
2023-10-23,317.3629455566406,320.2636374641446,316.93891887210543,317.921873781054,3898300
2023-10-24,319.4059753417969,320.62023627941795,317.8737090874131,318.9819486464224,3583900
2023-10-25,318.35552978515625,320.6105646272354,317.8543913250049,320.1576283933862,3836300
2023-10-26,315.9173889160156,319.00118440538387,315.4740696029823,318.17242374190505,4882600
2023-10-27,312.419189453125,315.9752138929365,311.4747610756363,315.9366579933666,4757300
2023-10-30,317.27618408203125,318.03747924243714,314.5200109170865,314.53930357046,4617200
2023-10-31,318.4807434082031,318.6734640418504,315.9365840040275,317.22792694662184,3645800
2023-11-01,320.6009216308594,321.25622487529034,318.11461018720814,318.904844375246,4546200
2023-11-02,326.1034851074219,326.2287402616604,322.26798347550806,322.6245445203513,5356300
2023-11-03,328.242919921875,329.21625766555906,327.06724462451234,327.7707205378832,4046900
2023-11-06,328.6573791503906,329.23559997057254,327.549139733936,328.4838923176632,2766000
2023-11-07,329.1392517089844,329.6500071029648,327.94425407418225,328.3586638315715,2793700
2023-11-08,328.7343444824219,330.1509717531575,327.5971959003408,329.67877246608634,2787900
2023-11-09,326.7974853515625,329.6307413637172,326.4698336956073,329.5922148697489,3940700
2023-11-10,330.55584716796875,330.835296541922,326.95162078130323,328.435713999342,3268600
2023-11-13,331.0955505371094,331.7990266264935,329.80420724242845,329.948755109457,2624500
2023-11-14,335.76953125,336.8295687697829,334.08307049274686,334.9021850472079,4815500
2023-11-15,337.5522766113281,338.04376878274,336.30913550998906,336.6078775801902,3149400
2023-11-16,337.311279296875,338.06295747055884,336.087401711764,336.887252695358,3848000
2023-11-17,337.4242858886719,338.18715134013166,336.7483541522739,337.7622664913988,2059200
2023-11-20,339.4425354003906,340.13779896287707,337.07672969276655,337.10569777999257,2904300
2023-11-21,338.7665405273437,339.14312559123294,338.3223239804257,339.04655549542224,1849500
2023-11-22,340.4466857910156,341.00677456259166,339.4231077950184,339.79972225891095,3486200
2023-11-24,341.6441345214844,341.7890043995734,340.9102666260304,341.02613895325703,1245100
2023-11-27,341.1806640625,341.9724976343711,340.65920909211445,341.4800107473927,2532400
2023-11-28,341.9434509277344,342.93809040953386,340.95850676442006,341.3447576440108,2759600
2023-11-29,342.4649963378906,343.89415738606715,342.19461770380974,342.7740089108576,2736300
2023-11-30,347.63116455078125,347.8049730604825,344.20314679908466,344.45419371230014,4094300
2023-12-01,350.57635498046875,350.7694951893939,347.4959543031804,347.6504605765088,5852500
2023-12-04,350.18048095703125,350.47982766390004,348.616115931029,348.7416541246952,4211000
2023-12-05,349.4754943847656,349.81347497338186,348.30707583406,349.42719460407494,5372700
2023-12-06,348.8092041015625,351.0591369931322,348.4325895767585,350.3445713438797,5583700
2023-12-07,349.398193359375,349.90998238416887,348.5291215490338,349.52373152057856,3295600
2023-12-08,350.6439514160156,351.1847086295237,348.9637436075482,349.33069231722686,2930400
2023-12-11,352.15997314453125,352.33378162692725,350.528035854242,351.107426931283,3673200
2023-12-12,353.8209228515625,354.0816356078257,351.9089408984582,352.8552807585103,3239600
2023-12-13,358.9677124023437,358.9677124023437,353.4249372966945,354.0043283336143,4304800
2023-12-14,360.5031433105469,360.8314875491974,358.50428660946744,359.9044499384032,5507000
2023-12-15,360.6319274902344,361.36746618303215,359.37376764545064,359.770569859462,6948400
2023-12-18,360.970703125,361.8320313142422,360.7577855610921,361.2707193011932,3403200
2023-12-19,363.409423828125,363.4674895490296,361.1060517823966,361.2221832242057,3749200
2023-12-20,358.8607177734375,364.2223453579877,358.67683315977393,362.60613369256913,4564700
2023-12-21,361.8415832519531,362.08353359599823,359.2091623273441,360.8834693407198,3837500
2023-12-22,361.7642517089844,363.2256416789518,360.58353249254566,361.6094294328613,3330700
2023-12-26,363.2642822265625,363.9804458524418,361.5512547479664,361.6480408005072,2217800
2023-12-27,364.435302734375,364.6579076950139,362.68358451552206,363.0223209217272,3061200
2023-12-28,364.8901977539063,365.5289502870339,364.39660953854445,364.39660953854445,2620400
2023-12-29,364.7352600097656,365.30625921504446,363.1867720703065,364.8127006509616,3364400
2024-01-02,364.9482116699219,365.6547172960248,362.7319382834775,362.7319382834775,5776300
2024-01-03,362.160888671875,364.0093925585466,361.8608726544783,363.477113697991,6393600
2024-01-04,362.48040771484375,365.0741088298836,362.3449013184808,362.770736371393,4251900
2024-01-05,362.57720947265625,364.135355888514,361.1932307233067,362.3739498693138,5381700
2024-01-08,364.7062683105469,364.832087215476,360.4769810076786,361.3770292022344,4604900
2024-01-09,363.0997314453125,363.5062210390834,361.7157824963246,362.73196217831867,3230900
2024-01-10,364.8127746582031,365.3160207882636,363.2062206794111,363.4578289769629,2718700
2024-01-11,365.0256958007813,365.9450894822651,362.19970249468673,365.6063530585785,4095700
2024-01-12,363.8062744140625,366.0709264359218,362.66427570418585,365.3257298950617,3816700
2024-01-16,361.6287231445313,363.4385072795401,360.0608893919559,362.8965407856859,4471600
2024-01-17,360.718994140625,361.7158285536353,359.3834232788335,359.78022545769613,4361000
2024-01-18,362.74169921875,363.2449453958079,359.40277203309427,360.2447841970559,3953400
2024-01-19,366.6180114746094,367.36363175062303,362.6090206837563,363.8872522012822,5218600
2024-01-22,368.04144287109375,369.01945800661576,367.08275457946456,367.6734644916552,5433400
2024-01-23,367.04400634765625,367.8283687957772,366.0175559945166,367.3538564067531,3110100
2024-01-24,366.1240539550781,368.5739823280832,365.9788071250078,368.1769546247272,3967200
2024-01-25,368.43853759765625,368.51599274605314,365.9595591243936,367.0731578870949,3539100
2024-01-26,369.0291137695313,370.0362077245901,367.9252082942761,367.9542576606842,3221000
2024-01-29,371.1789245605469,371.2757656504972,368.496600724258,368.9420342759274,2730900
2024-01-30,372.321533203125,372.7669962594248,370.3848298159904,370.7044024238468,2747900
2024-01-31,369.3002624511719,373.6094390959223,369.2712130838661,373.0187292250427,4476600
2024-02-01,372.9122924804688,372.9606982508572,368.9129947282087,369.32937891915645,3652500
2024-02-02,374.1905822753906,375.5075267733555,371.1112005430184,371.8374645225082,3344800
2024-02-05,371.44036865234375,373.7741000253145,370.0265833056431,373.7741000253145,3761600
2024-02-06,372.8927917480469,373.1736219644113,371.3628093433498,371.76952998607567,2507800
2024-02-07,374.4326171875,375.1879304370229,373.444879402295,374.1614798556649,2797600
2024-02-08,375.0910949707031,375.3912816800331,373.30933111309,375.2072924644111,2549800
2024-02-09,374.4810180664063,375.2363313060619,373.55140859108064,374.93614460515727,3526300
2024-02-12,375.8269653320313,377.0858402772,374.2098345367185,374.2582403011775,2412200
2024-02-13,370.7044067382813,372.9703461813909,368.4190813479556,372.8831980741654,5325300
2024-02-14,372.1279296875,372.3796810658502,369.97818746211135,371.8470993848281,3465200
2024-02-15,375.9625549316406,376.04001006639714,372.6992143666311,372.999401035405,3497200
2024-02-16,374.5581359863281,376.55608735950057,374.08290403397626,375.5086294894345,3772300
2024-02-20,374.0732421875,374.9267418311795,372.9578854434032,373.8986707872218,3295700
2024-02-21,374.4223937988281,374.5388043334925,371.77463870375067,373.3652274966138,3027600
2024-02-22,378.7771301269531,379.6791118677841,376.2263397343293,376.6627681903428,4990700
2024-02-23,379.4948120117188,381.00782310884665,379.14566926549,379.9700439491084,3451600
2024-02-26,378.9419250488281,380.5907334039454,378.4860801223003,379.6596566002452,1914100
2024-02-27,377.9236755371094,378.6898894933704,377.0410806453975,378.60257419337535,2370900
2024-02-28,377.865478515625,378.0012464051607,375.9257173626684,376.2554732068623,3313900
2024-02-29,378.2049255371094,379.3299609083599,376.7501047381695,378.92262765976346,3026900
2024-03-01,379.5238952636719,379.814847543014,377.1670930057981,378.1078781735387,3857500
2024-03-04,378.47650146484375,379.46576898030565,377.6230018365681,377.6230018365681,3048500
2024-03-05,374.5581359863281,377.56477132214377,373.3263984615945,377.2737894260569,4132400
2024-03-06,375.5183715820313,377.4096506315731,374.5000087697596,376.78891282715057,3039100
2024-03-07,376.7501525878906,377.9818903653394,376.14880171862654,377.351473858746,2965700
2024-03-08,376.3038635253906,378.6606952456241,376.032298214213,376.5463336103135,4256900
2024-03-11,376.7209777832031,376.9440313439452,373.8889138431177,375.2661571067708,3396000
2024-03-12,379.01959228515625,379.6500086628693,376.1584330960858,377.5162598169453,3275800
2024-03-13,379.4366760253906,380.9593956168693,378.31161101758255,379.89252107511976,2788700
2024-03-14,378.32135009765625,380.5908672539408,376.15850560502895,380.3581053707552,4471900
2024-03-15,376.2436828613281,378.4408776869646,375.3103735058397,376.9631057322911,4372300
2024-03-18,376.9533996582031,378.0519673894401,376.7103481861883,377.5561625617008,2060600
2024-03-19,380.0352783203125,380.2199998138628,376.7006192220001,377.37144366292085,3303800
2024-03-20,384.01165771484375,384.2352757870386,379.0534306015465,379.3061839990559,4823900
2024-03-21,386.6949157714844,387.735183256371,384.8088338590367,385.2949368329795,4348400
2024-03-22,383.5643310546875,386.99621614478,383.5254345174992,386.7045662892794,3156100
2024-03-25,382.0283203125,383.19494959099967,381.9019287983877,382.9713612223729,2535600
2024-03-26,381.9310607910156,383.31157643504025,381.7171743246977,382.73797856386193,3395400
2024-03-27,386.5101623535156,386.5295957898952,383.5060497829247,384.0213177059833,4427300
2024-03-28,386.7046203613281,387.4823731976577,386.004630940884,386.9962702576095,3155000
2024-04-01,384.3421630859375,386.9865644424492,383.7588632545805,386.7629760635526,3825200
2024-04-02,380.7450256347656,381.24086016957096,379.4325416522272,381.0755721015121,4034900
2024-04-03,380.3853454589844,381.9992110489099,379.1506247973364,380.7936553817448,3547000
2024-04-04,375.29095458984375,383.28248920630136,374.8826446790884,383.0783342509237,5041200
2024-04-05,378.0519714355469,379.5978049231503,375.3492402245908,375.6117548055726,4423500
2024-04-08,378.2853393554688,379.2964418462862,377.7700713910911,378.2367112565677,2431300
2024-04-09,378.0325622558594,379.1408912925245,375.00901595892,378.7908817185461,4003900
2024-04-10,373.8229675292969,375.2423800918916,372.3840918567952,374.22157558051777,5173100
2024-04-11,373.8520812988281,375.3492570877803,371.3826698983628,374.75622570437145,3972800
2024-04-12,369.3118896484375,372.2868376443571,368.2813536587071,371.68407466953806,5305100
2024-04-15,366.8229675292969,373.1520367729509,366.1327097196513,372.6756357564248,4870700
2024-04-16,367.4743957519531,369.3701794501157,366.5605198349179,369.1854579560743,4383500
2024-04-17,366.9591064453125,369.62294095467166,365.6855191675263,368.6701685497994,4584900
2024-04-18,367.3383483886719,370.34246167019097,366.3758738461647,368.5147094594446,4579200
2024-04-19,369.4373779296875,370.63382882020585,367.6086975126522,368.3576778480615,5078600
2024-04-22,371.937255859375,373.95078425755065,369.4471063206848,371.3147333171645,4129000
2024-04-23,374.5149536132813,375.06940863556696,372.4625379241907,373.2212549128726,3126400
2024-04-24,373.9508666992188,374.95276279164193,372.569597193825,374.3691273712653,3575800
2024-04-25,370.5268859863281,371.1396719560152,367.1807415269443,369.4277124705808,4682800
2024-04-26,371.8789978027344,372.8808939504392,370.1475647605379,370.3615634369861,4252400
2024-04-29,373.3282165527344,373.5519518160084,371.6454376480673,372.647333478074,3265900
2024-04-30,367.8129577636719,372.3068991250116,367.7643041722958,372.0248032867892,3463600
2024-05-01,368.55224609375,373.0170073555672,367.6670712919407,368.0561516141284,5731600
2024-05-02,371.8011779785156,372.4626176106885,368.56201767946527,370.7506282710119,3535600
2024-05-03,376.21722412109375,377.40393841050326,374.5538886587409,376.5771538496649,4471100
2024-05-06,377.8514404296875,378.1335066206557,376.27561599824696,377.7249826341156,2596100
2024-05-07,378.1334838867188,379.11593622254645,377.7444035517631,378.5517741895997,2428600
2024-05-08,379.8260192871094,380.24427989397645,377.598492127514,377.74439353863903,2855100
2024-05-09,383.25,383.5029155905477,379.3688737123751,379.4661215380364,4141200
2024-05-10,384.3977966308594,385.098153146724,383.3472766995267,384.465893856621,3505600
2024-05-13,383.6974792480469,385.78881235241744,383.3181355092674,385.56510670914,2635800
2024-05-14,384.7868347167969,385.4385672483378,383.0651387433584,383.77523183773286,2702700
2024-05-15,388.3858947753906,388.5998934009559,386.10974376797407,386.4015465824152,3421200
2024-05-16,388.31781005859375,390.0589794006152,388.240005867213,388.84308482642376,2877200
2024-05-17,389.6174011230469,389.68557009594366,388.1464020916762,388.7990761566461,2702900
2024-05-20,387.8150939941406,390.3674015476654,387.5618015797993,389.441932902308,2094800
2024-05-21,388.47760009765625,388.7503651664774,387.4936837251545,388.0294924265564,1618300
2024-05-22,386.4123840332031,388.5458082670797,385.29209996356775,387.6690655051548,2647200
2024-05-23,380.5672912597656,386.8311648902966,380.1678800540295,386.8019411303234,3361200
2024-05-24,380.5478820800781,382.1162736752618,380.08027211342704,381.112884776766,2072200
2024-05-28,378.5605163574219,380.1386588649535,377.0213190440141,379.73924765651617,2176100
2024-05-29,374.64453125,375.7550941198693,374.313318568417,375.3556827225919,2715000
2024-05-30,371.6245422363281,372.5207575503838,370.58217836246695,371.5173686077482,4063400
2024-05-31,377.5182495117188,377.596169649105,371.419965672818,372.1116443895016,4748400
2024-06-03,376.2615356445313,377.8689319152007,373.0370513967443,377.84942958566086,3614300
2024-06-04,377.4987182617188,378.3462371215048,374.60544679570097,375.0535544066717,2822500
2024-06-05,378.4923706054688,378.9210056340207,375.9985102916175,378.5605692984565,2181400
2024-06-06,379.2716979980469,380.4991555784663,377.77150509882375,378.7651428315877,2241900
2024-06-07,378.4533996582031,381.5025412541874,377.8689243669016,378.8333383267094,1952000
2024-06-10,379.2327270507813,379.3008960112738,377.1869744653598,378.0052695536967,1380600
2024-06-11,377.9468383789063,378.17090705638543,374.9561443604569,377.6448495735681,2522600
2024-06-12,377.6741027832031,381.78508105124337,376.6999375986359,381.46358989200536,3866700
2024-06-13,376.8851013183594,377.6547002811836,374.65425430745165,376.8266537747695,3136100
2024-06-14,376.4757690429688,376.5537188853886,373.7188953827394,374.68330914631696,2884300
2024-06-17,378.54107666015625,379.154805454438,375.034105942822,375.2971198278738,2025300
2024-06-18,379.0866394042969,380.1095009165257,377.99554946764886,378.862570718089,1848700
2024-06-20,381.94091796875,382.9540282679587,378.34624637069487,378.6969315367688,3588000
2024-06-21,382.08148193359375,383.18475260425737,381.2222966397821,382.40369131656223,2592100
2024-06-24,384.65911865234375,386.231014507732,382.6283112046307,383.18483313174687,3096600
2024-06-25,381.7690734863281,384.7859653899065,380.5974814689004,384.2489894396997,2879100
2024-06-26,381.98388671875,382.4623143746033,379.8066639705086,380.861099812384,1501900
2024-06-27,382.2962646484375,383.1066447562628,380.9293925458384,381.3687283311861,1601100
2024-06-28,381.87646484375,384.9909966872789,379.9921328543837,382.1107772747986,3624400
2024-07-01,382.1986389160156,384.9617020730623,381.0270469821162,382.8039658845338,2536500
2024-07-02,383.98541259765625,383.98541259765625,381.44691837018127,381.5445584934654,1711600
2024-07-03,383.5362854003906,384.7371963817909,382.8626370595277,384.4150167405087,2319100
2024-07-05,384.3857421875,384.67863278153646,382.3842238096364,383.8877983820537,2011000
2024-07-08,384.1513977050781,387.3440541396168,383.48749249869473,385.0789342401609,3374500
2024-07-09,383.6437683105469,385.6940921513933,382.2085446015132,383.9171428362872,3821600
2024-07-10,387.8615112304688,388.0567616920882,383.3410444160225,383.6437079577791,4234300
2024-07-11,388.22271728515625,389.45291724242793,386.9339392152127,388.0957881091735,4020700
2024-07-12,390.8490905761719,393.1630154844328,388.7011270603783,389.4236103358806,4711800
2024-07-15,392.8408203125,394.0319583425516,391.9035406514115,392.94823338997793,4433500
2024-07-16,399.9681091308594,400.2902887533946,394.29556673767433,394.30530989281806,6547600
2024-07-17,402.1844482421875,402.5847519334813,398.894181325761,398.894181325761,4490600
2024-07-18,397.0976867675781,404.06875082494406,396.44352473606256,400.9639914531389,4922200
2024-07-19,393.6046752929688,396.64253293631015,392.6278675913456,395.9685332374058,4284500
2024-07-22,394.7767639160156,395.34332898641657,392.8915325058138,394.66932939461583,2314000
2024-07-23,394.132080078125,395.8903516042722,393.8683527636136,394.9135440263465,1693500
2024-07-24,389.4238586425781,393.2920079908805,388.84751598569295,392.4128872039662,3701300
2024-07-25,390.2247924804688,395.01117275749385,389.1307729233649,389.3847523954773,4179800
2024-07-26,396.5545654296875,398.166291938086,392.3933556943523,392.49104241209176,2810600
2024-07-29,396.1052551269531,397.56068889606007,394.5911854774629,397.4239215248356,2039000
2024-07-30,397.9611511230469,399.24076657603104,395.8805463577187,396.4568592112933,2576400
2024-07-31,399.0160827636719,402.4544642128847,397.0624677801824,398.0099722395668,5634800
2024-08-01,393.878173828125,401.3995751219752,391.6608013033572,400.1981207468644,5497900
2024-08-02,387.9196166992188,391.0942414789417,384.4324063252935,390.65466612398194,4844900
2024-08-05,377.8388671875,381.2479154669513,376.0024645099264,377.5555846953732,8680200
2024-08-06,380.9158630371094,385.3701030708051,377.3016929957145,378.5715308840802,4058000
2024-08-07,378.7767028808594,385.6339118643848,378.2980766573797,383.52400370097735,3969400
2024-08-08,385.3700866699219,385.9757323640845,380.21254422883607,380.4763013338196,2993500
2024-08-09,385.9855346679688,387.2944533341027,383.3188688774092,385.0380300606429,3380200
2024-08-12,384.6374816894531,386.8548538108607,383.5043814030095,386.7669447123175,1902000
2024-08-13,388.5643310546875,388.8964420850192,384.9306053330876,385.9074130022294,3510800
2024-08-14,390.81097412109375,391.582660521231,388.2908234681018,388.5154701522071,5230400
2024-08-15,396.4666442871094,396.7206237835593,393.82925203723744,395.3530693963368,3764100
2024-08-16,397.6270446777344,398.24293440016106,395.53500655500017,395.9553653124596,2789200
2024-08-19,399.9439697265625,400.14928620497056,398.1354424203877,398.23317807619486,2012400
2024-08-20,399.40631103515625,400.1786196324224,398.6437879371719,399.4649643631674,1999600
2024-08-21,399.8267211914063,400.8043165622912,398.458093638936,400.1493443707504,1439000
2024-08-22,398.3505554199219,401.3028825734583,396.9232447591483,400.5208182437581,2353500
2024-08-23,402.6029968261719,403.08203873588167,399.4062714311843,400.1199266296752,3818300
2024-08-26,403.4731750488281,405.2328348368932,402.42714080975287,403.3949805436483,3145000
2024-08-27,403.6393432617188,403.81530325800526,402.14359379175966,403.05278010692246,1710200
2024-08-28,402.1239929199219,404.6559608255788,399.5529128540615,403.4144257021072,2732600
2024-08-29,404.6364440917969,406.9728811713322,402.08490503507386,405.0861295428578,5024800
2024-08-30,406.8848876953125,407.2172664815012,402.8865269284339,405.22299376436905,2283800
2024-09-03,401.0584716796875,405.87800934681945,399.4649865678503,404.9101995469992,3754700
2024-09-04,401.2246398925781,403.30689263297006,400.06129920400673,400.7847101138,2131200
2024-09-05,399.3084716796875,402.436787819523,396.884055013457,402.1239502387727,2234700
2024-09-06,395.4080200195313,401.7917169074565,394.73347679422,399.7974139007168,3351000
2024-09-09,399.8853149414063,401.6841164095832,397.0111825925617,398.2331766240827,3038200
2024-09-10,399.1129760742188,400.941074096588,395.89667991426126,400.9117474376025,1970500
2024-09-11,400.1004028320313,400.7456192861303,391.8299552546516,398.02790564641344,3134600
2024-09-12,402.7399597167969,402.7692863841022,398.3505661183241,400.5208290004465,3131600
2024-09-13,405.6434020996094,406.9827029067767,403.1114338156504,403.3460471442516,5210300
2024-09-16,408.0286865234375,409.1724561925666,406.3374360989693,407.11953015385535,3881100
2024-09-17,407.911376953125,410.0913951247617,406.4938519995566,408.9182988015883,2561700
2024-09-18,406.86529541015625,411.5675253198593,406.239620243824,408.145942567794,3173600
2024-09-19,411.9683532714844,413.3076537805208,409.98383641857976,412.5255896367117,4073000
2024-09-20,412.3684692382813,413.0842143537912,410.3388291385723,411.2016730411996,2902200
2024-09-23,412.8979187011719,413.47643944177474,411.8095791761276,412.9077332663378,2318700
2024-09-24,413.8980102539063,414.4078589157478,412.1821371589685,413.44698913295207,2790700
2024-09-25,410.94671630859375,414.6922294896663,410.2211566587092,414.2019800132679,2048000
2024-09-26,413.3979797363281,413.8882292317552,412.0056879258898,413.0253853322108,2703700
2024-09-27,414.7020568847656,417.8886785799454,414.0058810625746,414.34906169116175,3667700
2024-09-30,414.8687744140625,415.0452570706767,410.9075496716821,414.18244299752126,3819800
2024-10-01,413.2803649902344,414.8981824985872,411.1134703871977,414.1824373157622,5101300
2024-10-02,413.6823425292969,414.26083335678095,411.39776307042297,413.603885851613,2599600
2024-10-03,411.78997802734375,412.90773132016267,410.12311776955306,412.1429433021957,2534400
2024-10-04,415.153076171875,415.3491580141471,411.4762050016631,414.1333488557157,2520900
2024-10-07,411.4271240234375,414.6823875129268,410.1034744626226,413.878371243393,2632600
2024-10-08,412.5939636230469,413.0646139110149,410.5447243216612,412.30964045970063,1872900
2024-10-09,416.7610473632813,417.3591672546647,411.8389536350747,412.6821982525681,3935100
2024-10-10,416.3787231445313,416.78073133894907,414.790319497901,416.7120892252167,2179000
2024-10-11,420.369384765625,420.7027508648464,416.72192696140746,416.9866509430798,3753500
2024-10-14,422.48724365234375,423.00690694411657,418.85938525301634,419.96735395041736,2180600
2024-10-15,419.20257568359375,421.74206465340967,418.7025115887704,420.95764745344593,3291200
2024-10-16,422.3205261230469,422.6734913966297,418.5946419304403,418.849551320543,2583700
2024-10-17,424.016845703125,424.4482676988248,422.7912218340819,424.1050870310012,3462800
2024-10-18,424.3492431640625,424.8985093718036,422.0834826411764,423.97652039464606,2303700
2024-10-21,421.1419372558594,424.7416218688683,420.5436411113311,424.1432957915732,2702600
2024-10-22,421.0831298828125,422.1718745173549,418.9743363203309,419.44514885591263,2306100
2024-10-23,417.0126037597656,419.56278558702894,414.8155387677925,418.84676390211087,4006500
2024-10-24,415.65911865234375,416.5320779836544,413.8543820948512,416.1887790338944,1936600
2024-10-25,413.0696716308594,417.8365246571066,412.4124977291737,417.2970763284261,2518800
2024-10-28,415.9434814453125,416.67910906739394,415.15879402210015,415.4334271370333,2912000
2024-10-29,414.4036865234375,416.8263554265778,413.67787662730416,414.1388712747122,2697700
2024-10-30,413.66796875,416.51238981590654,413.37372964871446,413.93278394115697,2933600
2024-10-31,409.6662292480469,411.8829006560037,409.0286612109193,411.1963326716096,4297100
2024-11-01,412.3634338378906,415.1882187688708,411.2746893899719,411.6278062143223,3856400
2024-11-04,410.0388488769531,412.2457318739933,408.45971585568776,411.7945552868841,3125400
2024-11-05,414.2074890136719,414.5213640647306,409.7054503855493,410.254716758516,3093100
2024-11-06,428.8513488769531,429.4006151723498,425.3987836684387,426.33059074068393,7271800
2024-11-07,429.00830078125,429.8518062157925,428.06667572944593,429.14560239332405,4267900
2024-11-08,431.6761169433594,433.2356739669432,429.0180573055092,429.9008045356061,5014300
2024-11-11,434.52056884765625,436.3449111315628,433.35337053075256,433.4122183507,4065100
2024-11-12,430.9699401855469,435.7073692457221,430.6364292984592,435.079619261518,3483000
2024-11-13,431.3818359375,433.0884824120791,430.0380942941577,431.47992560526336,2631000
2024-11-14,429.3122863769531,432.4901880826095,428.7237783007446,432.14688921042415,2528300
2024-11-15,426.442626953125,428.4054937104784,425.4709875415756,427.7479201683383,3486900
2024-11-18,426.1285705566406,427.2473890586993,425.1471371561464,426.1089526709801,2243000
2024-11-19,424.8036804199219,426.0599141251681,421.6631111322933,422.7328700730053,3202500
2024-11-20,426.2267150878906,426.8351989971906,422.9192893576197,425.5004340130424,3956000
2024-11-21,430.81976318359375,432.3606206037717,425.5789131225559,427.7674901432619,7558000
2024-11-22,434.93206787109375,435.33445919504527,431.1633668735877,431.42834313283583,5492800
2024-11-25,439.2503356933594,440.0747361657258,437.1304359282866,438.31796197111527,2976100
2024-11-26,440.54583740234375,440.98746446979936,436.4041871809245,438.2689046846693,4126500
2024-11-27,439.427001953125,442.2731829100578,439.06387636990894,440.8402685128109,2985900
2024-11-29,441.7333068847656,442.9012148985414,439.9176493040327,439.9765329054863,3474100
2024-12-02,440.4084167480469,442.6264658285271,439.6134580857629,442.2436924239611,2661200
2024-12-03,439.5741882324219,441.25243083923766,438.3179248180004,440.8107738606696,1697400
2024-12-04,442.5675964355469,443.1662564555946,440.4476966177082,441.4978375834333,3694400
2024-12-05,440.3396911621094,443.0975163344768,440.025625318396,442.1160830360979,1917600
2024-12-06,438.8479309082031,441.6057563164071,438.4848053489048,441.1444814286842,1973900
2024-12-09,436.81634521484375,439.95694393662274,436.5415450730108,439.33863612975625,1998600
2024-12-10,435.45220947265625,437.5230196740066,434.7259583045576,436.2569920892354,2461000
2024-12-11,434.294189453125,436.48276720006686,434.1665982936936,435.8644592434232,2084300
2024-12-12,432.09564208984375,434.8927330748946,431.8797255588687,434.2744252838765,3585300
2024-12-13,431.21240234375,433.332302151567,430.770775269812,432.67472857351953,2548400
2024-12-16,430.2309265136719,432.48824115602207,429.8187412852825,431.4871599851394,1987500
2024-12-17,427.48291015625,428.719495749001,426.36406181651097,428.0815700934677,3130300
2024-12-18,416.3436584472656,429.9070745817627,416.1081240267202,427.8853242694968,6135700
2024-12-19,416.6478576660156,421.0054237050778,416.5693561842067,419.57253954207846,4948000
2024-12-20,421.798583984375,425.282874107809,415.08586317707847,415.420510983637,6069600
2024-12-23,422.1430969238281,422.68443279611336,418.2946019751655,420.5780829621256,2602700
2024-12-24,425.6963195800781,425.8242793491896,421.5427034222128,422.1431230993888,1431700
2024-12-26,426.3951110839844,426.8478963936514,424.1411569864128,424.19035841517984,1867400
2024-12-27,423.235595703125,425.4895797279512,420.7060176081782,423.80645840641023,2429100
2024-12-30,419.0721130371094,420.9323954732356,415.8732394609662,418.7768444143115,3858300
2024-12-31,418.8064270019531,421.01117977886935,417.3694027839633,420.1942497887632,2442700
2025-01-02,417.1331481933594,422.2119793265883,414.95792233283504,421.6017374140206,4231500
2025-01-03,420.4402770996094,421.0406666680122,417.5268497728086,419.1508873350877,2203200
2025-01-06,420.4107971191406,424.33802057746783,419.3772967097095,422.1135631612202,3463300
2025-01-07,418.6390686035156,422.56632185167695,417.1921921515619,422.1529157064749,2053900
2025-01-08,419.426513671875,419.8497420924059,416.60166671797816,418.7178388581359,2020200
2025-01-10,412.7334289550781,417.65477302981134,412.2117676846564,417.6055716040642,3415500
2025-01-13,416.306396484375,416.5819905953644,411.9264175762413,412.1724848195354,2608100
2025-01-14,418.4619140625,418.8162664836602,414.9185400384124,418.196172274757,2643300
2025-01-15,425.4403991699219,426.4640472832114,423.72778081764295,424.7711034963306,4059800
2025-01-16,424.7710876464844,426.09985668013854,423.9836845348762,425.29274896636304,2532500
2025-01-17,428.04205322265625,429.6864127518005,427.3035743419617,427.8648255029974,2771000
2025-01-21,433.33935546875,433.6642729115035,429.6075676084899,429.6469615572044,2113800
2025-01-22,434.5012817382813,435.2102226694679,433.58557513306016,434.70804741231575,3724100
2025-01-23,438.538330078125,438.6072619895704,434.7376095815383,434.7376095815383,2352500
2025-01-24,437.2976379394531,438.63676190071146,436.52962112523113,437.9671848956914,2022000
2025-01-27,440.2515258789063,440.4386095827516,433.77261829182015,433.8710881436513,3822400
2025-01-28,441.5217895507813,442.8313456415676,439.3260346983908,440.3303852818662,2233500
2025-01-29,440.3106384277344,442.7033027775988,438.92229453306703,441.3248148835688,2225100
2025-01-30,441.9254760742188,443.1956381537968,439.4934176821012,439.6805014083244,2322600
2025-01-31,438.5482177734375,443.4418429616045,438.2035882400885,443.1169254322556,3085400
2025-02-03,437.44537353515625,439.05033923722647,431.96095945134095,432.8569541211591,4527700
2025-02-04,438.68597412109375,439.1487554016072,436.4606815745249,437.4059561360724,1890500
2025-02-05,441.77777099609375,441.9549987151801,436.5985628472751,438.8730753885647,2273400
2025-02-06,440.4878234863281,442.82144175271,438.54811467068737,442.44727435011424,1867200
2025-02-07,436.3130187988281,441.6005228752249,435.9979272588251,440.9014379354794,2259200
2025-02-10,437.9474792480469,439.41458089164513,436.2932938990365,438.9715116278639,1858100
2025-02-11,439.2570190429688,439.6804363889973,436.42128571232814,436.5295815121356,1436200
2025-02-12,436.8151550292969,437.9573392231561,434.29448303208346,435.544963030701,2444500
2025-02-13,440.3893737792969,440.9703068207103,436.88406353189407,438.4889988587927,2961500
2025-02-14,438.9420471191406,441.1574839550664,438.5088037339901,440.2319212730435,2005400
2025-02-18,439.0700073242188,439.14876518171104,436.81517677543394,438.4398242691525,2451200
2025-02-19,439.8085021972656,439.9364799642509,436.7364047651748,437.9475209657716,2239400
2025-02-20,435.5942077636719,438.7154947472201,433.21136955094886,438.429941189981,2960000
2025-02-21,428.11859130859375,433.2858153885021,427.329717297757,432.9998357697877,3842200
2025-02-24,428.49322509765625,430.83029469948406,427.329625648464,429.7751526137348,3629300
2025-02-25,430.0710144042969,431.4614294147021,426.63934990455584,429.4892146641033,2953100
2025-02-26,428.3058471679688,432.4277685181813,426.98446697839086,430.37667854616967,2427800
2025-02-27,426.3435668945313,432.65464862787366,426.09704002921626,428.40452787733153,3296900
2025-02-28,432.2799377441406,432.72369815431097,425.032041637571,427.0437093534707,3249900
2025-03-03,426.087158203125,434.5676881673296,423.5134322413478,433.4336706352023,3925200
2025-03-04,419.65771484375,425.101016616836,417.96160898716687,423.7106016332177,3586900
2025-03-05,424.48968505859375,425.6039913179371,418.5533289054978,419.3027501212379,3018300
2025-03-06,419.983154296875,424.1445289134671,418.1490088963352,420.2494225666128,2824100
2025-03-07,422.3103637695313,423.3556352036059,416.1176105157113,418.2081533838606,3719500
2025-03-10,413.6622009277344,420.1310633352791,410.83207738613487,417.5080440237558,3442800
2025-03-11,408.9781494140625,413.20855833769,406.5227517622993,412.6563406336276,3893400
2025-03-12,408.1992492675781,411.7689539314572,404.8563300896794,411.1674126523619,2960500
2025-03-13,403.10101318359375,408.43585824459353,401.5922699477555,407.60753157527176,2557200
2025-03-14,409.5895385742188,410.1319156783435,404.2152715187833,405.1224734374952,2422700
2025-03-17,413.3861083984375,414.9343043650057,409.07682352442015,409.1754402911745,2141000
2025-03-18,410.743408203125,412.8536929674394,409.11633663915,412.6071660609699,1844100
2025-03-19,414.5793151855469,416.620534774382,411.00958087061935,411.8083255126879,1813800
2025-03-20,414.2835083007813,417.2615724278984,411.8379807823289,412.1140896987224,1646500
2025-03-21,414.5809020996094,414.966233176924,409.21611660770026,411.0537659426121,2485700
2025-03-24,420.38031005859375,421.11144395197744,417.7127522644853,418.2660248507194,2474900
2025-03-25,420.7063903808594,421.71413047946703,419.2639016216939,421.2003859460567,3997600
2025-03-26,419.135498046875,422.9985470765113,418.0585913073238,421.210255349056,2442100
2025-03-27,417.8609619140625,419.9851367674893,416.3987242188326,418.5920656861295,1646000
2025-03-28,410.6288146972656,417.30764350726514,410.21387536177497,416.912453137386,2600600
2025-03-31,414.8377075195313,416.2999150495166,406.4990602309341,407.2499431146102,2985300
2025-04-01,414.55120849609375,416.22091597377664,410.0163326757157,413.3853861599298,2384800
2025-04-02,416.9619140625,418.56245494060863,411.18215966292047,411.3698803981157,2299800
2025-04-03,400.3537292480469,406.6669762963633,400.13637001384745,405.98529021979033,7440100
2025-04-04,378.6180114746094,391.8867268465255,378.0844877524489,390.1873806750258,8667200
2025-04-07,375.0118103027344,387.500002835456,361.9209274863086,366.92016032336153,12718200
2025-04-08,371.95892333984375,389.62417998072846,366.5743594491729,388.7547730855212,7283000
2025-04-09,401.2034301757813,402.8929167394919,367.57223336907,367.57223336907,9861100
2025-04-10,390.9283142089844,395.384163752498,379.6948601400328,394.8012526171603,6624200
2025-04-11,397.0835266113281,399.2373400815045,387.9742470046541,389.70323151670425,3789900
2025-04-14,400.5513610839844,402.962031605237,396.8858924302919,402.58662031785417,2286200
2025-04-15,398.8619384765625,403.12017834537,398.6841072881023,400.91697715799125,2387300
2025-04-16,392.0052490234375,399.4349619821643,389.3080524029426,397.4787285944169,3004400
2025-04-17,386.852294921875,389.87707754682594,385.0236273836583,386.9709380995029,4537500
2025-04-21,377.2244567871094,384.2229255123648,373.9921318430157,383.9856693441041,2881800
2025-04-22,387.35638427734375,388.1372933985375,380.7632271194522,381.62320151691,3308100
2025-04-23,391.3499145507813,399.09960985661263,390.3515380717415,394.69098855708194,4049200
2025-04-24,396.3614807128906,397.0533999390413,389.2641577878088,390.9544835461088,4010500
2025-04-25,396.4010009765625,396.7469756750376,392.5657165411777,395.2741472960727,1790800
2025-04-28,397.6365966796875,399.5147363924426,394.1274980573626,397.1720089874912,1534700
2025-04-29,400.542724609375,401.6399551564024,397.5674147343617,397.76509300601015,1888100
2025-04-30,401.6597595214844,403.083175969627,392.8326227812942,397.7947914041321,2487400
2025-05-01,402.7273254394531,406.1968765374005,402.3319085304248,403.84428469262616,1917600
2025-05-02,408.2825622558594,409.1029889393576,405.6037546539913,407.03706543972993,2277700
2025-05-05,407.5115966796875,409.6664801877015,405.7323109900552,406.0881801944123,3866000
2025-05-06,403.537841796875,406.99752845196775,402.81626931509993,403.7652034939962,1745600
2025-05-07,406.3154602050781,408.0453034759093,403.4488688180582,405.13916436762713,2420600
2025-05-08,409.1128845214844,412.938304563037,406.8294937964324,408.341869863234,2001000
2025-05-09,407.6697387695313,410.3880641298806,406.829523079481,409.66646144716447,1789200
2025-05-12,419.34368896484375,419.41285977190296,416.239841306782,418.088297640563,2398600
2025-05-13,416.655029296875,419.1064451848091,416.5660695428201,417.8115362656634,3018000
2025-05-14,415.70611572265625,417.7918285428536,414.7769401786561,417.2184920585581,3064800
2025-05-15,418.6023254394531,418.8000037196048,413.6697802506174,413.7192224452105,3927000
2025-05-16,421.9577941894531,422.1853289009943,417.95140815142383,419.17804877758016,2430300
2025-05-19,423.4317932128906,424.04511355447823,419.0692669970114,419.13852063274686,3121500
2025-05-20,422.3733520507813,423.5901210553234,420.45423517647913,422.798715536056,1971000
2025-05-21,414.2418212890625,419.99917157897306,413.58892309431707,418.5350940947835,3624800
2025-05-22,414.3110046386719,416.615906650678,412.87660321627664,413.3712202324092,2638600
2025-05-23,411.8478393554688,413.6680567532595,409.3747539866589,409.4835854411824,3117800
2025-05-27,419.2868957519531,419.2967675648002,414.67706104264,416.1708142526598,3126600
2025-05-28,416.883056640625,420.25631842758185,416.21035449454433,419.168185045482,1790900
2025-05-29,417.9118347167969,418.46580340467847,414.07360153002486,417.9118347167969,2751400
2025-05-30,418.2976379394531,419.7023334311385,414.9935997256661,417.6150640072157,2957500
2025-06-02,419.14837646484375,419.2868837310338,414.568217703445,416.7742206376885,2636100
2025-06-03,421.4236145019531,421.7797242753049,417.9217174521877,418.5152639301352,2332600
2025-06-04,420.36517333984375,422.5612744190407,420.2860176998733,421.7896729690002,2163300
2025-06-05,419.4055786132813,422.2249018093913,418.3075130743836,421.36427298078513,3018800
2025-06-06,423.7680969238281,425.45967873533846,421.9577816648017,423.17455044236,3081100
2025-06-09,423.7482604980469,425.09363443236776,421.8390461290505,423.9065415602626,2680200
2025-06-10,424.9848327636719,425.4695779847335,423.2635751486722,423.65926273741576,2022600
2025-06-11,424.9749755859375,427.4084830200867,423.5603780676782,425.2321559235117,3025000
2025-06-12,425.8553771972656,425.91472882802464,422.3732840402764,423.5900528488946,2587700
2025-06-13,418.2581176757813,422.3238860137358,417.06115272384767,421.522578522521,4826100
2025-06-16,421.6907348632813,423.5900777262052,420.30581308251936,420.4739659832026,3177100
2025-06-17,418.5548095703125,421.82920209012826,417.8128840236561,419.89028159209954,2450200
2025-06-18,418.2877197265625,421.6214336260669,417.6843014501897,419.1088008892995,2786700
2025-06-20,418.40576171875,420.7767383585781,417.3740243388266,420.0029428923536,3810500
2025-06-23,422.3342590332031,422.5723406303077,416.2827661495256,418.6438429037205,4315000
2025-06-24,427.3639526367188,428.29647927586814,424.278670600842,425.1219166394183,4958200
2025-06-25,426.44134521484375,427.48301281850223,425.10210587065694,427.32428165199593,3265500
2025-06-26,430.4789733886719,430.7369153121768,427.3738612475496,427.3937215646645,2444800
2025-06-27,434.51666259765625,436.06425376847966,431.6397318454783,431.6893220942714,3621000
2025-06-30,437.14556884765625,437.75073334967647,435.1714047149966,436.947177583374,2827800
2025-07-01,441.3518676757813,442.42326526853424,436.5007426179278,436.6892339969575,4520300
2025-07-02,441.1732482910156,441.8577631979281,439.84390883733937,441.1434880896226,3141700
2025-07-03,444.5263977050781,445.2902631011312,442.0264498203697,442.1256605889823,2807100
2025-07-07,440.4689025878906,444.2783597340443,438.0483052958231,443.8220265551747,3657500
2025-07-08,438.86181640625,440.845910676164,438.5344238977837,440.1613957310536,3563200
2025-07-09,440.9847717285156,442.0561995643806,438.76259588357385,440.8558310347335,3251900
2025-07-10,442.9490356445313,444.24861493966176,440.1713158400252,440.84590061042303,2262600
2025-07-11,440.0423583984375,440.9252646125952,439.2388026347584,440.14156916769286,3345500
2025-07-14,441.0443420410156,441.2229335504524,438.96106708808105,439.5860314090342,2244700
2025-07-15,436.6495361328125,441.6296320775906,436.63963624847526,441.04429763179047,3810700
2025-07-16,438.8419494628906,439.0899612428859,434.1595161204604,438.3459259029001,4230300
2025-07-17,441.67919921875,442.0660818344315,438.4649763889766,438.5343966752085,3790800
2025-07-18,439.9136657714844,442.4146303978544,438.7822575416003,442.3650199823777,3901900
2025-07-21,440.0923156738281,442.642921095953,439.79459259572366,440.8465878546128,2548800
2025-07-22,441.600830078125,442.087151488979,439.4968395587749,439.5166776682667,3091600
2025-07-23,446.8111877441406,446.8508942495842,442.9803428665482,443.8735423722966,5486500
2025-07-24,443.7345886230469,445.739358288401,443.37732093250247,443.6353677893555,5078300
2025-07-25,445.6301574707031,446.0172277425208,443.0398759427741,444.1514157687293,3710600
2025-07-28,444.9552917480469,446.0866999530607,444.0025476666377,445.272883204246,2864200
2025-07-29,443.109375,445.4614781833207,442.285624003606,445.2431378298754,3146200
2025-07-30,441.4023742675781,444.0025902040457,439.26858107515386,443.33763492187234,3765000
2025-07-31,437.9981994628906,442.8314592101664,437.1744788110169,441.9084571560482,4223300
2025-08-01,432.4305725097656,434.4551801948247,430.12807987085046,434.4452459970192,5980000
2025-08-04,438.474609375,438.5639262970249,434.28646651486827,434.5742856772972,5065800
2025-08-05,437.8096618652344,439.655605399717,435.894209234282,438.4646525930141,4081600
2025-08-06,438.6333618164063,439.6059742388848,436.807256476248,438.77228914122514,2975300
2025-08-07,436.4004211425781,441.65049380346,434.6735666238907,440.91605969332153,5205100
2025-08-08,438.5838012695313,439.53654540593885,436.98593998573256,437.4821653069934,3684500
2025-08-11,436.6882019042969,439.5265961065372,435.91409164121416,438.9906642975757,3538100
2025-08-12,441.3229064941406,441.7893594674988,437.8096533285281,438.3554890200976,5012600
2025-08-13,446.0271301269531,446.25537436485314,442.682546402556,443.0696166467653,6203200
2025-08-14,445.7691040039063,446.2454911834034,443.60556901883416,444.3598108607197,4553200
2025-08-15,446.4007263183594,448.9031731607774,445.8446270200443,448.7542234032178,5584400
2025-08-18,445.9240112304688,446.83762015872543,445.5069519519114,446.22194102028834,3809100
2025-08-19,446.1623840332031,449.0024602834756,445.0898852229984,446.7184833032584,5794900
2025-08-20,446.2319030761719,447.3838317271251,444.5536953756684,446.6589327944266,4731400
2025-08-21,444.8316650390625,445.943863452362,442.7760678081605,444.6032552450288,3780700
2025-08-22,453.461181640625,454.6825997793391,447.15538018049176,447.284480053232,8534700
2025-08-25,449.9161071777344,453.0143834592054,449.8763771393427,452.4682242281648,3898200
2025-08-26,451.3261413574219,451.58434111265575,449.3897341085743,449.6379937793344,3190500
2025-08-27,452.8554382324219,453.4612075995422,451.04810052086447,451.1176205032635,2943900
2025-08-28,453.6101684570313,454.0173179715968,451.6240910036212,453.3519686904441,3576500
2025-08-29,452.9150695800781,453.6598486914652,451.1176717490085,452.94485953232805,3605900
2025-09-02,450.4522399902344,450.54164013576633,447.02627488777966,448.8435222528045,6009200
2025-09-03,450.104736328125,450.5813755146288,447.3937297343391,449.72737676871856,3948200
2025-09-04,453.8683471679688,454.0769071245257,449.4096128918414,450.3927115536704,4524200
2025-09-05,451.82269287109375,455.47709851679866,449.8267055835498,453.9378702654034,5828200
2025-09-08,453.0242919921875,453.1136618434893,450.47217511951067,452.2099929401436,4395200
2025-09-09,454.8216857910156,455.3579048942013,452.05109920400616,452.7859381784634,5979400
2025-09-10,452.7561340332031,454.712421513857,451.5446255887606,454.5237417336059,5412200
2025-09-11,458.7044372558594,459.10164666410975,453.4214642412368,453.6697239095352,6352100
2025-09-12,456.1225891113281,458.4760862196519,455.87432941120727,458.039146723028,3784600
2025-09-15,456.8673400878906,457.7014889923316,455.6359514435981,456.8077601879404,4862200
2025-09-16,455.5863037109375,457.5922310197219,454.5932649888416,456.9070318770648,4526100
2025-09-17,458.0490417480469,460.62100835166495,454.7719958457475,456.5892736427354,5998000
2025-09-18,459.4095458984375,461.1374237165752,457.45325824594977,458.0788775401415,6681000
2025-09-19,461.0307922363281,461.86732434651736,458.96932182636857,460.8116983223461,5871400
2025-09-22,461.7577819824219,462.3752201644514,458.2622479233399,459.2581238018959,4074900
2025-09-23,460.9610900878906,465.0740625702992,460.1245579478329,462.30552868115984,5904600
2025-09-24,459.1187133789063,462.5047158769345,458.89961945717175,461.5387150027034,4588800
2025-09-25,457.5352478027344,459.17843692476833,455.8223400751565,458.0033106815412,4767200
2025-09-26,460.3735046386719,461.4988492556419,458.4215964063909,459.3676602656773,4167200
2025-09-29,461.1304016113281,461.8673400781317,459.4075253021634,461.8474335004446,3752700
2025-09-30,461.8274536132813,462.1760162366039,458.939419747514,460.7120775320237,4253300
2025-10-01,462.3453674316406,463.2217431097676,460.6423977150306,460.6623346842653,4551600
2025-10-02,463.1918029785156,463.8490846879027,460.7120818321565,462.3951144535296,5458300
2025-10-03,465.5819396972656,468.440098593696,463.75946982802,463.86903197788206,9693900
2025-10-06,464.9147033691406,466.5379859553107,462.3154818477669,466.3886106480572,7405400
2025-10-07,464.0483093261719,466.67740598338986,462.4748387257101,465.6217799266337,7368700
2025-10-08,464.14788818359375,466.1993901070366,463.012575069136,465.3927330590673,4621200
2025-10-09,461.5884704589844,464.85494213027454,460.7021263376071,464.2474724313962,5411000
2025-10-10,452.9940490722656,464.576090225009,452.844673771116,463.201776670993,9309100
2025-10-13,458.7801208496094,459.6564965396843,456.170930748891,456.3402430310872,6272500
2025-10-14,460.8017578125,463.3014162021737,452.6853748015104,455.1451896430265,7827400
2025-10-15,460.8017578125,465.0143240722787,458.3519114559538,462.7536965798279,6187100
2025-10-16,457.6647033691406,462.3552701147475,455.95179569081887,461.45898792774966,8149500
2025-10-17,460.0307312011719,461.3556796548608,457.1815797524693,457.5601147378271,8439900
2025-10-20,465.2508850097656,465.75896282314096,461.67448782618266,461.6944315220643,4556600
2025-10-21,467.4425964355469,469.46490558197473,465.1413491448523,465.30074671328725,5951600
2025-10-22,464.0155944824219,467.4624792695312,462.72053112599787,467.4325941275207,7604700
2025-10-23,465.5198669433594,466.1972837384196,463.0990489225239,463.786437565209,5144200
2025-10-24,470.4212341308594,471.4473312183375,467.5023404278944,468.2395275387109,7228900
2025-10-27,473.5493469238281,473.8183132001704,471.91554476596303,472.96158553346703,4720200
2025-10-28,475.342529296875,477.593978048776,475.013792727869,476.9862729458573,9435500
2025-10-29,474.56549072265625,478.5702822945793,472.6926073569576,476.8368527954877,10006500
2025-10-30,473.2106628417969,478.3311766153074,472.11482358225896,472.3041062908145,9338300
2025-10-31,473.8681335449219,475.3524795651292,471.6266567429833,474.05738583837984,7990900
2025-11-03,471.6764526367188,474.49571895554425,469.5146594225153,474.3562650976463,4858700
2025-11-04,469.1162109375,470.9193521723675,467.0241597185666,468.6380486488135,6013300
2025-11-05,471.31781005859375,472.7623295131311,468.6180842497297,469.0165629400235,7030200
2025-11-06,467.5023193359375,471.6465644892384,466.0777436150457,470.3016723434982,7125200
2025-11-07,468.0801086425781,468.1697944672968,463.099049143626,466.5061072177781,8604400
2025-11-10,472.025146484375,472.4037118841083,467.6717051913927,470.1124061917133,5636600
2025-11-11,477.5939636230469,478.0422407490602,472.204453449156,472.4634782788361,4839100
2025-11-12,480.9312744140625,482.5650461476739,478.66985390692713,478.66985390692713,7066900
2025-11-13,472.941650390625,480.5826094074546,472.42363112245766,479.5764256115002,8722300
2025-11-14,470.0127868652344,472.2542637575798,467.0938931418989,469.5943948704365,10940200
2025-11-17,464.5535583496094,470.57065656732567,462.78030231557136,469.08631050793855,7599500
2025-11-18,459.5525512695313,462.3419629154529,457.7892670976769,460.4192811865194,12817500
2025-11-19,460.0108337402344,461.6446055078249,457.6797014559802,459.76178075599387,5833400
2025-11-20,456.36468505859375,467.2532740101698,455.9761478181856,464.8723433386076,13414200
2025-11-21,461.39788818359375,464.6396529172628,456.6898471066245,458.37556720335226,11821400
2025-11-24,463.2631530761719,464.6895222786004,459.8418516945988,462.5748990391471,6206800
2025-11-25,469.9860534667969,470.7042302516129,462.27566026174605,464.4002374115887,7203600
2025-11-26,473.1480712890625,474.5844249710191,470.7341898279199,471.0035251684436,5689100
2025-11-28,475.9708557128906,476.3997588206975,473.6168503805332,473.6168503805332,2281800
2025-12-01,472.1206665039063,475.7414733537463,471.75160891363606,473.1380709776444,4413900
2025-12-02,474.0557556152344,475.2526966892344,471.9211635175466,473.0083979302029,5233500
2025-12-03,478.1952209472656,478.9632588766103,473.4672414305671,473.6268092172432,5994200
2025-12-04,477.8560791015625,480.0106094729912,476.29005006062494,478.4944415596254,4003800
2025-12-05,478.8136596679688,480.7088392051559,478.0755444811248,478.2650654788686,4596600
2025-12-08,476.93841552734375,479.3024053431496,475.6317373553983,479.27248257738944,4427600
2025-12-09,475.2127990722656,479.0630034960817,474.8836182222044,476.8586120018256,4266900
2025-12-10,480.13031005859375,481.5267565010493,474.1554674608476,474.9235358343852,5476200
2025-12-11,486.6337890625,487.1425065224564,480.73876066507887,480.9781732322496,6972300
2025-12-12,484.1700439453125,488.4192593168932,482.94318011116593,487.4617003740898,7089900
2025-12-15,483.9406433105469,486.4941541028288,482.48432088100736,486.34450983495503,4891300
2025-12-16,480.7586975097656,484.249828683112,479.11285417584673,483.2323938308351,5373200
2025-12-17,478.5841979980469,483.56157428051057,478.2749859581646,481.5865805455627,6381600
2025-12-18,479.2924499511719,483.4020054513098,478.195231142822,480.9582013072691,6422800
2025-12-19,480.975830078125,482.6252267196142,480.2560894791893,480.4460231446398,6439100
2025-12-22,483.2850036621094,484.25465379197607,481.6855766789796,481.6855766789796,4162000
2025-12-23,484.0547180175781,484.9443799710489,482.00544182087697,482.00544182087697,3677800
2025-12-24,486.8337097167969,487.3935045534857,483.4149343509549,484.01472324927306,1544000
2025-12-26,486.8536987304688,487.44348149551286,485.55418152024015,486.6637650680695,2711500
2025-12-29,484.4145812988281,486.73374881170434,483.574889028276,485.7141290202905,3390100
2025-12-30,483.4149475097656,484.4945736574324,482.6452372149993,484.444573452402,3042700
2025-12-31,480.3960571289063,483.63487459568137,480.1861111771473,483.4749288495215,3441900
2026-01-02,483.4549560546875,483.7748475529514,478.206856280766,481.6756015420764,7021100
2026-01-05,489.59271240234375,491.8619102797988,484.074721397878,484.2346671452362,7574400
2026-01-06,494.4309387207031,494.9407638650448,488.782990097063,489.1528512776517,6061400
2026-01-07,489.7826232910156,496.07035481886055,489.3227983553295,495.47056592079616,5603700
2026-01-08,492.3517150878906,493.3413469702589,487.6334223910199,487.6334223910199,6544800
2026-01-09,494.8407897949219,495.5205668171615,491.7319302705132,492.6815680627897,6004600
2026-01-12,495.7204895019531,496.1603326725934,489.8726009661256,492.1517744382931,5722400
2026-01-13,491.7619323730469,495.78046625049296,490.4524090010484,495.3706109995308,5966400
2026-01-14,491.4020385742188,491.7619241205128,488.3731366300893,490.4823886904704,6767800
2026-01-15,494.301025390625,495.6505123295413,492.03182753222126,492.1917732782367,8519900
2026-01-16,493.4200134277344,496.0,492.2699890136719,494.5,5845500
2026-01-20,484.8800048828125,489.05999755859375,484.25,486.1700134277344,7416300
2026-01-21,490.7999877929688,492.9100036621094,485.55999755859375,485.6700134277344,6718600
2026-01-22,493.6900024414063,496.010009765625,492.4599914550781,493.4700012207031,5087200
2026-01-23,490.9299926757813,492.1300048828125,489.55999755859375,491.8200073242188,4915700
2026-01-26,494.05999755859375,494.8500061035156,491.4700012207031,491.9100036621094,3722800
2026-01-27,490.05999755859375,491.5899963378906,488.55999755859375,490.6900024414063,5971400
2026-01-28,490.1300048828125,491.3900146484375,488.9299926757813,490.2799987792969,4726500
2026-01-29,490.2099914550781,492.9500122070313,485.8900146484375,490.0799865722656,9706500
2026-01-30,489.0299987792969,490.4800109863281,484.55999755859375,489.1099853515625,8112100
2026-02-02,494.0299987792969,494.80999755859375,486.9800109863281,488.8699951171875,5584500
2026-02-03,492.30999755859375,496.5199890136719,488.2799987792969,493.1400146484375,8799100
2026-02-04,494.75,496.5,491.1099853515625,493.9200134277344,8797100
2026-02-05,488.9100036621094,493.4400024414063,488.2300109863281,492.510009765625,7760600
2026-02-06,501.0299987792969,501.6700134277344,492.1300048828125,492.3699951171875,10635300
2026-02-09,501.2200012207031,502.1600036621094,498.30999755859375,500.1099853515625,6414800
2026-02-10,501.8999938964844,505.2999877929688,501.260009765625,502.3399963378906,8163100
2026-02-11,501.3299865722656,505.1199951171875,499.1300048828125,504.2099914550781,5743800
2026-02-12,494.6700134277344,504.5400085449219,494.3200073242188,503.1300048828125,9160300
2026-02-13,495.2799987792969,497.7724914550781,491.2000122070313,495.0400085449219,8347436
2026-02-17,495.8500061035156,497.5700073242188,492.1099853515625,495.3299865722656,6774000
2026-02-18,497.0,499.3399963378906,494.6499938964844,496.7799987792969,4451300
2026-02-19,494.3800048828125,496.489990234375,492.4100036621094,495.55999755859375,4622200
2026-02-20,496.0799865722656,496.9800109863281,491.4100036621094,492.5400085449219,6082591
2026-02-23,488.010009765625,496.989990234375,487.1499938964844,494.5,8263700
2026-02-24,491.7900085449219,492.8500061035156,487.4500122070313,488.3900146484375,5332100
2026-02-25,494.8200073242188,495.1300048828125,491.8999938964844,493.6300048828125,4440500
2026-02-26,494.8599853515625,498.2099914550781,492.239990234375,497.0,6442200
2026-02-27,489.6600036621094,490.9500122070313,486.7699890136719,489.6300048828125,7010861
2026-03-02,489.1799926757813,490.9800109863281,484.1499938964844,484.3399963378906,7216200
2026-03-03,485.5199890136719,487.3900146484375,476.7300109863281,480.1600036621094,11564900
2026-03-04,487.739990234375,489.0299987792969,483.9500122070313,486.55999755859375,7587700
2026-03-05,479.8399963378906,485.489990234375,476.1499938964844,483.8200073242188,8758600
2026-03-06,475.2300109863281,476.2300109863281,470.4599914550781,473.7200012207031,8001813
2026-03-09,477.8800048828125,479.3800048828125,466.6799926757813,470.8800048828125,10293700
2026-03-10,477.7000122070313,482.8699951171875,475.010009765625,477.739990234375,6262300
2026-03-11,474.80999755859375,477.7699890136719,472.4599914550781,477.3999938964844,6675500
2026-03-12,467.4800109863281,471.4500122070313,467.4100036621094,470.3399963378906,7835985
2026-03-13,466.4100036621094,472.1000061035156,465.7900085449219,469.9400024414063,7454201
2026-03-16,470.2999877929688,472.7000122070313,468.9800109863281,470.0700073242188,6740012
2026-03-17,470.8999938964844,475.1199951171875,470.625,473.3800048828125,5978369
2026-03-18,463.0,469.7300109863281,462.760009765625,468.7699890136719,6813327
2026-03-19,461.05999755859375,463.3500061035156,458.1600036621094,459.9700012207031,7865436
2026-03-20,455.8900146484375,460.5700073242188,453.5419921875,458.7300109863281,10444122
2026-03-23,461.9700012207031,467.0199890136719,460.9299926757813,463.2999877929688,9921797
2026-03-24,461.1700134277344,463.9200134277344,457.4599914550781,458.4200134277344,7878744
2026-03-25,464.1400146484375,467.239990234375,461.80999755859375,465.7300109863281,6950591
2026-03-26,459.30999755859375,465.4299926757813,458.9400024414063,461.5400085449219,8279300
2026-03-27,451.3900146484375,457.5,450.489990234375,457.3599853515625,6846134
2026-03-30,452.05999755859375,456.1199951171875,450.4400024414063,455.6000061035156,9169300
2026-03-31,463.1900024414063,463.8200073242188,454.6700134277344,456.80999755859375,11648800
2026-04-01,465.4800109863281,467.8999938964844,464.5,466.0,7784600
2026-04-02,465.05999755859375,467.4700012207031,458.8800048828125,460.1600036621094,3804658
2026-04-06,466.7699890136719,467.0199890136719,463.4599914550781,464.1600036621094,2897500
2026-04-07,465.8800048828125,466.30999755859375,462.1099853515625,465.75,3810100
2026-04-08,479.1600036621094,480.2000122070313,475.5700073242188,478.8800048828125,4474002
2026-04-09,481.8999938964844,483.2699890136719,477.010009765625,477.489990234375,4197500
2026-04-10,479.25,482.3299865722656,478.6300048828125,482.1950073242188,2536547
2026-04-13,482.1300048828125,482.2799987792969,475.1499938964844,476.1000061035156,3762800
2026-04-14,485.489990234375,485.9700012207031,481.8599853515625,482.4100036621094,4211300
2026-04-15,484.7200012207031,487.0799865722656,482.8599853515625,486.510009765625,3459500
2026-04-16,485.6300048828125,486.7799987792969,483.3500061035156,485.8200073242188,4104400
2026-04-17,494.2200012207031,497.0400085449219,490.360107421875,490.6700134277344,9706792
2026-04-20,494.3299865722656,494.7799987792969,492.30999755859375,493.4500122070313,3758900
2026-04-21,491.3599853515625,498.3800048828125,490.3200073242188,497.239990234375,4311400
2026-04-22,494.760009765625,496.1400146484375,493.2300109863281,495.3200073242188,4013000
2026-04-23,493.0,495.1300048828125,488.510009765625,492.5499877929688,4072500
2026-04-24,492.2099914550781,493.489990234375,490.7699890136719,493.0499877929688,3306234
2026-04-27,491.8299865722656,493.5499877929688,490.2900085449219,491.6000061035156,2121400
2026-04-28,491.4200134277344,493.8200073242188,490.7699890136719,493.4599914550781,3053000
2026-04-29,488.6700134277344,491.489990234375,487.0,490.9500122070313,3306400
2026-04-30,496.6499938964844,497.5799865722656,490.3900146484375,490.9800109863281,5341500
2026-05-01,495.0199890136719,499.9100036621094,494.9100036621094,498.8399963378906,4223922
2026-05-04,489.55999755859375,494.3299865722656,489.0,493.5,3304100
2026-05-05,492.9599914550781,493.5899963378906,490.0299987792969,491.8900146484375,3288400
2026-05-06,499.0499877929688,500.0799865722656,496.8999938964844,496.9800109863281,4312400
2026-05-07,495.9100036621094,501.2000122070313,494.7699890136719,500.510009765625,4453400
2026-05-08,496.1300048828125,498.5350036621094,494.9299926757813,498.4800109863281,3397591
2026-05-11,497.1099853515625,497.8399963378906,494.760009765625,495.7999877929688,4242300
2026-05-12,497.8900146484375,498.4100036621094,493.1900024414063,496.510009765625,7433600
2026-05-13,497.1400146484375,497.6099853515625,494.6400146484375,496.1600036621094,3252900
2026-05-14,500.7999877929688,502.1600036621094,498.8500061035156,501.3900146484375,4910600
2026-05-15,495.3699951171875,497.7200012207031,495.0799865722656,497.3200073242188,5184602
2026-05-18,497.010009765625,497.6400146484375,493.6000061035156,495.6499938964844,5459900
2026-05-19,493.9800109863281,496.3399963378906,492.5799865722656,494.8299865722656,5342600
2026-05-20,500.239990234375,500.9299926757813,492.489990234375,495.8699951171875,6504800
2026-05-21,503.1099853515625,504.0499877929688,497.2099914550781,498.7799987792969,6565600
2026-05-22,506.1199951171875,508.739990234375,505.7200012207031,507.010009765625,4822121
2026-05-26,505.25,508.239990234375,503.9700012207031,507.5700073242188,3876000
2026-05-27,506.8800048828125,508.7000122070313,505.80999755859375,505.9299926757813,4237100
2026-05-28,507.0499877929688,508.2099914550781,503.6400146484375,505.3399963378906,3709600
2026-05-29,510.7799987792969,511.3049926757813,507.2300109863281,507.8999938964844,5268188
2026-06-01,511.4400024414063,511.8599853515625,508.3299865722656,509.8500061035156,4416900
2026-06-02,514.0499877929688,514.489990234375,508.9299926757813,509.0799865722656,5051500
2026-06-03,508.260009765625,512.8499755859375,507.989990234375,511.1700134277344,4079500
2026-06-04,516.7000122070312,517.5800170898438,512.6799926757812,513.6900024414062,6357500
2026-06-05,509.7000122070313,517.75,508.75,517.7100219726562,6291642
2026-06-08,508.9100036621094,513.760009765625,508.3200073242188,510.7699890136719,4802500
2026-06-09,509.4100036621094,513.5399780273438,503.0799865722656,511.4800109863281,6085113
2026-06-10,500.25,508.7300109863281,500.1400146484375,507.4849853515625,4950370
2026-06-11,509.3599853515625,510.760009765625,501.5700073242188,503.1900024414063,6337500
2026-06-12,513.0599975585938,515.2999877929688,509.5199890136719,512.8900146484375,8038579
2026-06-15,518.4400024414062,520.8400268554688,517.8699951171875,519.22998046875,5366800
2026-06-16,521.4400024414062,523.2999877929688,520.0599975585938,520.3200073242188,4800400
2026-06-17,516.2999877929688,524.1699829101562,515.2999877929688,521.260009765625,6543900
2026-06-18,515.52001953125,519.4500122070312,515.4299926757812,518.4299926757812,6665055
2026-06-22,517.0800170898438,518.9099731445312,515.989990234375,516.8400268554688,6547400
2026-06-23,516.6199951171875,518.719970703125,512.969970703125,514.6799926757812,5028900
2026-06-24,518.52001953125,522.4299926757812,516.010009765625,516.1900024414062,4387100
2026-06-25,519.260009765625,526.5700073242188,518.5499877929688,521.1900024414062,5357500
2026-06-26,517.75,521.280029296875,516.1199951171875,517.0,3614312
2026-06-29,521.6799926757812,522.97998046875,519.4000244140625,520.6300048828125,5729500
