Date,Close,High,Low,Open,Volume
2000-05-12,14.128238677978516,14.128238677978516,14.083387126619854,14.083387126619854,5300
2000-05-15,13.94883155822754,13.94883155822754,13.94883155822754,13.94883155822754,5000
2000-05-16,14.217941284179688,14.217941284179688,14.217941284179688,14.217941284179688,300
2000-05-17,13.94883155822754,13.94883155822754,13.94883155822754,13.94883155822754,400
2000-05-18,13.81427764892578,13.859129199733982,13.81427764892578,13.859129199733982,800
2000-05-19,13.859128952026367,13.859128952026367,13.859128952026367,13.859128952026367,18000
2000-05-22,12.513583183288574,12.872395604314768,12.513583183288572,12.872395604314768,70500
2000-05-23,12.827545166015623,13.006951392113743,12.827545166015623,12.872396722540154,51300
2000-05-24,12.692987442016602,12.692987442016602,12.603284350553588,12.692987442016602,10600
2000-05-25,12.827545166015623,13.141506061687336,12.827545166015623,13.006951392113743,44300
2000-05-26,12.15477180480957,12.244474917760195,12.15477180480957,12.15477180480957,21000
2000-05-30,12.872396469116213,13.00695113604077,12.872396469116213,13.00695113604077,32100
2000-05-31,13.81427764892578,13.81427764892578,13.72457454730938,13.72457454730938,55000
2000-06-01,13.769426345825195,13.903981000670392,13.769426345825194,13.859129449055326,11500
2000-06-02,14.711307525634766,14.711307525634766,14.487049788963503,14.487049788963503,10400
2000-06-05,15.070124626159668,15.204679310321808,15.070124626159668,15.204679310321808,3100
2000-06-06,14.890713691711426,15.159822975296573,14.890713691711426,15.159822975296573,10200
2000-06-07,15.249528884887695,15.428935107062845,14.711310218362248,15.428935107062845,44100
2000-06-08,14.531901359558104,14.666456001776236,14.531901359558104,14.666456001776236,12000
2000-06-09,15.877447128295898,15.877447128295898,15.877447128295898,15.877447128295898,1300
2000-06-12,15.787745475769045,16.191409422592685,15.787745475769045,16.191409422592685,12100
2000-06-13,15.159820556640623,15.294375176965838,15.070117476423816,15.070117476423816,14500
2000-06-14,15.518632888793944,16.05685137048622,15.294375188088832,15.4289298085119,67500
2000-06-15,14.352497100830078,14.531903314590451,14.352497100830078,14.352497100830078,5300
2000-06-16,13.99368381500244,14.262793119137104,13.99368381500244,14.262793119137104,22400
2000-06-19,14.128238677978516,14.17309022933718,13.993684023902532,14.17309022933718,3000
2000-06-20,14.80101203918457,14.890715142452356,14.80101203918457,14.890715142452356,3300
2000-06-21,14.621606826782228,14.890716154882512,14.531903717415464,14.890716154882512,22200
2000-06-22,14.442197799682615,14.7113070754531,14.442197799682615,14.621603983529608,17000
2000-06-23,14.531901359558104,14.531901359558104,14.442198264746018,14.442198264746018,2000
2000-06-26,14.890713691711426,14.980416786239807,14.801010597183044,14.801010597183044,27200
2000-06-27,14.935568809509276,14.980420367495793,14.890717251522764,14.93556880950928,30800
2000-06-28,15.204675674438477,15.249527225100538,15.070121022452296,15.070121022452296,1100
2000-06-29,15.02527141571045,15.02527141571045,14.98041985924564,14.98041985924564,1600
2000-06-30,15.070124626159668,15.070124626159668,15.070124626159668,15.070124626159668,10000
2000-07-03,15.563488960266112,15.563488960266112,15.563488960266112,15.563488960266112,3000
2000-07-05,15.339232444763184,15.42893555847525,15.24952933105112,15.42893555847525,10700
2000-07-06,15.339232444763184,15.384084001619218,15.339232444763184,15.384084001619218,2700
2000-07-07,15.787745475769045,15.787745475769045,15.563487727533689,15.608339277180756,24400
2000-07-10,15.608335494995115,15.60833549499512,15.60833549499512,15.60833549499512,3000
2000-07-11,15.070124626159668,15.339233994483948,15.070124626159668,15.339233994483948,1700
2000-07-12,15.47378635406494,15.518637908714403,15.249528580817625,15.249528580817625,21300
2000-07-13,15.742891311645508,15.787742853843929,15.563485142851828,15.787742853843929,13300
2000-07-14,15.249528884887695,15.339231995975268,15.249528884887694,15.339231995975268,1600
2000-07-17,15.428935050964355,15.428935050964354,15.428935050964354,15.428935050964354,44000
2000-07-18,14.98041820526123,15.159824411312265,14.98041820526123,14.98041820526123,1600
2000-07-19,14.84586238861084,14.84586238861084,14.531901552597922,14.531901552597922,37400
2000-07-20,14.621606826782228,14.666458381465608,14.531903717415464,14.531903717415464,11200
2000-07-21,14.711307525634766,14.711307525634766,14.531901336297755,14.531901336297755,11100
2000-07-24,13.99368381500244,13.99368381500244,13.76942606155689,13.814277612246,17200
2000-07-25,14.038534164428713,14.038534164428713,13.903979523875082,13.903979523875082,8500
2000-07-26,13.94883155822754,14.038534655065016,13.94883155822754,13.993683106646278,10700
2000-07-27,13.634868621826172,13.634868621826172,13.365759372711182,13.455462455749512,4200
2000-07-28,12.872396469116213,13.09665424732381,12.872396469116213,12.91724802475773,18200
2000-07-31,13.231208801269531,13.276060356528074,13.09665413549391,13.276060356528074,7500
2000-08-01,13.455463409423828,13.545166498819988,13.455463409423828,13.545166498819988,17000
2000-08-02,13.545169830322266,13.769427608969986,13.545169830322266,13.634872941781351,36300
2000-08-03,13.545169830322266,13.545169830322266,13.455466718863178,13.455466718863178,2200
2000-08-04,13.365763664245604,13.45546677608618,13.09665432872388,13.45546677608618,28100
2000-08-07,12.917248725891112,12.917248725891112,12.648139377435047,12.827545609739092,11600
2000-08-08,12.468729972839355,12.558433066169137,12.468729972839355,12.558433066169137,2200
2000-08-09,13.276056289672852,13.276056289672852,13.231204748153688,13.276056289672852,4200
2000-08-10,13.769426345825195,13.993684103900524,13.634871690979995,13.634871690979995,3800
2000-08-11,13.545169830322266,13.545169830322266,13.455466718863178,13.545169830322266,1700
2000-08-14,13.94883155822754,13.94883155822754,13.590019170877635,13.590019170877635,9100
2000-08-15,13.81427764892578,13.859129199733982,13.76942609811758,13.859129199733982,23200
2000-08-16,14.307645797729492,14.307645797729492,14.083388026605206,14.083388026605206,3500
2000-08-17,14.576753616333008,14.576753616333008,14.173089670034557,14.217941219623272,7000
2000-08-18,13.634868621826172,14.038532495498655,13.634868621826172,14.038532495498655,5000
2000-08-21,13.67972469329834,13.99368558789863,13.63487313692687,13.99368558789863,1800
2000-08-22,13.99368381500244,14.128238467069773,13.99368381500244,13.99368381500244,1400
2000-08-23,13.50031566619873,13.724573401517649,13.50031566619873,13.724573401517649,300
2000-08-24,13.724575996398926,13.724575996398924,13.500318218679988,13.500318218679988,3000
2000-08-25,13.634868621826172,14.038532495498655,13.634868621826172,14.038532495498655,4200
2000-08-28,14.128238677978516,14.17309022933718,13.634871613033235,13.634871613033235,12900
2000-08-29,14.217941284179688,14.262792833972052,13.814277336048402,14.173089734387322,94700
2000-08-30,14.217941284179688,14.217941284179688,14.217941284179688,14.217941284179688,0
2000-08-31,13.455463409423828,13.455463409423828,13.36576032002767,13.410611864725748,1300
2000-09-01,13.50031566619873,13.545167213262514,13.50031566619873,13.545167213262514,11100
2000-09-05,13.231208801269531,13.320911911786611,13.09665413549391,13.09665413549391,16600
2000-09-06,12.827545166015623,13.141506061687336,12.827545166015623,13.096654505162803,1900
2000-09-07,12.558432579040527,12.827541848591396,12.558432579040527,12.648135668890816,20400
2000-09-08,12.3790283203125,12.55843452785326,12.28932521654212,12.28932521654212,45500
2000-09-11,12.513583183288574,12.648137841173396,12.334176972775476,12.334176972775476,2200
2000-09-12,12.558432579040527,12.558432579040527,12.379026399339947,12.558432579040527,5200
2000-09-13,12.3790283203125,12.46873142408288,12.3790283203125,12.46873142408288,400
2000-09-14,12.3790283203125,12.42387987219769,12.334176768427309,12.3790283203125,16600
2000-09-15,12.109918594360352,12.199621695059315,11.88566084261294,12.199621695059315,1200
2000-09-18,10.76436996459961,10.85407304763794,10.629815340042114,10.629815340042114,6700
2000-09-19,10.85407543182373,10.943778534566077,10.62981767496787,10.67466922633904,15100
2000-09-20,11.392293930053713,11.481997031865156,11.123184624619372,11.302590828242264,29500
2000-09-21,11.033480644226074,11.257738380897337,11.033480644226074,11.123183738894578,6800
2000-09-22,10.584966659545898,10.584966659545898,10.22615423040875,10.36070889133518,37500
2000-09-25,10.94377613067627,11.0334792137146,10.94377613067627,10.988627672195436,5800
2000-09-26,11.123184204101562,11.123184204101562,11.123184204101562,11.123184204101562,600
2000-09-27,11.347440719604492,11.48199535264328,11.30258917525823,11.30258917525823,13600
2000-09-28,11.706253051757812,11.840807684536635,11.43714378620016,11.43714378620016,15400
2000-09-29,11.751106262207031,11.795957812826142,11.526848509111478,11.70625471158792,2800
2000-10-02,10.98863124847412,11.48199836575255,10.98863124847412,11.48199836575255,7800
2000-10-03,10.98863124847412,11.123185916822784,10.9437796923579,10.9437796923579,1100
2000-10-04,11.30258846282959,11.347440004348757,11.30258846282959,11.347440004348757,1500
2000-10-05,11.347440719604492,11.392292263950756,11.12318299787318,11.347440719604492,10200
2000-10-06,11.392293930053713,11.66140323548805,11.392293930053713,11.66140323548805,900
2000-10-09,10.76436996459961,10.809221506118774,10.76436996459961,10.809221506118774,1600
2000-10-10,10.98863124847412,11.078334360706563,10.98863124847412,11.078334360706563,500
2000-10-11,10.450408935546877,10.450408935546877,10.405557395050966,10.405557395050966,5000
2000-10-12,9.86734104156494,10.046747242320668,9.687934840809216,10.046747242320668,2200
2000-10-13,10.046748161315918,10.046748161315918,9.822490389857974,9.822490389857974,71900
2000-10-16,10.046748161315918,10.091599715607508,10.046748161315918,10.091599715607508,700
2000-10-17,9.55337905883789,9.687933693469413,9.55337905883789,9.687933693469413,28800
2000-10-18,9.508527755737305,9.643082393790191,9.508527755737305,9.553379301754934,15800
2000-10-19,9.82248878479004,9.82248878479004,9.643082596939994,9.643082596939994,13300
2000-10-20,10.450408935546877,10.495260476042784,10.405557395050966,10.405557395050966,5000
2000-10-23,10.360706329345703,10.405557871896985,10.046745531486742,10.360706329345703,6900
2000-10-24,10.360706329345703,10.360706329345703,10.091597074038022,10.226151701691862,20700
2000-10-25,9.957045555114746,10.315858007551316,9.957045555114746,10.315858007551316,35700
2000-10-26,9.82248878479004,10.046746519602598,9.82248878479004,9.867340331752551,2800
2000-10-27,9.687932968139648,9.77763605117798,9.508526802062988,9.732784509658812,5000
2000-10-30,9.463678359985352,9.822490809653042,9.463678359985352,9.822490809653042,20800
2000-10-31,9.82248878479004,9.867340331752551,9.732785690865017,9.777637237827529,4000
2000-11-01,10.271005630493164,10.54011494832268,10.271005630493164,10.31585718346475,32800
2000-11-02,10.71951961517334,10.76437116168034,10.45041033613133,10.674668068666335,44200
2000-11-03,10.898926734924316,10.988629835623282,10.898926734924316,10.988629835623282,11400
2000-11-06,10.76436996459961,11.0334792137146,10.76436996459961,10.94377613067627,33300
2000-11-07,10.584966659545898,10.584966659545898,10.540115105903755,10.584966659545898,1100
2000-11-08,10.405558586120604,10.719519405529416,10.405558586120604,10.405558586120604,5300
2000-11-09,10.674665451049805,10.674665451049805,10.540110844523966,10.540110844523966,5200
2000-11-10,10.76436996459961,10.76436996459961,10.76436996459961,10.76436996459961,8000
2000-11-13,10.315857887268066,10.495264111394468,10.315857887268066,10.405560999331266,11400
2000-11-14,10.674665451049805,10.674665451049805,10.58496238003258,10.58496238003258,3000
2000-11-15,10.674665451049805,10.674665451049805,10.674665451049805,10.674665451049805,200
2000-11-16,10.584966659545898,10.584966659545898,10.584966659545898,10.584966659545898,6000
2000-11-17,10.584966659545898,10.584966659545898,10.405560444977324,10.405560444977324,3200
2000-11-20,10.136445045471191,10.226148098970937,10.046741991971446,10.226148098970937,4800
2000-11-21,9.687932968139648,9.687932968139648,9.687932968139648,9.687932968139648,15200
2000-11-22,9.732786178588867,9.732786178588867,9.732786178588867,9.732786178588867,100
2000-11-24,9.687932968139648,9.687932968139648,9.687932968139648,9.687932968139648,2000
2000-11-27,10.136445045471191,10.136445045471191,10.046741991971446,10.046741991971446,15100
2000-11-28,9.777639389038086,9.777639389038086,9.598233161716289,9.777639389038086,1700
2000-11-29,9.1497163772583,9.329122580733952,9.1497163772583,9.329122580733952,35900
2000-11-30,9.060012817382812,9.060012817382812,8.880606622979192,8.880606622979192,35500
2000-12-01,9.194568634033203,9.194568634033203,9.060013971096131,9.060013971096131,16400
2000-12-04,8.925458908081055,8.925458908081055,8.88060735577914,8.88060735577914,5700
2000-12-05,9.508527755737305,9.508527755737305,9.239418479631532,9.28427002564916,77800
2000-12-06,9.23941707611084,9.418823232928526,9.23941707611084,9.418823232928526,55500
2000-12-07,9.508527755737305,9.553379301754934,9.508527755737305,9.508527755737305,33200
2000-12-08,9.86734104156494,9.86734104156494,9.77763794118708,9.77763794118708,58000
2000-12-11,10.136445045471191,10.226148098970937,10.046741991971446,10.046741991971446,11100
2000-12-12,9.687932968139648,10.001893758773804,9.687932968139648,10.001893758773804,11700
2000-12-13,10.091596603393556,10.136448143853082,9.957041982014974,10.091596603393556,72600
2000-12-14,9.86734104156494,9.86734104156494,9.732786390998148,9.822489491376013,27500
2000-12-15,9.463678359985352,9.687936141027658,9.463678359985352,9.463678359985352,10200
2000-12-18,9.86734104156494,9.86734104156494,9.643083290620284,9.732786390998148,18900
2000-12-19,9.508527755737305,9.68793393980782,9.508527755737305,9.68793393980782,17800
2000-12-20,9.23941707611084,9.23941707611084,9.23941707611084,9.23941707611084,3200
2000-12-21,9.1497163772583,9.1497163772583,9.01516172465156,9.104864826389386,3300
2000-12-22,8.880606651306152,8.925458200050123,8.74605200507424,8.925458200050123,47900
2000-12-26,8.790903091430664,8.790903091430664,8.746051545045813,8.790903091430664,40300
2000-12-27,8.611495018005371,8.790901164213816,8.611495018005371,8.611495018005371,1500
2000-12-28,8.835755348205566,8.835755348205566,8.656349148242002,8.835755348205566,14000
2000-12-29,8.790903091430664,8.790903091430664,8.701199998660963,8.746051545045813,5100
2001-01-02,8.925458908081055,9.0600135649868,8.88060735577914,9.0600135649868,27300
2001-01-03,9.912192344665527,9.912192344665527,9.060012912318715,9.104864461389605,14900
2001-01-04,9.643084526062012,9.8224907498027,9.643084526062012,9.777639193867527,69200
2001-01-05,10.001895904541016,10.181302109106774,10.001895904541016,10.136450557965334,37500
2001-01-08,10.405558586120604,10.405558586120604,10.136449312341623,10.136449312341623,15600
2001-01-09,10.49526309967041,10.49526309967041,10.405559996254423,10.405559996254423,8000
2001-01-10,9.86734104156494,9.957044141942806,9.687934840809216,9.957044141942806,68600
2001-01-11,10.046748161315918,10.046748161315918,9.508529509816851,9.777638835566384,282700
2001-01-12,10.405558586120604,10.674667859899586,10.226152403601285,10.360707040490777,42500
2001-01-16,10.181302070617676,10.315856723533328,10.136450519645791,10.315856723533328,2500
2001-01-17,10.584966659545898,10.71952132047233,10.495263552261612,10.495263552261612,25600
2001-01-18,10.76436996459961,10.76436996459961,10.540112257003784,10.629815340042114,94300
2001-01-19,10.94377613067627,11.0334792137146,10.76436996459961,11.0334792137146,82900
2001-01-22,10.98863124847412,11.078334360706563,10.854076580125458,10.9437796923579,10100
2001-01-23,11.392293930053713,11.571700133676604,11.123184624619372,11.437145480959432,40800
2001-01-24,11.437146186828612,11.48199774050245,11.392294633154776,11.48199774050245,10900
2001-01-25,11.123184204101562,11.437145048572171,11.123184204101562,11.437145048572171,3600
2001-01-26,10.181302070617676,10.360708274505212,10.136450519645791,10.360708274505212,61900
2001-01-29,10.51320457458496,10.51320457458496,10.211802060018716,10.211802060018716,31800
2001-01-30,10.340972900390623,10.513202682175017,10.204624494239727,10.513202682175017,84100
2001-01-31,10.836136817932127,11.087305135149077,10.836136817932127,11.05142375143795,27000
2001-02-01,10.73566722869873,10.96530694983228,10.73566722869873,10.943778397071098,51600
2001-02-02,10.785900115966797,10.83613431531291,10.635198886689082,10.83613431531291,34200
2001-02-05,10.154390335083008,10.283563014126427,10.089804679941617,10.283563014126427,27800
2001-02-06,10.326621055603027,10.326621055603027,10.19027196117888,10.326621055603027,1000
2001-02-07,10.154390335083008,10.19027171085955,9.867340697631317,10.19027171085955,29800
2001-02-08,10.42708969116211,10.441442517782804,10.405561135611508,10.405561135611508,800
2001-02-09,10.506030082702637,10.506030082702637,10.333799565256626,10.506030082702637,23500
2001-02-12,10.541909217834473,10.577790598818662,10.441442172335242,10.477323553319431,33000
2001-02-13,10.455793380737305,10.67108096304383,10.455793380737305,10.67108096304383,3500
2001-02-14,10.793079376220703,10.821784347259303,10.706964463104908,10.800255790075475,45100
2001-02-15,10.958131790161133,10.958131790161133,10.872016205889429,10.886369031394842,8300
2001-02-16,10.51320457458496,10.886369853335715,10.51320457458496,10.857664884538,17800
2001-02-20,10.836136817932127,11.108833691623564,10.836136817932127,11.087305135149077,26600
2001-02-21,10.563434600830078,10.75001648195067,10.563434600830078,10.75001648195067,4900
2001-02-22,10.262033462524414,10.412734678597957,10.247680639860148,10.412734678597957,1500
2001-02-23,10.226153373718262,10.297916127285964,10.226153373718262,10.297916127285964,21500
2001-02-26,10.462968826293944,10.477321649832213,10.434263863597703,10.47014523806308,11200
2001-02-27,10.19027328491211,10.20462611119188,10.19027328491211,10.20462611119188,300
2001-02-28,9.881693840026855,10.262034792997882,9.795578261636868,10.13286210979324,175300
2001-03-01,10.046748161315918,10.046748161315918,9.69511213992116,9.974985400697214,37400
2001-03-02,9.702284812927246,9.824280363944869,9.616169259627531,9.716636948890438,10500
2001-03-05,9.86734104156494,9.97498448826624,9.85298821700192,9.97498448826624,14800
2001-03-06,10.046748161315918,10.068276715749368,9.917575465954412,9.917575465954412,21000
2001-03-07,9.939105033874512,10.010867112489017,9.939105033874512,10.010867112489017,2100
2001-03-08,10.01086711883545,10.025219945195705,9.982162150495364,10.025219945195705,5600
2001-03-09,9.52288055419922,9.867340098216234,9.515704142603797,9.759696661805986,56300
2001-03-12,9.00619125366211,9.329122272368013,8.970309877276936,9.329122272368013,54000
2001-03-13,9.221477508544922,9.221477508544922,8.955955771903286,9.00618996540912,29600
2001-03-14,9.113836288452148,9.271713961462313,9.113836288452148,9.271713961462313,13800
2001-03-15,9.32194709777832,9.436766969949874,9.149717289520993,9.436766969949874,7200
2001-03-16,9.32194709777832,9.32194709777832,9.32194709777832,9.32194709777832,0
2001-03-19,9.113836288452148,9.113836288452148,8.898548676962005,9.04924993656706,46900
2001-03-20,8.611495018005371,9.006188676539978,8.611495018005371,9.006188676539978,29800
2001-03-21,8.697610855102539,8.898545569616665,8.697610855102539,8.898545569616665,1900
2001-03-22,8.78372859954834,8.78372859954834,8.518207469042794,8.755023630963427,7000
2001-03-23,9.278889656066896,9.278889656066896,9.278889656066896,9.278889656066896,100
2001-03-26,9.307594299316406,9.357827818752488,9.25736009549995,9.25736009549995,8800
2001-03-27,9.135363578796388,9.257359852261729,9.034896542564004,9.04207295497499,11200
2001-03-28,8.755023002624512,8.934429214499524,8.755023002624512,8.934429214499524,3700
2001-03-29,8.819608688354492,8.898547169294924,8.81243227616527,8.81243227616527,1700
2001-03-30,8.78372859954834,8.790905012789677,8.582793819453954,8.790905012789677,15600
2001-04-02,8.503853797912598,8.611497239656176,8.252684854670502,8.611497239656176,1900
2001-04-03,8.116337776184082,8.145042744299783,7.987165077473222,8.13068991805172,3900
2001-04-04,7.901046752929687,8.015866575689408,7.901046752929688,8.00151375565438,10700
2001-04-05,8.324447631835938,8.324447631835938,8.008692348793575,8.037397312308308,2800
2001-04-06,8.324447631835938,8.360328322944117,8.288566256347444,8.324447631835938,14200
2001-04-09,8.188100814819336,8.188100814819336,8.116338728301974,8.14504369978502,10600
2001-04-10,8.288565635681152,8.424914031070978,8.188097928712681,8.188097928712681,51100
2001-04-11,8.60431957244873,8.60431957244873,8.338798528420979,8.338798528420979,36200
2001-04-12,8.855489730834961,8.855489730834961,8.697612090529908,8.697612090529908,3600
2001-04-16,8.503853797912598,8.503853797912598,8.503853797912598,8.503853797912598,1000
2001-04-17,8.920075416564941,8.920075416564941,8.719140003833866,8.74066923801379,49400
2001-04-18,9.910399436950684,10.04674785673616,9.314770184385656,9.314770184385656,51000
2001-04-19,9.903223991394045,10.046748837916764,9.831461225942457,9.910400404815292,21000
2001-04-20,9.52288055419922,9.63770040220489,9.52288055419922,9.63770040220489,1200
2001-04-23,9.400886535644531,9.573116348710336,9.400886535644531,9.56593993540415,3500
2001-04-24,9.687932968139648,9.759695708322395,9.508526802062988,9.508526802062988,3200
2001-04-25,9.939105033874512,9.94628076266966,9.75969881076761,9.75969881076761,20600
2001-04-26,9.759698867797852,9.831460946831694,9.759698867797852,9.831460946831694,2000
2001-04-27,9.443941116333008,9.601818744865517,9.443941116333008,9.59464233348216,11700
2001-04-30,10.05392360687256,10.096980711596531,9.974984440911372,9.974984440911372,28400
2001-05-01,10.240504264831545,10.369676238733955,10.04674527740761,10.04674527740761,66800
2001-05-02,10.254858016967772,10.254858016967772,10.240505877332112,10.240505877332112,400
2001-05-03,10.333797454833984,10.44144159180165,10.333797454833984,10.340973867507904,38700
2001-05-04,10.405558586120604,10.541906983707968,10.140037518117644,10.140037518117644,2800
2001-05-07,10.441441535949709,10.635199886446474,10.441441535949709,10.635199886446474,1200
2001-05-08,10.419910430908203,10.419910430908203,10.21897503259842,10.21897503259842,2800
2001-05-09,10.118511199951172,10.22615465945644,10.118511199951172,10.22615465945644,500
2001-05-10,10.118511199951172,10.22615465945644,10.118511199951172,10.218978246321306,22400
2001-05-11,10.247682571411133,10.2907403631395,10.22615401773714,10.2907403631395,5300
2001-05-14,10.118511199951172,10.262036040751669,10.09698196054578,10.11133478681604,5000
2001-05-15,9.953454971313477,9.953454971313477,9.953454971313477,9.953454971313477,100
2001-05-16,10.218976974487305,10.218976974487305,9.903222364024415,9.903222364024415,500
2001-05-17,10.520380973815918,10.527557387100863,10.491676005056574,10.491676005056574,2400
2001-05-18,10.498851776123049,10.570613851441475,10.434265429270184,10.434265429270184,53200
2001-05-21,11.02271556854248,11.02271556854248,10.692608166501715,10.692608166501715,326900
2001-05-22,10.76436996459961,10.900718349690578,10.76436996459961,10.87201339049352,30000
2001-05-23,10.936601638793944,11.029892943648974,10.76437185339097,11.029892943648974,4400
2001-05-24,10.972481727600098,10.979658138911512,10.872014022381052,10.872014022381052,13900
2001-05-25,10.800254821777344,10.950956077313974,10.800254821777344,10.950956077313974,24900
2001-05-29,10.958131790161133,11.080127385055206,10.907897585272574,11.001188897916595,19700
2001-05-30,10.65672779083252,11.044245127714778,10.65672779083252,10.94377741653038,34200
2001-05-31,10.814605712890623,10.821782125271897,10.785900747745886,10.821782125271897,4100
2001-06-01,10.635197639465332,10.76437030209211,10.635197639465332,10.76437030209211,14200
2001-06-04,10.699787139892578,10.75002066384574,10.549085883652666,10.75002066384574,6200
2001-06-05,10.434264183044434,10.541907625355783,10.254857989605306,10.254857989605306,14000
2001-06-06,10.405558586120604,10.800252324539166,10.391205763016528,10.434263547948486,38600
2001-06-07,10.60649585723877,10.60649585723877,10.448618871592796,10.448618871592796,2900
2001-06-08,10.814605712890623,10.943778398232126,10.706962264692942,10.943778398232126,6900
2001-06-11,10.61367130279541,10.671081234955976,10.61367130279541,10.656729094106025,4400
2001-06-12,10.448617935180664,10.448617935180664,10.448617935180664,10.448617935180664,400
2001-06-13,10.72849178314209,10.72849178314209,10.663905434657837,10.663905434657837,300
2001-06-14,10.36967945098877,10.62084843448161,10.36967945098877,10.62084843448161,1500
2001-06-15,10.635197639465332,10.656726872823285,10.549082759174222,10.549082759174222,4400
2001-06-18,10.484498977661133,10.527556770468337,10.412736902156324,10.412736902156324,1600
2001-06-19,10.154390335083008,10.5347319601819,10.154390335083008,10.419912105201224,11700
2001-06-20,10.226153373718262,10.269211162734951,10.197448409167247,10.269211162734951,7400
2001-06-21,10.262033462524414,10.333795522704992,10.262033462524414,10.262033462524414,2500
2001-06-22,10.19027328491211,10.32662239704823,10.19027328491211,10.32662239704823,10100
2001-06-25,10.19027328491211,10.19027328491211,10.03239561773676,10.03239561773676,300
2001-06-26,10.01086711883545,10.104158437035831,10.01086711883545,10.104158437035831,67900
2001-06-27,9.910399436950684,9.917575165290687,9.903223024230291,9.903223024230291,3000
2001-06-28,10.51320457458496,10.51320457458496,10.0108672784347,10.0108672784347,24400
2001-06-29,10.254858016967772,10.333796495914704,10.096980374693596,10.262034428975763,6500
2001-07-02,10.23332977294922,10.398383147812751,10.23332977294922,10.305091842045403,6500
2001-07-03,10.132861137390137,10.262033808198684,10.132861137390137,10.262033808198684,4600
2001-07-05,10.132861137390137,10.175918922453077,10.132861137390137,10.175918922453077,1100
2001-07-06,9.86734104156494,9.874517453846453,9.86734104156494,9.874517453846453,2900
2001-07-09,9.5874662399292,9.83145876000969,9.5874662399292,9.83145876000969,3300
2001-07-10,9.508527755737305,9.6161711924275,9.508527755737305,9.6161711924275,10600
2001-07-11,9.429590225219728,9.465470918122003,9.33629891803704,9.36500388298707,3900
2001-07-12,9.616174697875977,9.709466029726393,9.508531221945784,9.508531221945784,7800
2001-07-13,9.400886535644531,9.400886535644531,9.329123771343555,9.400886535644531,2400
2001-07-16,9.264535903930664,9.400884996908822,9.228654527653235,9.29324086807654,11800
2001-07-17,9.32912254333496,9.32912254333496,9.19994985834861,9.19994985834861,11300
2001-07-18,9.12818717956543,9.12818717956543,8.97748595191764,8.97748595191764,2000
2001-07-19,9.28606414794922,9.350650486230354,9.28606414794922,9.329121934930075,7100
2001-07-20,9.22865390777588,9.24300673107492,9.149715432772002,9.24300673107492,6300
2001-07-23,8.999015808105469,9.14254064468203,8.999015808105469,9.113835677366716,2400
2001-07-24,8.826786994934082,9.113836700305724,8.826786994934082,9.113836700305724,1200
2001-07-25,9.17124366760254,9.17124366760254,8.755021387583568,8.755021387583568,1000
2001-07-26,9.307594299316406,9.307594299316406,9.307594299316406,9.307594299316406,400
2001-07-27,9.458296775817873,9.458296775817873,9.293242686399234,9.293242686399234,900
2001-07-30,9.250182151794434,9.32912061834199,9.250182151794434,9.32912061834199,2900
2001-07-31,9.400886535644531,9.41523867787646,9.37218156680023,9.400886535644531,56400
2001-08-01,9.92475128173828,9.92475128173828,9.75969790037879,9.788402866023064,16300
2001-08-02,10.068275451660156,10.068275451660156,9.946279184553442,10.046746899929651,732700
2001-08-03,10.111334800720217,10.147216182064788,10.111334800720217,10.147216182064788,1300
2001-08-06,9.838634490966797,9.960630742567002,9.809929530847938,9.946277920317456,9500
2001-08-07,9.91757583618164,9.960633631036307,9.838637344058585,9.896047280944522,31700
2001-08-08,9.982162475585938,10.032396000721942,9.831461215797477,9.974986062172094,40300
2001-08-09,9.67358112335205,9.759696694020834,9.55876127496738,9.759696694020834,3000
2001-08-10,9.652054786682127,9.652054786682127,9.616173404737053,9.616173404737053,5200
2001-08-13,9.953454971313477,9.967807794485712,9.723815275599916,9.723815275599916,14400
2001-08-14,10.02521800994873,10.175919235738236,9.974983811765364,10.04674656095286,7400
2001-08-15,10.061100006103516,10.111333523009945,10.061100006103516,10.111333523009945,1100
2001-08-16,10.211800575256348,10.211800575256348,10.05392361201392,10.05392361201392,500
2001-08-17,9.931927680969238,10.14003885270716,9.931927680969238,10.14003885270716,1200
2001-08-20,10.003690719604492,10.003690719604492,9.860165877703936,10.003690719604492,18500
2001-08-21,9.766874313354492,10.032395435277383,9.766874313354492,10.032395435277383,36700
2001-08-22,10.003690719604492,10.075453482744985,9.852989464513804,9.852989464513804,16300
2001-08-23,9.903223991394045,10.046748837916764,9.831461225942457,9.831461225942457,17300
2001-08-24,10.043500900268556,10.043500900268556,10.01457795981127,10.01457795981127,1100
2001-08-27,10.094114303588867,10.339959604024507,10.094114303588867,10.339959604024507,362100
2001-08-28,10.144729614257812,10.151960520887732,9.949499962290446,10.094114647002794,3300
2001-08-29,9.819343566894531,9.819343566894531,9.819343566894531,9.819343566894531,1000
2001-08-30,9.790425300598145,9.812117334979224,9.790425300598145,9.812117334979224,3300
2001-08-31,9.54457664489746,9.68919130672163,9.54457664489746,9.68919130672163,3500
2001-09-04,9.689191818237305,10.03626771451538,9.689191818237305,9.97842184673189,69700
2001-09-05,9.710886001586914,9.718116218968316,9.530117465084269,9.718116218968316,2900
2001-09-06,9.54457664489746,9.653038158448414,9.54457664489746,9.616884320598096,22100
2001-09-07,9.551807403564451,9.790421764300923,9.544576498190114,9.616884172779326,4400
2001-09-10,9.783191680908203,9.812114615258569,9.660269037524865,9.79765349287196,107300
2001-09-17,8.170737266540527,8.431043687877258,7.989968745995725,8.134583424516132,60300
2001-09-18,8.33704662322998,8.488892256313983,8.33704662322998,8.488892256313983,7200
2001-09-19,8.358735084533691,8.496118830290444,8.098428023723141,8.496118830290444,12600
2001-09-20,7.816431045532227,8.170737176392443,7.8164310455322275,8.149045147248007,11500
2001-09-21,7.917661190032959,7.917661190032959,7.462124428141459,7.556124143094676,13300
2001-09-24,8.30811882019043,8.315349724579848,8.026120444773087,8.026120444773087,2900
2001-09-25,7.917661190032959,8.055045654032734,7.895969160298276,7.9538150326422254,10300
2001-09-26,7.924893379211426,7.953816320064931,7.888739530750215,7.953816320064931,3900
2001-09-27,7.845353603363037,8.004429395536352,7.773045923591793,7.932122405342247,24600
2001-09-28,7.961045265197754,8.16350580126382,7.953814359372539,8.134582867540097,14400
2001-10-01,8.004430770874023,8.026123492278968,7.975507831911354,7.975507831911354,4200
2001-10-02,8.047813415527344,8.127351304440925,7.961044621373325,8.040582510286907,6100
2001-10-03,8.315350532531738,8.315350532531738,8.12012023251009,8.12012023251009,17300
2001-10-04,8.481656074523926,8.496117882768136,8.26473446747653,8.315349417177325,15600
2001-10-05,8.380427360534668,8.431042317394956,8.214119990086902,8.431042317394956,9200
2001-10-08,8.271966934204102,8.438274326407663,8.271966934204102,8.300889868990309,9900
2001-10-09,8.394890785217285,8.525044355238055,8.394890785217285,8.45996757022767,43400
2001-10-10,8.532273292541504,8.532273292541504,8.112890429937915,8.416581563489078,9600
2001-10-11,8.89380931854248,8.937193367406795,8.89380931854248,8.937193367406795,1500
2001-10-12,8.857657432556152,8.857657432556152,8.857657432556152,8.857657432556152,400
2001-10-15,8.83596420288086,8.879348255391012,8.749195408283471,8.879348255391012,3200
2001-10-16,8.980581283569336,8.980581283569336,8.95888925146159,8.95888925146159,1100
2001-10-17,8.901041984558105,9.052887564784594,8.901041984558105,8.966118070731891,2700
2001-10-18,8.987811088562012,8.987811088562012,8.937195433748256,8.937195433748256,1000
2001-10-19,8.89380931854248,9.038423964051908,8.872117294110323,8.89380931854248,10000
2001-10-22,8.89380931854248,8.89380931854248,8.89380931854248,8.89380931854248,0
2001-10-23,8.97335147857666,9.038428272470826,8.97335147857666,9.038428272470826,1500
2001-10-24,9.465039253234863,9.465039253234863,9.327654800062389,9.327654800062389,12700
2001-10-25,9.47950267791748,9.47950267791748,9.233658024904887,9.255350058198909,8600
2001-10-26,9.566268920898438,9.566268920898438,9.399962227864014,9.399962227864014,38000
2001-10-29,9.472270965576172,9.6385776772235,9.472270965576172,9.6385776772235,10900
2001-10-30,9.204733848571776,9.219195662961743,8.893812424537371,8.893812424537371,7700
2001-10-31,9.269811630249023,9.457811100056288,9.269811630249023,9.291504354164942,1400
2001-11-01,9.783191680908203,9.783191680908203,9.428885562721945,9.45057759109043,20000
2001-11-02,9.754266738891602,9.754266738891602,9.68918997760338,9.68918997760338,3300
2001-11-05,9.898883819580078,9.906114725855076,9.76873095451601,9.906114725855076,6200
2001-11-06,9.906115531921388,9.906115531921388,9.877192594045098,9.877192594045098,15200
2001-11-07,9.978422164916992,9.985653071014786,9.877191548279344,9.906114483093363,3000
2001-11-08,10.15919303894043,10.245961863530866,10.050731491019397,10.050731491019397,53700
2001-11-09,10.36888027191162,10.36888027191162,10.231495838977208,10.245957648581689,4800
2001-11-12,10.578572273254396,10.701494903429849,10.412264901426456,10.701494903429849,18600
2001-11-13,10.867802619934082,10.96180232781255,10.66534208196815,10.66534208196815,54100
2001-11-14,11.149800300598145,11.171492325892896,10.961800909171489,10.961800909171489,476300
2001-11-15,11.091957092285156,11.120880029452922,10.990726467409369,11.070265061803635,417400
2001-11-16,11.041341781616213,11.09195674769305,11.034110875154608,11.09195674769305,53100
2001-11-19,11.4534912109375,11.576413834733897,11.207645963344708,11.207645963344708,165600
2001-11-20,11.120877265930176,11.53302919054596,11.034108475988804,11.53302919054596,8300
2001-11-21,11.178726196289062,11.243802979013628,11.070265351466276,11.243802979013628,49900
2001-11-23,11.836722373962402,11.995798162669658,11.569184378384394,11.569184378384394,11000
2001-11-26,12.487489700317385,12.798411775574309,12.444104262499422,12.798411775574309,42400
2001-11-27,12.42241382598877,12.538105576939987,12.18379941725757,12.523643763282472,58400
2001-11-28,11.395648002624512,11.67041555430596,11.395648002624512,11.641493307412627,22400
2001-11-29,11.496877670288086,11.54026241878174,11.395647739764865,11.395647739764865,4800
2001-11-30,11.757183074951172,11.930720664573744,11.71379902233407,11.71379902233407,36000
2001-12-03,11.894570350646973,12.031953446519395,11.829493566642354,12.003031197603171,16600
2001-12-04,12.075336456298828,12.104258699389264,11.9668742520356,11.9668742520356,391400
2001-12-05,13.253945350646973,13.26117625559217,12.870715663476048,12.870715663476048,82300
2001-12-06,12.899639129638672,13.123791663654057,12.841793269920052,13.123791663654057,107500
2001-12-07,13.27563762664795,13.36240572481396,13.16717543520936,13.304559866318602,41100
2001-12-10,12.567024230957031,12.567024230957031,12.364564414272724,12.473025227375611,21700
2001-12-11,12.595952033996582,12.617644755484456,12.436876213882412,12.436876213882412,11400
2001-12-12,12.820100784301758,12.914101169994602,12.762254923550048,12.906870265006376,19400
2001-12-13,12.77671718597412,12.798409901706982,12.66102546037384,12.798409901706982,19100
2001-12-14,12.299490928649902,12.465797645008792,12.111491492227245,12.111491492227245,40100
2001-12-17,12.097028732299805,12.13318326291044,11.937952935075977,11.937952935075977,75300
2001-12-18,12.183798789978027,12.183798789978027,11.974106640203347,11.974106640203347,22000
2001-12-19,11.865646362304688,12.039183987996458,11.83672411426662,12.039183987996458,88200
2001-12-20,12.082565307617188,12.24164246276623,12.082565307617188,12.219949747294775,466800
2001-12-21,11.901799201965332,11.909030108571978,11.742723394082365,11.909030108571978,26600
2001-12-24,11.80780029296875,11.815031199648017,11.72103079197202,11.72103079197202,6200
2001-12-26,11.952415466308594,11.95964637286569,11.786107373804178,11.786107373804178,2900
2001-12-27,12.212719917297363,12.24887444626602,12.003029165896198,12.003029165896198,9400
2001-12-28,12.552567481994627,12.574258823484383,12.47302888545361,12.47302888545361,30100
2001-12-31,12.805641174316406,12.921334294849848,12.653796280939222,12.697180339167796,15500
2002-01-02,13.326254844665527,13.499792449636908,13.304562126861246,13.499792449636908,131500
2002-01-03,13.51425552368164,13.629947271134355,13.376871056398636,13.629947271134355,107400
2002-01-04,14.150559425354004,14.273482073255138,14.034867683700508,14.24455982741894,126400
2002-01-07,13.9697904586792,14.172251689657994,13.883022344798505,13.883022344798505,88200
2002-01-08,13.73117733001709,13.789023204268569,13.38410208450823,13.38410208450823,192200
2002-01-09,14.020403861999512,14.201172354822214,13.955327094251006,13.991481620308038,44500
2002-01-10,13.478096961975098,13.658865435731864,13.253944440679833,13.629943197090864,58000
2002-01-11,13.369640350341797,13.449178945091576,13.31902538246628,13.333487195903407,84700
2002-01-14,13.760098457336426,13.87579018482514,13.709482119800208,13.738405741249474,107600
2002-01-15,13.413019180297852,13.521481359620644,13.275636143689075,13.521481359620644,176500
2002-01-16,13.01533317565918,13.304562525954074,13.01533317565918,13.304562525954074,65600
2002-01-17,13.253945350646973,13.333483925890055,13.123791819941598,13.123791819941598,34300
2002-01-18,13.087640762329102,13.196101595502366,13.04425670489066,13.196101595502366,107100
2002-01-22,13.225025177001951,13.369639161045807,13.196101552700592,13.340716915898764,31100
2002-01-23,13.550411224365234,13.702257533407812,13.521488971643354,13.702257533407812,60500
2002-01-24,13.984253883361816,14.042099759004444,13.919177100869549,14.034868852154808,39100
2002-01-25,14.309637069702148,14.381943376220512,14.063791765907403,14.085483106201156,67900
2002-01-28,14.548253059387209,14.635021188368173,14.49763670846801,14.569944402055176,37800
2002-01-29,14.049330711364746,14.266252400938678,14.034868897618626,14.215637431981724,87800
2002-01-30,13.984253883361816,14.042099759004444,13.564870940164132,13.940869821418458,125300
2002-01-31,13.875791549682615,13.919175606969704,13.72394528044634,13.919175606969704,71200
2002-02-01,13.716712951660156,13.781789720418107,13.593790319467818,13.593790319467818,15600
2002-02-04,13.27563762664795,13.572097823830912,13.268406721941776,13.543174205006206,610100
2002-02-05,13.615484237670898,13.658868294288908,13.557638369128789,13.557638369128789,42700
2002-02-06,13.66610050201416,13.70225503526831,13.528716033957242,13.666100502014162,118500
2002-02-07,13.449175834655762,13.666097469426774,13.420252214470764,13.666097469426774,54000
2002-02-08,13.687789916992188,13.81071254206726,13.615482247097304,13.81071254206726,15000
2002-02-11,13.86856174468994,13.948100338659753,13.738408183340953,13.91917671206912,16000
2002-02-12,13.81794548034668,14.013174424891387,13.80348366840876,14.013174424891387,7600
2002-02-13,13.955327987670898,13.991482516042543,13.817944917321372,13.991482516042543,14700
2002-02-14,14.859170913696287,15.039939423007212,14.772402801553438,15.039939423007212,40400
2002-02-15,14.497637748718262,14.635022238476186,14.483177312286882,14.635022238476186,169200
2002-02-19,14.40363311767578,14.533786649146249,14.36024906690366,14.425325832638896,67400
2002-02-20,14.569942474365234,14.707326936088617,14.338558988823344,14.425328485478731,125700
2002-02-21,14.533787727355955,14.67840170037612,14.49763319973526,14.49763319973526,23400
2002-02-22,14.931477546691896,14.931477546691896,14.60609508023112,14.678401375564064,115100
2002-02-25,15.141170501708984,15.141170501708984,14.830248449636247,14.924247466257322,33500
2002-02-26,15.177326202392578,15.213480737288537,14.93148088171801,15.184557109371768,120500
2002-02-27,15.336400985717772,15.654553975605342,15.336400985717772,15.618400822298426,31700
2002-02-28,15.387018203735352,15.466555421351869,15.32194142076899,15.43763317289708,27800
2002-03-01,15.76301097869873,15.76301097869873,15.19178329636413,15.22070553614046,145500
2002-03-04,15.857011795043944,15.9076267504033,15.589473829232087,15.763011410101631,120700
2002-03-05,15.719627380371094,16.073933447507194,15.719627380371092,16.052242111841252,104500
2002-03-06,15.893165588378906,15.97993507192762,15.71962800043563,15.71962800043563,62900
2002-03-07,15.57501983642578,15.719633857349244,15.437635344267026,15.437635344267026,48400
2002-03-08,15.553322792053224,15.618399566095,15.553322792053224,15.611168660184326,63100
2002-03-11,15.582246780395508,15.640092655000307,15.452094596900531,15.54609362595042,58700
2002-03-12,15.835322380065918,16.08839858875359,15.813631039908426,15.878706439535284,55900
2002-03-13,15.842552185058594,15.994398451375924,15.842552185058594,15.979936639506793,96800
2002-03-14,16.095626831054688,16.117319546776,15.943780579313808,16.00885734732359,563100
2002-03-15,16.211320877075195,16.233013595901596,15.987168299153142,16.124551380923947,153200
2002-03-18,16.225786209106445,16.413785675583846,16.182400762043056,16.399323859896047,99600
2002-03-19,16.739164352416992,16.768087977051675,16.609010799869594,16.609010799869594,93400
2002-03-20,16.124553680419922,16.76809063916666,16.124553680419922,16.739167009940044,181200
2002-03-21,16.19685935974121,16.52224325229615,16.12455167482296,16.52224325229615,132200
2002-03-22,16.471628189086914,16.659627617099652,16.421011844535727,16.601780366184006,99300
2002-03-25,16.088397979736328,16.47885863764311,16.088397979736328,16.44993501298883,399900
2002-03-26,16.334243774414062,16.413782365502158,16.204090217780582,16.413782365502158,53100
2002-03-27,16.768089294433594,16.883781043752954,16.63070482493394,16.666857979413326,62600
2002-03-28,16.59454917907715,16.775317682643767,16.558394650871286,16.63070232812878,192100
2002-04-01,16.31255340576172,16.486091046560244,16.088400792124613,16.486091046560244,166100
2002-04-02,16.64516258239746,16.88377692961888,16.64516258239746,16.73916158863143,131400
2002-04-03,16.739164352416992,17.28146990192826,16.703011200777976,17.28146990192826,65500
2002-04-04,16.840394973754883,16.970547141848243,16.710241426507245,16.710241426507245,62000
2002-04-05,17.013935089111328,17.173010904148885,16.919934678151584,17.173010904148885,80000
2002-04-08,16.493322372436523,16.62347595112616,16.233016594211858,16.413785147024218,172600
2002-04-09,15.849786758422852,16.392092416609096,15.625634139202491,16.269169745587362,143500
2002-04-10,15.538861274719238,15.683476637364842,14.89532580717036,15.683476637364842,321100
2002-04-11,15.256864547729492,15.531632112622924,15.256864547729492,15.415940361177851,265400
2002-04-12,15.726859092712402,15.79916676667065,15.603936460729631,15.603936460729631,72800
2002-04-15,16.363161087036133,16.48608370022071,16.26916209067332,16.449930558347464,67800
2002-04-16,16.956087112426758,16.956087112426758,16.522242404337515,16.522242404337515,162500
2002-04-17,17.498394012451172,17.643008006948516,17.35377863879941,17.643008006948516,96100
2002-04-18,17.353771209716797,17.787615765790484,17.180233663118088,17.708077206416725,108300
2002-04-19,17.288700103759766,17.780390669283616,17.20916151840906,17.780390669283616,176700
2002-04-22,17.107933044433594,17.606854558102675,17.071779891203622,17.606854558102675,88000
2002-04-23,17.57069969177246,17.635776469673086,17.433316608786136,17.60685422346968,58800
2002-04-24,17.498394012451172,17.708084787176368,17.389931792635142,17.708084787176368,357900
2002-04-25,16.88378143310547,16.948858215992633,16.41378351826277,16.41378351826277,272200
2002-04-26,16.630701065063477,16.840393175269128,16.44993257522583,16.637931970155478,166700
2002-04-29,15.74855613708496,15.87147880285262,15.582248027525504,15.690710257850446,243800
2002-04-30,16.2980899810791,16.2980899810791,15.907629326524871,15.907629326524871,160900
2002-05-01,16.23301124572754,16.34147206584815,15.907627406211551,16.34147206584815,184300
2002-05-02,16.442707061767578,16.558398822867165,16.348708023057135,16.348708023057135,52200
2002-05-03,16.269161224365234,16.37762202336356,16.175162233007722,16.27639212818564,55800
2002-05-06,15.21347999572754,15.618401112743518,15.039940994994842,15.5388625190039,98300
2002-05-07,15.690707206726074,15.828090281221732,15.365323337332612,15.365323337332612,159400
2002-05-08,16.876544952392578,16.876544952392578,16.377623574754665,16.377623574754665,276400
2002-05-09,16.522245407104492,16.695783046048206,16.34147686081047,16.34147686081047,296500
2002-05-10,15.705167770385742,16.153474285384274,15.690707337634272,16.052244360352535,116600
2002-05-13,16.01609230041504,16.327014408564445,15.987170051297737,16.124553148125308,145100
2002-05-14,16.587322235107422,16.623475392793775,16.312553271734714,16.623475392793775,54800
2002-05-15,16.86208724975586,16.992240804240268,16.61624195331961,16.63070376585218,87700
2002-05-16,16.847620010375977,16.98500442687328,16.775313729312675,16.775313729312675,85900
2002-05-17,17.55624008178711,17.621316862740397,17.13685714850728,17.13685714850728,99800
2002-05-20,17.173009872436523,17.71531544735557,17.122394906108784,17.61408551470009,53100
2002-05-21,16.565629959106445,16.9922438512358,16.55839905154354,16.818706207189813,53000
2002-05-22,17.201932907104492,17.245316965443447,17.13685613001889,17.245316965443447,47600
2002-05-23,17.144081115722656,17.281465539750222,16.992236262182175,17.13685159054319,92500
2002-05-24,17.27423667907715,17.455005171337575,17.209159911531064,17.35377525700106,42000
2002-05-28,17.41162109375,17.49839057673521,17.281467558849254,17.353775231477904,127700
2002-05-29,17.107933044433594,17.281470662415362,17.107933044433594,17.281470662415362,45800
2002-05-30,16.891010284423828,17.021163834358937,16.7753185465158,16.99224021030478,28900
2002-05-31,16.65239715576172,16.724703463029883,16.57285856278145,16.66685758972271,133900
2002-06-03,16.334243774414062,16.80424165624822,16.327012868028383,16.77531940985988,62000
2002-06-04,16.94162940979004,16.96332075400575,16.789783104506864,16.96332075400575,137900
2002-06-05,17.064546585083008,17.151314692295227,16.898239896964423,16.898239896964423,93500
2002-06-06,16.77532196044922,17.05008954910996,16.637937476541556,17.02839682665467,34800
2002-06-07,16.58008575439453,16.76808514530819,16.478855843577215,16.76808514530819,155800
2002-06-10,16.98501205444336,16.9922429616277,16.854858483434253,16.919935268938804,27900
2002-06-11,16.927162170410156,17.447774952092114,16.927162170410156,17.173007439881854,151400
2002-06-12,17.238086700439453,17.238086700439453,16.9994723019674,17.173009920933037,92300
2002-06-13,17.1007022857666,17.23085584516651,17.035625506066648,17.1007022857666,23900
2002-06-14,16.681316375732422,16.847623058917105,16.565624650112284,16.847623058917105,40900
2002-06-17,17.021167755126953,17.05009000668895,16.724706056900096,16.724706056900096,125700
2002-06-18,17.165775299072266,17.165775299072266,16.782545611497493,16.977775907761288,37400
2002-06-19,16.001630783081055,16.26916883293961,15.777478176434933,16.26916883293961,292300
2002-06-20,16.160707473754883,16.327014196696172,16.016092092581463,16.016092092581463,150700
2002-06-21,15.951010704040527,16.341471292993237,15.885933939215075,16.26916362328117,48600
2002-06-24,16.370393753051758,16.370393753051758,16.052242208696086,16.052242208696086,154200
2002-06-25,15.79916763305664,16.117320588427123,15.69070680574864,16.052243816211472,41700
2002-06-26,15.177326202392578,15.177326202392576,14.714559188960209,14.786866879597635,171200
2002-06-27,15.401480674743652,15.401480674743652,15.018252212332447,15.29301981517736,240400
2002-06-28,15.828092575073242,15.907631172263995,15.741324450096492,15.791939419525344,104600
2002-07-01,15.488248825073242,15.690710089802955,15.481017917852054,15.690710089802955,40200
2002-07-02,15.21347999572754,15.835322794927755,15.206249089100808,15.835322794927755,260500
2002-07-03,15.59671115875244,15.791941534832668,15.343634898554516,15.68348067450632,71600
2002-07-05,16.876544952392578,16.94885261829219,16.500546193037803,16.500546193037803,183200
2002-07-08,16.717470169067383,16.84762232031856,16.42823948854273,16.594547543590636,122700
2002-07-09,17.07177734375,17.274237178273776,17.03562281676062,17.173007261011886,122400
2002-07-10,16.88378143310547,17.15131809239317,16.710243805124524,17.06454996797993,107900
2002-07-11,16.65239715576172,16.66685758972271,16.204090603265303,16.41378275597532,118000
2002-07-12,16.86208724975586,17.12962526499096,16.854856343489576,17.064548487748755,59100
2002-07-15,16.77532196044922,17.19470494050272,16.392092138666616,16.847628276991014,91900
2002-07-16,16.269161224365234,16.76808255474219,16.269161224365234,16.37762202336356,160400
2002-07-17,16.522245407104492,16.768090740396726,16.34147686081047,16.449937712755972,43300
2002-07-18,16.442707061767578,16.623475610880003,16.276400327581246,16.471630691619765,11800
2002-07-19,15.806403160095217,16.12455482932971,15.799172252273342,15.943786271246845,92300
2002-07-22,15.184555053710938,15.67624562849579,15.04717059801416,15.67624562849579,134600
2002-07-23,15.690707206726074,16.037782414642916,15.582244997492069,16.037782414642916,106900
2002-07-24,16.19685935974121,16.225782985370262,15.18455590834883,15.271325406081608,179000
2002-07-25,15.141170501708984,15.7630132267002,15.141170501708984,15.379784875297831,458300
2002-07-26,14.569942474365234,14.823018678859562,14.259020398485433,14.823018678859562,100900
2002-07-29,15.22793960571289,15.22793960571289,14.461481473766485,14.714557675388267,145900
2002-07-30,15.141170501708984,15.206247274429057,14.89532522235632,15.184554557137616,172200
2002-07-31,14.642250061035156,15.003787099579236,14.533789225302804,14.931479416039547,264700
2002-08-01,14.432560920715332,14.880867548649585,14.396407760997656,14.880867548649585,59300
2002-08-02,14.208404541015623,14.64948014459824,14.099943711374369,14.461480729614738,44200
2002-08-05,13.564870834350586,14.099945524659647,13.53594720717766,13.738408459924786,169700
2002-08-06,14.01317310333252,14.230096124480752,13.77455874547738,13.77455874547738,68700
2002-08-07,14.17225456237793,14.17225456237793,13.817948370712804,14.027639171057452,71400
2002-08-08,14.526554107666016,14.562707249377588,14.099940415530469,14.099940415530469,43000
2002-08-09,14.251789093017578,14.425328081468043,14.14332825960178,14.316865868897922,48700
2002-08-12,14.186712265014648,14.38917209919044,14.136095927316516,14.38917209919044,63900
2002-08-13,14.519327163696287,14.67117343444026,14.461481293687712,14.4976344452602,49900
2002-08-14,15.24963092803955,15.24963092803955,14.830248058868584,15.003785655164751,27100
2002-08-15,15.119479179382324,15.466554413141994,15.112248272951366,15.329171328416948,27400
2002-08-16,15.01824951171875,15.220709378727818,15.011018605160652,15.112248538665188,83800
2002-08-19,15.220704078674316,15.220704078674316,14.974858857923277,15.112243276379193,18500
2002-08-20,15.300250053405762,15.430403630850876,15.264096894850828,15.264096894850828,17500
2002-08-21,15.900398254394531,15.94378231139611,15.697937023129994,15.763013798209512,24600
2002-08-22,15.640087127685549,15.79916426099562,15.553319036020008,15.79916426099562,37200
2002-08-23,15.22793960571289,15.54609258429897,15.22793960571289,15.54609258429897,17400
2002-08-26,15.34363079071045,15.34363079071045,15.119478222159522,15.206247714683204,8500
2002-08-27,14.974862098693848,15.329169577571058,14.97486209869385,15.329169577571058,5800
2002-08-28,14.714557647705078,15.0327106256926,14.62778815219781,14.974863375918192,22700
2002-08-29,14.895326614379885,14.895326614379885,14.750711243897264,14.750711243897264,45200
2002-08-30,15.21347999572754,15.314709930192928,14.967634687036377,14.967634687036377,12300
2002-09-03,15.06886386871338,15.213479235714669,14.90978806833544,15.076094774978875,79600
2002-09-04,15.047171592712402,15.155632431577889,14.982094813562233,15.039940686234116,29100
2002-09-05,14.931477546691896,15.133938759424996,14.837478535266564,15.090554706394396,25200
2002-09-06,14.931477546691896,14.967632073512544,14.801324008445912,14.895324399025425,171200
2002-09-09,14.642250061035156,14.714557744574842,14.497634693955783,14.678403213227822,23800
2002-09-10,14.982095718383787,15.03271206678868,14.94594256296334,15.011019346043728,38700
2002-09-11,15.16286277770996,15.423169884690946,15.11947871959791,15.365324014156766,17400
2002-09-12,15.119479179382324,15.387017200710224,15.112248272951366,15.387017200710224,96400
2002-09-13,14.96040153503418,15.13393913056656,14.82301708805488,15.13393913056656,25000
2002-09-16,14.45424747467041,14.606093714813785,14.215633136577155,14.606093714813785,17900
2002-09-17,14.541021347045898,14.757943036642931,14.541021347045898,14.71455897455442,75500
2002-09-18,14.606098175048828,14.678404485702414,14.468713702328964,14.606098175048828,17000
2002-09-19,14.461482048034668,14.6422505736351,14.461482048034668,14.461482048034668,52600
2002-09-20,14.432560920715332,14.606099948993174,14.302408718238912,14.439791828489795,63500
2002-09-23,13.528715133666992,14.056560250815872,13.4853310758035,14.02763662613732,33800
2002-09-24,13.391332626342772,13.622716117044735,13.319024940709811,13.49979346521502,33300
2002-09-25,13.709484100341797,13.796253598070583,13.203333064246074,13.203333064246074,93400
2002-09-26,13.702253341674805,13.738406491306014,13.55763798484146,13.702253341674805,77000
2002-09-27,13.268409729003906,13.420254624784542,13.268409729003906,13.37687056586927,46700
2002-09-30,12.661026000976562,12.943024421773796,12.60318013570651,12.943024421773796,57500
2002-10-01,13.326254844665527,13.340716656535047,13.000870973372754,13.159948145628904,35600
2002-10-02,12.986408233642578,13.30456117626901,12.986408233642578,13.159947205369134,58000
2002-10-03,12.834565162658691,13.196102209494148,12.834565162658691,12.885180128550957,27000
2002-10-04,12.769489288330078,13.26117992751634,12.711643411905488,13.123795453825007,39200
2002-10-07,12.38625717163086,12.653795161881352,12.37179673960306,12.653795161881352,18600
2002-10-08,12.646564483642578,12.75502531114913,12.473026883801245,12.559796373299037,21000
2002-10-09,11.952415466308594,12.277797986451512,11.952415466308594,12.191029866075162,44000
2002-10-10,11.87287425994873,11.959643740380306,11.28718405970938,11.56918314716937,140800
2002-10-11,12.15487289428711,12.16933470449939,11.793335913904889,11.85841268070602,43200
2002-10-14,12.111490249633787,12.24164379835424,12.08256662584956,12.111490249633787,55800
2002-10-15,13.0731782913208,13.0804091970552,12.559796396566735,12.726103090995158,421500
2002-10-16,12.653797149658203,12.86348930727524,12.581489461543557,12.81287296018688,200600
2002-10-17,13.311795234680176,13.36964111257217,13.123795786742564,13.340718863203431,61900
2002-10-18,13.601022720336914,13.77456032972197,13.5865622872539,13.75286899052029,90200
2002-10-21,13.521484375,13.615483388334392,13.304561347133063,13.478098941934087,56800
2002-10-22,12.885180473327637,13.04425766085057,12.841796412709757,12.870718660070205,11500
2002-10-23,13.369640350341797,13.4781011928114,13.167179099685285,13.347947630186102,130500
2002-10-24,13.232253074645996,13.543175101830457,13.232253074645996,13.543175101830457,317900
2002-10-25,13.42748737335205,13.507025974904549,13.145488882981642,13.441949188026062,21000
2002-10-28,13.74563980102539,14.230099538243278,13.73840889400369,14.230099538243278,24100
2002-10-29,13.781790733337402,14.063790545066048,13.55763816844891,14.063790545066048,65700
2002-10-30,13.63718032836914,13.69502621121797,13.398565889223391,13.405796796973826,48700
2002-10-31,13.622714042663574,13.622714042663574,13.543175462663513,13.543175462663513,7800
2002-11-01,13.405794143676758,13.528715413641432,13.3045628343612,13.376870518399638,13500
2002-11-04,14.143325805664062,14.309633859144288,14.128865375097416,14.128865375097416,71500
2002-11-05,14.165021896362305,14.165021896362306,13.854099809031297,13.854099809031297,110300
2002-11-06,13.955327987670898,14.215635075329777,13.745637239732323,14.208404169655449,580200
2002-11-07,14.280714988708496,14.309638617768416,13.969792872087078,14.09994644454763,684500
2002-11-08,14.389172554016112,14.389172554016112,14.324095782644266,14.324095782644266,776900
2002-11-11,14.06378936767578,14.172250188112413,13.99148169433331,14.027634841427467,550100
2002-11-12,13.9697904586792,14.09271310263877,13.890251871659975,13.962559552663423,34000
2002-11-13,14.078252792358398,14.201175449430336,13.95533013528646,14.121638233081049,272600
2002-11-14,14.0927152633667,14.099946170491132,13.868562659127283,14.099946170491132,31100
2002-11-15,14.295172691345217,14.447017562769188,14.287941786160149,14.447017562769188,15200
2002-11-18,14.034871101379396,14.483177743821123,14.034871101379396,14.483177743821123,17500
2002-11-19,14.121636390686035,14.316865331849394,14.071020049779994,14.316865331849394,28600
2002-11-20,14.45424747467041,14.454247474670412,14.121634133939107,14.121634133939107,397400
2002-11-21,14.613327026367188,14.786866025535522,14.338559472800409,14.338559472800409,71300
2002-11-22,14.99655532836914,14.99655532836914,14.736248234301474,14.736248234301474,131400
2002-11-25,14.99655532836914,14.99655532836914,14.90255631059708,14.982093516664431,41700
2002-11-26,14.649478912353516,14.95317003729654,14.649478912353516,14.844709216778494,22000
2002-11-27,15.401480674743652,15.466557466314358,15.126713071898738,15.126713071898738,344800
2002-11-29,15.329174995422363,15.69071212852992,15.329174995422362,15.676250312208486,136700
2002-12-02,15.415936470031738,15.979934650333186,15.336397893806708,15.66178172458718,589600
2002-12-03,15.314708709716797,15.509939035616762,15.199016971217777,15.509939035616762,1012400
2002-12-04,14.497637748718262,15.032713892163938,14.490408220079894,14.88086758681999,659000
2002-12-05,14.707324028015137,14.953169277581098,14.541017353059951,14.953169277581098,186100
2002-12-06,14.678401947021484,14.678401947021484,14.533787971571332,14.533787971571332,170100
2002-12-09,14.244561195373535,14.64225142310471,14.215637567605352,14.62778960922062,78800
2002-12-10,14.519327163696287,14.51932716369629,14.208405095217312,14.381942705243045,112500
2002-12-11,14.418095588684082,14.598864084202148,14.389171967407188,14.389171967407188,46300
2002-12-12,14.685633659362791,14.79409449169682,14.569941920985922,14.642249602260044,23600
2002-12-13,14.663946151733398,14.671177059665506,14.533792567264763,14.591638451566972,260100
2002-12-16,14.649478912353516,14.649478912353516,14.259018303503565,14.259018303503565,88700
2002-12-17,14.700095176696776,14.750710138827488,14.526557572611075,14.635018402770354,134400
2002-12-18,14.526554107666016,14.75070662041647,14.46147734926202,14.5771690577238,43200
2002-12-19,14.541021347045898,14.678404440185268,14.490406378083554,14.533790440172067,104900
2002-12-20,14.671178817749023,14.743485147425426,14.569947473723358,14.678408347392796,28000
2002-12-23,14.309637069702148,14.461481968375988,14.136098072425767,14.389174282703229,26400
2002-12-24,13.883023262023926,14.063791786898433,13.810715576243243,14.063791786898433,31700
2002-12-26,13.752870559692385,13.846869591651496,13.68056286940988,13.68056286940988,21400
2002-12-27,13.253945350646973,13.629944132872698,13.022561909017018,13.57209827246521,60000
2002-12-30,13.290101051330566,13.304562864001346,12.820103172765194,13.015333506357605,234400
2002-12-31,13.268409729003906,13.40579419124903,13.123794360413845,13.174409325674056,50400
2003-01-02,13.57933235168457,13.731177253566363,13.347947476812507,13.514255571119682,32900
2003-01-03,14.208404541015623,14.273481314631232,13.81794527847625,14.099943711374369,290800
2003-01-06,14.598865509033203,14.5988655090332,14.18671351969116,14.324096596702304,40300
2003-01-07,14.06378936767578,14.193941524707244,13.810713200554208,14.085480704270614,81300
2003-01-08,13.846867561340332,13.99148292070096,13.846867561340332,13.99148292070096,65300
2003-01-09,13.846867561340332,13.846867561340332,13.601022277919832,13.73117582551354,73200
2003-01-10,13.572096824645996,13.622711774708876,13.340713407699136,13.60824996636121,94600
2003-01-13,14.01317310333252,14.1650193560517,13.781789650764406,13.781789650764406,65500
2003-01-14,14.237326622009276,14.266248863174871,14.005943176068008,14.042096322313531,22700
2003-01-15,13.810714721679688,14.092713161705335,13.796252909587524,14.085482255659254,157600
2003-01-16,13.9697904586792,14.09271310263877,13.817945569810831,13.890251871659975,38300
2003-01-17,13.5070219039917,13.629944533363732,13.376868369462,13.376868369462,459200
2003-01-21,13.57933235168457,13.666100473001476,13.376871103354423,13.45640969719027,63800
2003-01-22,13.304564476013184,13.557640711797646,13.196103626149709,13.449179861934171,173600
2003-01-23,13.74563980102539,13.74563980102539,13.340718661891698,13.463641322951595,85600
2003-01-24,12.877946853637695,13.167176162080892,12.870715948532348,13.159946636129677,259800
2003-01-27,12.653797149658203,12.870718834847713,12.588720368270463,12.870718834847713,375700
2003-01-28,13.188873291015623,13.188873291015623,12.73333715016799,12.73333715016799,84900
2003-01-29,12.726103782653809,12.85625733463828,12.523642548549706,12.653796100534178,177200
2003-01-30,12.552567481994627,13.044258116694616,12.552567481994627,13.00087267540617,267600
2003-01-31,12.74779224395752,12.74779224395752,12.595947387025474,12.617640100510345,75100
2003-02-03,13.065947532653809,13.06594753265381,12.726103234237351,12.726103234237351,69400
2003-02-04,12.769489288330078,12.935796010656466,12.75502747443531,12.805642443912518,5300
2003-02-05,12.87071704864502,13.152716855240676,12.7767180325493,12.935793821001385,152000
2003-02-06,12.581488609313965,12.711642163273265,12.40072009084924,12.711642163273265,117400
2003-02-07,12.2705659866333,12.436874064320294,12.183797873987665,12.436874064320294,19000
2003-02-10,12.285028457641602,12.516411942651114,12.162105808836005,12.306721176544128,59600
2003-02-11,11.988567352294922,12.198259482815129,11.937952390901566,12.147643142267508,101800
2003-02-12,12.234414100646973,12.415182629687765,12.154875506539607,12.234414100646973,115800
2003-02-13,12.00302791595459,12.147641879306985,11.981335200832378,11.981335200832378,150200
2003-02-14,12.299490928649902,12.299490928649902,12.017492463593133,12.104260585539324,10100
2003-02-18,12.7333345413208,12.99364026312091,12.697180011102516,12.697180011102516,37300
2003-02-19,12.661026000976562,12.97194804398593,12.610411041259544,12.97194804398593,67600
2003-02-20,12.87071704864502,12.914102482985427,12.7767180325493,12.7767180325493,6500
2003-02-21,12.935794830322266,13.087641104053064,12.849026713179828,12.935794830322266,33800
2003-02-24,12.964715003967283,13.2033293313159,12.95025319524216,13.2033293313159,47100
2003-02-25,12.726103782653809,12.726103782653809,12.480258490939656,12.487489397067051,92800
2003-02-26,12.465797424316406,12.61041279720572,12.451335611196592,12.473028330876312,21800
2003-02-27,12.538104057312012,12.581488113871924,12.501950906704469,12.523642245407276,51400
2003-02-28,12.285028457641602,12.46579697769958,12.15487490253516,12.46579697769958,61400
2003-03-03,12.552567481994627,12.726105109685012,12.43687573020104,12.451336164809389,35800
2003-03-04,12.147643089294434,12.292258446205611,12.082566316599827,12.292258446205611,120500
2003-03-05,11.836722373962402,11.930721390208909,11.655953868050148,11.655953868050148,84800
2003-03-06,11.569184303283691,11.634261075322,11.49687662555732,11.569184303283691,150000
2003-03-07,11.561955451965332,11.569186358938207,11.294418100164156,11.366725790738418,34700
2003-03-10,11.157032012939451,11.316107796048636,11.149801107458917,11.214877877629538,41500
2003-03-11,10.896723747253418,11.1425689902395,10.896723747253418,10.925646676453132,54600
2003-03-12,10.896723747253418,11.063031107334544,10.70872505224379,10.947339390535689,83600
2003-03-13,11.460722923278809,11.460722923278809,11.01964735166914,11.20041584768567,37600
2003-03-14,11.229341506958008,11.301649198758255,11.207649475248834,11.21488038234431,37800
2003-03-17,11.128110885620115,11.128110885620115,10.62918935976962,10.658112296806085,78600
2003-03-18,11.258262634277344,11.352262342661955,11.041340972934394,11.352262342661955,34400
2003-03-19,11.272725105285645,11.272725105285645,11.099187490233252,11.10641770701088,146700
2003-03-20,11.930720329284668,11.930720329284668,11.663182357497137,11.706567788049142,70400
2003-03-21,12.256107330322266,12.393490425115433,12.060876979842105,12.292260485972156,66900
2003-03-24,11.605338096618652,11.887337917485915,11.467954328806853,11.684876684447152,94300
2003-03-25,11.533032417297363,11.73549298380568,11.287187098891502,11.287187098891502,48100
2003-03-26,11.59810733795166,11.70656815946457,11.511337853248827,11.590876432630244,29400
2003-03-27,11.402878761291504,11.410108978132492,11.214879331881972,11.214879331881972,19700
2003-03-28,11.410110473632812,11.417341380998732,11.323341653973612,11.323341653973612,23400
2003-03-31,10.860572814941406,10.990725678060224,10.744880385002109,10.9834947718933,61000
2003-04-01,11.034110069274902,11.099186843522046,10.860572464333943,10.860572464333943,31500
2003-04-02,11.294416427612305,11.301647333514378,11.135339945652373,11.185955597389752,336300
2003-04-03,11.099188804626465,11.236572593751305,10.925650479446054,11.236572593751305,338100
2003-04-04,11.34503173828125,11.373954673200892,11.20041706368304,11.222109782055645,43300
2003-04-07,11.757183074951172,12.104258254196315,11.74995216965596,12.104258254196315,117000
2003-04-08,11.670416831970217,12.031953922221136,11.670416831970217,11.786108590518143,98800
2003-04-09,11.424569129943848,11.634260558543565,11.388415292686568,11.62702965317669,56500
2003-04-10,11.865646362304688,12.18379936565016,11.786107766679708,12.18379936565016,96300
2003-04-11,12.039180755615234,12.082564805601448,11.865643176516302,11.865643176516302,199700
2003-04-14,12.42241382598877,12.458566980978103,12.292260261380031,12.42241382598877,37600
2003-04-15,12.668255805969238,12.726101666213909,12.509178655930828,12.581486326025187,268100
2003-04-16,12.87071704864502,13.065947365714107,12.798410749719505,12.849025710629064,36000
2003-04-17,13.01533317565918,13.159948540383793,12.798411507726591,12.798411507726591,83200
2003-04-21,13.116561889648438,13.159947322543468,13.015331971201768,13.015331971201768,12800
2003-04-22,12.726103782653809,12.85625733463828,12.480258490939656,12.697180158144226,50500
2003-04-23,12.545332908630373,12.610409672389322,12.364564426889745,12.574255148548756,23000
2003-04-24,12.111490249633787,12.292258760822351,11.858414058138942,12.292258760822351,133300
2003-04-25,11.61256980895996,11.988568676785418,11.489647844792476,11.634262528734112,184900
2003-04-28,12.010263442993164,12.075340234249662,11.612571787630715,11.612571787630715,869100
2003-04-29,12.436877250671388,12.59595308404677,12.33564592111011,12.574260360750502,591000
2003-04-30,12.487489700317385,12.523642852677993,12.393489297532827,12.473027887711396,66900
2003-05-01,12.50195026397705,12.653795143707514,12.306719950762837,12.47302664165455,61600
2003-05-02,12.624872207641602,12.64656492556264,12.379028300307992,12.530873188292365,56200
2003-05-05,12.617643356323242,12.899641808622382,12.48748980013768,12.899641808622382,70500
2003-05-06,12.921338081359863,12.943029427253478,12.73333860173828,12.73333860173828,167900
2003-05-07,13.12379550933838,13.326256767258092,12.921335630573152,12.921335630573152,110800
2003-05-08,13.051485061645508,13.123792736996055,12.798410266649888,12.906871090098612,131300
2003-05-09,13.304564476013184,13.340719012070696,13.159950469246729,13.326257197647692,62500
2003-05-12,13.680560111999512,13.731175071249128,13.420253031110969,13.420253031110969,113900
2003-05-13,13.0731782913208,13.232254080014826,12.979179275082116,13.217793647700278,141200
2003-05-14,12.87071704864502,13.07317827143751,12.87071704864502,13.07317827143751,34700
2003-05-15,13.261176109313965,13.261176109313965,13.022561765370863,13.022561765370863,48300
2003-05-16,12.914104461669922,13.138257056822772,12.87794992751336,13.080411181326731,32400
2003-05-19,12.509180068969728,12.718872198014816,12.487488730899027,12.661026331235869,59200
2003-05-20,12.740565299987791,12.81287160127934,12.559796788450337,12.632103089741884,70200
2003-05-21,12.610411643981934,12.783949248086431,12.595949832184656,12.595949832184656,37200
2003-05-22,12.762255668640137,12.762255668640137,12.55256492835575,12.624871224151214,42100
2003-05-23,12.906872749328612,12.935794995694383,12.86348869020277,12.885180030188506,26200
2003-05-27,13.152718544006348,13.188871698111052,12.769488766386134,12.769488766386134,82900
2003-05-28,13.253945350646973,13.36240616651675,13.232252635811378,13.36240616651675,150800
2003-05-29,13.261176109313965,13.42025187889134,13.12379167517882,13.24671429958309,104700
2003-05-30,13.37686824798584,13.441945014659725,13.159946611842315,13.232252904454072,205200
2003-06-02,13.673333168029783,13.91194760159229,13.666102260448543,13.7311790495251,230200
2003-06-03,13.46363925933838,13.521485127491266,13.340716617119211,13.340716617119211,89300
2003-06-04,13.738407135009766,13.919175649944105,13.38410101123698,13.38410101123698,52100
2003-06-05,13.789018630981444,13.789018630981444,13.507020259927812,13.73840368019274,89500
2003-06-06,13.825178146362305,13.955330332910004,13.79625451880428,13.79625451880428,52400
2003-06-09,13.73117733001709,13.883023611898736,13.55763970726266,13.854099985195782,46200
2003-06-10,14.085481643676758,14.092712549408674,13.789021404439476,13.789021404439476,69700
2003-06-11,14.165021896362305,14.172252802946096,13.962560649479355,14.034868336162868,159600
2003-06-12,14.230096817016602,14.273480871695952,14.136096422864735,14.136096422864735,48900
2003-06-13,14.114404678344728,14.454248958655231,14.085481056622545,14.454248958655231,68900
2003-06-16,14.432560920715332,14.44702273626426,14.092716530243392,14.17225513660785,96200
2003-06-17,14.497637748718262,14.801328980251512,14.497637748718262,14.801328980251512,97500
2003-06-18,14.700095176696776,14.707326082594632,14.562710722946074,14.700095176696776,43000
2003-06-19,14.895326614379885,14.953172486742051,14.685634465095523,14.880864801500744,132100
2003-06-20,14.736248016357422,14.960401957002432,14.736248016357422,14.794093883166465,56200
2003-06-23,14.31686782836914,14.367484178101463,14.136099288217236,14.35302236389223,248900
2003-06-24,14.266249656677246,14.381941386082763,14.042097103348327,14.042097103348327,150100
2003-06-25,14.42532730102539,14.71455663420434,14.389172772406615,14.70009482275683,153800
2003-06-26,14.808553695678713,14.815784600448035,14.497631686368038,14.497631686368038,53200
2003-06-27,14.598865509033203,14.700095435073898,14.475942864917654,14.685633623023998,176700
2003-06-30,14.45424747467041,14.635015954412394,14.432554760605916,14.483171093423072,64600
2003-07-01,14.606098175048828,14.707328113287426,14.48317551612147,14.490406423017724,267900
2003-07-02,15.011015892028809,15.112245807236771,14.830247398212212,14.830247398212212,118700
2003-07-03,15.119479179382324,15.141171898675196,14.830249817915933,15.003787434795768,62700
2003-07-07,15.365327835083008,15.726864960614371,15.36532783508301,15.401480995974271,198700
2003-07-08,15.900398254394531,15.900398254394531,15.538861228021338,15.828090573289032,338000
2003-07-09,15.835322380065918,15.857015099377794,15.582246171378245,15.6184007035647,142400
2003-07-10,15.379785537719728,15.726860754406136,15.307477856121478,15.726860754406136,208300
2003-07-11,15.62563133239746,15.79193804003742,15.481015964529629,15.481015964529629,216800
2003-07-14,16.269161224365234,16.435467874772925,15.907624308268227,16.269161224365234,886500
2003-07-15,15.77025032043457,16.095634311709926,15.697942613578403,15.697942613578403,62100
2003-07-16,15.90762710571289,16.081164690458536,15.770242667273124,15.979934777478777,55600
2003-07-17,15.401480674743652,15.48825018988948,15.25686665504015,15.48825018988948,493000
2003-07-18,15.473784446716309,15.473784446716309,15.19178600758805,15.256862782641388,105700
2003-07-21,15.047171592712402,15.459323607893884,15.018249345953656,15.459323607893884,41000
2003-07-22,15.509937286376951,15.509937286376951,15.300245172025502,15.300245172025502,280300
2003-07-23,15.278553009033203,15.358091590341004,15.155630373900337,15.155630373900337,86700
2003-07-24,15.567781448364258,15.72685720869237,15.437627926662165,15.54608873502924,30200
2003-07-25,15.87147331237793,15.979934126028091,15.632858970685945,15.690704829909636,69900
2003-07-28,15.90762710571289,16.117319215918542,15.755782236243247,15.994396587662775,185000
2003-07-29,16.124553680419922,16.131784587726575,15.835324283926496,16.131784587726575,60000
2003-07-30,16.001630783081055,16.001630783081055,15.791939990839078,15.979939440629368,62400
2003-07-31,15.690707206726074,16.073935564951395,15.669014489048418,15.669014489048418,90500
2003-08-01,16.001630783081055,16.059476661543105,15.878708118954885,16.059476661543105,385600
2003-08-04,15.87147331237793,16.045010890049003,15.791934738762576,16.045010890049003,252800
2003-08-05,15.74855613708496,15.835324266359455,15.74855613708496,15.806402016319474,119500
2003-08-06,15.531624794006348,15.683471008198488,15.372549055515655,15.372549055515655,308000
2003-08-07,15.62563133239746,15.78470713372859,15.553323648463545,15.647322672169585,112800
2003-08-08,15.43039608001709,15.75577986440397,15.43039608001709,15.75577986440397,130000
2003-08-11,15.481017112731934,15.676247460087124,15.466555299041667,15.647323832706594,174300
2003-08-12,15.220704078674316,15.473780203465555,15.220704078674316,15.408703446257697,57500
2003-08-13,15.531624794006348,15.755778663568371,15.517162987101608,15.755778663568371,30500
2003-08-14,16.088397979736328,16.25470468403544,15.755784571138106,16.25470468403544,437100
2003-08-15,16.19685935974121,16.19685935974121,15.979937684140836,15.979937684140836,16000
2003-08-18,16.269161224365234,16.27639212818564,16.102854573957543,16.102854573957543,84500
2003-08-19,16.413782119750977,16.428242553151456,16.276397658788774,16.428242553151456,62800
2003-08-20,16.478858947753906,16.50778119379813,16.290859521426178,16.428242603656383,169100
2003-08-21,17.1007022857666,17.17300997200593,16.854856980045533,17.050087319145394,131200
2003-08-22,16.88378143310547,17.346548441054658,16.88378143310547,17.346548441054658,114500
2003-08-25,16.840394973754883,17.165777462719696,16.71747233237148,17.165777462719696,32300
2003-08-26,16.8259334564209,16.8259334564209,16.42101099586481,16.63793403812435,447300
2003-08-27,16.797014236450195,16.825937867996647,16.65240021618193,16.825937867996647,125800
2003-08-28,16.666854858398438,16.666854858398438,16.44993321383373,16.61623989994362,38300
2003-08-29,16.912702560424805,16.912702560424805,16.65239682528563,16.782549003278028,92800
2003-09-02,17.173009872436523,17.173009872436523,16.963317721473715,16.963317721473715,166300
2003-09-03,17.03562355041504,17.281468827913617,17.028392644705757,17.201931623420016,141800
2003-09-04,17.129623413085938,17.1585456558699,16.912700386012293,17.057315737394724,5300
2003-09-05,17.021167755126953,17.057320914368105,16.86932145217395,17.057320914368105,89100
2003-09-08,17.238086700439453,17.267008947356526,17.08624042187302,17.20916307436798,35800
2003-09-09,16.847620010375977,17.303157304336658,16.847620010375977,17.20915693230811,161900
2003-09-10,16.666854858398438,17.426083372683273,16.558394036116084,17.426083372683273,466600
2003-09-11,16.992237091064453,17.064544758772133,16.52947022438178,16.52947022438178,93000
2003-09-12,16.64516258239746,17.06454541627614,16.536701766233925,17.06454541627614,123400
2003-09-15,16.529476165771484,16.63070610945611,16.457168472073374,16.63070610945611,236900
2003-09-16,17.057313919067383,17.310390067431353,16.9705444416568,16.999468060511678,72900
2003-09-17,16.999469757080078,17.25254593070137,16.999469757080078,17.25254593070137,144500
2003-09-18,16.98501205444336,17.12962743982115,16.674089941289274,16.674089941289274,85200
2003-09-19,16.59454917907715,16.847623980747027,16.449933824562162,16.840394454260085,154000
2003-09-22,15.914860725402832,16.327012731868777,15.806399888830905,16.327012731868777,257000
2003-09-23,16.160707473754883,16.261937413083583,15.914862153252765,15.914862153252765,241100
2003-09-24,15.849786758422852,16.269169745587362,15.828094035599742,16.167939797388737,302800
2003-09-25,15.75578498840332,16.052245253189273,15.690708210362075,15.97993756879296,287100
2003-09-26,15.57501983642578,15.719633857349244,15.4448662521864,15.55332711266766,51000
2003-09-29,15.669012069702148,15.712396119204543,15.466550873434183,15.705165214428469,60100
2003-09-30,15.43763256072998,15.70516920973431,15.293017186727235,15.69793830311873,161000
2003-10-01,16.11732292175293,16.11732292175293,15.582246855148542,15.582246855148542,153400
2003-10-02,16.413782119750977,16.442704365706287,16.196859068891545,16.298090377621023,195700
2003-10-03,16.782548904418945,16.818703436276955,16.55116541714516,16.7319339389721,126400
2003-10-06,16.753625869750977,16.854855795881324,16.739164057688267,16.833164456941567,203100
2003-10-07,16.57285499572754,16.74639257829775,16.413779223160038,16.74639257829775,83600
2003-10-08,16.305315017700195,16.52946890765343,16.283623684523644,16.52946890765343,43900
2003-10-09,16.746397018432617,16.98501143012708,16.68855114223864,16.768089739188287,55600
2003-10-10,17.317625045776367,17.317625045776367,17.028394305807943,17.028394305807943,57100
2003-10-13,17.635778427124023,17.715317026531775,17.180242310412623,17.34654903721563,44700
2003-10-14,17.310392379760742,17.570698088456123,17.18023883583593,17.527314033532598,85400
2003-10-15,16.86208724975586,17.62131585786346,16.854856343489576,17.62131585786346,89500
2003-10-16,17.107933044433594,17.563470498395834,17.107933044433594,17.563470498395834,109800
2003-10-17,16.847620010375977,17.491156669239835,16.847620010375977,17.491156669239835,62200
2003-10-20,17.136857986450195,17.34654877376617,17.028395760121608,17.100703451289167,76400
2003-10-21,17.303163528442383,17.34654758851679,16.999472349612745,17.34654758851679,47100
2003-10-22,17.028396606445312,17.27424194114101,16.970550726467184,17.107935208598207,75200
2003-10-23,16.558393478393555,16.876546408306,16.52224033190188,16.876546408306,107400
2003-10-24,16.290861129760742,16.594552328556365,16.283630222747217,16.594552328556365,52500
2003-10-27,16.847620010375977,16.992235330810395,16.580083460472384,16.580083460472384,44300
2003-10-28,17.1007022857666,17.382702124184537,16.941626479363606,17.382702124184537,122500
2003-10-29,17.346546173095703,17.41162294747446,17.13685541721749,17.41162294747446,44200
2003-10-30,17.563467025756836,17.70085008419094,17.368236726945273,17.3899280629327,85200
2003-10-31,17.49116325378418,17.599624095363097,17.361009692227707,17.599624095363097,56400
2003-11-03,17.585159301757812,17.75869689470427,17.570697490890396,17.75146598927056,89300
2003-11-04,17.549009323120117,17.816545976713922,17.426086666855426,17.816545976713922,52400
2003-11-05,17.982851028442383,17.982851028442383,17.722543946510655,17.982851028442383,154500
2003-11-06,17.534547805786133,17.802085843052897,17.36101017856761,17.36101017856761,167800
2003-11-07,17.903310775756836,18.03346430457361,17.809310391987353,17.96838754016522,141000
2003-11-10,17.75870132446289,17.888854896426995,17.75870132446289,17.823778110444945,36500
2003-11-11,17.62854766845703,17.635778575659955,17.51285591151927,17.62854766845703,21000
2003-11-12,18.03346824645996,18.17085133099312,17.881621969930706,18.17085133099312,345700
2003-11-13,18.26485252380371,18.431159241199765,18.228697990138627,18.431159241199765,141800
2003-11-14,18.06239318847656,18.25762355351121,17.925010083441443,18.25762355351121,84100
2003-11-17,17.44778060913086,17.671934614013928,17.209166167767147,17.209166167767147,146800
2003-11-18,17.534547805786133,17.7153163398664,17.49116374377012,17.643008650403402,160800
2003-11-19,17.173009872436523,17.368240210404437,16.99224134746351,17.368240210404437,121300
2003-11-20,16.818706512451172,17.050090042045454,16.630707049867162,17.050090042045454,185000
2003-11-21,16.840394973754883,16.91993217995289,16.637933747019197,16.637933747019197,13300
2003-11-24,16.68855094909668,16.68855094909668,16.42824381965917,16.630705073572173,106900
2003-11-25,16.8259334564209,16.948856099955012,16.77531849363996,16.833164362411644,30300
2003-11-26,16.91993522644043,17.151318739140102,16.883782069764052,17.093472860965182,70400
2003-11-28,17.115163803100586,17.209162828179352,17.100701990271734,17.201933300919308,21700
2003-12-01,17.94670295715332,17.95393386526986,17.570704010021405,17.686395781576653,599300
2003-12-02,17.80208396911621,17.867159365712837,17.67193041761432,17.867159365712837,317000
2003-12-03,17.722543716430664,17.92500493076628,17.7153128110093,17.92500493076628,90200
2003-12-04,17.83100700378418,17.83100700378418,17.59239260851814,17.83100700378418,75000
2003-12-05,17.201932907104492,17.44777682379479,17.180240188357843,17.44777682379479,174800
2003-12-08,17.404396057128906,17.411626964745363,16.999474884689604,16.999474884689604,133800
2003-12-09,17.079008102416992,17.39715966226507,17.035622670402475,17.39715966226507,103500
2003-12-10,17.353771209716797,17.628538647042966,17.317618071358083,17.628538647042966,52400
2003-12-11,17.881624221801758,17.95393191596182,17.52731803748747,17.52731803748747,113700
2003-12-12,17.953933715820312,17.990086876947373,17.8816260144115,17.9250114627496,63100
2003-12-15,17.982851028442383,18.25038763673514,17.982851028442383,18.149157717830228,257400
2003-12-16,17.88884925842285,17.961156928853192,17.68638805704872,17.961156928853192,299600
2003-12-17,17.57069969177246,17.816544990696073,17.520084726550724,17.671931001370304,78400
2003-12-18,17.94670295715332,17.997317934814404,17.72255032215936,17.997317934814404,111100
2003-12-19,17.82377052307129,17.990077181273023,17.780386477269523,17.990077181273023,43900
2003-12-22,17.796125411987305,17.941638036393865,17.61423532533472,17.74519640975838,80700
2003-12-23,17.67972183227539,17.737926624132715,17.570588021006866,17.67972183227539,48800
2003-12-24,17.643342971801758,17.679720443463104,17.454177066197254,17.454177066197254,32800
2003-12-26,17.58513069152832,17.679712910173485,17.395964866526988,17.395964866526988,7900
2003-12-29,17.781578063964844,17.92708932360807,17.686994426870868,17.708821740287505,84800
2003-12-30,18.14535903930664,18.189012280219945,18.043499626893585,18.18173650878248,130600
2003-12-31,18.279680252075195,18.28697921828933,18.03147362876356,18.03147362876356,29900
2004-01-02,18.76149559020996,18.98050081184771,18.462187804184463,18.462187804184463,597500
2004-01-05,18.870996475219727,19.1192031129906,18.64469091457021,18.64469091457021,176400
2004-01-06,18.57898712158203,19.01699747873289,18.57898712158203,18.973196721497995,726200
2004-01-07,18.65199279785156,18.72499500727043,18.25778309483182,18.717694647088408,306300
2004-01-08,18.790695190429688,19.00970179926805,18.51328849011587,18.79799554996442,48300
2004-01-09,19.053503036499023,19.33821010340677,18.95129939287987,19.12650524125521,440000
2004-01-12,19.52801322937012,19.666717264609915,19.34550843283395,19.666717264609915,400500
2004-01-13,19.12650680541992,19.528016875812536,19.02430315344256,19.528016875812536,268100
2004-01-14,19.345508575439453,19.520713014317565,19.221405257183985,19.447710816684744,112400
2004-01-15,19.19220542907715,19.38200919569221,19.09000179428313,19.33820843358113,68900
2004-01-16,19.287109375,19.418513067787032,19.199506449008226,19.26520829540173,62700
2004-01-20,19.549917221069336,19.85652538066076,19.418513525187112,19.849225020622715,142700
2004-01-21,19.91492080688477,19.92952013011583,19.571810951538467,19.77621679318305,347000
2004-01-22,20.27263069152832,20.29453037333809,19.85652002833153,19.9222218585627,338100
2004-01-23,19.85652542114257,20.23613439708577,19.75432177280287,20.21423470932829,109400
2004-01-26,20.294532775878903,20.39673640856048,19.812720225412217,19.99522502157085,220700
2004-01-27,19.55721664428711,20.024428525131484,19.42581295469932,19.95872668033759,310400
2004-01-28,19.52801322937012,20.068227260029047,19.491512827023325,19.71051802590629,84400
2004-01-29,19.491514205932617,19.5280146108616,19.1849060703651,19.5280146108616,838100
2004-01-30,19.40391159057617,19.59371676248113,19.272507902918804,19.59371676248113,94400
2004-02-02,19.513410568237305,19.7762178946462,19.45500909485765,19.7762178946462,285500
2004-02-03,19.22140312194824,19.44770865630954,19.13380021604012,19.44770865630954,281100
2004-02-04,18.98780059814453,19.199505453680928,18.980500238656905,19.05350244113198,264000
2004-02-05,19.272510528564453,19.338212381344217,19.170308265307668,19.170308265307668,84000
2004-02-06,19.812719345092773,19.85652149675341,19.56451272195328,19.70321675074324,80100
2004-02-09,20.031726837158203,20.18503019773899,19.98062571696461,19.98062571696461,133600
2004-02-10,20.22153282165528,20.31643470699192,20.155830980883305,20.20693210317236,247800
2004-02-11,20.696044921875,20.732545325484903,20.301833879362547,20.43323756020004,294700
2004-02-12,20.469741821289062,20.644946286037737,20.37483853263271,20.42593966080091,128200
2004-02-13,20.557342529296875,20.732546986987323,20.477039964038283,20.477039964038283,1014900
2004-02-17,20.776344299316406,20.805545733610806,20.56463947028609,20.725243181702226,306200
2004-02-18,20.40403938293457,20.769049022039653,20.294535377282028,20.61574424956685,282900
2004-02-19,20.35293769836425,20.55734360590872,20.31643728991765,20.50624247712293,215700
2004-02-20,20.00252342224121,20.323732221906084,19.89302083374665,20.323732221906084,132700
2004-02-23,19.86382102966309,20.046325822919385,19.75431843218952,19.834620986790632,77800
2004-02-24,19.615619659423828,19.67402114908473,19.39661302889444,19.666720788826947,255500
2004-02-25,19.754318237304688,19.98792414758396,19.710517477227587,19.849221508606306,297900
2004-02-26,19.688617706298828,19.812721028412582,19.608316539567205,19.77622062466196,109300
2004-02-27,20.163129806518555,20.250731325950778,20.0025247002244,20.21423092492086,74600
2004-03-01,20.382139205932617,20.4332403348861,20.206934738491523,20.250735507251463,971700
2004-03-02,20.542739868164062,20.73254502748995,20.40403722251913,20.4405376256044,499600
2004-03-03,20.40403938293457,20.53544168339533,20.294535377282028,20.506241636315583,462700
2004-03-04,20.805543899536133,20.980748312654647,20.659539525736925,20.980748312654647,280400
2004-03-05,20.90774917602539,20.90774917602539,20.48433810111653,20.63764285521172,129300
2004-03-08,20.40403938293457,20.725246862818125,20.3675375835833,20.652246048918126,144300
2004-03-09,20.250732421875,20.42593686262216,20.07552798112784,20.42593686262216,102000
2004-03-10,19.63751792907715,20.17773201751288,19.601017522826574,20.17773201751288,170400
2004-03-11,19.622915267944336,19.84922221998899,19.608315942329444,19.681316747607223,241800
2004-03-12,19.2506046295166,19.484210522978003,19.1630017232681,19.484210522978003,319700
2004-03-15,19.031599044799805,19.33090678533367,18.99509864420828,19.25790459174957,175800
2004-03-16,19.309005737304688,19.33820577723404,19.184902434702845,19.33820577723404,275200
2004-03-17,19.995227813720703,20.104731820627983,19.78352294466262,20.104731820627983,408500
2004-03-18,19.87112045288086,20.06822595449352,19.725117460590784,20.06822595449352,269700
2004-03-19,19.820024490356445,20.3237382168954,19.820024490356445,20.3237382168954,555100
2004-03-22,19.3966064453125,19.71051486784378,19.36010604881388,19.71051486784378,91000
2004-03-23,19.820024490356445,19.820024490356445,19.57911816764675,19.71782222993457,46000
2004-03-24,19.67402076721192,20.40404007000417,19.63751896663151,19.92222744155339,280900
2004-03-25,19.958723068237305,19.958723068237305,19.608314221020503,19.608314221020503,525400
2004-03-26,19.820024490356445,19.995228962108825,19.820024490356445,19.995228962108825,95200
2004-03-29,20.301834106445312,20.41133671090099,20.206932220557366,20.40403774401828,68400
2004-03-30,20.22882843017578,20.39673388005193,20.19962839045879,20.389433522022447,116500
2004-03-31,20.579248428344727,20.717951119583223,20.4113428987166,20.717951119583223,122300
2004-04-01,20.86395072937012,21.03185482768385,20.62304442540655,20.65954483203084,260300
2004-04-02,20.951555252075195,21.12675972355245,20.91505345026658,21.12675972355245,293500
2004-04-05,21.16325569152832,21.19975748567648,20.89314937683732,21.07565417037489,289700
2004-04-06,21.30926322937012,21.30926322937012,21.17055917593132,21.199760615561072,248500
2004-04-07,21.389562606811523,21.45526444805821,21.24355959813091,21.32386076556484,204500
2004-04-08,21.66697120666504,21.82757493776091,21.586668644916504,21.739973408945414,226700
2004-04-12,21.93707275390625,21.973574543275017,21.6742668324556,21.81296945485423,141000
2004-04-13,21.40416717529297,21.78377757246385,21.31656563280825,21.74727716182879,144500
2004-04-14,21.28006172180176,21.426066134681868,21.09025654201812,21.34576356835768,98400
2004-04-15,21.221660614013672,21.2654613816992,20.81285020001239,20.81285020001239,377100
2004-04-16,20.87854385375977,20.951546032852782,20.63763763743334,20.90774388995652,218700
2004-04-19,21.09025382995605,21.09755418890141,20.878548990145084,20.973450871632533,369900
2004-04-20,21.16325569152832,21.528265278603456,21.024551658567468,21.41876268096113,161800
2004-04-21,21.506366729736328,21.601270013274352,21.35306335349969,21.601270013274352,464400
2004-04-22,21.42606544494629,21.52826769523157,21.104856582390976,21.170558426831864,285500
2004-04-23,21.637773513793945,21.637773513793945,21.44066934364428,21.60127310253697,150500
2004-04-26,21.024555206298828,21.34576408699877,20.980754438331072,21.30926367909252,439100
2004-04-27,20.98805046081543,21.10485341285745,20.88584822587892,21.090252695751943,138200
2004-04-28,20.031726837158203,20.65224342322563,19.98062571696461,20.65224342322563,771500
2004-04-29,19.002403259277344,19.601018874432835,18.907499968639712,19.528016664496505,760000
2004-04-30,18.870996475219727,19.199504277633324,18.52788656232412,19.00240015314561,748600
2004-05-03,19.104602813720703,19.19220573172543,18.834495092907183,18.987799851315167,194000
2004-05-04,19.2141056060791,19.34550928817922,19.00970111605772,19.338208928906862,298700
2004-05-05,19.2141056060791,19.352809647451576,19.126504079613127,19.301708524946232,222200
2004-05-06,18.432981491088867,18.67388772814766,18.250476723850365,18.622786616105017,314000
2004-05-07,18.177478790283203,18.43298580266172,18.177478790283203,18.367283959695783,295200
2004-05-10,17.031349182128906,17.30145691943162,16.98024805700707,17.089750666896894,753200
2004-05-11,17.367158889770508,17.44015970195888,17.155452635700755,17.35985853007142,168500
2004-05-12,17.666471481323242,17.936577901661565,17.26495994305585,17.92197717829149,431200
2004-05-13,17.337953567504883,17.46935722785328,17.177349867301803,17.367154999760494,264800
2004-05-14,16.746641159057617,16.826942325764957,16.43273267425296,16.534934918644748,439200
2004-05-17,15.980113983154297,15.987414339565678,15.534803381264888,15.666205619467927,1079400
2004-05-18,16.440032958984375,16.498434440143775,16.18452595676157,16.264828515506174,869100
2004-05-19,17.045949935913086,17.513161815002377,17.045949935913086,17.513161815002377,931600
2004-05-20,17.1335506439209,17.14815136254131,16.943745479059082,17.11165095839145,133100
2004-05-21,17.4693603515625,17.586163316668713,17.38175743153225,17.578862957299428,169700
2004-05-24,17.52776336669922,17.841671885019984,17.520463006691607,17.841671885019984,315300
2004-05-25,17.651865005493164,17.6664657241051,17.32335579873042,17.440158762823582,442700
2004-05-26,17.673763275146484,17.805166947324697,17.4474577243957,17.65186359138415,341200
2004-05-27,17.994970321655273,18.009571037657164,17.88546773644295,18.009571037657164,135000
2004-05-28,18.140979766845703,18.17017981460928,18.03147715103,18.17017981460928,97900
2004-06-01,18.133676528930664,18.23587876848532,18.002272853845486,18.002272853845486,240600
2004-06-02,17.9876708984375,18.03147304871948,17.666463484108966,18.01687233195881,831600
2004-06-03,17.14815330505371,17.323357771141968,16.97294883896545,16.980249199102627,110100
2004-06-04,17.381755828857422,17.52045985928237,17.294154309305597,17.440157306025654,165800
2004-06-07,18.24318122863769,18.24318122863769,17.900072676040953,18.02417600653786,230800
2004-06-08,18.1701774597168,18.2066792551922,18.002273377733342,18.1409774157376,223900
2004-06-09,17.476659774780273,17.81246793337251,17.43285762091086,17.805167574394275,339400
2004-06-10,17.30145835876465,17.40366061751067,17.235756508884677,17.25765619724377,124000
2004-06-14,16.20642852783203,16.41083303452603,16.075024835013735,16.41083303452603,263700
2004-06-15,16.826942443847656,16.826942443847656,16.60793723507092,16.746641276576803,202100
2004-06-16,16.513032913208008,16.746638806081524,16.432730365382376,16.746638806081524,276400
2004-06-17,16.615238189697266,16.76854156285382,16.527635267606943,16.69554075224663,310800
2004-06-18,16.440032958984375,16.644437446841703,16.432732599789308,16.63713848004778,171600
2004-06-21,16.425432205200195,16.527634448908632,16.41813184602086,16.44003292355887,400200
2004-06-22,16.64443588256836,16.659036599586294,16.432731055412354,16.461931097047213,56700
2004-06-23,16.571439743041992,16.666341645547956,16.418134956038323,16.418134956038323,235900
2004-06-24,17.15544891357422,17.19194931174911,17.045946326648615,17.148148555459052,291800
2004-06-25,17.56426429748535,17.69566799673359,17.34525906033918,17.447461318687218,203800
2004-06-28,17.337953567504883,17.608061246265578,17.21385026522039,17.44015579559767,163600
2004-06-29,17.48396110534668,17.54966294740077,17.337956702470667,17.54966294740077,159900
2004-06-30,17.76866340637207,17.76866340637207,17.527757180747503,17.732163011617153,232700
2004-07-01,17.264957427978516,17.556964890833687,17.264957427978516,17.513164119505767,264800
2004-07-02,16.92914390563965,17.14814908627004,16.75393948265514,17.002146096650105,225700
2004-07-06,16.71744155883789,16.92184746248005,16.688241511118328,16.92184746248005,391600
2004-07-07,16.936450958251953,16.97295137198378,16.885348429665253,16.965651010757107,383700
2004-07-08,16.505733489990234,16.637137160275326,16.410830220383875,16.637137160275326,107300
2004-07-09,16.71013641357422,16.71013641357422,16.542232358165343,16.680936374216586,212700
2004-07-12,16.67363739013672,16.68093774867788,16.447331844964747,16.67363739013672,166000
2004-07-13,16.841543197631836,16.863444275515782,16.724740233719785,16.856143916221132,161900
2004-07-14,16.20642852783203,16.483835240803003,16.126125961687233,16.418133394393852,261500
2004-07-15,16.06772232055664,16.19912599575446,16.060421961667753,16.19182563686557,80700
2004-07-16,16.345129013061523,16.461931970601135,16.242926773314633,16.440032286313137,109200
2004-07-19,16.505733489990234,16.717438320248743,16.44733201346364,16.67363756095406,132800
2004-07-20,16.425432205200195,16.454633641917543,16.25022776209953,16.330530320671098,286300
2004-07-21,16.21372413635254,16.856141747620747,16.21372413635254,16.856141747620747,567700
2004-07-22,16.454633712768555,16.498434475632035,16.118824151078815,16.2502278320704,254500
2004-07-23,16.031219482421875,16.330528607775847,15.994719082754829,16.330528607775847,200500
2004-07-26,16.031219482421875,16.272127132867976,15.95091832467417,16.1334231078114,61900
2004-07-27,16.2794246673584,16.35972721044574,16.08962093489884,16.096919900269622,347000
2004-07-28,16.330530166625977,16.469232812521582,16.13342464784659,16.35242985155627,537500
2004-07-29,16.169925689697266,16.228327172486736,15.95092047733705,16.162625330298432,351200
2004-07-30,16.096921920776367,16.17722447394339,15.921717489467358,15.95821928290739,103800
2004-08-02,15.943617820739746,15.950918179086724,15.761113039268276,15.768413397615252,96300
2004-08-03,15.80491065979004,16.0239171895252,15.80491065979004,15.943614656048902,142900
2004-08-04,15.994718551635742,16.009319267978128,15.85601453118496,15.950917795009529,290700
2004-08-05,16.242929458618164,16.388933875880877,16.242929458618164,16.388933875880877,565400
2004-08-06,15.987421989440918,16.242929016495257,15.950921582319417,16.242929016495257,198800
2004-08-09,16.359731674194336,16.447334598955766,16.315930908014245,16.440034239192208,325300
2004-08-10,16.753942489624023,16.783142535828393,16.60793808139849,16.702839972064226,346300
2004-08-11,16.768537521362305,16.87074113790181,16.549532357522132,16.826938991213076,383500
2004-08-12,16.826942443847656,16.987547563191676,16.732040558018046,16.936446440637184,283800
2004-08-13,17.11894989013672,17.21385176845309,17.089748455331037,17.19195069234883,260800
2004-08-16,17.30145835876465,17.3379587676307,17.082451728364294,17.082451728364294,149800
2004-08-17,17.11894989013672,17.177351367347036,17.00944590201646,17.075147737928194,134800
2004-08-18,17.432857513427734,17.432857513427734,16.951044963043625,16.951044963043625,175500
2004-08-19,17.505857467651367,17.593460371226005,17.337953410900965,17.447455996068577,273200
2004-08-20,17.673763275146484,17.681063633867613,17.381755888306596,17.50585920176368,150400
2004-08-23,17.520456314086914,17.629958887569803,17.520456314086914,17.59345849387576,246600
2004-08-24,17.586164474487305,17.688366727583627,17.520462628239308,17.62996524118555,70000
2004-08-25,17.81247329711914,17.81247329711914,17.593468031428934,17.73947107775523,222000
2004-08-26,17.97307014465332,17.994969825651605,17.827065773460664,17.88546724345755,286900
2004-08-27,17.878171920776367,17.987674533810186,17.739467868319515,17.958474486788425,143000
2004-08-30,17.556961059570312,19.7616193597309,17.556961059570312,19.7616193597309,338000
2004-08-31,17.702966690063477,17.790569612114137,17.527762238363366,17.666466284776405,178500
2004-09-01,18.06797409057617,18.19207740265193,17.885469301782475,18.031473689777847,461800
2004-09-02,18.31617927551269,18.43298221977065,18.15557557525824,18.28697784324774,117300
2004-09-03,18.31617927551269,18.31617927551269,18.119073784927043,18.27967887758243,418500
2004-09-07,18.00957489013672,18.13367821789823,17.92197196778692,17.99497417101155,366000
2004-09-08,17.878171920776367,17.994974893665944,17.856270841209096,17.92197268750964,245700
2004-09-09,18.05337142944336,18.1774747281566,18.002270316867477,18.002270316867477,994700
2004-09-10,18.454883575439453,18.47678325757125,18.32347991304488,18.432982500906707,408300
2004-09-13,18.805295944213867,18.94399999082743,18.805295944213867,18.870997787746543,297000
2004-09-14,18.746889114379883,18.870992406507817,18.703088361982022,18.76148982931277,377800
2004-09-15,18.57898712158203,18.74689118464992,18.57898712158203,18.695790069142387,262300
2004-09-16,18.870996475219727,18.907496878020865,18.761493874415194,18.805294636256782,637500
2004-09-17,18.76149559020996,18.76149559020996,18.67389266611412,18.724993791669508,253100
2004-09-20,18.732290267944336,18.78339138290584,18.703090227566744,18.7249899097497,176500
2004-09-21,18.93669891357422,19.053501877116293,18.761494468261105,18.768793435131474,116900
2004-09-22,18.133676528930664,18.57898867396353,18.11907581116541,18.57898867396353,277300
2004-09-23,18.15557861328125,18.308881981122145,18.09717713137979,18.21398009518271,55400
2004-09-24,18.34538078308105,18.35268114173135,18.21397850457884,18.323481099531204,295600
2004-09-27,18.18478012084961,18.25048196732408,18.11177791450006,18.15558007375056,87200
2004-09-28,18.2504825592041,18.3088840476975,18.06067737350022,18.06797773361206,188900
2004-09-29,18.31617927551269,18.3599800315092,18.177475257056024,18.28697784324774,165500
2004-09-30,18.2504825592041,18.33078512803302,18.11177850188178,18.11177850188178,325900
2004-10-01,18.81259536743164,18.86369648932452,18.622790205828704,18.68119168690644,226900
2004-10-04,19.345508575439453,19.50611229631078,19.23600597519077,19.3090081728236,320100
2004-10-05,18.797992706298828,19.528011840524027,18.797992706298828,19.50611076523291,127500
2004-10-06,19.46231269836425,19.47691341724404,19.279807889570595,19.352810091568298,220400
2004-10-07,19.301708221435547,19.41851118315428,19.21410530394593,19.40391046483915,129000
2004-10-08,19.09000396728516,19.323609915003622,19.017001760522813,19.301710227655818,233200
2004-10-11,19.170307159423828,19.30901121755758,19.170307159423828,19.30901121755758,112700
2004-10-12,18.68849754333496,18.980505034618,18.46949088057152,18.61549532241381,270700
2004-10-13,18.48408317565918,18.72498942017982,18.469482459651648,18.61548683492515,314000
2004-10-14,18.18478012084961,18.43298678699732,18.177479760974528,18.35998458064777,420500
2004-10-15,18.279680252075195,18.352681053424828,18.17747662386385,18.25047881761452,117800
2004-10-18,18.52058982849121,18.593590642894327,18.35998469504128,18.35998469504128,232200
2004-10-19,18.52788734436035,18.71769251022014,18.469485861972814,18.54248806305753,128200
2004-10-20,18.21398162841797,18.24318167562615,18.031476808062685,18.21398162841797,469600
2004-10-21,18.031471252441406,18.10447204417045,17.885466884181625,17.900067599487773,308400
2004-10-22,17.81976890563965,18.16287743501861,17.812468546410162,18.140977749731302,122200
2004-10-25,17.805166244506836,17.834367678238692,17.527759586059194,17.73946441101116,427500
2004-10-26,17.980371475219727,18.05337367041888,17.775966999543357,17.775966999543357,160000
2004-10-27,18.396482467651367,18.396482467651367,17.812466333458687,17.951170356784584,775200
2004-10-28,18.432981491088867,18.571685504062376,18.23587600829508,18.432981491088867,520800
2004-10-29,18.64468765258789,18.732289160944745,18.505983639888523,18.57898582511981,295600
2004-11-01,18.63739013671875,18.739592376186188,18.54978722260303,18.68849125645247,273700
2004-11-02,18.92939758300781,19.12650309602173,18.77609283097441,18.7979939076652,317200
2004-11-03,19.23601150512696,19.46961749078776,19.228711144024867,19.382014549964204,476100
2004-11-04,19.455013275146484,19.484214714311285,19.09730399978521,19.09730399978521,596200
2004-11-05,19.345508575439453,19.520713014317565,19.345508575439453,19.4915129707051,401900
2004-11-08,19.16301155090332,19.192212998762265,18.49139356656607,19.09000932365764,202700
2004-11-09,18.98049545288086,19.126499821017205,18.907493268812686,19.126499821017205,525300
2004-11-10,19.038902282714844,19.199506018967668,19.00240187660324,19.199506018967668,250200
2004-11-11,19.36010932922364,19.4185108089576,19.097301974220244,19.16300381297109,244300
2004-11-12,19.893028259277344,19.92952867159983,19.52801856644657,19.52801856644657,228600
2004-11-15,20.206933975219727,20.221534695055308,20.03902987431438,20.03902987431438,393100
2004-11-16,19.936824798583984,20.10473027985337,19.84192291125884,20.06092812348683,267400
2004-11-17,20.520841598510746,20.623043848118872,20.294534628091004,20.294534628091004,421600
2004-11-18,20.42593574523925,20.49893793965733,20.29453207376693,20.33103386717649,344100
2004-11-19,20.031726837158203,20.28723383052728,19.98792468350561,20.25803239475888,484000
2004-11-22,19.90762710571289,19.980629315881963,19.79082412640292,19.85652597631494,443700
2004-11-23,20.00252342224121,20.104727044916963,19.89302083374665,20.075525612037904,133500
2004-11-24,20.40403938293457,20.44053978988457,20.236133890721263,20.3675375835833,57200
2004-11-26,20.44053840637207,20.4697398438766,20.2288321616678,20.2288321616678,111600
2004-11-29,20.40403938293457,20.52814271592635,20.3310371766333,20.520842356056097,180000
2004-11-30,20.630342483520508,20.871248760606584,20.55003992702478,20.696044322035,369200
2004-12-01,20.951555252075195,20.988055661482445,20.60114491671932,20.62304599780449,643000
2004-12-02,20.951555252075195,21.06105787269831,20.81285119000519,21.06105787269831,1020900
2004-12-03,20.842050552368164,21.00995605035308,20.769049735958824,20.951554561784818,169800
2004-12-06,20.7325439453125,20.76904573889361,20.38213508134014,20.58654094819121,304300
2004-12-07,20.13392639160156,20.43323410629332,20.07552492025685,20.404034066821417,306500
2004-12-08,20.163129806518555,20.27993276069555,20.133928371773784,20.133928371773784,197000
2004-12-09,20.039026260375977,20.112027061585994,19.82001967954284,19.893021873153884,176400
2004-12-10,19.40391159057617,19.455012715242656,19.272507902918804,19.352810465909688,267500
2004-12-13,19.535314559936523,19.66671824276229,19.27980755359766,19.4185115957361,262300
2004-12-14,19.71051788330078,19.776219720970538,19.60831564354831,19.60831564354831,243300
2004-12-15,20.1777286529541,20.294531604360994,20.046324984521096,20.294531604360994,226700
2004-12-16,20.25803565979004,20.425939765316485,20.155833402930693,20.39673971724295,145700
2004-12-17,20.331039428710938,20.331039428710938,20.185034999935425,20.331039428710938,173700
2004-12-20,20.630342483520508,20.72524436559637,20.47703772951968,20.48433808851029,3250700
2004-12-21,20.659542083740234,20.7252439208448,20.55733984486695,20.71064459557795,251500
2004-12-22,20.61574363708496,20.73254660673633,20.61574363708496,20.72524624708297,195000
2004-12-23,20.65970039367676,20.754939529854266,20.586438767275208,20.65970039367676,122400
2004-12-27,20.689002990722656,20.732959405042223,20.549806048469943,20.72563450044664,120700
2004-12-28,20.864830017089844,20.8794826209596,20.696329264635388,20.696329264635388,141300
2004-12-29,20.93076705932617,20.93076705932617,20.718309875130828,20.8648317338364,203400
2004-12-30,21.24578857421875,21.24578857421875,21.099265335456884,21.099265335456884,102300
2004-12-31,21.428939819335938,21.49487513056797,21.30439549782532,21.49487513056797,43400
2005-01-03,21.13589859008789,21.3923135804318,21.02600685061173,21.25311663184237,310500
2005-01-04,20.5571346282959,21.13589996992336,20.54980832553929,21.033333128680265,338600
2005-01-05,20.696327209472656,20.989372271021924,20.58643548606032,20.989372271021924,362600
2005-01-06,20.35200309753418,20.54980767631585,20.33002418995873,20.513177561039445,374600
2005-01-07,20.293392181396484,20.52050194909039,20.264086974029944,20.51317564724876,216400
2005-01-10,20.44723892211914,20.586435852840964,20.37397730608928,20.57910955150307,290900
2005-01-11,20.835527420043945,20.982049275226395,20.69633046987372,20.982049275226395,219700
2005-01-12,20.938093185424805,21.00402851035896,20.74761351309828,20.813548838032432,244000
2005-01-13,21.13589859008789,21.23846402728574,20.952745225177853,21.099267078696315,381800
2005-01-14,21.86851501464844,21.86851501464844,21.50953453843632,21.58279477645349,636400
2005-01-18,22.410642623901367,22.41796892512759,21.98572693422404,22.10294495914544,328900
2005-01-19,21.978403091430664,22.271448186513226,21.93444667650559,22.124926337646563,266200
2005-01-20,21.94910049438477,22.154232784020387,21.831882442407096,22.154232784020387,449600
2005-01-21,22.01502990722656,22.22748844268581,21.941769692439674,22.08829151936248,197800
2005-01-24,22.23482322692871,22.45460674984185,22.198191708210143,22.41065032472914,562300
2005-01-25,22.190858840942383,22.293424261860345,22.12492352825253,22.161553636480644,359800
2005-01-26,22.586471557617188,22.71834219606273,22.43262341099685,22.71834219606273,435700
2005-01-27,22.520538330078125,22.520538330078125,22.27877593625639,22.43262549451531,563500
2005-01-28,22.271448135375977,22.52053681496153,22.234818022580725,22.454601494050696,186800
2005-01-31,22.68903923034668,22.71101813804216,22.527864765961173,22.56449488143764,315700
2005-02-01,22.637754440307617,22.637754440307617,22.45460108496961,22.55716791415636,242100
2005-02-02,22.5058822631836,22.601122783967643,22.38133793416922,22.601122783967643,271300
2005-02-03,22.542516708374023,22.70369116802124,22.505885196625137,22.70369116802124,218500
2005-02-04,23.00406074523925,23.00406074523925,22.637754041024145,22.77695097988365,294400
2005-02-07,23.22384452819824,23.260474637979826,22.711014607161403,22.711014607161403,272700
2005-02-08,23.355716705322266,23.45828354086552,23.172563338633463,23.45828354086552,282000
2005-02-09,23.18721389770508,23.421649962808388,23.113952278023,23.399672455048183,230600
2005-02-10,22.872190475463867,23.21651967725933,22.75497244002049,23.21651967725933,497300
2005-02-11,23.22384452819824,23.260474637979826,22.90149425219368,23.01871228031368,229100
2005-02-14,23.52422142028809,23.553526632869616,23.487591301910616,23.531546326084023,398200
2005-02-15,23.77330207824707,23.824584785529527,23.524213445147456,23.553518647793982,295100
2005-02-16,23.69271850585937,23.76597873118986,23.59015307251732,23.69271850585937,269700
2005-02-17,23.590150833129883,23.809934282956,23.538868121327063,23.736674064580026,198000
2005-02-18,24.139610290527344,24.17624039885872,23.95645695417236,24.066347279166475,626300
2005-02-22,24.00774002075196,24.35939409640393,23.99308741826252,24.352069192508296,635500
2005-02-23,24.161596298217773,24.27881436294204,23.963790289989507,24.27881436294204,278700
2005-02-24,24.505918502807617,24.615808834705533,24.29345994856069,24.29345994856069,444200
2005-02-25,24.996768951416016,25.27516283178895,24.61580964003684,24.872226012250835,401800
2005-02-28,25.15062141418457,25.377729798095583,25.06270578683332,25.275164360884343,582100
2005-03-01,25.36307907104492,25.494949727135,25.172600787080786,25.311796348643085,765700
2005-03-02,24.901531219482425,25.157944796996865,24.784313184804617,25.033399063133853,741500
2005-03-03,25.09200668334961,25.19457210293277,24.989441263766444,25.055376575598206,307200
2005-03-04,25.27516365051269,25.304468858806143,24.945487043957616,24.945487043957616,234300
2005-03-07,25.026073455810547,25.20190190023845,24.989443345008407,25.09200877313372,342200
2005-03-08,24.79896545410156,24.982118826125056,24.72570522317164,24.94548871066009,496400
2005-03-09,24.75500869750977,25.018749981880863,24.61581035592587,24.835596622700766,594300
2005-03-10,24.57918739318848,24.798970929200586,24.43266410428064,24.791646022369875,352200
2005-03-11,25.01875114440918,25.28248964633676,24.93816321547356,25.16527160280274,750600
2005-03-14,25.026073455810547,25.267837217561624,25.026073455810547,25.062703566612687,334700
2005-03-15,24.20554542541504,24.57185209543149,24.05169729473567,24.57185209543149,891600
2005-03-16,23.99308967590332,24.28613616387006,23.80993631959872,24.21287314452916,824900
2005-03-17,24.11031150817871,24.24950707479431,23.77330995024692,24.01507096538969,635600
2005-03-18,24.139610290527344,24.249500615521463,23.96378185795938,24.139610290527344,447700
2005-03-21,23.89784812927246,24.249502223021423,23.81726020878239,24.176242001502256,198700
2005-03-22,23.67074203491211,24.16891941415491,23.60480671134472,24.102984090587523,501900
2005-03-23,23.590150833129883,23.758651571153173,23.487585409524247,23.743998968538342,1117400
2005-03-24,23.341064453125,23.553523019701103,23.26780283025913,23.458282490770703,451200
2005-03-28,23.626785278320312,23.846568768481227,23.56084995180217,23.846568768481227,807600
2005-03-29,23.00406074523925,23.333737337972533,22.784277281649864,22.784277281649864,1024700
2005-03-30,23.17989158630371,23.50956823295065,22.76962840174817,23.50956823295065,1028200
2005-03-31,23.30443000793457,23.55352005324651,22.98940604743157,22.98940604743157,688900
2005-04-01,23.590150833129883,24.18356586819056,23.450952505638067,23.450952505638067,802900
2005-04-04,23.8245849609375,23.99308568534872,23.44362570782164,23.44362570782164,289100
2005-04-05,23.95646095275879,24.02972118164944,23.70004456224432,23.70004456224432,166800
2005-04-06,24.139610290527344,24.28613351855096,23.53153987237368,23.626780389793748,364300
2005-04-07,24.39602470397949,24.39602470397949,23.73667434666548,23.73667434666548,478200
2005-04-08,24.176240921020508,24.396024370453784,24.02971768983226,24.02971768983226,223100
2005-04-11,23.912506103515625,24.28614058340121,23.88320089044638,23.88320089044638,320800
2005-04-12,24.10298538208008,24.16892070918043,23.597480276077803,23.99309223867992,679800
2005-04-13,23.8172607421875,24.242177861670275,23.67074029586773,24.242177861670275,328300
2005-04-14,22.89416885375977,23.44362890625,22.85753874253342,23.44362890625,735100
2005-04-15,22.593793869018555,23.07731852635425,22.43261944902297,22.89416520471652,422300
2005-04-18,22.4546012878418,22.55716811795521,22.23481781839018,22.4033185714597,823000
2005-04-19,22.85753631591797,22.923471627004865,22.62309887797065,22.71101309186952,425600
2005-04-20,22.542516708374023,23.07732420376409,22.520537801324693,23.07732420376409,376600
2005-04-21,23.17256164550781,23.24582326630026,22.894169163315546,22.96743078410799,451600
2005-04-22,22.82090950012207,23.106629705987043,22.711017758181377,23.099303403544425,322600
2005-04-25,23.333738327026367,23.43630376140233,23.18721508018993,23.18721508018993,208800
2005-04-26,23.113954544067383,23.33373942466087,23.01871540728805,23.33373942466087,332700
2005-04-27,22.674388885498047,22.85754226454941,22.286103218863385,22.286103218863385,1804600
2005-04-28,22.264123916625977,22.491235108725125,22.095623146242247,22.491235108725125,480400
2005-04-29,22.593793869018555,22.674381777690822,22.23481352629048,22.41796684792821,300300
2005-05-02,22.42529487609864,22.630425717832647,22.344706961217952,22.381337069427868,214500
2005-05-03,22.29342269897461,22.37401060824569,22.234813691509,22.35935800704205,293600
2005-05-04,23.297103881835938,23.35571289371751,22.711013763020205,22.776949076055608,679700
2005-05-05,23.18721389770508,23.62678221844837,22.75497187866491,22.75497187866491,161600
2005-05-06,23.22384452819824,23.37036636467368,23.15058291128596,23.25314833655368,144800
2005-05-09,23.216522216796875,23.216522216796875,23.011389933657988,23.04069514439898,402100
2005-05-10,22.82090950012207,23.02604177646752,22.754974175487792,22.90882373208421,536500
2005-05-11,22.85753631591797,22.89416642325557,22.5351860614208,22.674382984531924,336100
2005-05-12,22.461923599243164,23.399669123492963,22.461923599243164,23.399669123492963,211600
2005-05-13,22.549842834472656,22.80625642796423,22.48390751118931,22.674387178746827,207400
2005-05-16,22.82090950012207,22.82090950012207,22.5718208064702,22.674387643317583,157700
2005-05-17,22.842884063720703,22.85753666581965,22.645078127432008,22.784275052673944,156300
2005-05-18,23.297103881835938,23.34106168875892,22.938123509392668,22.967428714007987,298500
2005-05-19,23.568172454833984,23.61213026626509,23.36304159088566,23.37036789279085,512500
2005-05-20,23.502235412597656,23.619453425852846,23.377689701496458,23.55351811872818,175500
2005-05-23,23.55352210998535,23.65608753962661,23.37769366295865,23.480259092599912,102500
2005-05-24,23.65608787536621,23.692717987229628,22.930799363797643,22.930799363797643,499600
2005-05-25,23.26047706604004,23.407000315159525,23.128606421302354,23.407000315159525,167300
2005-05-26,23.516891479492188,23.531544084387097,23.209195160795,23.209195160795,240200
2005-05-27,23.65608787536621,24.05902469526057,23.590152556132704,24.05902469526057,130500
2005-05-31,23.55352210998535,23.70004255535952,23.465606489122823,23.62678233267244,118600
2005-06-01,23.765979766845703,23.809937580778627,23.48026096302813,23.597479005484026,283800
2005-06-02,23.68538856506348,23.736671270830445,23.54619025395497,23.62677816150245,285600
2005-06-03,23.700044631958008,23.912503208943875,23.63410930788304,23.707372331687782,122100
2005-06-06,23.912506103515625,23.912506103515625,23.70737520142876,23.7733105334851,169900
2005-06-07,23.68538856506348,23.897844291227543,23.66340826637916,23.66340826637916,184200
2005-06-08,23.8099365234375,23.91982965604044,23.722023694174226,23.8099365234375,114500
2005-06-09,24.02972221374512,24.08833263513388,23.85389653897626,23.95646198170788,284300
2005-06-10,24.08100318908692,24.14693851101919,23.92715503614445,24.102983492863345,210200
2005-06-13,24.00774002075196,24.227523468697168,23.99308741826252,24.16891585343759,159200
2005-06-14,24.00774002075196,24.029717527137027,23.84656418806632,24.00774002075196,65000
2005-06-15,24.37405014038086,24.39602764986904,24.08100363861184,24.249504398984527,411200
2005-06-16,24.39602470397949,24.50591782754761,24.176241251541487,24.39602470397949,277500
2005-06-17,24.48393821716309,24.53522372572129,24.39602539264587,24.469288408658805,257900
2005-06-20,24.066349029541016,24.1396120462304,23.91982858555892,24.1396120462304,251100
2005-06-21,24.022390365600582,24.09565057646456,23.95645505794385,23.99308516337584,167500
2005-06-22,24.227527618408203,24.2495051285576,24.12496217811282,24.2495051285576,280500
2005-06-23,24.176240921020508,24.454634780808355,24.10298070277548,24.4326544795763,323000
2005-06-24,23.94180488586425,24.09565302110611,23.8831944754684,24.06634781590818,182200
2005-06-27,23.73667907714844,23.84656942791837,23.67806865431211,23.809939310995063,133800
2005-06-28,23.8099365234375,23.86854693941199,23.57550044893645,23.70004339083456,417000
2005-06-29,23.626785278320312,23.73667842075012,23.516892135890505,23.590155162409943,147900
2005-06-30,23.44363021850586,23.736676714116584,23.385021198853565,23.65608878808871,297300
2005-07-01,23.73667907714844,23.73667907714844,23.62678593167972,23.66341604860303,344200
2005-07-05,23.509565353393555,23.634108296484023,23.260476672514123,23.260476672514123,283300
2005-07-06,23.30443000793457,23.538867451048915,23.30443000793457,23.34106151342856,391800
2005-07-07,23.43630599975586,23.43630599975586,23.113955664338214,23.113955664338214,218300
2005-07-08,23.700044631958008,23.744002446240856,23.450955940419068,23.51689126449404,284600
2005-07-11,24.47661590576172,24.50592111527124,24.183569400063664,24.32276774788461,174400
2005-07-12,24.7183780670166,24.769660782937304,24.498591804843976,24.52789701242678,327900
2005-07-13,24.68907356262207,24.769661488420866,24.63046314578713,24.63046314578713,475200
2005-07-14,25.31179428100586,25.641470894300863,25.062705594816137,25.12864091747514,473400
2005-07-15,25.01875114440918,25.157946697762505,24.87955279635725,24.9454881205138,312800
2005-07-18,25.01875114440918,25.09201137360596,24.96014072529288,25.01875114440918,149400
2005-07-19,25.494945526123047,25.494945526123047,25.12863882949858,25.12863882949858,446000
2005-07-20,25.36307907104492,25.502277427305987,25.179925692553,25.238536115125825,197600
2005-07-21,25.787992477416992,25.85392779581468,25.42168577402953,25.42168577402953,139500
2005-07-22,25.736711502075195,25.79531912533536,25.575535647387287,25.641470970241564,172000
2005-07-25,25.84659767150879,26.073708812390404,25.82462016567118,25.861250273633225,381000
2005-07-26,25.82462882995605,25.93452198540995,25.685433255120284,25.853934044036965,232300
2005-07-27,25.89788627624512,26.366761266854,24.87955395174676,26.366761266854,401700
2005-07-28,26.39606094360352,26.418041246860994,26.14697226604016,26.26419030285242,353800
2005-07-29,26.366762161254883,26.55724044929267,26.315476643057465,26.48398021420864,290300
2005-08-01,26.718414306640625,26.77702193135147,26.564563353040096,26.571891052815587,200500
2005-08-02,27.077392578125,27.09204518256288,26.842956496516013,26.96750223688872,220200
2005-08-03,26.923547744750977,27.07007101250572,26.88691762648701,26.96017786301494,262700
2005-08-04,26.630495071411133,30.76976175929018,26.630495071411133,30.76976175929018,629700
2005-08-05,25.82462882995605,26.249546050032144,25.429016823960875,26.11767538136709,575600
2005-08-08,26.081035614013672,26.418039898003222,25.45099044500328,25.45099044500328,302000
2005-08-09,26.689104080200195,26.76969199439084,25.883230527690007,25.883230527690007,598400
2005-08-10,26.740392684936523,27.062741618060663,26.667132452994263,27.04076410741773,372700
2005-08-11,27.326478958129883,27.50963230609952,27.121348102707348,27.143325610160247,381900
2005-08-12,27.341136932373047,27.45103008062216,27.136006036653484,27.43637747454236,306300
2005-08-15,27.253217697143555,27.39974092886924,26.45466901867169,26.9601712336922,307600
2005-08-16,26.52060890197754,26.90889315744772,26.52060890197754,26.74039239007956,562100
2005-08-17,26.81364822387696,26.916216443222524,25.949164223708955,26.67445268966958,315800
2005-08-18,25.97846984863281,26.234886209089,25.88323212117888,26.11766817978563,419600
2005-08-19,25.95650100708008,26.000458830756045,25.82463033075137,25.88324076231933,342800
2005-08-22,26.725744247436523,26.94552777223683,26.630503695300035,26.67446151813976,278600
2005-08-23,26.447343826293945,26.70376020478783,26.37408360083767,26.667130092059693,338500
2005-08-24,25.60483932495117,26.22755960767582,25.56820921326708,26.22755960767582,638600
2005-08-25,26.03708267211914,26.08103769049249,25.83927670534351,25.861254214530184,427700
2005-08-26,25.429012298583984,26.04440771127143,25.399707089718262,26.04440771127143,719600
2005-08-29,25.429012298583984,25.458317507449703,25.12864089445669,25.201903916620992,515600
2005-08-30,25.165267944335938,25.824621090046183,25.113985232413828,25.824621090046183,525700
2005-08-31,25.714733123779297,25.751366035096225,25.31912395172484,25.39970909040529,562600
2005-09-01,26.308143615722656,26.35942632338953,25.934512060621444,26.15429549272204,690600
2005-09-02,26.81364822387696,26.88691123769522,26.1616227717346,26.1616227717346,612700
2005-09-06,27.21659469604492,27.21659469604492,26.864937730181754,27.018788700758986,354300
2005-09-07,27.61952781677246,27.64883302570471,27.326481316847072,27.39974433917769,544500
2005-09-08,27.39973831176757,27.61219404304388,27.28984519979527,27.28984519979527,475800
2005-09-09,27.912569046020508,28.02246217241912,27.546262350956205,27.58289525622128,335600
2005-09-12,27.80267333984375,28.27887027455573,27.802673339843743,28.27887027455573,379300
2005-09-13,27.626850128173828,27.94920180677056,27.619525223977664,27.766048460185427,268000
2005-09-14,27.963848114013672,28.07374122608515,27.853957796640124,28.022458519037908,327400
2005-09-15,28.24224853515625,28.271553744502945,28.029789959440578,28.190965816148825,569600
2005-09-16,28.36679458618164,28.41807730574706,28.205618727719685,28.27887895718497,205100
2005-09-19,28.75507545471192,28.938228801557216,28.38144385681475,28.579247012073186,1007200
2005-09-20,28.42540168762207,28.9016015544774,28.359466364437463,28.755078303545105,610100
2005-09-21,28.65250587463379,28.864964396907425,28.579242869695697,28.64517817679104,605300
2005-09-22,28.879621505737305,28.974862038890528,28.659838024744047,28.930907019511032,809700
2005-09-23,28.278871536254883,28.315504436072946,27.98582790059553,28.13235111577415,563700
2005-09-26,28.75507545471192,31.648898893807296,28.42539887145072,28.97485891198661,547600
2005-09-27,28.71844291687012,28.79170313153664,28.42539646880793,28.42539646880793,341300
2005-09-28,29.07742500305176,29.15801292465564,28.93822946236218,29.1360354168358,538200
2005-09-29,29.08475685119629,29.2972154394241,29.01149382351493,29.01149382351493,640300
2005-09-30,28.90160369873047,29.275235361364484,28.31551344621692,28.681820203375235,400000
2005-10-03,28.69647216796875,28.901605867767653,28.53529908311837,28.901605867767653,526300
2005-10-04,28.996841430664062,29.60490913543104,28.938231013737923,29.15801448781396,433000
2005-10-05,28.352134704589844,28.864964563321543,28.352134704589844,28.828331663292364,1273000
2005-10-06,27.41439819335937,27.963858365756785,27.297180135035884,27.87594552068891,1414000
2005-10-07,28.10305404663086,28.17631427807224,27.875942857644688,28.088401441402848,753500
2005-10-10,28.30818748474121,28.70379947749852,28.212946939514687,28.63053923944669,487000
2005-10-11,28.850318908691406,29.01149196989513,28.76240328109094,29.01149196989513,535300
2005-10-12,27.76604652404785,28.20561340732168,27.47300007206657,28.059090181331044,922200
2005-10-13,27.27519798278809,27.619527193221906,26.74039050799206,27.619527193221906,981500
2005-10-14,27.50962257385254,27.54625267154796,26.615836452355733,27.143316007503778,631200
2005-10-17,27.12867546081543,27.47300468044724,26.938197191365024,26.938197191365024,402200
2005-10-18,26.71108627319336,27.209263653156142,26.66713125388396,27.17263353883212,202000
2005-10-19,26.71108627319336,26.872262129857376,25.88323506961576,26.227561497899902,821600
2005-10-20,26.1543025970459,26.593869580647187,26.088367270035835,26.55723946446353,719000
2005-10-21,27.048084259033203,27.25321790287698,26.88691121814664,26.97482403996642,776900
2005-10-24,27.40707397460937,27.4363791885998,26.974831849697267,27.07007239781662,279400
2005-10-25,26.916223526000977,27.157984548473088,26.71108982802884,27.106701822654795,428600
2005-10-26,27.24589157104492,27.473002733062984,26.960172789772805,26.960172789772805,942500
2005-10-27,26.703754425048828,27.14332127204392,26.66712432024888,27.121343768103515,600500
2005-10-28,26.77701568603516,26.81364579227337,26.27151351267273,26.300818715542484,694100
2005-10-31,27.28985595703125,27.3264860772284,26.886919045464555,26.96017928585885,448300
2005-11-01,27.80267333984375,27.83930344332963,27.61219233020075,27.766043236357863,1422100
2005-11-02,28.69647216796875,28.828342834018407,28.110381871469706,28.20562241799423,1759100
2005-11-03,28.74775123596192,29.04812262016228,28.56459788474954,28.608552900433565,547400
2005-11-04,28.278871536254883,28.725766084935604,28.13967601891904,28.535287861491923,961900
2005-11-07,28.300859451293945,28.44005500608952,28.103053476774782,28.388772286180693,467700
2005-11-08,28.286205291748047,28.79903525734968,28.059094119849163,28.059094119849163,279200
2005-11-09,28.608556747436523,28.75508000704913,28.39609816073317,28.58657923663919,410800
2005-11-10,28.828338623046875,28.89427394644049,28.462031891904225,28.75507839469777,425400
2005-11-11,29.45837783813477,29.538965742037828,29.19463662343301,29.30452972779132,516300
2005-11-14,29.56827735900879,29.72945320179116,29.458384230802924,29.67084278816181,1839200
2005-11-15,29.21662139892578,29.59758067913744,29.150686085144955,29.5902529805517,608000
2005-11-16,29.524320602416992,29.707473959497367,29.17999419150082,29.17999419150082,317000
2005-11-17,29.8466739654541,29.971216913765183,29.634215388654315,29.74410573221729,522300
2005-11-18,29.897958755493164,30.00052420113519,29.74410779233133,29.810043120915324,451200
2005-11-21,29.58292961120605,30.029824228380104,29.158012501532927,30.029824228380104,579500
2005-11-22,28.967533111572266,29.004163220868392,28.454703197331884,28.938227906256085,846900
2005-11-23,30.03715133666992,30.16902198074825,29.714802425977613,29.87597548397451,659500
2005-11-25,29.94923591613769,30.037148739689563,29.86864799675753,30.00051862943448,265100
2005-11-28,29.67084503173828,30.037151760525173,29.6342149177993,30.037151760525173,593000
2005-11-29,29.65619659423828,29.86132749687851,29.487695810683963,29.817372471855,497300
2005-11-30,29.883304595947266,30.25693624203034,29.744106245786032,29.956564826254176,513500
2005-12-01,30.65986633300781,30.725801643614847,29.99318832340249,30.33019257467068,1484700
2005-12-02,30.42543029785156,30.945587879236705,30.388800190776053,30.54997601554593,431500
2005-12-05,30.49137115478516,30.64522210400432,30.33752300026453,30.62324180000242,540400
2005-12-06,31.062822341918945,31.165387813903003,30.8430359937251,31.1287576874372,602300
2005-12-07,30.91628074645996,31.28258738375285,30.87965064167024,31.28258738375285,595600
2005-12-08,30.91628074645996,31.17269427468584,30.864998040814783,30.989540956039395,569200
2005-12-09,31.055477142333984,31.13606505197312,30.806388510130283,30.879651516483097,464700
2005-12-12,31.392480850219727,31.46574386185331,31.28259052481656,31.392480850219727,534100
2005-12-13,31.736814498901367,31.80274982133157,31.50237841797141,31.50237841797141,625200
2005-12-14,31.736814498901367,31.79542491648312,31.61227155358793,31.6855317808666,321200
2005-12-15,31.64889144897461,31.832044752736387,31.64889144897461,31.68552155078744,497900
2005-12-16,31.35586166381836,31.51703755085588,31.23864359907265,31.23864359907265,878500
2005-12-19,31.49504852294922,31.832049986553145,31.46574331880155,31.612266544841805,477300
2005-12-20,31.7294864654541,31.83205189141045,31.648898546574607,31.648898546574607,736800
2005-12-21,32.38151550292969,32.49140584515124,32.12509911501561,32.12509911501561,1271000
2005-12-22,32.337547302246094,32.3815051018344,32.1983517955963,32.23498189790439,606700
2005-12-23,32.7281379699707,32.79446396459659,32.57337825292943,32.61022540299773,507100
2005-12-27,32.78709411621094,33.08924523056433,32.647071016780224,32.860788412879685,615800
2005-12-28,32.971343994140625,33.06714605046464,32.82395253891989,32.831320846614744,440800
2005-12-29,33.052398681640625,33.28085552289967,32.98607268329171,33.12609579717137,678900
2005-12-30,32.97871398925781,33.16295261489613,32.74288877334144,33.008192844061945,691600
2006-01-03,34.20205307006836,34.342073391880604,33.568271845930404,33.568271845930404,1409000
2006-01-04,34.30522537231445,34.342072528574775,34.157833936015344,34.157833936015344,1238900
2006-01-05,34.17994689941406,34.51157695175876,34.084142037346034,34.51157695175876,1088500
2006-01-06,34.872676849365234,34.96848169441368,34.526307432753,34.821090273860115,1303300
2006-01-09,34.98322677612305,35.049552785537486,34.887421915578194,35.00533450884187,943600
2006-01-10,34.319976806640625,34.843213917903604,34.28312963748639,34.82847448799015,876200
2006-01-11,34.415771484375,34.415771484375,34.03255485410104,34.08414143786312,1545500
2006-01-12,34.16519927978516,34.60000239718995,34.06202613519035,34.52630528586698,1233800
2006-01-13,34.40839385986328,34.56315639314419,34.268373560593105,34.56315639314419,382000
2006-01-17,33.4429817199707,33.86304538074018,33.42087118275428,33.71565398141155,1236300
2006-01-18,32.86079406738281,32.8681623738147,32.013295453573335,32.35229658585175,3093300
2006-01-19,33.59038162231445,33.619857660636,32.993447568992266,32.993447568992266,1953900
2006-01-20,32.02066802978516,32.647078121562885,32.02066802978516,32.62497039000254,1681200
2006-01-23,32.5881233215332,32.6839253660583,32.30071156544226,32.418624152845155,1258200
2006-01-24,33.627227783203125,33.75250867332009,33.35455264955254,33.35455264955254,1253600
2006-01-25,34.13572692871094,34.31996552517905,34.04729318955845,34.283118368137,982400
2006-01-26,34.769508361816406,34.85794210150671,34.26101084452478,34.26101084452478,1263500
2006-01-27,35.40328598022461,35.484351404705414,35.08639539975833,35.263262861118626,1396100
2006-01-30,35.270633697509766,35.52119827515482,34.73265738900135,35.41065400424234,653100
2006-01-31,35.52857208251953,35.74965784731971,35.46224607195368,35.55805093416169,1129800
2006-02-01,35.005340576171875,35.278012968244425,34.82110194156044,35.18957921078331,2225500
2006-02-02,34.36418533325195,34.9316405730369,34.30522763034848,34.76950970131034,1687600
2006-02-03,33.64197540283203,33.85569007987289,33.37667132235821,33.42088679493156,1376000
2006-02-06,34.459991455078125,34.50420973748018,34.12836417646687,34.26838452051921,814100
2006-02-07,33.41350555419922,33.92200297079251,33.32507183202154,33.89989524306243,1294700
2006-02-08,33.57564163208008,33.65670425017146,33.10398848052658,33.23664049014197,1641800
2006-02-09,33.59775161743164,33.936749970856326,33.4282524407193,33.61985935009822,998200
2006-02-10,33.93674087524414,34.09150058494793,33.162939515468,34.09150058494793,1018800
2006-02-13,32.72077178955078,33.16294324160247,32.35229464242187,33.03766236098225,1539700
2006-02-14,33.87042236328125,33.922008944574245,33.13346798908667,33.13346798908667,989500
2006-02-15,33.03030014038086,33.037671259613056,32.661822894003336,32.934495269170384,1880200
2006-02-16,33.56826400756836,33.6419611159908,33.12609260206265,33.16293975064525,1622600
2006-02-17,33.700927734375,33.83357976450004,33.49458138140638,33.49458138140638,670900
2006-02-21,34.054649353027344,34.33469270695133,33.97358394968696,34.15782248045806,1075200
2006-02-22,33.96622848510742,34.003075642938995,33.64196956042847,33.96622848510742,927700
2006-02-23,34.342079162597656,34.41577630061255,34.15784053444797,34.30523199921939,551300
2006-02-24,34.717918395996094,34.80635212706819,34.57052697003752,34.636852971156,481000
2006-02-27,35.064292907714844,35.07902952231484,34.784249438928335,34.80635717208636,537800
2006-02-28,34.20205307006836,35.02744119833138,33.03766659767597,35.02744119833138,1295500
2006-03-01,34.813724517822266,34.82109282432375,34.34207137525324,34.34207137525324,698900
2006-03-02,34.533687591552734,34.695818477736374,34.31997011635763,34.636860769575684,762500
2006-03-03,33.56826400756836,33.848307397059166,33.28085231286392,33.36928603171362,1340800
2006-03-06,33.23664093017578,33.863053830821315,33.13346776827736,33.75250955092569,962600
2006-03-07,31.94698143005371,32.80921979130462,31.69641674854801,32.80921979130462,3066400
2006-03-08,32.52916717529297,32.56601433350478,31.83643104263382,32.24175540547969,1645000
2006-03-09,32.24176025390625,33.10399569300669,32.16069480689509,32.588129777950904,1672800
2006-03-10,32.949222564697266,33.14083223656885,32.65444256288621,32.67655028992629,557800
2006-03-13,33.27349090576172,33.53142381057067,33.20716490005972,33.302966943984295,848900
2006-03-14,33.67144012451172,33.78935269715335,32.91237811383481,33.03766180359888,998000
2006-03-15,33.700927734375,33.74514601483608,33.38403708588278,33.53142854282817,821800
2006-03-16,33.384037017822266,33.6419727697654,33.33245042968528,33.53142847446717,904600
2006-03-17,33.82621765136719,33.84095426962808,33.47984808580305,33.501955824453105,686100
2006-03-20,34.231529235839844,34.74739782977086,33.89253091829517,33.899899224651506,967900
2006-03-21,33.49457931518555,33.98096912522007,33.16294926033063,33.19979641947939,1097300
2006-03-22,33.258758544921875,33.258758544921875,32.68393210299671,32.90502070979938,628200
2006-03-23,32.93448638916016,33.23663753727144,32.882899813477074,33.16294323236919,1120100
2006-03-24,33.126102447509766,33.229275618708165,33.008189850246154,33.10399190278292,630900
2006-03-27,33.59775161743164,33.67144593382554,33.33244758040086,33.45773129178005,793200
2006-03-28,33.17768096923828,33.75250438977968,33.1703098523682,33.75250438977968,940100
2006-03-29,33.781986236572266,33.781986236572266,33.420877381799976,33.55352938467489,947300
2006-03-30,33.723026275634766,34.05465626054064,33.678810818485616,33.70828966409001,1263400
2006-03-31,34.37891387939453,34.45260817344451,34.268369627062455,34.43050044748094,737700
2006-04-03,35.10850524902344,35.46224300435588,34.968484932722404,35.0053320884587,1838000
2006-04-04,35.70543670654297,35.83808870659264,35.33695955335111,35.70543670654297,1539900
2006-04-05,36.19919204711914,36.21393146950027,35.74964950389562,35.74964950389562,965500
2006-04-06,36.17709732055664,36.46450913213565,35.93390098075386,36.44240139624754,949200
2006-04-07,35.92652893066406,36.43502648193747,35.77913748049177,36.40555044090949,748400
2006-04-10,35.9044189453125,36.08865754365871,35.77913523658296,35.86756897663693,666000
2006-04-11,35.02006912231445,35.74228400822247,35.00532969877458,35.74228400822247,1221300
2006-04-12,34.93901443481445,35.26327341855969,34.80636239345084,35.26327341855969,912300
2006-04-13,35.617000579833984,35.66858715290836,35.38117263130591,35.63173719106319,759500
2006-04-17,36.26552581787109,36.47187496419265,36.14761322479791,36.47187496419265,1303200
2006-04-18,37.06879806518555,37.13512405987181,36.40554092958025,36.40554092958025,1098300
2006-04-19,37.1351203918457,37.21618580081693,36.93614242744098,37.20881749602731,600900
2006-04-20,37.02459716796875,37.17198582633068,36.7371825371427,36.8477268421726,745500
2006-04-21,37.275146484375,37.51097161422315,37.06142908193221,37.43727450410979,595700
2006-04-24,36.92878341674805,37.21619516724832,36.700326553173525,37.21619516724832,665100
2006-04-25,36.74455261230469,37.04670385137113,36.53083512799325,36.84772579472859,661400
2006-04-26,37.56256484985352,37.599412005818806,37.341476291546215,37.37095514082156,1241300
2006-04-27,37.24567413330078,37.56993304055513,37.002477844416674,37.149869279080576,799500
2006-04-28,36.55293273925781,36.8329761648823,36.40554412591001,36.818236741296,2302400
2006-05-01,36.774017333984375,36.921405931509526,36.62662592520193,36.6413653472059,978800
2006-05-02,37.348854064941406,38.98489394490891,37.06881056943835,37.44465893652952,1669500
2006-05-03,37.319374084472656,37.51835212964856,37.09828830469661,37.51835212964856,493400
2006-05-04,37.64361953735352,37.73205324868538,37.32672902621923,37.496228144295735,525700
2006-05-05,37.9531364440918,38.11526724695029,37.69520363159584,37.80574506069833,863100
2006-05-08,38.43217086791992,38.53534402816812,38.24056116066661,38.43953917454146,1369500
2006-05-09,38.10054397583008,38.37321632335915,38.02684684726951,38.13739113448136,1508900
2006-05-10,38.122650146484375,38.233194429166055,37.849977810129545,38.174236728733725,662800
2006-05-11,37.407806396484375,38.17423969409364,37.289893797718186,38.1595002678406,1179100
2006-05-12,36.71506118774414,37.33410288162,36.67084291987536,37.216190311894,1960700
2006-05-15,35.94126892089844,36.23604901461145,35.68333317623416,36.110768107316495,1908800
2006-05-16,35.70543670654297,36.4497593190372,35.418024976854525,36.07391385973483,1076200
2006-05-17,34.98322677612305,36.0370718083425,34.78424874787972,35.742288919554326,2183800
2006-05-18,34.629493713378906,36.05918445285314,34.57053600308717,35.351708796902486,2914200
2006-05-19,35.26327133178711,36.073922960066,34.20205787493605,35.10114325513796,3442900
2006-05-22,33.627227783203125,34.56316014520855,32.75762142515896,34.56316014520855,3891500
2006-05-23,33.789363861083984,34.776883037453345,33.789363861083984,34.37892973034088,1402500
2006-05-24,33.64197540283203,33.988342120109806,32.96397577370356,33.87042950781682,2613700
2006-05-25,33.90727233886719,33.97359835050951,32.94186382761104,33.30296992668518,1885500
2006-05-26,34.29785919189453,34.48946610308175,33.75251168715583,34.187314905002445,1349100
2006-05-30,32.750247955322266,33.929376517589844,32.69866137941917,33.929376517589844,1152000
2006-05-31,33.384037017822266,33.4282552981932,32.831321163847534,32.868168325194205,1628400
2006-06-01,33.76725006103516,33.82620776187664,32.838688762845045,33.162947683699485,1476900
2006-06-02,33.796730041503906,34.26838041897454,33.56827315999119,34.26838041897454,1188100
2006-06-05,32.757625579833984,33.700926368026785,32.610234128864334,33.583013769502685,854900
2006-06-06,32.64707565307617,32.890271926882946,32.0722521859076,32.81657480849107,2214800
2006-06-07,32.12384033203125,32.72077436949952,31.98382001713473,32.28597118915398,1857500
2006-06-08,31.15843772888184,31.210024322902488,30.222505105386645,30.41411486425637,3736400
2006-06-09,30.94471740722656,32.13121166482531,30.819433693670884,32.13121166482531,1679700
2006-06-12,30.509912490844727,31.283714028464136,30.32567389563735,31.217388021739165,1311800
2006-06-13,29.52239799499512,30.13406876219328,29.139181321370287,30.07511386462085,2971400
2006-06-14,30.71625328063965,30.782579275408,30.16353759465586,30.27408185635556,2562300
2006-06-15,31.83642768859864,32.035405695489224,30.59097306894172,30.907863656442547,3224500
2006-06-16,31.63744735717773,32.54390078112898,31.21001252683493,32.00592449591844,1108400
2006-06-19,30.94471740722656,31.799584424033608,30.65730282127813,31.46795437198389,1561600
2006-06-20,30.642566680908203,30.99630447148225,30.47306468737037,30.642566680908203,1075800
2006-06-21,31.3205623626709,31.74799726902411,30.635194537834167,30.65730227048762,1467000
2006-06-22,30.91523742675781,31.36478005742556,30.67941224530226,30.694151670550472,1531700
2006-06-23,30.988933563232425,31.11421727957729,30.708890089571625,30.937346977460447,239500
2006-06-26,31.025779724121094,31.136324010792787,30.78258622920456,31.025779724121097,863400
2006-06-27,30.649927139282227,31.52690167812956,30.62044829480232,31.37951307824468,1152300
2006-06-28,31.24686622619629,31.52690686102094,30.730997608020548,31.52690686102094,1397100
2006-06-29,32.823944091796875,32.912377817667945,31.79220698202373,31.87327240209615,1898100
2006-06-30,33.251373291015625,33.5682638273881,32.11646593997408,33.5240483738292,888800
2006-07-03,33.75251388549805,33.75251388549805,33.27349517070192,33.44299436005361,900800
2006-07-05,32.462833404541016,32.86815767047879,32.09435628800534,32.83868163771148,2179200
2006-07-06,32.63233947753906,32.779730917736174,32.26386228267522,32.337559408402726,1229400
2006-07-07,32.308074951171875,32.64707323691289,32.16805465347643,32.57337893523264,1464500
2006-07-10,33.052398681640625,33.29559494600582,32.76498695921449,33.14083522027752,616400
2006-07-11,33.192413330078125,33.295586454250234,32.691284317307776,33.05239025191016,662400
2006-07-12,32.794471740722656,33.04503635636052,32.59549370966394,33.00081807903925,770000
2006-07-13,31.94698143005371,32.56602341899375,31.836439924578663,32.25650383015311,1646700
2006-07-14,31.54165267944336,31.829064490489245,31.32056688719717,31.68904414469361,1383400
2006-07-17,31.28371238708496,31.43110381776917,30.78995151598152,31.327927848409825,991100
2006-07-18,31.025779724121094,31.30582318876685,30.66467363534182,31.14369231798384,1042800
2006-07-19,32.2343864440918,32.241754751081416,31.0405183012032,31.71851780582291,2540500
2006-07-20,31.873279571533203,32.71340718442666,31.777474707056097,32.64708117228991,986100
2006-07-21,31.689037322998047,32.145948236782125,31.541645889476737,32.145948236782125,1043300
2006-07-24,32.64707565307617,32.82394592595906,32.013294491194095,32.31544564845676,1389400
2006-07-25,32.6102180480957,33.00080281099052,32.448087250853305,32.750238311278046,994500
2006-07-26,32.794471740722656,32.94186318720223,32.4407339559265,32.63971198698522,772500
2006-07-27,33.199798583984375,33.384037202997895,33.015559964970855,33.236645745535434,900100
2006-07-28,33.60511016845703,33.71565442221305,33.273483029703286,33.34717732470253,773900
2006-07-31,33.27349090576172,33.627228665753066,33.10398892687832,33.627228665753066,492300
2006-08-01,32.42599105834961,32.949227966634766,32.42599105834961,32.949227966634766,1160100
2006-08-02,32.875526428222656,33.096612120029214,32.75761387184202,32.875526428222656,1525400
2006-08-03,32.77235794067383,32.860791667686975,32.425988527257545,32.425988527257545,551000
2006-08-04,32.993446350097656,33.590380381366984,32.87553376739408,33.31770524971806,532900
2006-08-07,32.683929443359375,32.86816805986368,32.54390910686905,32.728147723373354,546000
2006-08-08,32.83131790161133,33.11136136028472,32.74288416091476,32.95660161125124,1548800
2006-08-09,32.98607635498047,33.457729513104546,32.98607635498047,33.28822753414528,1008300
2006-08-10,33.052398681640625,33.11872467998954,32.80920522853293,32.90501007309415,357200
2006-08-11,32.42599105834961,32.77972880527159,32.33018620670687,32.61022964390841,564700
2006-08-14,32.462833404541016,32.794463371674574,32.411246833126604,32.51441997595543,721400
2006-08-15,33.045040130615234,33.15558443091528,32.74288889588788,32.8386937687307,662800
2006-08-16,33.295589447021484,33.49456740920572,33.19241631357567,33.19978461828306,639200
2006-08-17,33.64197540283203,33.81884291564229,33.457736770420595,33.553538835168474,632500
2006-08-18,33.86305236816406,33.89989952278512,33.53879066048032,33.752508093043204,800900
2006-08-21,33.50931930541992,33.789359968673025,33.46510102694192,33.70829734168382,655900
2006-08-22,33.82621765136719,33.951498585395825,33.56828185166201,33.82621765136719,275800
2006-08-23,33.28822708129883,33.826206237836026,33.26611935010829,33.664075379084665,358500
2006-08-24,33.052398681640625,33.39876809649135,32.978704377367386,33.25137667668737,572500
2006-08-25,33.28086471557617,33.43562448405145,33.18505984455221,33.31034356993097,613300
2006-08-28,33.37666320800781,33.45772863636201,33.11135919203324,33.199792926938855,897500
2006-08-29,33.82621765136719,33.83358596049763,33.531434683492336,33.71567333559943,559400
2006-08-30,33.61248779296875,33.781986953292204,33.58300894475831,33.649334947602945,386900
2006-08-31,33.796730041503906,33.88516378446515,33.66407802143304,33.75988288287489,420000
2006-09-01,34.25363540649414,34.25363540649414,33.89252937506506,33.92937652768429,625100
2006-09-05,34.45261001586914,34.46734943771878,34.128351168948875,34.23889261593527,772900
2006-09-06,33.91463851928711,34.24626852921077,33.80409424556,34.14309537306956,752400
2006-09-07,33.80409622192383,33.914640502113926,33.47983731062819,33.914640502113926,935600
2006-09-08,34.00307846069336,34.03992562157837,33.8041004184045,33.899905285712066,494500
2006-09-11,33.23664093017578,33.53879210913164,33.05240233785495,33.332445785334805,973800
2006-09-12,33.656707763671875,33.656707763671875,33.20716791888876,33.38403540933436,723000
2006-09-13,33.53141784667969,33.597743840584954,33.32507155953323,33.50931011913037,438100
2006-09-14,33.75251388549805,33.93675250147921,33.700927297923975,33.899905340534616,1111800
2006-09-15,34.120994567871094,34.268386037812306,33.951495361379166,34.08414740320041,596500
2006-09-18,34.52631759643555,34.71055622354835,34.41577610692288,34.467362697613794,510300
2006-09-19,34.415771484375,34.74740153088688,34.120988596084885,34.74003041248775,1187700
2006-09-20,35.005340576171875,35.145360926423514,34.592645022589224,34.82110194156044,1727000
2006-09-21,34.70318603515625,35.21168360638355,34.58527343264304,35.16009701848766,1090200
2006-09-22,34.120994567871094,34.40840638806429,33.826214439247146,34.34208036715368,1044800
2006-09-25,34.717918395996094,34.74002612594971,34.12098438592981,34.48946154519742,642800
2006-09-26,34.52631759643555,34.76214281423927,34.18731919725,34.717927342937536,815300
2006-09-27,34.74740219116211,34.821096509006,34.445250989989304,34.5189453078332,597100
2006-09-28,34.96849060058594,34.99059833535949,34.798991407719505,34.85794630420172,591300
2006-09-29,34.08414459228516,34.93164336611013,34.08414459228516,34.93164336611013,2241100
2006-10-02,34.614742279052734,34.81372026538066,34.45997974884831,34.5926317397336,564000
2006-10-03,34.555789947509766,34.62211595323706,34.319964774092206,34.52631109801811,1180700
2006-10-04,34.7326545715332,34.7326545715332,34.02517635534668,34.12835231174904,1477600
2006-10-05,35.219051361083984,35.336963952333626,34.65896444420473,34.65896444420473,1352400
2006-10-06,34.857940673828125,34.91689837204553,33.68618312870622,34.43787691343138,762400
2006-10-09,33.53141784667969,33.597743840584954,33.059767583912176,33.23663502682133,3252800
2006-10-10,33.61248779296875,33.75250810508177,33.42824920854007,33.60511667528729,1135500
2006-10-11,33.45772171020508,33.58300257444854,33.17767832784235,33.509308279159114,1109500
2006-10-12,34.09886932373047,34.15045589003471,33.605108574630776,33.700913402591674,1185700
2006-10-13,34.216793060302734,34.40103166053643,34.12098820102899,34.28311906883718,695100
2006-10-16,34.489463806152344,34.64422354848818,34.2831174830379,34.30522521444078,947600
2006-10-17,34.209415435791016,34.25363370349021,33.79672284896152,34.113613405995544,1429800
2006-10-18,34.30522537231445,34.57052939540129,34.17257336077104,34.342072528574775,758100
2006-10-19,34.23890686035156,34.26838571631494,34.091515391793145,34.1357336757382,654900
2006-10-20,34.24626541137695,34.275741445264,34.06202684611025,34.25363371703437,567600
2006-10-23,34.32733917236328,34.342075787259496,33.973598567176204,34.04729569794772,1563600
2006-10-24,34.35681915283203,34.452624028191124,34.246277660887,34.43788460034677,376200
2006-10-25,34.69580841064453,34.69580841064453,33.88515702619752,34.025177325564464,1990500
2006-10-26,34.8947868347168,34.983223379521526,34.72528767406095,34.77687425290153,611800
2006-10-27,34.45261001586914,34.813718823042144,34.40102344502404,34.813718823042144,789800
2006-10-30,34.34943771362305,34.45261085783464,33.7967220314118,33.7967220314118,767100
2006-10-31,34.813724517822266,34.85793997934662,34.607375389430274,34.66633308647305,622800
2006-11-01,34.71055221557617,35.23379199271521,34.585271313009464,35.08640054579235,922600
2006-11-02,35.056922912597656,35.1306172329914,34.81372940629181,35.01270463360654,908900
2006-11-03,35.204315185546875,35.373814375411406,35.10851031779451,35.373814375411406,583900
2006-11-06,35.44013214111328,35.44013214111328,34.983221265596,35.12324156952262,1258400
2006-11-07,35.300106048583984,35.53593115929315,35.26325609088931,35.4106474878968,698800
2006-11-08,35.39591598510742,35.440134257478384,34.939005082304966,35.22641682457196,577900
2006-11-09,35.7275505065918,35.94126796645758,35.41065987610338,35.41065987610338,1005500
2006-11-10,35.7865104675293,35.85283648300666,35.66122674440172,35.705445025139376,573600
2006-11-13,36.08128356933594,36.11076241743977,35.74228524991488,35.79387182846775,483900
2006-11-14,36.42028045654297,36.552932456536055,36.154979267814376,36.346586150439066,848500
2006-11-15,36.331844329833984,36.3760625973334,36.20656345547172,36.26551833421355,561300
2006-11-16,36.302371978759766,36.43502399372999,36.184459388926,36.33922194722986,490900
2006-11-17,36.15497970581055,36.15497970581055,35.89704400880699,36.1181297410546,444300
2006-11-20,35.94126892089844,36.27289898617644,35.889682334217206,36.27289898617644,972700
2006-11-21,36.21393966674805,36.25078682541275,35.91915958617237,35.9412673191196,369200
2006-11-22,36.61927032470703,36.65612030095951,36.40555564323852,36.648749181205616,349800
2006-11-24,36.39817428588867,36.52345798514028,36.1697202404274,36.3318482830514,337400
2006-11-27,35.88968276977539,36.56767952367582,35.8086173293616,36.41291976175396,1175600
2006-11-28,36.01495361328125,36.05180076373741,35.742281326396885,35.808607321720906,1241800
2006-11-29,36.47923278808594,36.62662418988519,36.3686885339222,36.37605965020361,1164100
2006-11-30,36.47923278808594,36.67821075882636,36.3023625436754,36.45712506175606,1114800
2006-12-01,36.48661422729492,36.685592269662,35.94126949896278,36.61926625553964,1497200
2006-12-04,36.88456344604492,36.93615002395311,36.55293343716535,36.58978340246348,1090500
2006-12-05,36.88456344604492,36.88456344604492,36.55293343716535,36.62663055650395,818500
2006-12-06,36.59714889526367,36.7371691943561,36.442389173436666,36.53819401558276,1009800
2006-12-07,36.42028045654297,36.73717103305339,36.30236788002218,36.72980272694603,611100
2006-12-08,35.85282897949219,36.16971956364553,35.764392436525455,35.96337044131413,740400
2006-12-11,35.77913284301758,35.78650396076274,35.565415408531415,35.771764536530135,285000
2006-12-12,35.432769775390625,35.52857182564797,35.263267785302695,35.52857182564797,636200
2006-12-13,35.72017288208008,35.80123829821244,35.59488919953262,35.75702003179734,725200
2006-12-14,36.84034729003906,36.85508390237086,36.398173016130045,36.398173016130045,746300
2006-12-15,36.76665496826172,36.943525263149375,36.67085010806182,36.943525263149375,435100
2006-12-18,36.63400268554688,37.05406647020853,36.51609009355865,36.8624595624494,450700
2006-12-19,36.49398422241211,36.49398422241211,36.07392041632559,36.16972528072053,673400
2006-12-20,36.896854400634766,37.0675010867442,36.837500385170266,36.95621124638944,671900
2006-12-21,36.71878433227539,36.84491336623541,36.51103823179744,36.78555935916298,445500
2006-12-22,36.47394561767578,36.71878835317175,36.392331372510455,36.71878835317175,564200
2006-12-26,36.77814483642578,36.79298404838777,36.42201224020894,36.48878727889274,359700
2006-12-27,36.83750534057617,36.98589181434356,36.607501777771816,36.72621265496007,629900
2006-12-28,36.65201187133789,37.104595051605344,36.614912430244345,37.104595051605344,884000
2006-12-29,36.65201187133789,36.99330521919465,36.57781581944078,36.58523683977548,1219300
2007-01-03,36.1549186706543,36.54072976106593,35.82104341642396,36.4071796593738,2059300
2007-01-04,35.7542610168457,35.8507144771968,35.464903466082625,35.8507144771968,1806200
2007-01-05,34.89360427856445,35.36102950791749,34.78973263432823,35.16812543009165,748600
2007-01-08,34.960391998291016,35.09394211228516,34.6858735774324,34.82684188429687,855200
2007-01-09,34.57456970214844,34.90102668879328,34.38908380711483,34.87134826631827,975700
2007-01-10,34.46328353881836,34.4855409429033,33.68424326265043,34.13682651735681,1425700
2007-01-11,34.730377197265625,35.10134895734212,34.314887807075586,34.64876295720241,1790500
2007-01-12,35.509422302246094,35.57619734162665,35.093932853845885,35.13845049019637,540900
2007-01-16,35.62070846557617,35.72458293965646,35.42780438857854,35.66522609732486,815200
2007-01-17,35.33134460449219,35.54650887395744,35.31650539656808,35.50941226929193,812300
2007-01-18,35.13102722167969,35.60587348817153,35.004898172190536,35.598452467442684,886800
2007-01-19,35.22005844116211,35.26457323925901,34.782311668040535,34.849086695475684,786700
2007-01-22,34.87135696411133,35.13103614981284,34.722967645014386,35.02716447553224,1570700
2007-01-23,35.29425430297852,35.29425430297852,34.87876489777045,34.96780016121576,1058400
2007-01-24,36.05844879150391,36.08812720733604,35.67264070684423,35.82844814452866,1581400
2007-01-25,35.108768463134766,35.79877618916255,35.034575240454586,35.67264714454824,917200
2007-01-26,35.234901428222656,35.242319618604185,34.82683019998568,35.10135135903421,1065900
2007-01-29,34.90102767944336,35.45748538033899,34.789735007148145,35.375871131361194,1038500
2007-01-30,35.19779968261719,35.32393155317188,34.975217191962344,35.04941324237391,801600
2007-01-31,35.10135269165039,35.27941757046844,34.611670029465415,34.619088220128575,1044700
2007-02-01,36.0213623046875,36.09555836510833,35.65781151464152,35.709747341790944,1360600
2007-02-02,36.407169342041016,36.64459104881343,36.347815330492914,36.51846200534246,1331300
2007-02-05,36.60749435424805,36.71136599693762,36.45910508028151,36.71136599693762,1497300
2007-02-06,37.09717559814453,37.119432997810655,36.852332880657634,36.91168972015381,1182100
2007-02-07,36.889434814453125,37.17137133025104,36.8003995491895,36.93394961679486,733600
2007-02-08,36.68910217285156,36.6965203616206,36.46651971601688,36.54071292486528,1018900
2007-02-09,36.50362777709961,37.01556787152065,36.3403992700565,36.90427802331976,1097200
2007-02-12,36.39975738525391,36.42943298096477,36.18459304217984,36.42943298096477,1605800
2007-02-13,36.84491729736328,36.84491729736328,36.52588133822668,36.5852381819219,1984300
2007-02-14,37.41621780395508,37.57202528830391,37.00072834873451,37.02298858242031,2283100
2007-02-15,37.49040603637695,37.6462163302399,37.40879179442255,37.51266626709451,483200
2007-02-16,37.77976608276367,37.86880135099201,37.41621531018024,37.46815113483502,1385300
2007-02-20,37.87621688842773,38.24718865585658,37.468148510314,38.24718865585658,914100
2007-02-21,37.98009490966797,38.00235514404975,37.64622252713617,37.91331986710352,781500
2007-02-22,38.180419921875,38.52171332493189,37.980094794787576,38.13590511382698,1033800
2007-02-23,38.12106323242188,38.37332417143301,37.92815631008323,38.28428890098891,643100
2007-02-26,38.061710357666016,38.42526400752845,37.86138522369576,38.313971323003685,569600
2007-02-27,35.63554763793945,36.81523799025943,34.24811399826175,36.748462957853015,2988800
2007-02-28,36.34782028198242,36.8004035263462,35.999105864404875,35.999105864404875,2031400
2007-03-01,35.79135513305664,36.036195012527976,33.61746048517727,35.39070496996923,1954200
2007-03-02,35.40554428100586,36.1920025697426,35.18295896956962,35.18295896956962,1956500
2007-03-05,34.89360427856445,35.53909720538675,34.21101757056068,34.76747523350333,1907300
2007-03-06,36.46653366088867,36.68911620283934,35.880397463862465,36.06588338720312,1849600
2007-03-07,36.05844879150391,36.42200230972375,36.02135218685849,36.102966415252105,1415500
2007-03-08,36.86717987060547,37.00815097901305,36.20685045845569,36.20685045845569,822100
2007-03-09,36.5926628112793,37.09718475030672,36.44427350621996,36.96363465878237,795600
2007-03-12,37.33460235595703,37.490409835318125,36.93395212592255,36.97846976157869,674500
2007-03-13,36.07328796386719,37.06007406214172,36.0213521513569,36.76329556469191,1155800
2007-03-14,36.61491012573242,36.61491012573242,35.546512518267924,36.02135589936326,1393700
2007-03-15,36.84491729736328,37.11943562372847,36.63717400501018,36.822659896122616,1222200
2007-03-16,36.60749435424805,37.11201618756027,36.555558532903255,37.02298375529635,546700
2007-03-19,37.36427688598633,37.52750536942517,36.9858840980672,36.9858840980672,767100
2007-03-20,37.40138244628906,37.505254113226925,37.13428225685418,37.304928971150765,1235000
2007-03-21,38.35105895996094,38.38073737958947,37.29007951570495,37.40879036392919,800300
2007-03-22,37.57944107055664,37.92815260639514,37.57944107055664,37.90589520610267,1417600
2007-03-23,37.58686447143555,37.83912542078573,37.54234683438892,37.7055753399362,1091500
2007-03-26,37.55717849731445,37.6462137535106,37.10459251766494,37.6462137535106,718900
2007-03-27,37.23073196411133,37.50525031756356,37.13427849873446,37.46815370173872,970100
2007-03-28,36.91169738769531,37.163958347375605,36.76330808842035,37.0971833042164,895500
2007-03-29,37.7426643371582,37.78718196521878,37.32717779641868,37.6239534926198,906200
2007-03-30,37.52008056640625,37.816859082685305,37.35685209942381,37.80201987384238,926300
2007-04-02,38.09880828857422,38.21010097693397,37.77235407583126,37.97267921670443,914100
2007-04-03,38.67009735107422,38.69977577258754,38.18041471726459,38.2546107710479,756700
2007-04-04,38.76654815673828,40.07236748090087,38.499448041950735,38.499448041950735,1065100
2007-04-05,38.90010452270508,39.08559042913405,38.73687601935469,38.73687601935469,475500
2007-04-09,39.13011169433594,39.33043400120074,39.05591562670954,39.33043400120074,439600
2007-04-10,39.08559799194336,39.24882652687741,38.952047887050206,39.19689068945128,659100
2007-04-11,39.00397109985352,39.62720377753292,38.95945346920144,39.54558953648241,1292100
2007-04-12,39.93141174316406,39.97592938633806,39.15237138450897,39.54560065986166,989600
2007-04-13,39.90172576904297,39.99076103855457,39.45656074264582,39.74591829283299,685000
2007-04-16,40.06495666503906,40.19850674701242,39.83495311713152,39.87947075455277,906500
2007-04-17,39.68656921386719,39.9462483731884,39.67173000043589,39.81269828259733,1133000
2007-04-18,39.73108673095703,40.19851207987392,39.456568339500144,39.456568339500144,952800
2007-04-19,39.37494659423828,39.40462501748432,38.82590991563778,39.10042825493803,1049800
2007-04-20,39.98333740234375,40.06495164557929,39.7681730938664,39.87204756816893,539000
2007-04-23,39.84978866577149,40.09463140364166,39.76817441981476,40.00559613698517,468100
2007-04-24,40.03527069091797,40.23559577610409,39.82752741603896,40.21333837673559,1080200
2007-04-25,40.17625045776367,40.294961330555815,39.90172926482085,40.07979698915429,991700
2007-04-26,40.072364807128906,40.243014292637824,39.82752493843683,40.131721642138906,632300
2007-04-27,39.73849868774414,40.59173209635061,39.41946272574212,40.59173209635061,851000
2007-04-30,39.36752700805664,39.97592051158264,39.2784917414747,39.84237044199985,967000
2007-05-01,39.6939811706543,39.6939811706543,39.19688033509377,39.39720260922495,870300
2007-05-02,40.45075988769531,40.606567343148654,39.92398068290172,39.97591650138617,759800
2007-05-03,40.80690002441406,40.97012853020463,40.4730248217926,40.80690002441406,1217500
2007-05-04,40.54721832275391,40.933026498871314,40.52495809045816,40.8810906739982,898700
2007-05-07,41.1110954284668,41.19270967863474,41.00722377563133,41.03690219938154,951700
2007-05-08,41.06657791137695,41.103677356316936,40.75496295197108,40.97012727934577,761600
2007-05-09,41.70465469360352,41.74175131254172,41.2669077974352,41.33368284364022,783500
2007-05-10,40.80690002441406,41.75658697383478,40.71786758047846,41.741747761463785,1438300
2007-05-11,41.84562301635742,42.08304475807173,41.36335851146188,41.36335851146188,1521100
2007-05-14,41.43754577636719,41.91981021180484,41.20754508924554,41.67496748388695,639700
2007-05-15,41.2149658203125,41.70464847604787,41.12593338207612,41.31883746996998,963800
2007-05-16,42.05336380004883,42.097881435298014,41.54142373098928,41.64529538294714,2135500
2007-05-17,41.623043060302734,41.838207426128704,41.5043321740351,41.71949653986106,1469900
2007-05-18,41.482059478759766,41.585931112174826,41.32625202863718,41.37818784534471,607200
2007-05-21,41.77141952514648,42.03851964465066,41.734322915279776,41.845615575169816,2075900
2007-05-22,42.194332122802734,42.43917487156614,42.075621258936,42.2388497581116,1468000
2007-05-23,42.142391204833984,42.66175223285718,42.13497301499061,42.261102054357295,898000
2007-05-24,41.40044784545898,42.35013747555329,41.25205857541707,42.31303803532538,1319200
2007-05-25,42.216590881347656,42.3427199315495,41.95690892988304,42.06820159912361,821000
2007-05-29,42.253692626953125,42.461435949127605,41.979174261181065,42.402081927202254,965200
2007-05-30,42.62466049194336,42.62466049194336,41.623034931281055,41.623034931281055,1260200
2007-05-31,43.106929779052734,43.44080502514576,43.06983315844034,43.21080427917447,1051900
2007-06-01,43.96015930175781,44.10112757006569,43.67821993485176,43.75241599471666,1843600
2007-06-04,44.5537109375,44.672421795821606,44.33112843193325,44.51661432495389,1174100
2007-06-05,44.36822128295898,44.627903209346215,44.07886376722482,44.553707160254206,1082500
2007-06-06,43.74499130249024,44.47951666691457,43.55950541382945,44.47951666691457,2161700
2007-06-07,43.55208969116211,44.48693737765096,43.32950717821621,43.85628645258922,3222700
2007-06-08,44.44241714477539,44.44983533450839,43.41853431393913,43.55208437145212,3330300
2007-06-11,43.989837646484375,44.18274174120516,43.58918741480628,44.18274174120516,2602100
2007-06-12,43.6114387512207,44.14563898581748,43.52240632221788,44.10112135617112,1450600
2007-06-13,44.44983673095703,44.583386792665664,43.94531490456664,43.97499332501077,1441800
2007-06-14,45.45888137817383,45.5701712118389,45.11758802647023,45.25855628122867,2250800
2007-06-15,45.92631149291992,46.08953716572763,45.636951101894255,45.636951101894255,1122000
2007-06-18,46.13404846191406,46.55695604337491,45.9337233711763,46.38630937281088,1488600
2007-06-19,46.26017761230469,46.37147027307605,45.866948450081786,46.00049851089144,824900
2007-06-20,45.43663024902344,46.104377834051775,45.29565914451703,46.00050617617784,2598900
2007-06-21,46.16372680664063,46.193402396475925,45.52565492539798,45.6666231755579,1853000
2007-06-22,44.88018035888672,45.47373481499496,44.598240930876216,45.1695379793463,1741000
2007-06-25,44.77629470825195,45.17694492776681,44.51661558280168,44.97661981800938,1183900
2007-06-26,44.301456451416016,45.35501794871681,44.26435983347589,45.02114272667464,2132800
2007-06-27,44.69468307495117,44.83565133804585,43.84886500551255,43.84886500551255,1295300
2007-06-28,44.85048675537109,45.22145851872356,44.694679294032646,44.81339014509384,1034100
2007-06-29,44.73918533325195,44.99886721492075,44.39789205707061,44.65015291996321,1279600
2007-07-02,46.0079231262207,46.36405855831053,45.384690365499,45.87437587704993,1653800
2007-07-03,46.63114929199219,46.81663517275634,46.185984310274186,46.185984310274186,777000
2007-07-05,47.35826110839844,48.03342683750154,47.00954671245908,47.43245433590927,1369900
2007-07-06,48.37471389770508,48.58246283242855,47.83309831305586,48.0927774057356,1375400
2007-07-09,48.71601486206055,48.8718223239796,48.52310795943605,48.70117282154641,1166900
2007-07-10,48.07051849365234,48.73826875422857,47.92954742181417,48.307940179570615,2132800
2007-07-11,48.58987808227539,48.68633435975306,48.18181255486413,48.37471378866015,1012100
2007-07-12,50.08119583129883,50.08119583129883,49.183444703814864,49.183444703814864,1850900
2007-07-13,50.89733123779297,51.07539612176303,50.71184533265482,50.82313800785383,1478000
2007-07-16,50.19249725341797,51.14960539752857,50.081204555622456,51.14960539752857,1959100
2007-07-17,50.229583740234375,50.37797586924015,49.9476471859948,49.9476471859948,1098100
2007-07-18,49.52473831176758,49.89571013432764,49.07957325681167,49.265059168091696,1766300
2007-07-19,50.02925491333008,50.185062383018646,49.74731839588128,49.74731839588128,1840500
2007-07-20,50.35570526123047,51.08280669067173,49.73989082363674,51.08280669067173,1891400
2007-07-23,51.49089050292969,51.6021831826773,51.11249765602016,51.17927552810105,953300
2007-07-24,50.4150619506836,51.25346178482871,50.02183277493556,50.941846852414805,2365400
2007-07-25,51.157005310058594,51.61701234708511,50.47441860524251,51.409269059582826,2378400
2007-07-26,48.52311325073242,50.14796590826198,47.75891223773762,49.41344331895189,5792300
2007-07-27,47.59568786621094,48.93118308438096,47.491816204594855,48.22633885761742,3948100
2007-07-30,49.41343307495117,49.88827643430487,48.53793956978417,49.2650466478704,2600900
2007-07-31,48.946022033691406,50.467003074396175,48.63440706854183,50.42990928935303,3520800
2007-08-01,47.78117752075195,48.22634262828134,46.03760805063196,47.37310620351084,7331000
2007-08-02,47.72922897338867,48.62697997162519,47.19502872240299,48.61213793099783,1431100
2007-08-03,46.022762298583984,48.02601348876677,45.66662969709271,47.78117073320321,4440900
2007-08-06,47.74406814575195,47.76632554741476,46.31953783352966,47.0392240103885,3284100
2007-08-07,47.89987182617188,48.25600720632557,46.84631338661111,47.07631689664997,3225200
2007-08-08,49.12408447265625,49.69538420755608,48.27084821103232,48.27084821103232,4711800
2007-08-09,46.74244689941406,47.90729812746831,46.44566832666677,47.18761192824477,2526900
2007-08-10,46.111793518066406,46.76470181492587,44.73919622996464,45.29565390155695,4246400
2007-08-13,46.223087310791016,47.03922699715998,46.21566911986244,46.653415972196704,2208200
2007-08-14,44.81339645385742,46.11921599936186,44.47952125377976,46.06728017160427,3131500
2007-08-15,43.381446838378906,44.65016982158385,42.95853917731059,44.39790886320184,4010000
2007-08-16,41.75658416748047,42.42433452784557,39.02623154110562,41.1630298639838,9504000
2007-08-17,43.40369415283203,44.51660938752004,42.535621628314495,43.03272240793603,6055000
2007-08-20,43.507568359375,44.12338285082932,42.66917137388886,44.09370443021442,4042700
2007-08-21,43.16628646850586,43.49274069103325,42.83983224597848,43.19596489699673,2425800
2007-08-22,45.08050155639648,45.21405165945422,44.16791107236251,44.36823622694911,3502400
2007-08-23,45.162105560302734,45.97082418714231,44.46467960415189,45.37726988081285,2954100
2007-08-24,46.1043815612793,46.18599582200404,45.00630521309785,45.12501609316367,2325500
2007-08-27,45.14726257324219,45.807594690994186,45.14726257324219,45.75565604013688,1484800
2007-08-28,44.18274688720703,45.88179864402467,43.96016434266936,45.88179864402467,3056200
2007-08-29,46.83148193359375,47.15051792637015,45.585016387465096,45.64437323741903,3397000
2007-08-30,46.29728317260742,46.69793057770642,45.81501868590284,46.260183727252986,2401300
2007-08-31,47.55858612060547,48.24859393119455,47.32116438258453,47.61794297025589,2892700
2007-09-04,48.003753662109375,48.36731013964283,47.23955258010324,47.30632762427886,3421400
2007-09-05,46.89083862304688,47.18761438092954,46.58664184380017,47.18761438092954,1827300
2007-09-06,47.7514877319336,48.02600888554825,47.3063199000204,47.74406671140884,897000
2007-09-07,46.49760055541992,47.06889742407576,46.126628783328336,46.93534735969959,2011000
2007-09-10,46.20824432373047,46.72018719497968,45.46630075871082,46.66825137185151,2554200
2007-09-11,47.19503784179688,47.32116690860126,46.29728667008987,46.31212305300407,1356400
2007-09-12,46.66083526611328,47.01696787520002,45.96340926043805,46.28244525342437,3020200
2007-09-13,47.66245651245117,48.09278517012657,47.143098243243344,47.48439162880572,1880400
2007-09-14,47.87019729614258,48.14471845858129,47.36567826555473,47.66987502017616,1965000
2007-09-17,47.49921798706055,47.729224309670535,47.11340987714672,47.52148104582621,1315400
2007-09-18,49.18343353271485,49.46537001480832,46.94276390333192,47.32115382945197,4618200
2007-09-19,50.02183532714844,50.5782930179563,49.41344181162172,50.526357193237445,3432800
2007-09-20,49.41343307495117,49.91053383230905,48.97568915265735,49.63601837615168,2192300
2007-09-21,50.12570571899414,50.32603365258399,49.873447622568655,49.984740290054106,1694200
2007-09-24,50.52635955810547,50.74894490907878,50.24442301937581,50.533780579292745,1151900
2007-09-25,49.99215316772461,50.0663520494173,49.38375969767203,49.93280198718235,1681200
2007-09-26,50.68959045410156,50.786041091767686,50.28894019978087,50.44474768858655,1695200
2007-09-27,51.11991882324219,51.11991882324219,50.45958942492607,51.09024039785282,1815300
2007-09-28,50.49667739868164,51.14217034029243,50.24441930278008,50.7118417125519,2154700
2007-10-01,52.54443740844727,52.89315175227032,51.112486255233634,51.11990727504975,2534900
2007-10-02,53.34574508666992,53.64252365386,52.84864424146023,52.88573802449627,4030300
2007-10-03,52.34411239624024,53.17508543325475,52.09926970044305,53.14540701613576,2715700
2007-10-04,52.62606430053711,52.85606502493262,52.21799302120869,52.58154949209435,1173700
2007-10-05,53.37541961669922,53.79090618411508,52.70024828406851,53.04896265054108,2139300
2007-10-08,52.82637405395508,52.99702354676155,52.03249474863023,52.41088751227616,1244700
2007-10-09,53.4199333190918,53.57574077866957,53.04896155993144,53.353161119521246,2859500
2007-10-10,53.58315658569336,53.746385049536144,53.07863481589716,53.07863481589716,2062700
2007-10-11,53.4199333190918,54.89639933558768,52.885733080208105,54.86672091558527,3532700
2007-10-12,53.45703506469727,53.6647783530937,53.04896384778993,53.60542151052898,1465200
2007-10-15,52.314453125,53.33091239557429,52.01767450577531,52.49993905444276,2803500
2007-10-16,50.89733123779297,52.00282564745379,50.40765139173016,51.119916588191,2774800
2007-10-17,51.63927459716797,52.0547668717708,50.63765184660401,51.80992411968744,2573700
2007-10-18,52.04734802246094,52.48509205756039,51.20153271686132,51.30540437470121,1743000
2007-10-19,50.044090270996094,51.37959092756928,49.86602540364636,50.607968954947005,2460400
2007-10-22,49.83633804321289,50.21473077146658,48.59729389332659,48.85697295758733,3214900
2007-10-23,50.91216659545898,51.023453595465625,50.2295742521324,50.75635913486983,2146700
2007-10-24,50.31119918823242,50.58572038796254,49.1686052404269,50.10345586328252,3047400
2007-10-25,51.8989372253418,52.02507190212402,50.97892901806553,51.86926447141762,3457500
2007-10-26,54.243499755859375,54.46608511119964,53.30864918824329,53.32349123090903,4125100
2007-10-29,55.02252578735352,55.15607016647507,54.24348294567061,54.55509781811218,3714400
2007-10-30,53.605411529541016,54.19896852351148,53.605411529541016,54.11735429532607,3035800
2007-10-31,55.46770477294922,55.6828690948689,54.14704607892811,54.75543960068774,4301200
2007-11-01,52.93024826049805,53.87251970546513,51.94346767607706,53.79090546501665,3546800
2007-11-02,52.97476959228516,53.375419780917376,51.80991846741332,53.36799876059642,2691700
2007-11-05,51.943450927734375,52.6408737659032,51.38699346441371,51.74312307101524,2236900
2007-11-06,54.79253768920898,54.79253768920898,53.55349314616934,53.88736552607506,2880700
2007-11-07,52.603797912597656,53.820584860597386,52.56669847151061,53.687034797495954,2289400
2007-11-08,51.594764709472656,52.60380857734756,50.1257137175256,52.55928810690115,4642000
2007-11-09,50.94185256958008,51.8470190471428,50.251844764321625,50.58571713500962,4474900
2007-11-12,48.69375228881836,50.563453171726536,48.47117262409689,50.25925360451991,2962700
2007-11-13,51.70604705810547,52.0547614272214,50.288932181158586,50.29635320151296,2272700
2007-11-14,51.557655334472656,52.64089223042791,51.29797622595256,52.373792101498665,2545100
2007-11-15,50.18506622314453,51.22378842779743,49.791837008519934,51.171852600593816,2061600
2007-11-16,50.40764236450195,50.77861410834296,49.47279198506032,50.77861410834296,2050000
2007-11-19,48.20407485961914,49.5173124936129,47.74406780639646,49.5173124936129,3698500
2007-11-20,48.44891357421875,48.90149956916454,47.328577286682446,47.41019152580905,3029100
2007-11-21,45.71115112304688,46.66083813908505,45.25114682843971,46.50503064369577,2689900
2007-11-23,46.29728317260742,46.69793057770642,45.40695025961684,46.43083325107053,1283700
2007-11-26,46.14889144897461,48.04826804119525,45.97824476444431,48.04826804119525,4315400
2007-11-27,47.92955780029297,48.13730111288294,46.905677619422086,46.92793502283091,3674300
2007-11-28,49.26505279541016,49.74731723447106,47.61793721061324,48.189231252800425,3245500
2007-11-29,48.53794479370117,49.153759287464446,48.300523088471714,48.56020219410082,1510500
2007-11-30,49.21311569213867,50.00699504263319,49.02762980968127,49.85860294031932,1676000
2007-12-03,48.84214401245117,49.59892392354279,48.54536546788547,48.6121376686083,1778200
2007-12-04,48.90892791748047,49.42829190990348,48.74569939587842,49.06473541703299,1013200
2007-12-05,50.74151611328125,51.19410210648935,50.04408740363341,50.0811868433048,2025900
2007-12-06,51.527976989746094,51.55024005100653,50.52635433506771,50.87506870727412,1919400
2007-12-07,50.7563591003418,50.94184498099983,50.43732315918679,50.94184498099983,2631400
2007-12-10,50.014427185058594,50.4076564376215,49.92539190387068,50.15539263787967,1133100
2007-12-11,48.19664001464844,50.37795530571522,48.19664001464844,50.17021207048574,3468500
2007-12-12,50.08119583129883,51.33508239757201,49.25763793589323,50.504103480784345,3980300
2007-12-13,49.26505279541016,49.62860354952928,48.345044379431535,49.20569595293926,2943400
2007-12-14,47.92955780029297,48.589887184131406,47.84794354740681,48.35988646813261,1876400
2007-12-17,45.81501770019531,46.92793310991666,45.5998533750462,46.772125631825325,2279500
2007-12-18,47.11341094970703,47.55857590530489,46.17114239107812,47.395350264406886,3180700
2007-12-19,47.77375030517578,48.45633709227052,47.21729257775667,47.46955352739828,3413200
2007-12-20,47.1876106262207,47.4101959647846,46.601477348167535,47.21728904873458,3206600
2007-12-21,48.59730529785156,48.76053379385782,47.929554932635234,48.22633350168476,1500700
2007-12-24,49.536712646484375,49.917249316220826,49.11140896595002,49.618789294714816,1376000
2007-12-26,48.89501190185547,49.193471839791385,48.7607052144168,49.15616221280571,691800
2007-12-27,48.313026428222656,48.9472503470514,48.28317986005238,48.9248668440864,2529700
2007-12-28,48.70848083496094,49.08901744254202,48.41748392700202,48.68609733321802,1729300
2007-12-31,48.27571868896485,48.805488178959536,48.14887503875249,48.805488178959536,1213100
2008-01-02,46.68642044067383,47.97725733502433,45.84327348171992,47.75341094416349,4018600
2008-01-03,47.28334426879883,47.75341777196272,46.350660327940176,47.38034419561927,3394600
2008-01-04,45.51496505737305,46.84310574986262,45.112045011452125,46.84310574986262,4476500
2008-01-07,45.88804244995117,46.552112852757965,45.31350889397814,46.03727242555748,2695800
2008-01-08,45.40304946899414,46.7311932299907,45.27620582942454,46.22381297906173,2212800
2008-01-09,46.425270080566406,46.94757073534207,45.68658325315853,46.29096338467407,3617200
2008-01-10,47.104270935058594,47.44003772580539,45.51497668974076,45.85820369969281,4887000
2008-01-11,45.02252197265625,45.69405558836456,44.7688318118693,45.11952190521982,2929600
2008-01-14,45.38066482543945,45.55227831094757,44.95536122084864,44.9628214392076,4025200
2008-01-15,43.46306228637695,44.47035958710208,43.00791216582008,44.47035958710208,4636600
2008-01-16,42.52291870117188,43.410832604799154,41.6200786696892,42.9855290433174,6802400
2008-01-17,42.27669143676758,43.574988546864695,41.71708115327013,43.574988546864695,4680300
2008-01-18,43.36606979370117,43.768989921398806,42.53038581672952,43.64960649611714,3160300
2008-01-22,41.98569488525391,43.23175909371077,40.51578428452265,40.51578428452265,5435000
2008-01-23,42.14984893798828,42.50799918749123,39.172720897402606,39.95617474608563,5309100
2008-01-24,42.49307632446289,42.99299349652324,41.85884960539616,41.97823302307663,3387200
2008-01-25,42.29161834716797,44.0301396302818,41.99315836516951,43.08999552573972,2634100
2008-01-28,41.90361785888672,42.2170010973189,40.829167140672986,41.33654735807741,2619300
2008-01-29,42.14238357543945,42.18715342155803,41.4708529616109,42.06777001156684,1702200
2008-01-30,40.82917404174805,42.4333887490018,40.43371410625781,40.67248097288466,3709500
2008-01-31,42.26923370361328,42.694537316367935,41.03062965051063,41.12762672266502,4028800
2008-02-01,42.94076919555664,43.3586126367117,42.02300851520901,42.12000844457681,2679000
2008-02-04,43.44813919067383,43.97790287416903,43.12729575501901,43.63467593948128,2243400
2008-02-05,41.67978286743164,43.27653741312447,41.50070628782162,43.19446076606678,3142700
2008-02-06,40.993309020996094,42.478142581185374,40.93361875001724,41.94837897357832,3361900
2008-02-07,41.59023666381836,42.32892062885232,40.493399619969416,40.80678000602624,2856600
2008-02-08,42.08269882202149,42.23938903453341,41.20970520913645,41.62754862216031,3168300
2008-02-11,42.2319221496582,42.3438453463725,41.27685483064335,42.12000179926903,2884200
2008-02-12,42.48560333251953,43.07506006485036,42.0080697733792,42.24683655294936,4122300
2008-02-13,42.39607620239258,42.493076118263886,41.49323893266973,42.12000258403212,3695700
2008-02-14,42.79899597167969,43.61975660211571,42.55276607475378,43.27652963639338,4774600
2008-02-15,42.69452667236328,43.21682722705963,42.32891343775129,42.9109071108841,1981900
2008-02-19,43.530216217041016,44.08236625098653,43.39590952895494,43.98536634374105,2437500
2008-02-20,43.17206954956055,43.61229643087894,42.42592248605988,42.84376301997215,3229400
2008-02-21,42.64230728149414,43.62722121142088,42.6273839981528,43.20937781683898,3114300
2008-02-22,43.075077056884766,43.12730713262391,41.948396049236,43.12730713262391,3164800
2008-02-25,43.9107551574707,44.17190834706026,42.88853443998942,43.34368462081456,2718600
2008-02-26,43.98537063598633,44.41813445935266,43.20937699494817,43.64214366463971,2895100
2008-02-27,44.2092170715332,44.67929055635353,43.70929986497737,43.92568036760542,3217600
2008-02-28,44.14205551147461,44.49274550519079,43.84359557899384,44.32859225769388,2656800
2008-02-29,42.48560333251953,43.5675169035044,42.23191327343566,43.53021012788241,3635200
2008-03-03,42.44084167480469,42.44830189233696,41.70961796467104,42.14984480352266,4649400
2008-03-04,42.15730285644531,42.28414647225538,41.11269598341942,41.47830924287591,4374500
2008-03-05,42.75422286987305,42.83629949593609,42.01553892795556,42.27668924149711,4031300
2008-03-06,41.78424072265625,42.470694739720784,41.44847393329837,42.4333879511978,2977000
2008-03-07,41.06047058105469,41.91854081309117,40.63516699719662,41.045547298739045,2891100
2008-03-10,40.15764236450195,40.79932941651939,39.38164858781455,40.79932941651939,5788500
2008-03-11,41.90361785888672,41.90361785888672,40.88885742407787,41.33654735807741,3830400
2008-03-12,40.97838973999024,41.66484642433491,40.82916262482053,41.09031292269229,1842500
2008-03-13,39.717411041259766,40.29940488674973,39.0981104088609,39.53833732556688,5674200
2008-03-14,38.00873565673828,39.28464947532891,37.3446651336176,39.28464947532891,4325700
2008-03-17,37.14320373535156,37.42674044565227,36.165752803153126,36.30005951612054,5509200
2008-03-18,38.79964065551758,38.91156383439991,37.91172682673166,38.05349371983455,5196200
2008-03-19,38.03111267089844,39.15779336392873,37.88188270488999,38.62802968860736,4130700
2008-03-20,39.4711799621582,39.47864018025221,38.307189543060375,38.7474164150597,3952700
2008-03-24,40.888858795166016,41.09778190990146,39.99348174346818,39.99348174346818,3950300
2008-03-25,41.27685928344727,41.62008628245372,41.150015636724405,41.150015636724405,4458700
2008-03-26,41.15746688842773,41.26939007283043,40.62770322108124,41.00077670732381,2720100
2008-03-27,40.9709358215332,41.575315977655606,40.89632225247745,41.56039269457941,1873000
2008-03-28,41.14254760742188,41.68723460873317,41.03062725846276,41.61262104276043,2112900
2008-03-31,41.6275520324707,41.8364723329356,41.38878516156064,41.50816859701567,3029300
2008-04-01,43.433223724365234,43.56007021646737,42.35130981734288,42.35130981734288,5436900
2008-04-02,43.67945098876953,44.02267796435663,43.26907066175668,43.8809110430468,2689600
2008-04-03,44.1495246887207,44.43306139748638,43.54514732996481,44.00029753852077,3612400
2008-04-04,44.1495246887207,44.53752154115652,43.80629768914015,44.20175760688121,1594200
2008-04-07,44.515132904052734,44.91805299430568,44.05252252986886,44.67182310148717,2425700
2008-04-08,43.83614349365234,44.08983362942608,43.649606712828295,43.88837356457705,2730100
2008-04-09,43.46306228637695,44.03013274794501,43.20937219523008,43.65705925192461,2820300
2008-04-10,44.02267837524414,44.28382871860107,43.56752819425754,43.97044830657276,2299000
2008-04-11,43.58243942260742,44.13458936968255,43.34367264720317,43.7316693688162,1839400
2008-04-14,43.52276992797852,43.70184367185223,43.26907975221922,43.48546028887281,1751000
2008-04-15,43.11983871459961,43.28398913014414,42.83630203854979,43.20191534553443,1929800
2008-04-16,43.82867813110352,43.8883684138728,43.4481415489397,43.50783467803405,3130400
2008-04-17,43.20191955566406,43.47799319417378,42.94076635484643,43.26907291057998,2274000
2008-04-18,43.71675109863281,44.23905454704688,43.649597757460654,43.739134596915264,3238300
2008-04-21,44.26890182495117,44.42559200811216,43.81375171034795,44.08982529682086,1783700
2008-04-22,43.433223724365234,43.97045056842057,43.26907329137921,43.84360407631843,2021900
2008-04-23,44.73898315429688,44.77628994313501,43.97045248819413,44.05252913143337,2342000
2008-04-24,44.71659469604492,44.86582468118962,43.91821754879478,44.75390148074979,1394000
2008-04-25,45.21651458740234,45.39559114959119,44.746443948516735,45.246361155488046,1404400
2008-04-28,45.1195068359375,45.38065712908927,44.858353696461016,45.1195068359375,1763700
2008-04-29,44.3957633972168,44.68676038255951,44.02268975522338,44.68676038255951,1734500
2008-04-30,44.85836410522461,45.19413087884744,44.515137112777,44.76882724770032,1882400
2008-05-01,45.50004959106445,45.69404943004567,44.66436564017495,44.80613256379562,1539400
2008-05-02,45.77611923217773,45.88804242540386,45.29858558755302,45.8208890787332,1872700
2008-05-05,45.55974197387695,45.75373896333453,45.36574213809414,45.6716623286822,2765600
2008-05-06,45.64926910400391,45.656729320871854,44.768815504705394,45.0150453562171,2303700
2008-05-07,43.858524322509766,44.903131369965806,43.76152725174937,44.60467140031402,3139300
2008-05-08,43.79883193969727,44.04505898349651,43.507835048695846,43.64214174397728,1910700
2008-05-09,42.7169189453125,43.00791584166768,42.604995748410445,42.83630236038962,2392600
2008-05-12,43.41084289550781,43.41084289550781,42.7243860140026,42.82884900947938,1720000
2008-05-13,43.27653121948242,43.522761125415606,42.92584117636253,43.47799127533904,1559000
2008-05-14,43.51528930664063,43.836132718499016,43.29890601095479,43.34367585202504,1748400
2008-05-15,44.880741119384766,44.91804789839982,44.17190093279957,44.40320467048778,3544300
2008-05-16,45.283668518066406,45.36574515818274,44.85836487957762,45.21651516218263,4375900
2008-05-19,44.8210563659668,45.29112983904932,44.65690309205616,45.059823211841184,2822400
2008-05-20,43.500370025634766,44.104750127187714,43.38098661812955,44.059980282001405,4334200
2008-05-21,42.91837692260742,43.72421422394284,42.69453338592119,43.5600638150796,3187500
2008-05-22,43.20937728881836,43.32130048934812,42.86615031513743,42.90345709987228,2239000
2008-05-23,42.37369155883789,42.7616883655382,42.1125383841208,42.754225301112655,1959100
2008-05-27,43.11237716674805,43.1422237329243,42.53038335793718,42.73184341013907,1471400
2008-05-28,43.00046157836914,43.1496915794628,42.43338814347834,42.9706150088853,1583100
2008-05-29,43.76898956298828,44.13460290097751,43.44814607648509,43.77644978173995,2708900
2008-05-30,44.32859420776367,44.55243774380898,44.17190401716446,44.268903926436586,1674300
2008-06-02,43.86598205566406,44.13459542643778,43.28398547021271,44.08236536504565,1280400
2008-06-03,43.433223724365234,44.07491071113679,43.24668694199329,43.79883707019743,3581100
2008-06-04,43.56752395629883,43.94806052968889,43.395910483596936,43.94806052968889,2589000
2008-06-05,44.20175552368164,44.4554456519209,43.53768221275731,43.68691220224958,1752200
2008-06-06,42.55276870727539,43.80629607786073,42.40354156256432,43.77644951038838,3806200
2008-06-09,42.43338394165039,42.70946041255002,41.78423677444702,42.672150781226925,2189500
2008-06-10,41.620079040527344,41.8886924178197,41.299235600575365,41.41115878988882,3851400
2008-06-11,41.23955154418945,41.81408516647991,41.08286133256261,41.63500860581683,1869600
2008-06-12,40.95601272583008,41.48577646899517,40.68739932188011,40.85155259014403,5300500
2008-06-13,41.13509368896485,41.35893726748857,40.61279010819248,40.81425018276149,1668900
2008-06-16,41.17985153198242,41.42608140598604,40.81424109923904,41.17985153198242,1203500
2008-06-17,41.50817108154297,42.08270478853655,41.38878763894208,41.65740109637553,2359000
2008-06-18,41.49324417114258,41.86631775247445,41.00824737688093,41.56785774887874,4453500
2008-06-19,41.59769821166992,41.6499282776826,41.00078113843564,41.21716446695967,1457500
2008-06-20,40.090476989746094,40.7470871306878,39.926323742929455,40.71724056829844,3671000
2008-06-23,39.717411041259766,40.02333124803339,39.530874260389865,39.93379439018694,1455600
2008-06-24,39.575645446777344,40.23225288822277,39.50102902411844,39.80694924120623,1486000
2008-06-25,40.16594314575195,40.762280909407785,40.014971159066135,40.21123560562304,2471000
2008-06-26,39.13933563232422,39.97722739161362,39.0487535955108,39.44127959443697,4499000
2008-06-27,38.814735412597656,39.09403450287241,38.40711492759834,38.82228559317274,2420700
2008-06-30,38.52789688110352,38.86758306213716,38.4977019140004,38.54299436465507,1356800
2008-07-01,38.18066787719727,38.24105493893719,37.45600297946195,38.12027793590645,3228300
2008-07-02,37.11631393432617,38.24105202910152,37.07857166366674,38.13537251943484,2965600
2008-07-03,37.28239059448242,37.60697936814963,36.74644276058586,37.37297263750197,3577600
2008-07-07,36.7313346862793,37.214442615870496,36.15764473977735,36.89740411690767,3733400
2008-07-08,36.97289657592773,37.01063885110111,36.08216505999119,36.23313704023571,4169300
2008-07-09,36.308624267578125,37.47110485775303,36.308624267578125,37.063481344904496,3411900
2008-07-10,37.2068977355957,37.32012454421503,36.61056008639527,36.86721155063656,2652100
2008-07-11,37.41825485229492,37.74284353707783,36.79172514694566,37.13140843513901,2683700
2008-07-14,37.16916275024414,37.69001308288754,36.85967147208481,37.69001308288754,1289800
2008-07-15,36.074615478515625,36.56527078388463,35.37259826233227,36.26332972201544,3574500
2008-07-16,37.07102584838867,37.16915805968012,35.78776843763789,35.91609561848836,3204100
2008-07-17,36.7313346862793,37.18424765038345,36.52752298856731,36.85966184982406,2991000
2008-07-18,36.45204544067383,36.72379442303895,36.28597597821715,36.595467234899445,2147700
2008-07-21,37.18424606323242,37.637161887554974,37.071019266814496,37.418252716443256,1730200
2008-07-22,37.6749153137207,37.74285256351708,36.89741347236861,37.191807261635866,1968600
2008-07-23,38.784549713134766,38.87513173809498,38.08253254070414,38.12027481114168,4235700
2008-07-24,38.66377639770508,39.38843842541799,38.49770693652261,39.25256393527795,4634100
2008-07-25,38.656227111816406,38.87513633762537,38.42222327968703,38.53545010439612,1842800
2008-07-28,37.77304458618164,38.66377606746909,37.72020482708416,38.4297693632153,1655600
2008-07-29,38.5505485534668,38.6109384984613,37.45600527662541,37.50884503872008,2203500
2008-07-30,38.331634521484375,38.67132072065807,37.99195120186139,38.34673200584218,2974900
2008-07-31,37.72775268554688,38.3995749578654,37.72775268554688,38.097633884226674,1830900
2008-08-01,37.3427734375,37.840978898638745,37.01818472559362,37.840978898638745,2145900
2008-08-04,36.48223876953125,37.05592880015735,36.4520437996165,36.799277314983634,3263700
2008-08-05,37.37296295166016,37.50129011893497,36.82946795484766,37.00308469211906,2755200
2008-08-06,37.81078338623047,38.09762982322931,37.51638964700431,37.51638964700431,3048900
2008-08-07,36.64830780029297,37.42581249015881,36.6030182219374,37.35787524307444,2150800
2008-08-08,37.65225601196289,37.70509575482259,36.806814367107656,36.90494655222568,1430800
2008-08-11,37.6749153137207,37.91646933976312,37.23709972135049,37.32013157816728,1662300
2008-08-12,36.98798751831055,37.43335319748855,36.84456574620426,37.312576210569965,1847900
2008-08-13,36.53507995605469,36.79927875426493,36.26333097529504,36.66340426388511,4384200
2008-08-14,37.03328323364258,37.11631507983565,36.4595903355311,36.69359702812272,1902000
2008-08-15,36.776634216308594,37.04838319891989,36.67095469630441,36.85211876501131,680000
2008-08-18,36.1727409362793,36.67849655203811,36.08215891537866,36.414297791265206,1737200
2008-08-19,35.41033172607422,35.60659322348757,35.16123048398996,35.48581625287548,1629200
2008-08-20,36.00667190551758,36.02176938788945,35.47827154070342,35.7575677657072,1085200
2008-08-21,35.11595153808594,35.24427585888355,34.806460251957986,34.98007703397599,1987100
2008-08-22,34.81399917602539,34.87438910978345,34.57244520009421,34.87438910978345,2566100
2008-08-25,33.57603454589844,34.127079737015016,33.42506259008076,34.11953243502188,2729900
2008-08-26,33.26654815673828,33.45526240899096,33.0778339044856,33.206161093383926,2049900
2008-08-27,33.59113693237305,33.75720639596693,33.39487537684925,33.39487537684925,993200
2008-08-28,33.33448028564453,33.53074181085731,33.18350833110749,33.43261248802618,2397400
2008-08-29,32.66266250610352,32.98725124418748,32.49659304581379,32.8060842984577,2635800
2008-09-02,30.23201942443848,31.100106044433545,30.0584026763496,31.03216880565523,4962600
2008-09-03,29.967817306518555,30.533959939968337,29.89232989432838,30.201821085432247,4712800
2008-09-04,29.703622817993164,30.707584044646584,29.605493477900765,30.707584044646584,3627400
2008-09-05,30.541513442993164,30.60945068798409,29.930081117625747,30.0659556076076,4322400
2008-09-08,32.46639633178711,33.18351101415738,31.771929316136404,33.18351101415738,7349400
2008-09-09,31.32655906677246,32.36071213812435,31.20578208675728,32.08141591175493,4742300
2008-09-10,32.53433609008789,32.79098758954485,32.111618005959485,32.51924148384129,3342900
2008-09-11,32.081424713134766,32.14181465948521,31.115208607936715,31.28127520129817,3697100
2008-09-12,32.86646270751953,32.9268497485393,31.892696834957835,32.028571276689696,4100600
2008-09-15,31.13030815124512,31.95310250754803,30.89630141300346,31.34921452235038,3829700
2008-09-16,30.10369300842285,30.511313532832112,28.68456127586889,28.72230354374284,7022900
2008-09-17,29.122390747070312,30.571715118659032,28.63927974365585,30.571715118659032,7089300
2008-09-18,31.43979263305664,31.93044791523748,29.182769120462574,29.99801599603792,9753500
2008-09-19,33.17595672607422,38.44485681120274,32.4512948937497,38.44485681120274,7149600
2008-09-22,31.24353408813477,32.34562473411277,31.07746460903764,32.10407069881762,4713200
2008-09-23,31.137845993041992,31.877605382603363,30.79815982448054,31.575664361310192,4900600
2008-09-24,31.696439743041992,31.749279491085275,31.251074095569827,31.454882906850887,1599500
2008-09-25,32.66266250610352,33.123125733597085,31.719091262731737,31.8323180842058,3948000
2008-09-26,31.53792190551757,31.77947589498673,31.03216913992612,31.183141103232018,2172600
2008-09-29,28.080677032470703,29.80930001080809,27.250332721347466,29.80930001080809,6309100
2008-09-30,29.990467071533203,30.050857011315543,29.129930586490623,29.47716410158661,4351200
2008-10-01,29.477163314819336,29.89988424336051,29.039347781286285,29.424323558695534,1974600
2008-10-02,27.56737899780273,28.23920129174347,27.47679696075088,28.209006319542507,4910400
2008-10-03,27.371112823486328,28.82798702502092,27.167303972923182,27.680604070055548,4774600
2008-10-06,25.18202781677246,26.41999272966284,24.40452609504145,26.41999272966284,10741300
2008-10-07,23.845932006835938,25.680234690404152,23.694960035600324,25.295256019775795,6666400
2008-10-08,22.19279289245605,23.79309017706166,21.92104538357985,22.177695408692017,11474200
2008-10-09,21.42284202575684,23.51379635883449,21.30961375843045,23.030688317028304,5272100
2008-10-10,22.69099998474121,23.05333242248953,20.57740105679045,22.404154971289834,9600300
2008-10-13,27.778738021850582,27.808932994027355,25.09144884824073,25.567006702045223,8453200
2008-10-14,27.250337600708008,28.714762080183142,26.35205877265085,28.57133740173085,7445400
2008-10-15,23.483604431152344,25.60475100215441,23.29489015945173,25.582106211006742,5965400
2008-10-16,23.51379776000977,23.51379776000977,21.01522122771311,22.147506848000344,7530800
2008-10-17,21.966339111328125,23.12881814917389,21.135996118709443,21.24167563857484,5078600
2008-10-20,23.2722396850586,23.400565424007063,22.268280000264788,22.78913169832333,3802900
2008-10-21,20.901988983154297,22.079565401426617,20.803856775095984,21.98898193550936,3511000
2008-10-22,18.765743255615234,19.73195917959169,18.18450308898859,19.543244951968127,5555800
2008-10-23,18.29773330688477,18.795938806247868,17.28622482277775,17.950499781778856,9447200
2008-10-24,16.22942543029785,16.682339916307768,15.331145201018655,15.489665919021084,8463600
2008-10-27,15.768960952758787,16.606852613533356,15.58779546065692,16.078452181738065,7976500
2008-10-28,19.052589416503903,19.06013815884481,16.69743651760601,17.42209850502832,12675500
2008-10-29,18.501543045043945,19.754605401015315,16.91634324538881,17.391903905172995,11970900
2008-10-30,22.58531951904297,22.62306178982644,21.27186862687863,21.460582860346644,13085400
2008-10-31,21.437938690185547,21.951241684814963,21.196384678542405,21.890853181904177,10351500
2008-11-03,21.98143196105957,22.434344916263303,21.724780518564028,22.434344916263303,3647300
2008-11-04,23.385469436645508,23.717606918677543,22.849521659520946,23.04578465164099,4177400
2008-11-05,21.649293899536133,22.9778420799013,21.536065664116823,22.804223916498227,3932600
2008-11-06,19.15827178955078,20.29055739375008,19.0073012395229,20.124489356786725,6878400
2008-11-07,21.39264869689941,21.43793971630648,20.358493915305274,20.871796934503795,4171600
2008-11-10,20.901988983154297,21.74742794609712,20.44152579097763,21.649297177814155,3810200
2008-11-11,19.99615859985352,20.615141011752737,19.648925125773555,20.313198547384243,4427600
2008-11-12,18.773292541503903,19.814994474671185,18.61477183702336,19.64892646786925,7315500
2008-11-13,20.683080673217773,20.720824385552312,18.116567265260898,19.04504099205942,12508200
2008-11-14,18.569482803344727,19.64892856204243,18.5317390888384,18.984653584485923,5916300
2008-11-17,18.16940689086914,18.79593811332065,18.124115876171853,18.36566987425792,4688900
2008-11-18,17.64100456237793,17.837266069081764,17.06731320492599,17.520226146273462,4017300
2008-11-19,15.889735221862791,17.2937693445318,15.889735221862797,16.931438422480152,4327900
2008-11-20,14.34228229522705,15.723670479755272,14.34228229522705,15.323595771095588,7061500
2008-11-21,17.037126541137695,17.05977277514796,15.580251934654887,16.153943571599072,6158700
2008-11-24,17.014482498168945,17.512688150186097,16.229430295126225,16.229430295126225,6189800
2008-11-25,16.138843536376953,16.89370060699801,15.731221466924897,16.89370060699801,4563300
2008-11-26,17.663650512695312,17.82217120446119,16.788016656563038,17.074863074129777,3719200
2008-11-28,18.06372833251953,18.101470606801893,17.79952809321657,17.942951327085403,1574300
2008-12-01,16.448335647583008,17.50513521915461,16.32755719618645,17.218288736723053,3943200
2008-12-02,17.59571647644043,17.693848693883517,16.901247970577796,17.157899468816737,2896800
2008-12-03,17.62590980529785,17.70139578711734,16.62949887665152,16.67478988983308,3081400
2008-12-04,16.599302291870117,17.12015393196051,16.24452008356881,16.65969078349109,2166500
2008-12-05,17.588165283203125,17.588165283203125,16.31245815237775,16.606851884141253,2729500
2008-12-08,19.08278465270996,19.362080924352057,18.765744668835552,18.82613316863185,5999000
2008-12-09,18.90916633605957,19.316789786930748,18.66006359600787,18.743098322616905,2792700
2008-12-10,20.39623641967773,20.479269710362267,19.96596816143133,20.28300815799849,3756300
2008-12-11,20.562305450439453,21.143545712647608,20.3584937055443,20.75101970909596,4185200
2008-12-12,20.298105239868164,20.48681949889193,19.74705994906489,19.822545940629507,2712000
2008-12-15,20.207523345947266,20.67553390539013,19.898032074122792,20.47172359842013,1571400
2008-12-16,21.85311317443848,22.132409489457924,20.78121605674693,21.85311317443848,3990600
2008-12-17,21.5134220123291,21.921045436286427,21.430387291202543,21.430387291202543,4087500
2008-12-18,21.460580825805664,22.37395693810732,21.27941535162456,21.981432463935853,5572900
2008-12-19,21.92859649658203,22.396608496174327,21.830465714612565,22.21544297884763,2350500
2008-12-22,21.43038558959961,21.85310646379264,20.93972892324986,21.830460239890275,2453700
2008-12-23,20.42654228210449,20.981282086475808,20.38094772606877,20.62412062415903,2917500
2008-12-24,21.12566566467285,21.148463668024544,20.76850564204536,20.95848465503495,579100
2008-12-26,20.98887825012207,21.15605922994843,20.72290738947932,20.94328225154932,1009200
2008-12-29,21.277647018432617,21.490424010409825,20.958482255179145,21.232052466374885,1833700
2008-12-30,21.04207229614257,21.13326139514868,20.64691566865056,20.89008853189961,4429400
2008-12-31,21.25484848022461,21.452426800044897,20.973680391982978,21.20925392931981,2016700
2009-01-02,22.05276298522949,22.15915076294463,21.25485030409165,21.376436749887464,2926100
2009-01-05,22.105955123901367,22.32632999592433,21.74119581539289,22.052761239255293,2729300
2009-01-06,22.622697830200195,22.926663915623813,22.41752017900502,22.577101830318185,2973900
2009-01-07,22.622697830200195,22.88106936516643,22.295933744835573,22.56190461311548,3523100
2009-01-08,22.47071075439453,22.47071075439453,21.900773884603296,22.098352173395188,2847000
2009-01-09,21.2016544342041,21.65760428804793,20.89008901478616,21.6424056213874,2215200
2009-01-12,20.22136306762696,20.791300006855,20.07697863718364,20.776101340613685,2514800
2009-01-13,20.93568229675293,21.14085993596368,20.426538589873218,20.426538589873218,2750900
2009-01-14,20.48733329772949,20.806498054417546,20.15297132361793,20.798900170418115,2470300
2009-01-15,19.932594299316406,20.175767162608512,19.03589327885832,19.92499496616045,3354500
2009-01-16,20.3581485748291,20.81409697585168,19.77301295757895,20.745704425813365,1827900
2009-01-20,19.17268180847168,19.940197201502823,19.142285919832005,19.940197201502823,3187000
2009-01-21,20.054183959960938,20.15297385747025,19.134686241407856,19.522243598215915,2642100
2009-01-22,19.431049346923828,19.64382632089003,18.88391042027088,19.53743710919465,1560400
2009-01-23,19.07389259338379,19.26387160039075,18.51155490657416,18.617942686682127,2193300
2009-01-26,19.23346900939941,19.719816120087124,19.02069350730892,19.241068341534703,2281400
2009-01-27,19.68182182312012,19.93259401600381,19.400653747469235,19.6058299420653,2305400
2009-01-28,21.087665557861328,21.36883506971293,20.72290628526291,20.92808391963371,5928700
2009-01-29,20.32775115966797,20.91288677455584,20.16816950983925,20.563324692501865,8520100
2009-01-30,20.16057205200196,20.62411982754757,19.90220049540451,20.456938828924123,10098000
2009-02-02,20.04657936096192,20.22136110694084,19.689419435469155,19.70461810023679,1885000
2009-02-03,21.02687263488769,21.07246718223331,20.40374183994102,20.64691469168368,5316000
2009-02-04,21.429630279541016,21.78679025274433,21.28524584381004,21.292845177209,4228000
2009-02-05,21.680400848388672,21.809586607575653,20.83689374726047,21.163657811640743,5574900
2009-02-06,22.44031524658203,22.607496209362672,21.64240274600869,21.89317491489187,2157800
2009-02-09,21.86278343200684,22.212344092511906,21.612011212689147,21.786791542941685,2233400
2009-02-10,20.396142959594727,21.543616147456284,20.1985646508148,21.48282293317204,4771500
2009-02-11,20.92048454284668,20.98127775481828,20.510129274970023,20.700108243559328,2960100
2009-02-12,20.71530532836914,20.82169307884612,20.06937659456377,20.34294675227532,3174600
2009-02-13,20.654516220092773,21.49042407388512,20.494933113282343,20.616519552078536,1285300
2009-02-17,18.48115539550781,18.845914698187,18.465956728873355,18.465956728873355,3305800
2009-02-18,18.38996696472168,18.648338509224565,18.207585857311084,18.49635473619063,4315700
2009-02-19,18.048002243041992,18.66353370317635,18.010007028615924,18.57994394155409,3712000
2009-02-20,16.999319076538086,17.318483807930015,16.725748892652284,16.968921745250984,6071600
2009-02-23,17.052509307861328,18.32916796024148,17.02971131427446,18.0707964972872,5499500
2009-02-24,17.721237182617188,17.766831727244533,16.984119338539948,17.43246980074475,4955700
2009-02-25,17.196897506713867,17.47806704916467,16.794142976256204,17.288088059499838,6015300
2009-02-26,16.86253547668457,17.447669661491865,16.794142924661372,17.4172737769397,12723900
2009-02-27,16.566165924072266,16.87013344148056,16.34579106831825,16.596563255582915,5423600
2009-03-02,15.213518142700195,16.02662800272416,15.145125589107089,16.02662800272416,9020400
2009-03-03,15.707462310791016,16.171011491308224,15.563077878438596,15.768255527135516,6692200
2009-03-04,17.067716598510742,17.31849032776369,16.6269652748913,16.786548425377262,7992600
2009-03-05,16.26219940185547,16.756144429710346,16.10261776415561,16.5509682454426,6697800
2009-03-06,16.748550415039062,17.090511767420992,16.307797715188187,16.778946303296976,4863000
2009-03-09,16.718151092529297,17.136104290072662,16.467378884118343,16.740949093084716,3291900
2009-03-10,18.44315719604492,18.519149067504515,17.493262426361,17.797228462774974,4603800
2009-03-11,18.65593338012696,18.997896089507872,18.39756187735569,18.87630967048898,6344300
2009-03-12,19.24107360839844,19.377858725427068,18.344372462921687,18.36717046556806,7728400
2009-03-13,18.92190933227539,19.195479573761126,18.57234864542125,19.073893121861875,4621800
2009-03-16,19.431049346923828,19.932593725378503,19.39305413166269,19.56023510800607,4334200
2009-03-17,20.49493408203125,20.59372397411316,19.43105196756493,20.06178219216762,5631300
2009-03-18,21.178855895996094,21.30044231902024,19.947791551095964,20.40374136214877,6605900
2009-03-19,20.6925106048584,21.429629990960176,20.63171738791002,21.254848223987047,6726500
2009-03-20,20.342952728271484,20.852096532788423,20.25936150009824,20.73810941673161,4204100
2009-03-23,22.22754096984864,22.28833418631909,20.852093541313984,20.852093541313984,4763400
2009-03-24,21.695594787597656,22.10595000165332,21.429625425996,21.672798241988552,4049400
2009-03-25,22.31113243103028,22.72148628435589,21.86278191110299,22.098355446334818,4701700
2009-03-26,23.13943672180176,23.337013554581823,22.744280157392893,23.07104418375313,4965700
2009-03-27,22.52390480041504,22.67588854661012,22.28073196604245,22.61509533801697,3531900
2009-03-30,20.84449577331543,21.26244898675641,20.601322889173428,21.12566387707035,5243500
2009-03-31,21.627206802368164,21.98436821925161,21.422030601594795,21.566413585578903,3530700
2009-04-01,22.592300415039062,22.70628751548159,21.99956691296807,22.083156680266125,4577800
2009-04-02,24.11213111877441,24.507287733974813,23.55739286056494,23.899355594762312,5246100
2009-04-03,24.286909103393555,24.286909103393555,23.6409818108289,24.286909103393555,4579200
2009-04-06,24.05134010314941,24.218522543781766,23.58779234816576,23.98294755005885,3878300
2009-04-07,23.595388412475582,23.823364055002266,23.55739319676676,23.610587078528948,4434100
2009-04-08,23.31422615051269,23.64099030500869,23.101449120988,23.11664779083081,7056100
2009-04-09,24.841651916503903,24.887247918107583,24.5832803717818,24.636474257561403,3812000
2009-04-13,24.77325820922852,24.97083797478898,24.393300243449865,24.54528400953117,3169500
2009-04-14,24.378103256225582,24.84164951625204,24.302109927562093,24.71246520579772,5015200
2009-04-15,24.598478317260746,24.606079100063027,24.089336025780103,24.31731022941097,2834800
2009-04-16,24.65926742553711,24.9936293222332,24.38569728330912,24.68966475219547,3027500
2009-04-17,24.65167236328125,24.74286436441156,24.35530560673098,24.53008592729013,2156700
2009-04-20,23.35222053527832,24.12733527626763,23.33702186598248,24.104537272323867,3897600
2009-04-21,24.484495162963867,24.484495162963867,23.43581024064793,23.69418180415042,3157900
2009-04-22,24.53008460998535,25.008832444237424,24.355304298812182,24.3857016308899,3078700
2009-04-23,25.02403450012207,25.12282439333252,24.59848048993436,24.8416533817989,3806000
2009-04-24,25.19121360778809,25.434386467386624,24.82645141954113,24.9860359639676,5162000
2009-04-27,24.24131965637207,24.659274318203742,24.16532776790952,24.659274318203742,3568000
2009-04-28,23.754972457885746,23.98294666011161,23.3370178212388,23.45100637177636,3893900
2009-04-29,25.25200843811035,25.426788770981894,24.53768843869846,24.67447355118045,4999100
2009-04-30,26.00432586669922,26.293091853076604,25.776348752712604,26.087917088647725,4688900
2009-05-01,26.39948081970215,26.54386380356028,25.859938303497053,26.110711953136647,2920400
2009-05-04,27.93450927734375,27.995303945293788,26.809834009911885,26.86302789494351,5008600
2009-05-05,27.65333747863769,27.77492389939142,27.31137476437755,27.75212735139039,5002700
2009-05-06,27.57734680175781,27.8357183058642,27.159393665398667,27.39496572286258,5725900
2009-05-07,26.74904441833496,27.94211233490845,26.59706063493684,27.82812377264747,4513800
2009-05-08,28.13969039916992,28.162489851883898,27.54695680790078,27.63054803720277,3027200
2009-05-11,27.3493766784668,27.81292297907697,27.2885820102134,27.57735088671837,3217600
2009-05-12,27.478561401367188,27.858519386949617,27.21259197099924,27.645743842655257,3595300
2009-05-13,26.59705924987793,27.27338400698749,26.55906403071941,27.27338400698749,4328800
2009-05-14,26.711050033569336,26.90862692897869,26.34628778245265,26.475475016983488,3551700
2009-05-15,26.42988014221192,26.969422758206893,26.277899246399013,26.68825172348353,3697900
2009-05-18,27.77492904663086,27.77492904663086,27.07580772244827,27.07580772244827,5571500
2009-05-19,27.93450927734375,28.246074703464405,27.50895819709075,27.50895819709075,4065000
2009-05-20,28.0712947845459,28.61083732437888,28.0029022315445,28.40565966537468,3422400
2009-05-21,27.27338600158692,27.53935835284684,27.04541177111385,27.48616156351516,3160700
2009-05-22,27.296178817749023,27.531753799665783,27.20498971781479,27.44056469973155,1991900
2009-05-26,26.878223419189453,26.93141729800137,26.080312338161665,26.27029130501824,4885100
2009-05-27,25.776348114013672,26.33108931886274,25.60156779011097,26.133509544816658,7923100
2009-05-28,27.11380195617676,27.22018972782604,26.467874543249337,26.756640523769,4672800
2009-05-29,27.440561294555664,27.440561294555664,26.999808718344184,27.318974876781613,3694400
2009-06-01,28.43605613708496,28.47405425724497,27.926913794056087,27.964909015366523,4452100
2009-06-02,27.797731399536133,28.16249076747193,27.68374282880942,28.16249076747193,4900600
2009-06-03,26.984617233276367,27.70653804912998,26.77184167027305,27.66094494211477,5100200
2009-06-04,27.311378479003903,27.31137847900391,26.73384362658531,27.030210386303363,3936700
2009-06-05,27.1366024017334,27.72173812862204,26.94662338256889,27.72173812862204,2703900
2009-06-08,26.840227127075195,26.97701220962345,26.48306575610488,26.771834585801063,2802400
2009-06-09,26.589460372924805,26.794635128490903,26.338686717911774,26.73384335987669,2814300
2009-06-10,27.341777801513672,27.622945914662623,26.969420578477138,27.31138046526797,4258000
2009-06-11,27.84332656860352,28.2384833044802,27.40257672014297,27.40257672014297,3462700
2009-06-12,27.77492904663086,27.7901277143978,27.417770500080827,27.63814393557784,1776300
2009-06-15,26.779436111450195,27.318975674907183,26.627452360080195,27.318975674907183,4091400
2009-06-16,26.49067115783692,27.144199355355,26.45267593913573,27.01501213315173,2894600
2009-06-17,26.48307037353516,26.749042702129607,26.18670360929082,26.39188126888676,3556200
2009-06-18,26.36908531188965,26.62745686325921,26.148708980076023,26.467875201814625,3326700
2009-06-19,26.39948081970215,26.72624200434432,26.31588960315561,26.673048120878207,3558400
2009-06-22,25.730751037597656,26.490666884431143,25.707954489824303,26.490666884431143,5408200
2009-06-23,25.81561279296875,25.90734645951049,24.210259047684875,25.74681181402228,3710100
2009-06-24,25.976146697998047,26.465396793822,25.85383417404206,26.01436881495418,3893800
2009-06-25,26.710018157958984,26.771175869582567,25.91498831997377,25.9837892874702,3011400
2009-06-26,26.64122009277344,26.778822042756747,26.51126431565616,26.625933579362417,2330600
2009-06-29,26.78646278381348,26.87819642648025,26.541837792595448,26.74824067571565,2792200
2009-06-30,26.59535026550293,26.86290794778765,26.30485698462235,26.786463728894887,4485300
2009-07-01,27.451536178588867,27.75731886880926,27.398024645224275,27.45917943357244,4134400
2009-07-02,26.602996826171875,27.13811517338622,26.602996826171875,27.13811517338622,3724600
2009-07-06,27.60442924499512,27.635008099155897,27.24513499900606,27.43624846327087,4014900
2009-07-07,27.29864883422852,27.8414104185622,27.15340363897536,27.726744080044533,3201000
2009-07-08,27.28335952758789,27.60443169242247,26.839977767586223,27.558563407114587,4830100
2009-07-09,27.50505256652832,27.74967759541641,27.329228509275023,27.443897767386485,2964600
2009-07-10,27.260427474975582,27.382739989138468,26.9546447314882,27.17633707470853,2229400
2009-07-13,26.52655601501465,26.755891645890127,25.99143759886469,26.18255111062105,4616600
2009-07-14,26.732955932617188,26.78646747656088,26.43481935459937,26.717666503467505,2907100
2009-07-15,28.445331573486328,28.521778720316085,27.612076628085067,27.764968005584105,6095000
2009-07-16,28.66702079772949,28.835201586247425,28.231282314896816,28.42239578688168,2608500
2009-07-17,28.84284400939941,28.865776692204346,28.5064853582335,28.67466322573642,2341400
2009-07-20,29.760189056396484,29.98952463157524,29.62258712805722,29.928369839068928,3692400
2009-07-21,29.8901424407959,30.15770302073581,29.59965209616604,30.088902062026666,3421800
2009-07-22,30.01245307922364,30.211212688182528,29.622582948049864,29.79840696141526,2826700
2009-07-23,30.494070053100582,30.784563394004625,29.93601897462745,30.04304206965509,3793800
2009-07-24,30.425268173217773,30.55522686772669,29.97424020314659,30.195932559793224,2919400
2009-07-27,30.8074893951416,30.88393652939932,30.394683618629912,30.88393652939932,3648000
2009-07-28,30.76926612854004,30.945090156478223,30.3946824751692,30.868645941256364,3018900
2009-07-29,30.54758644104004,30.60874417140981,30.21887093070524,30.40998446386914,2480100
2009-07-30,31.48785781860352,31.72483959794812,31.250878955419363,31.250878955419363,4233000
2009-07-31,31.83186149597168,32.05355383776038,31.633104755300653,31.633104755300653,3397700
2009-08-03,32.6804084777832,32.78743157112476,32.35933919775856,32.49693823479728,3739800
2009-08-04,32.38227081298828,32.535162191057026,32.053555370796644,32.22173617828831,2677200
2009-08-05,32.045902252197266,32.14528206382589,31.60252055967545,32.03825899722269,3987600
2009-08-06,31.87772750854492,32.29053330529791,31.53372267791743,32.29053330529791,4952300
2009-08-07,32.66510391235352,32.825638477981535,32.33638861159563,32.51985876956996,3794000
2009-08-10,31.89302062988281,32.29818030167927,31.77835136767301,32.15293509688594,2648100
2009-08-11,31.159143447875977,31.74777337197765,31.02154441210832,31.74777337197765,3415800
2009-08-12,31.40376663208008,31.62545603988247,31.01389352219291,31.01389352219291,2711400
2009-08-13,31.8242130279541,31.91594666892085,31.48020822912897,31.747765897015256,3443700
2009-08-14,31.73247718811035,32.107060847778136,31.49549836724292,32.03825988645793,3278200
2009-08-17,29.92837142944336,30.35646374821624,29.92837142944336,30.295308952460203,4969000
2009-08-18,30.88393783569336,30.98331474019173,30.66988876687813,30.86864840819512,2638800
2009-08-19,31.07505226135254,31.090338773161022,30.45584355134152,30.45584355134152,2323400
2009-08-20,31.862438201904297,32.06119492915465,31.34260932612934,31.34260932612934,2339000
2009-08-21,32.38227081298828,32.43578235788827,31.98475439647373,32.09942365906541,2387900
2009-08-24,32.59632110595703,32.840946175272364,32.435786450999004,32.58103167460472,2365900
2009-08-25,32.38227081298828,32.84094203103404,32.30582366587366,32.489293902788255,2950300
2009-08-26,32.458709716796875,32.54280010674174,32.237017400789505,32.38226549838882,2606800
2009-08-27,32.36697769165039,32.44342191388497,31.877727670564724,32.282887297496266,4342900
2009-08-28,32.37461471557617,32.79506660541345,32.175858026329124,32.56572815053509,2399500
2009-08-31,31.79363250732422,32.0535469065585,31.70954212578376,32.03061422656009,2469800
2009-09-01,31.98475646972656,32.940323999395545,31.877733372989344,32.57338641794193,5776700
2009-09-02,32.54280090332031,32.65747014989926,32.183506652455684,32.22173167875538,6046100
2009-09-03,32.833290100097656,33.06262564853183,32.50457474475011,32.87915546008866,3925800
2009-09-04,33.10084915161133,33.22316164368491,32.64982129031002,32.695689568397555,2962500
2009-09-08,33.42957305908203,33.65126541888777,33.26903841901329,33.3913509423267,3452200
2009-09-09,33.48308563232422,33.71242125604795,33.2996182998095,33.330194244454844,4367100
2009-09-10,34.125221252441406,34.178732791557465,33.48307986688858,33.75064047862902,2922100
2009-09-11,34.25518035888672,34.43100440620449,34.06406688360738,34.32398132663369,2961300
2009-09-14,33.94939041137695,34.0946355718798,33.7047654483408,33.7047654483408,3656800
2009-09-15,34.813228607177734,34.87438339803375,34.27811033542775,34.446291113561735,4633300
2009-09-16,35.8070182800293,35.82230770689565,35.21838846839486,35.478302892802795,3326500
2009-09-17,35.57003402709961,35.89874939112346,35.43243211117522,35.6617705818224,2692400
2009-09-18,35.753509521484375,35.921690313918845,35.63884026915901,35.753509521484375,4319300
2009-09-21,35.51653289794922,35.63884542391261,35.30248670655343,35.44008866278234,2779800
2009-09-22,36.37271499633789,36.49502749371951,36.19688804745185,36.22746690083725,3238300
2009-09-23,36.09750747680664,36.76258143141626,36.06692862653134,36.4109334017293,4617300
2009-09-24,35.42478942871094,36.38799993958424,35.333055788665824,36.30391247063612,5017000
2009-09-25,35.692352294921875,35.906401374431034,35.531817672410206,35.692352294921875,3153400
2009-09-28,35.982845306396484,36.20453764015023,35.470662586510485,35.69999817625288,2698600
2009-09-29,36.02871322631836,36.33449303749466,35.95226608640412,36.03635648222968,3234700
2009-09-30,36.21983337402344,36.479747865291,35.73822651040632,36.47210169181095,4517400
2009-10-01,34.69855880737305,35.49359148885348,34.57624631146528,35.43243378281963,5957300
2009-10-02,34.48451614379883,34.5456709398357,33.949397826715106,34.25518055538016,4735100
2009-10-05,35.05020904541016,35.16487829326528,34.48451481026381,34.55331577574486,3533300
2009-10-06,35.034915924072266,35.3101168179142,34.86673516992479,34.95846880120543,4891600
2009-10-07,34.53037643432617,34.59917739235108,34.24752934740592,34.369841837654654,3840500
2009-10-08,35.06549453735352,35.15723109180577,34.75206860004111,34.935538792785835,3172600
2009-10-09,35.63884353637695,35.799381087581914,35.50888776024396,35.64648970918507,3542800
2009-10-12,35.47066116333008,35.64648520561671,35.32541305993147,35.447725563963914,2290000
2009-10-13,35.233680725097656,35.36363648965918,35.07314610434746,35.29483552131477,3385900
2009-10-14,36.44916534423828,36.44916534423828,35.92169315734144,36.05929218839937,3870400
2009-10-15,36.43387985229492,36.51032409071719,36.09752112061187,36.12809706628432,4606400
2009-10-16,35.22603225708008,35.40949953474582,34.97376110508994,35.14958512791952,5806500
2009-10-19,35.91404724121094,35.99049438807868,35.40186447991921,35.47066545401994,2638700
2009-10-20,35.348350524902344,35.83760056685361,35.25661395491628,35.83760056685361,4422800
2009-10-21,35.02727508544922,35.59297221613424,34.95083086710584,35.11136547532294,3430000
2009-10-22,34.75972366333008,34.820878465783274,34.15580431474196,34.453940902582524,3452400
2009-10-23,34.72914505004883,35.18781627825891,34.55332098202961,35.17252684849717,3173400
2009-10-26,34.95847702026367,35.70764150353675,34.85909719525146,35.49359534150452,3722600
2009-10-27,34.645050048828125,35.134300071663446,34.54567022663965,34.874385632512166,2888700
2009-10-28,33.215518951416016,34.01055162144195,33.16200741748734,34.01055162144195,4963100
2009-10-29,34.369842529296875,34.50744444811572,33.49836565421742,33.49836565421742,3762300
2009-10-30,32.779781341552734,33.804149599606255,32.58866788233499,33.75828131957641,5365600
2009-11-02,32.97089767456055,33.5060159902439,32.52751301077256,33.21552269038833,7651900
2009-11-03,32.81036758422852,32.93268303605977,32.313474183887976,32.42049728807945,6116200
2009-11-04,33.720054626464844,34.01054786150583,33.55952004242624,33.62832099503701,4673200
2009-11-05,33.796504974365234,33.85001651210154,33.391345355458895,33.55952614043591,2383700
2009-11-06,34.0181999206543,34.163445117688816,33.71241718186968,33.81944318175652,3053500
2009-11-09,35.080787658691406,35.19545690575669,34.56860496509598,34.614470330994024,2806700
2009-11-10,34.675628662109375,34.80558442269729,34.5074478743743,34.721494028829746,1790700
2009-11-11,34.97376251220703,35.37127885135601,34.85145001678888,35.24896635593785,3509900
2009-11-12,34.14815139770508,34.63740430150768,34.02583890079442,34.56860333973544,2526400
2009-11-13,34.476863861083984,34.61446577297895,34.148148506685985,34.362197545277986,2170800
2009-11-16,35.279541015625,35.4859409577312,34.95082567647873,34.95846893071395,3550400
2009-11-17,35.08843994140625,35.0960831983337,34.73678888337096,34.935548557411856,1940500
2009-11-18,35.233680725097656,35.32541437750345,35.01198839197011,35.08078936031451,2719500
2009-11-19,34.981407165527344,35.264257191867024,34.78265044608868,35.15723411861851,3760900
2009-11-20,35.22603225708008,35.33305532174506,34.97376110508994,35.03491880841839,2142300
2009-11-23,35.829952239990234,36.005776280983355,35.78408687391557,35.82230898436449,5485200
2009-11-24,35.302490234375,35.829962508523,35.096087279405545,35.38658065115822,3513000
2009-11-25,35.53181838989258,35.61590878895202,35.40950587748622,35.48595010418007,1314700
2009-11-27,33.6359748840332,33.972333583055764,33.032055544191365,33.19259017898664,5305700
2009-11-30,33.92646789550781,33.96469001065223,33.49837262387323,33.85766692178369,6628200
2009-12-01,34.843807220458984,34.95083029083913,34.560957201700084,34.591536054997256,3376900
2009-12-02,35.210750579833984,35.47830830037601,35.03492651831202,35.11137074813533,3597200
2009-12-03,35.50888442993164,35.868175781882385,35.333060381921655,35.63119693794555,4777100
2009-12-04,35.975196838378906,36.5944025493578,35.753504536743584,36.2733333534665,7358700
2009-12-07,36.00577926635742,36.14338120831072,35.77644366848872,35.86053406814466,4451300
2009-12-08,35.40950012207031,35.82230587790498,35.24131935128733,35.82230587790498,5381900
2009-12-09,35.829952239990234,35.868174350439155,35.45537147496666,35.554748378901834,3551900
2009-12-10,36.04401016235352,36.22747750404393,35.95227357534749,35.99049861134707,3776400
2009-12-11,36.22747802734375,36.31921169951404,36.08223280339406,36.28098957912315,2049800
2009-12-14,36.43387985229492,36.58677124530023,36.31156732112284,36.426236594917,1646500
2009-12-15,36.33449935913086,36.5026801800428,36.24276569143377,36.37272439381864,1674500
2009-12-16,36.28862762451172,36.51796321164838,36.2504025965221,36.48738435572076,2491400
2009-12-17,35.02727508544922,35.38656932721511,34.98905297627753,35.371279900314434,2896800
2009-12-18,35.103721618652344,35.51652742371243,35.0043447114847,35.256612981581284,3852400
2009-12-21,35.22603225708008,35.53181202524291,35.01198321159032,35.17251780858779,2668000
2009-12-22,35.405357360839844,35.59694478928228,35.267414178489915,35.56629009911737,4411500
2009-12-23,35.65059280395508,35.71189926737337,35.36704419843651,35.596948552191904,2231000
2009-12-24,36.2253532409668,36.31731439294411,35.87283305556014,35.87283305556014,967500
2009-12-28,36.40160751342773,36.6161844748636,36.256002135795086,36.49356865070141,1625900
2009-12-29,36.27899932861328,36.47058677692168,36.24068242363009,36.47058677692168,1376000
2009-12-30,36.49357986450195,36.72348424002743,36.49357986450195,36.60853351396106,1437300
2009-12-31,36.50890350341797,36.846099281763415,36.501241291815774,36.846099281763415,2117800
2010-01-04,37.8193588256836,37.91132290011884,37.35955014707649,37.42852174120678,4952600
2010-01-05,37.83469009399414,37.88833434794688,37.612450866215326,37.796373187369696,4520900
2010-01-06,38.37880325317383,38.37880325317383,38.12590639047082,38.19487799635411,3232800
2010-01-07,37.59711837768555,37.788705808001815,37.55113634198845,37.67375218045518,3456000
2010-01-08,38.14889526367188,38.2025395202372,37.76572033198086,37.92665602506956,2722800
2010-01-11,38.38645935058594,38.40944890775381,38.03393916484775,38.27917085261278,5167400
2010-01-12,37.8576774597168,38.10290913703803,37.71973427579957,38.07991665745704,3389500
2010-01-13,37.91899108886719,37.96497313333345,37.56647085147073,37.76572053070572,3780200
2010-01-14,38.14889526367188,38.27917626061104,37.93431823741058,37.97263514590114,3153300
2010-01-15,37.8576774597168,38.30215877858947,37.8193576348792,38.25617674281967,3096800
2010-01-19,38.63935852050781,38.73132260850901,38.08758860946424,38.248521378377255,4468500
2010-01-20,37.91899108886719,38.187215296497946,37.55880571569665,38.14889546441302,4177900
2010-01-21,37.55113220214844,38.46308721749383,37.51281530498788,38.34813652601216,5137100
2010-01-22,36.48591995239258,37.313576341142806,36.41694834304732,37.29058677915869,5999400
2010-01-25,36.83842849731445,37.183286434375496,36.63917886889696,36.984033882566,4114100
2010-01-26,35.90349197387695,36.28666692737999,35.71190449712544,35.9264844589943,5340600
2010-01-27,35.65059280395508,35.78853600088681,35.21377365480209,35.40536110349699,5332300
2010-01-28,35.45899963378906,36.34030000154832,35.336383803344646,36.01077233248494,4809400
2010-01-29,34.82292938232422,35.66591580797524,34.692651336302724,35.37470210286728,5428200
2010-02-01,35.65825271606445,35.69657254204622,35.12181023302704,35.12181023302704,3459100
2010-02-02,35.7808723449707,35.8421817343159,35.12181394986534,35.22143732246241,7431800
2010-02-03,35.61993789672852,35.934141193766344,35.47433248901572,35.91115163554655,4706100
2010-02-04,34.34779739379883,35.36704401891032,34.30948048893284,35.28274507416968,4999500
2010-02-05,33.9339714050293,33.97229123735294,33.06799815429887,33.80369332998575,7786500
2010-02-08,33.64275360107422,34.10256225994129,33.604433776675165,33.933964387440355,3231800
2010-02-09,34.616024017333984,34.96088206137172,34.27116889668915,34.50107328491667,4212000
2010-02-10,34.55470275878906,34.77694483911536,34.202182652790455,34.69264591737838,4958700
2010-02-11,35.367042541503906,35.45133855933075,34.64667189718897,34.93022341281573,3411500
2010-02-12,35.014522552490234,35.045177247192576,34.54705161354609,34.67732968094218,2372600
2010-02-16,35.7119026184082,35.93414478136263,35.497325591220616,35.497325591220616,2962200
2010-02-17,36.217681884765625,36.34796284079648,36.01843226914361,36.3402977074696,2618700
2010-02-18,36.447601318359375,36.5702171821333,35.90349068218187,35.90349068218187,4176900
2010-02-19,35.665924072265625,35.980127405737456,35.54330820855449,35.74255789081279,3907300
2010-02-22,36.04143524169922,36.240687854901054,35.895829811584726,36.240687854901054,2892600
2010-02-23,35.32106018066406,35.9188120516378,35.21377168314491,35.9188120516378,3891900
2010-02-24,35.53564453125,35.77321405592588,35.35172218983047,35.48200027138656,2238200
2010-02-25,34.79228591918945,34.80761034429093,34.133224550899115,34.447427886549995,3830400
2010-02-26,34.91489791870117,35.07583067498686,34.60069461783233,34.830598973010815,1931400
2010-03-01,35.428348541259766,35.665918015842806,35.36704208151103,35.382366503903995,1937600
2010-03-02,35.8421745300293,36.04142415856679,35.7961924972628,35.926473461738546,3035700
2010-03-03,36.06441879272461,36.38628427115653,36.041426313270776,36.20236197587892,2272300
2010-03-04,35.911155700683594,36.51657280507258,35.719568231451085,36.04909891240242,3013800
2010-03-05,37.0913314819336,37.10665590534514,36.53955869055843,36.62385763628436,4251600
2010-03-08,37.3365592956543,37.44384778871663,37.25992256961536,37.36721106267769,3156200
2010-03-09,37.41320037841797,37.52815402814876,37.16030644176009,37.19862335053944,4163400
2010-03-10,37.73506546020508,37.81936148260434,37.41319702385408,37.43618658238184,3259500
2010-03-11,37.5128173828125,37.543472071595644,37.12197740930748,37.42851845035487,2969000
2010-03-12,37.305912017822266,37.78104812010322,37.2599299730624,37.75805855941967,1648700
2010-03-15,37.03768539428711,37.12964654716136,36.75413387755364,37.091329643746455,2107600
2010-03-16,37.229278564453125,37.23694077695841,36.89974788226292,36.89974788226292,2332200
2010-03-17,37.880672454833984,38.14123151482305,37.72740190365349,37.83469041246205,3466100
2010-03-18,37.620113372802734,37.742729228996765,37.45151547426372,37.742729228996765,1482400
2010-03-19,37.74272537231445,37.91898546487047,37.39786739844733,37.74272537231445,5464200
2010-03-22,37.55879592895508,37.635432649762855,37.19094843925368,37.252257815899895,2938400
2010-03-23,37.8576774597168,37.934311262607615,37.56646374662575,37.70440693054297,1795200
2010-03-24,37.57413101196289,37.64310261319944,37.39787090289007,37.558803664644486,1976800
2010-03-25,37.581787109375,37.97262414012902,37.47449862734024,37.88832521184689,2554500
2010-03-26,37.35189056396485,38.08758567085629,36.96871566370148,38.07992053575124,8584900
2010-03-29,38.072261810302734,38.10291650674504,37.81936494974284,37.96497329614742,3532200
2010-03-30,38.24851608276367,38.27917077451984,37.91898545486562,38.18720962264364,1782000
2010-03-31,38.31748962402344,38.47076016719802,37.99562411441002,38.03394101935555,2725900
2010-04-01,39.55131912231445,39.60496338187104,39.12982725863003,39.12982725863003,7533200
2010-04-05,39.94215393066406,40.06476979146961,39.69692220905297,39.94981906637281,3062500
2010-04-06,39.965145111083984,40.0341167132499,39.65860400737045,39.7658925166524,2806300
2010-04-07,39.58196640014648,39.77355384076018,39.352059132696176,39.77355384076018,4169400
2010-04-08,39.903839111328125,40.00346541700846,39.48234725045533,39.62795267922437,2285200
2010-04-09,39.88850402832031,39.96514075759681,39.75056083901493,39.93448606588621,2443400
2010-04-12,39.37505722045898,39.46701838649891,39.2830931310263,39.32141296331963,3323000
2010-04-13,39.32907104492188,39.45168689456074,39.12215625052019,39.17580050202517,3072300
2010-04-14,40.27934265136719,40.36363866557854,40.04943539485122,40.13373433245478,3541200
2010-04-15,40.37131118774414,40.48626483703824,40.17972372118248,40.29467737047657,3121500
2010-04-16,39.589630126953125,40.15673025917065,39.39038046738032,40.018787062776994,4415100
2010-04-19,39.137489318847656,39.20646092706484,38.69300789519803,38.82328597550112,4424000
2010-04-20,39.62028121948242,39.67392546616107,39.29075060508946,39.56663697280377,2802500
2010-04-21,40.12607192993164,40.23336042331774,39.82719600595832,40.09541723942356,5311900
2010-04-22,40.21037292480469,40.27167938556588,39.52832210475455,39.87317715874496,5724900
2010-04-23,40.417293548583984,40.42495576101364,39.94215452294824,40.04944303731994,3527900
2010-04-26,40.53990936279297,40.73149683062584,40.440283060969904,40.478599969857925,1511300
2010-04-27,39.10682678222656,40.110746006511455,38.99953828503733,40.003457509322224,4447000
2010-04-28,39.64327621459961,39.719912951363575,39.22944660625197,39.52832549454255,3090500
2010-04-29,40.15674209594727,40.16440430983104,39.758239735944905,39.91917253804394,2268900
2010-04-30,39.73524475097656,40.34066192852272,39.67393827357828,40.34066192852272,3240700
2010-05-03,39.65093612670898,39.804203733261616,39.32906772148561,39.43635621542933,1951800
2010-05-04,38.03394317626953,38.96888798820978,37.81170102223261,38.91524373356536,7149800
2010-05-05,37.305912017822266,37.94198089167362,36.96105399060514,37.32890157850582,11299000
2010-05-06,35.81918716430664,37.42085819448686,34.22517834502642,37.12964448261986,8704500
2010-05-07,35.93415069580078,36.45526892479294,35.244437456294605,36.25601921295157,8827300
2010-05-10,38.233192443847656,38.3864629940968,37.82702797057115,38.16422084240518,5545100
2010-05-11,37.52814865112305,37.97262999138521,37.06067483017344,37.18329067473462,4893500
2010-05-12,37.61244583129883,37.673752289012754,37.2445953914465,37.39020370987744,4279400
2010-05-13,37.8193588256836,38.23318839046536,37.69674298316221,37.995621839988345,3079300
2010-05-14,37.31357192993164,37.62777524127206,36.94572436470816,37.55880364008063,4607800
2010-05-17,36.82310485839844,37.16030061896272,36.10273714668871,36.94572070131482,3435200
2010-05-18,35.81918716430664,37.06067289095116,35.78853247392229,36.784786524276335,8230000
2010-05-19,35.45899963378906,35.68890395044835,34.907226935093185,35.42068273491118,7086500
2010-05-20,33.18294143676758,33.61976053204688,32.569862261234526,33.00668135651383,10101500
2010-05-21,33.796024322509766,33.796024322509766,32.255662542166334,32.3552888326877,8322900
2010-05-24,33.351539611816406,33.88798499159379,33.282568021225146,33.5584543835902,4321700
2010-05-25,32.339962005615234,32.36295156403078,31.152120405401504,31.26707112087172,9843100
2010-05-26,32.25565719604492,32.92238057941547,32.09472446960926,32.838081649360994,6979600
2010-05-27,34.34013366699219,34.393777916116115,33.71172710006134,33.83434294425779,6373100
2010-05-28,33.719390869140625,34.60835651148227,33.650419270881684,34.593029164825566,6119500
2010-06-01,33.328556060791016,34.11789546602124,33.30556357752335,33.43584457139792,4581100
2010-06-02,34.53938674926758,34.593031003721435,33.489488296308735,33.52014299125169,6190300
2010-06-03,34.85357666015625,35.305723004806694,34.577690358553745,35.183107195582416,5273000
2010-06-04,33.97228240966797,34.631340672844274,33.849663655523166,34.37078166707057,5801300
2010-06-07,33.34387969970703,34.11789466238398,33.25958367435336,33.987613671578146,4812000
2010-06-08,34.01060485839844,34.09490380393266,33.34387842920551,34.00293972331761,4684200
2010-06-09,33.64275360107422,34.133216950103666,33.389856792322824,33.85733058542656,5654800
2010-06-10,34.317142486572266,34.44742347037523,33.97994963310463,34.18686442616173,4292700
2010-06-11,34.570037841796875,34.57770005303785,33.89564924029053,34.14088092749424,3289700
2010-06-14,35.198448181152344,35.61227779396909,35.10648701943505,35.35938094500576,3169000
2010-06-15,36.11040878295898,36.22536244468094,35.20611560915162,35.40536823301727,3102400
2010-06-16,36.16404342651367,36.37095820854161,35.826850591019415,35.85750528244406,2796000
2010-06-17,36.026100158691406,36.30198653411752,35.76554112894366,36.30198653411752,3159900
2010-06-18,36.72348403930664,36.746476523108434,36.3403091077276,36.50890701310805,2646600
2010-06-21,37.46683883666992,37.957302209279455,37.167962901698,37.75805256042894,4674400
2010-06-22,36.70049285888672,37.48983224761133,36.56254965573585,37.359554179853625,3652600
2010-06-23,36.77217483520508,36.96486072674166,36.41763350041457,36.849250955911735,3492200
2010-06-24,36.52553939819336,36.87237461253507,36.30202304448942,36.77217711946889,3184000
2010-06-25,36.53324508666992,36.66427007760739,36.03226060803697,36.40992623748919,4386800
2010-06-28,36.35597610473633,36.55637109771724,36.27119677402527,36.51012542084003,2119300
2010-06-29,34.73740768432617,35.26921961598607,34.62179498867477,35.19985258662582,4751300
2010-06-30,34.45994186401367,35.199854933077525,34.44452664088903,34.906974514168816,3450400
2010-07-01,34.61408615112305,34.74511405866389,34.04373473857675,34.73740497813944,8168800
2010-07-02,34.10540008544922,34.4291109461732,33.874177622053075,34.3135011845517,4363500
2010-07-06,35.03030014038086,35.46191471081263,34.72971058164338,35.045715366489674,4538300
2010-07-07,35.47731399536133,35.49272921454339,34.51388484762588,34.83759857014425,2852100
2010-07-08,35.839576721191406,35.96289557724958,35.49274151972983,35.90123761929722,3135100
2010-07-09,36.5717887878418,36.641155837755285,36.27890536152331,36.394518091430406,2507600
2010-07-12,36.641143798828125,36.741338328996605,36.35596660946367,36.5178249661837,2475400
2010-07-13,36.89548873901367,36.95714962730779,36.648851066143145,36.68738765125048,2792200
2010-07-14,37.27315521240234,37.30398565727975,36.88007439059801,36.98798094766894,3152100
2010-07-15,37.142127990722656,37.22691024565451,36.65656170545439,37.18837365890906,3064300
2010-07-16,35.739376068115234,36.57178047793668,35.5852267766498,36.48699822062303,2801100
2010-07-19,36.194114685058594,36.24806649578648,35.770206340702465,36.10933242815673,1945700
2010-07-20,36.849246978759766,36.94944151463433,36.00142738341223,36.03225782836736,3755400
2010-07-21,36.5717887878418,37.10360087707597,36.37139378135667,37.04194291057168,2103300
2010-07-22,37.25003433227539,37.35793795059372,36.81070783745309,36.86466258676533,3200000
2010-07-23,37.650821685791016,37.65853076786785,37.126715830393294,37.25003762239591,2251700
2010-07-26,38.19805145263672,38.228878960165545,37.66623652065641,37.78955537123166,2391400
2010-07-27,38.08243942260742,39.01503843046299,38.04390283239461,38.35990757638506,2918700
2010-07-28,37.81267547607422,38.07472837195165,37.73559936543204,37.87433342443497,3142600
2010-07-29,37.76642227172852,38.21345480376907,37.65080959891736,38.06701169285462,2598200
2010-07-30,37.804969787597656,37.951412940883294,37.42730710209453,37.61228390392983,2303100
2010-08-02,39.022743225097656,39.23084431756645,38.81464213262887,38.87630008216423,1968700
2010-08-03,39.17689514160156,39.25396831873784,38.853181329292056,39.04586721228599,3251400
2010-08-04,39.20772171020508,39.36187100094241,39.02274491344282,39.215430791826186,2449000
2010-08-05,38.9996223449707,39.022746650710346,38.69132668992409,38.80693645800908,2076800
2010-08-06,39.04587173461914,39.16919059641205,38.66820606654196,38.80694015357818,1904000
2010-08-09,39.17689514160156,39.32333535422179,39.09981902431204,39.26167446039017,2098000
2010-08-10,38.63737487792969,38.84547598867279,38.267418327770834,38.375321954048005,3350100
2010-08-11,37.057350158691406,37.450428063467896,36.99568926530901,37.34252444020193,2981700
2010-08-12,36.88007354736328,36.88007354736328,36.35596775704282,36.42533478635443,2528400
2010-08-13,37.21150207519531,37.327114797495526,36.99569479639882,37.126719804195645,1976200
2010-08-16,37.27315521240234,37.36564360688152,36.89548961303672,36.949441421495656,1463200
2010-08-17,37.95141220092773,38.22887739827081,37.90516653129396,38.00536401209055,1709800
2010-08-18,38.08243942260742,38.26741917184364,37.8974596733712,38.02078146629759,1357700
2010-08-19,38.14409637451172,38.58341992584385,37.91287097683959,38.4446858633018,2627400
2010-08-20,37.95911407470703,37.98223543684779,37.68935504922204,37.92057749108816,1494500
2010-08-23,37.735599517822266,38.09784988892093,37.62769590264045,37.98994627373912,1866500
2010-08-24,37.21150207519531,37.3502361658941,36.85696070570004,37.3502361658941,2628800
2010-08-25,36.67967987060547,36.82612006352825,36.24035635168427,36.46387265152919,2706600
2010-08-26,36.48699569702149,37.02651670975826,36.44075003073445,36.76446381443771,2556100
2010-08-27,36.99568939208984,37.07276256892874,36.30201903992686,36.80300350983937,2084600
2010-08-30,36.93402862548828,37.41959787367192,36.91090726038776,37.226911990758936,2322100
2010-08-31,36.83383560180664,37.02652149266336,36.564073590515214,36.74905333940514,2784800
2010-09-01,38.259708404541016,38.41385769875605,37.75101779173866,37.75101779173866,3368900
2010-09-02,38.275123596191406,38.29053881961543,37.91287319610989,38.043901125137495,1855000
2010-09-03,38.60654067993164,38.71444429572647,38.23658416571234,38.298242114672384,1969200
2010-09-07,38.19033432006836,40.46402790464565,38.120967297482856,38.20574954065988,2011600
2010-09-08,38.52947235107422,38.7067430193241,38.29824692799288,38.37532304907112,1437200
2010-09-09,38.91483688354492,39.14605932338053,38.84546985757896,38.99191005010584,2896300
2010-09-10,39.24626159667969,39.35416816737308,38.99191774471452,39.030454335599735,1546500
2010-09-13,39.778076171875,39.862858435114106,39.654757318114505,39.654757318114505,1620400
2010-09-14,39.74724960327149,39.93222937204549,39.33875641159407,39.52373324021439,2287500
2010-09-15,39.91680908203125,39.95534567142519,39.54685253157355,39.65475615793788,1897900
2010-09-16,39.48518753051758,39.56226364144392,39.30791688561649,39.369577774357566,2384600
2010-09-17,39.60080337524414,39.81661062268939,39.50060589315032,39.64704610532342,2224600
2010-09-20,40.27133941650391,40.35612165412095,39.847431168571205,39.93991954590229,2209400
2010-09-21,40.36383056640625,40.41007622832464,39.97075273063443,40.18655993928149,2567300
2010-09-22,40.3946647644043,40.49486223780285,40.18656367664713,40.30217637211877,2260800
2010-09-23,39.92450714111328,40.263636115491,39.85514011818626,40.02470460537513,4005600
2010-09-24,40.67213821411133,40.78004184261764,40.27905735009163,40.35613347056282,3304800
2010-09-27,40.6027717590332,40.80316379483027,40.6027717590332,40.70296924700844,2249900
2010-09-28,40.76462936401367,40.78004458914612,40.2790600628789,40.59506482771026,2878800
2010-09-29,40.96502304077149,41.14229371389631,40.61818783676488,40.98043532525758,2460700
2010-09-30,41.22707748413086,41.481421349583634,40.980436821048826,41.29644452746408,4269300
2010-10-01,41.95927810668945,42.12113648787536,41.76659221779735,41.774301299838896,4069200
2010-10-04,42.05947113037109,42.07488635266557,41.75117256478756,41.86678526191964,2670700
2010-10-05,42.51420211791992,42.5296173373936,41.95155983781701,41.99780549623803,3366800
2010-10-06,43.13852310180664,43.19247492218246,42.51421968583165,42.70690559864636,5099600
2010-10-07,42.75314331054688,43.07685417248903,42.52191790612745,43.07685417248903,2510000
2010-10-08,42.915000915527344,43.0537349891458,42.48338347091956,42.56816573148121,2722100
2010-10-11,42.51420211791992,42.57586299581462,42.25985834698552,42.42171374123036,1783100
2010-10-12,41.86679458618164,41.99011345184911,41.41976480069468,41.73576957772718,4600900
2010-10-13,42.38319396972656,42.599001247631655,42.17509283453795,42.2213355711441,3793700
2010-10-14,42.7068977355957,42.93041405894458,42.56816366870007,42.62982456072175,3185700
2010-10-15,42.8841667175293,43.16163484049986,42.62982289824165,43.05373122382309,2971500
2010-10-18,43.16164016723633,43.16164016723633,41.95927913269381,42.02094002992064,3666200
2010-10-19,40.68754959106445,41.05750611388551,40.49486371833559,40.78774412797324,5693400
2010-10-20,41.604736328125,41.86678925179858,41.24248592006506,41.34268340445142,4356100
2010-10-21,41.604736328125,41.9515715124214,41.35809862821496,41.88220447556212,3755600
2010-10-22,42.15966796875,42.24445022001322,42.03634913240886,42.19820455382792,2660600
2010-10-25,42.8841667175293,43.200171426433975,42.77626310085253,42.77626310085253,2101300
2010-10-26,42.76084518432617,42.81479698926535,42.5142075217034,42.5835745480756,1855400
2010-10-27,42.00552368164063,42.2213309358532,41.689518942192215,42.1365486745116,2326500
2010-10-28,42.42172622680664,42.70690052062098,42.32152874081385,42.652948706660254,2252900
2010-10-29,41.92073822021485,41.93615344293233,41.60473350488914,41.74346756919341,2249200
2010-11-01,42.6606559753418,42.93812413455596,42.42172734724893,42.74543823956317,2154700
2010-11-02,43.16164016723633,43.31578947015,43.07685790362614,43.184761533619685,1606300
2010-11-03,43.7705192565918,43.85530150269162,43.19246169516872,43.647200427760986,2875000
2010-11-04,44.54127502441406,44.61064206862845,44.25609776478071,44.29463729835263,2871500
2010-11-05,44.2715072631836,44.31004679177,43.96321161556496,44.13277319270158,2939600
2010-11-08,44.03257369995117,44.04027984071006,43.701153784413634,43.91696100749746,1718200
2010-11-09,43.73970031738281,44.39483121655972,43.5778448632549,44.27151235529747,2462900
2010-11-10,44.41794967651367,44.58751125082949,44.00945361348864,44.5720989678352,3361600
2010-11-11,44.16360092163086,44.16360092163086,43.8244748480746,43.97862413247401,2217400
2010-11-12,42.74543380737305,43.22329689431695,42.5835783779984,43.092268970428094,3550500
2010-11-15,42.75314331054688,42.98436577481315,42.67606719568935,42.845631708222754,2075200
2010-11-16,41.76658248901367,42.61440196674644,41.62014230602151,42.58357152606831,4412800
2010-11-17,41.982398986816406,42.229036669259926,41.90532287345712,41.94385946006022,2581500
2010-11-18,43.22329711914063,43.423689136529696,43.12309964036952,43.2772489292128,2730500
2010-11-19,43.56242370605469,43.62408165821288,43.09226969271663,43.34661646327125,2411500
2010-11-22,43.60095977783203,43.670326810785056,43.13851485158064,43.55471410914564,2316800
2010-11-23,41.23477935791016,41.4274652427602,40.98043257863452,41.1962427689708,8144200
2010-11-24,42.7068977355957,42.93041405894458,42.5219179996838,42.66065206657944,5459200
2010-11-26,41.24247741699219,41.712631354310695,41.23477127677586,41.28872307874821,2752200
2010-11-29,41.3889274597168,41.51995244636108,41.11145932311339,41.37351223655514,3548000
2010-11-30,41.59702682495117,41.8128340598952,41.32726484111807,41.412047094889815,2748100
2010-12-01,42.876461029052734,43.0229012332096,42.629823348286926,42.77626355244379,2782400
2010-12-02,43.59325408935547,43.65491204142476,43.06914826607723,43.123100076695295,2692700
2010-12-03,44.17131805419922,44.29463691616591,43.8167737534106,43.8167737534106,2635300
2010-12-06,44.07881927490234,44.15589538823945,43.81676636986238,43.92467292853432,2715900
2010-12-07,44.2021369934082,44.61833917439826,44.13276996324319,44.54897214423325,1928200
2010-12-08,43.99405288696289,43.99405288696289,43.58555671663306,43.90156152378219,2164300
2010-12-09,44.64145660400391,44.69541134729164,44.379406668864185,44.51043163643405,2419500
2010-12-10,44.664588928222656,44.74937118842149,44.38712078217313,44.54127007888434,1400000
2010-12-13,44.87268829345703,45.01142236108889,44.73395422582517,44.73395422582517,1533300
2010-12-14,45.18868637084961,45.22722295282384,44.98829144033921,45.01141574164594,1871900
2010-12-15,44.35628890991211,44.74936975090616,44.17901825344245,44.72624544604268,2455300
2010-12-16,44.80331802368164,44.87268505248748,44.16359954245528,44.37940970993619,4854400
2010-12-17,44.7647819519043,44.88810078895556,44.5566808631016,44.88810078895556,1666700
2010-12-20,45.08078384399414,45.173272230976,44.87268276817037,45.02682909975585,3650700
2010-12-21,45.31963348388672,45.5206061672169,45.31963348388672,45.36601020767763,2251800
2010-12-22,45.4510383605957,45.512877924190335,45.35828196387644,45.39693021678674,1610400
2010-12-23,45.3814811706543,45.3814811706543,45.195968332883965,45.296453224728985,1499400
2010-12-27,45.17276763916016,45.26552698746264,44.83265887473608,44.99498331125625,1685600
2010-12-28,45.55153274536133,45.597912424744976,45.14185589782833,45.14185589782833,1315000
2010-12-29,46.14672088623047,46.26266565043505,45.93801677225483,45.98439644714036,1789100
2010-12-30,47.02018356323242,47.03564050551959,46.60277535333415,46.60277535333415,3619300
2010-12-31,47.29845428466797,47.329374067588,46.98153388141962,47.02791355579967,1946300
2011-01-03,47.7545166015625,47.8859242207041,47.55354388535396,47.55354388535396,2206000
2011-01-04,47.86272811889648,48.0946235472837,47.57672749220453,47.96321594128609,2089200
2011-01-05,47.87818908691406,47.978676911562445,47.55354019775102,47.55354019775102,2920800
2011-01-06,47.54581451416016,47.9245745458907,47.49170635943769,47.90911465187381,2811200
2011-01-07,47.80089569091797,47.994139932399904,47.42986710111343,47.607651449436034,3349400
2011-01-10,47.08974838256836,47.35256063005067,46.93515537119157,47.329372268078686,2352200
2011-01-11,47.59219741821289,47.70041373498409,47.39895315292904,47.64630557659849,1762600
2011-01-12,48.55068206787109,48.62025010956537,48.25695000864272,48.272409901094,3343900
2011-01-13,48.187381744384766,48.22603000099797,47.94775783550613,48.22603000099797,2717700
2011-01-14,48.68208694458008,48.74392651465689,48.32651826265738,48.32651826265738,1526300
2011-01-18,48.51202774047852,48.62797545206497,48.31105504889116,48.50429926908672,2751300
2011-01-19,48.51202774047852,48.97581563815155,48.31878352028296,48.73619174358684,2738500
2011-01-20,48.15646362304688,48.34970786146093,47.72359841615017,48.086895579270895,2610500
2011-01-21,47.23662185668945,47.7390551046708,47.13613402762396,47.692678374850615,3749200
2011-01-24,47.90911483764648,47.96322299257876,47.46078970411144,47.514897859043714,2096500
2011-01-25,47.66176223754883,47.94003443246303,47.56900582213519,47.80862680767653,4647600
2011-01-26,48.62024688720703,48.84440794121164,48.42700266738296,48.57386721292705,3084500
2011-01-27,48.90625762939453,48.98355415385365,48.6820935803203,48.88306926179147,2179000
2011-01-28,47.42986679077149,48.99900907776221,47.22116265749581,48.94490092639516,6179300
2011-01-31,47.46078109741211,47.901377678346094,47.45304967743908,47.65402531531904,5472500
2011-02-01,48.94490051269531,49.10722496542444,47.88592291088273,48.04824736361186,13699400
2011-02-02,48.84441757202149,49.26182587682469,48.74393268094444,48.89079725544629,3559200
2011-02-03,48.7361946105957,48.95263015504451,48.53522190718571,48.67435798980531,2468400
2011-02-04,48.805763244628906,48.99127900659904,48.45019456191525,48.74392662308753,2466400
2011-02-07,48.65890121459961,48.90625361095288,48.5429534887645,48.70527794599512,2454700
2011-02-08,48.496578216552734,48.51976658294819,48.08689840196907,48.41155027487172,2264900
2011-02-09,47.22116470336914,47.49170547192568,47.03564892730664,47.4221374244864,6000400
2011-02-10,46.40954208374024,46.47911013512896,45.84526919966427,45.93802561862479,5336400
2011-02-11,45.837528228759766,46.03077244806202,45.07228277157961,45.16503917121631,7874300
2011-02-14,46.11580657958984,46.25494267209712,46.03851006094055,46.092618213729686,2878500
2011-02-15,46.08488082885742,46.27039657775075,46.038504103138685,46.22401690335922,3313900
2011-02-16,46.06941986083984,46.15444778756765,45.89936695605696,46.00758324510227,4744700
2011-02-17,46.16218948364258,46.21629764021027,45.70613291494816,45.97667369778664,2553400
2011-02-18,46.74191284179688,46.84239771307641,46.5254773104632,46.7109930589388,2377500
2011-02-22,44.9022331237793,45.250073356354775,44.29931201976392,44.9022331237793,9787800
2011-02-23,44.678070068359375,45.19596619234287,44.322501355578616,45.0027219420916,3414700
2011-02-24,44.685794830322266,44.72444308487831,44.19108714651733,44.47709071731225,3894900
2011-02-25,45.21915054321289,45.25779880009642,44.99498652514622,45.25007032818892,3161900
2011-02-28,44.8790397644043,44.9872560583487,44.63941586447536,44.80174030539197,2240900
2011-03-01,44.21427917480469,45.40466430593037,44.19108786275693,45.22687702447996,3975400
2011-03-02,44.73217010498047,44.886766066861576,44.3534130944781,44.37660145672482,5570200
2011-03-03,45.92256546020508,46.015321878632726,45.644293256248766,45.70613283431612,3800400
2011-03-04,46.47136688232422,46.68780240302752,46.06169009993116,46.3786104869786,4487300
2011-03-07,45.53607177734375,46.22402078759321,45.358287433579406,46.22402078759321,3632300
2011-03-08,46.27040481567383,46.57186538120844,45.84526804508211,46.0153209841148,2525200
2011-03-09,46.339969635009766,46.51002256218829,46.20856201766811,46.339969635009766,2517700
2011-03-10,44.77854919433594,45.31963357952895,44.69352126897626,45.31963357952895,4958600
2011-03-11,44.90996170043945,45.010449534232976,44.17563592278742,44.21428418234702,5954300
2011-03-14,45.42784881591797,45.48968542923007,45.002712147627264,45.002712147627264,4268500
2011-03-15,44.600772857666016,44.701260691870445,43.364007905989126,43.39492769323252,15562200
2011-03-16,43.75822448730469,44.92541835440775,43.66546808131571,44.616229351553486,9226900
2011-03-17,44.979522705078125,45.08774194304458,44.63168547482624,44.78627848886142,7406800
2011-03-18,45.57471466064453,45.86844669115694,45.36601055596514,45.65201411534395,7150600
2011-03-21,46.41726303100586,46.55639911122498,46.19309901857808,46.309046734984975,3903300
2011-03-22,46.43272018432617,46.602776038712975,46.37088356824999,46.4018004019517,2745200
2011-03-23,46.44818115234375,46.64915384509152,46.16990900186775,46.33996486019704,5058100
2011-03-24,47.437591552734375,47.568999159114526,47.08202288622576,47.15931939679793,6995900
2011-03-25,48.02505874633789,48.1796547261279,47.739055151690806,47.82408308800896,2760700
2011-03-28,47.9013786315918,48.17191936257621,47.86272742830304,48.11781121637933,3398800
2011-03-29,48.527488708496094,48.63570500241869,48.15646015133024,48.15646015133024,4688300
2011-03-30,49.46279525756836,49.555551663932704,49.17679166921272,49.22317134673139,3596300
2011-03-31,49.74106597900391,49.942041638981934,49.60192989091853,49.60192989091853,3549800
2011-04-01,50.81549835205078,50.84641813487877,50.40582154993466,50.629985552428415,7428200
2011-04-04,50.537227630615234,50.653175345157024,50.4290113363351,50.568147414316094,4006200
2011-04-05,50.6377182006836,50.84641936815259,50.5063076461409,50.5063076461409,3692600
2011-04-06,50.77685546875,50.96236827722194,50.65317633153813,50.80004383264076,3357700
2011-04-07,50.28215026855469,50.55269100712343,50.07344320069751,50.42901187100869,3604000
2011-04-08,50.22031784057617,50.66091450527166,50.17394110661243,50.61453777130792,3177700
2011-04-11,49.78744888305664,50.313067555024325,49.77198604132453,50.28987918977237,3415300
2011-04-12,48.8830680847168,49.23863680654434,48.82122850769984,49.19225712378162,4216600
2011-04-13,50.081172943115234,50.53722647323062,49.934305448236096,50.429010181428815,3387100
2011-04-14,50.65317535400391,50.73820328485968,50.02706595165295,50.08117409880247,5645200
2011-04-15,50.72274017333984,50.79230525520989,50.45219357314741,50.67635755474813,3333400
2011-04-18,49.818359375,49.91885014736822,49.45506223324031,49.911118727029326,3076500
2011-04-19,50.47539520263672,50.51404051020446,50.197123039827126,50.32852770078002,2044600
2011-04-20,52.21459579467773,52.50059349441354,52.15275622276604,52.17594458789638,4073600
2011-04-21,52.840702056884766,52.86389042061712,52.34599730610862,52.546972954032,1735600
2011-04-25,52.74794769287109,52.84070705391836,52.51605813627249,52.84070705391836,1575300
2011-04-26,52.92572784423828,53.10350922387976,52.485131259139294,52.62426733324137,2900000
2011-04-27,52.840702056884766,53.003026500357024,52.20686122636872,52.89481020470885,5324400
2011-04-28,52.82524108886719,52.82524108886719,52.39237589092906,52.7092992660952,4142100
2011-04-29,53.31222152709961,53.31222152709961,52.631998032434126,52.840705112786914,2758000
2011-05-02,53.83012390136719,54.100664702521016,53.66779942067488,53.93060879969656,3842200
2011-05-03,52.77885055541992,53.03393429349303,52.44647032326709,53.0184714562704,3940200
2011-05-04,51.71989059448242,52.30734883083911,51.54983472177797,52.16821274383966,6202800
2011-05-05,51.14788055419922,51.48026086031992,50.78458046409685,51.348856201407166,7006200
2011-05-06,51.51890563964844,51.99042196621038,51.33339285623974,51.487985859522816,6363000
2011-05-09,51.15561676025391,51.21745633400247,50.69955727554114,50.81550500198312,3017900
2011-05-10,51.63486099243164,51.71215750552757,51.31793762218864,51.32566904270202,3159800
2011-05-11,50.87734603881836,51.85902423658517,50.82323788456896,51.85902423658517,6088100
2011-05-12,50.73047256469727,50.83096333746585,49.96522707378033,50.15073988123229,4711800
2011-05-13,49.71788024902344,50.521777034197456,49.26955512373196,50.498588667845226,6537900
2011-05-16,49.52463150024414,49.857011814904006,49.277279119381866,49.34684716079144,2867700
2011-05-17,49.43187713623047,49.540090490070064,48.99900897750663,49.424145715380654,7752300
2011-05-18,50.50631713867188,50.637727717912846,50.042532092526926,50.235776353199554,2841000
2011-05-19,49.980690002441406,49.996146945862165,49.50917361393944,49.996146945862165,2235400
2011-05-20,49.66376876831055,49.94977236130494,49.470524531857976,49.86474442547812,2592400
2011-05-23,47.8472785949707,47.909115223102255,47.59992618509784,47.87819543469982,4884400
2011-05-24,48.10235595703125,48.41927639327776,48.08689606396153,48.36516824187029,3115900
2011-05-25,48.086891174316406,48.140999320221965,47.63083469548894,47.746782407385325,3131200
2011-05-26,49.19225692749024,49.26955639845298,48.7748486303113,49.05312082843059,4315300
2011-05-27,50.15846633911133,50.2125744816543,49.81062912238438,49.857005845322576,3169900
2011-05-31,51.02420425415039,51.209717049563785,50.74593211235758,51.00874141441444,3887400
2011-06-01,50.19711685180664,51.03192733997875,50.05024936805495,50.9391738953736,4048000
2011-06-02,50.351707458496094,50.475386575203295,49.94976212388744,50.33625051758013,2477100
2011-06-03,50.09663772583008,50.3053448193564,49.717880645250034,49.78745164220765,2943400
2011-06-06,49.51689910888672,50.034798122048834,49.40868281296528,49.911118985369576,2207000
2011-06-07,49.764251708984375,50.088906495556415,49.74879476550278,49.95749593790652,2285900
2011-06-08,49.09176254272461,49.36230623200472,48.91397820622947,49.354574811602845,2860100
2011-06-09,49.39322280883789,49.462790844572645,48.82121863183296,49.09175935487214,2264300
2011-06-10,47.93229675292969,48.4347329224444,47.77770373031553,48.38835324645642,3638200
2011-06-13,48.15646362304688,48.49657536980637,48.0095990633745,48.40381601232301,2162900
2011-06-14,49.37002944946289,49.67149289092101,49.20770502237417,49.277273055222565,2694500
2011-06-15,48.349700927734375,48.95262487021988,48.14872824602097,48.79029749223956,3293100
2011-06-16,47.9245719909668,48.179655805636656,47.61538002445905,47.99414003599738,2738000
2011-06-17,47.85499954223633,48.16419148029169,47.731323356748746,48.12554027653013,3663200
2011-06-20,47.57672882080078,47.58446024125512,47.17478046869068,47.329376442375015,2697500
2011-06-21,48.75165939331055,48.80576754768217,48.17192664046604,48.33425110358092,4344500
2011-06-22,48.51622009277344,48.873644858793455,48.47737041239144,48.50067962781251,2856200
2011-06-23,48.39967346191406,48.4152139276489,47.475035016956426,47.83245980077608,3763200
2011-06-24,48.57061004638672,49.07566478148092,48.50067943635892,49.02904338678218,2677700
2011-06-27,48.8736457824707,49.021275756328656,48.36082228523068,48.48514304322703,2919800
2011-06-28,49.37870407104492,49.37870407104492,48.50845865040969,48.648319892088345,3228300
2011-06-29,49.976993560791016,50.00030277731566,49.37869896965224,49.62734049271761,3109200
2011-06-30,50.50535202026367,50.64521323221225,49.88374531647423,49.96145060050856,3439300
2011-07-01,51.33675003051758,51.48438296353884,50.61413472227422,50.70737751072152,3274200
2011-07-05,51.69417572021485,51.96612646356362,51.624248069674415,51.678638218344176,2495500
2011-07-06,51.83403778076172,52.01275165958971,51.45330673396676,51.63201468471305,3839100
2011-07-07,52.78975677490234,52.85968442602328,52.34686386689149,52.36240136889115,2896400
2011-07-08,52.424560546875,52.44009804807853,51.888424870092265,52.21476574809856,1950200
2011-07-11,51.0414924621582,51.5931656479002,50.87832202086111,51.51546628462751,2739300
2011-07-12,50.20232772827149,50.67630157544721,50.00030463076664,50.26448959336247,3401800
2011-07-13,51.04925537109375,51.60093445381807,50.73068622120956,50.87054743844877,2920700
2011-07-14,50.73846054077149,51.328980441141695,50.53643745481252,51.26682450768474,3597000
2011-07-15,50.98709487915039,51.29012650137707,50.7773001080208,51.23573636221024,1951600
2011-07-18,50.11685562133789,50.45873994426802,49.73612457958128,50.34995964662328,2463800
2011-07-19,51.0414924621582,51.05702996358017,50.59859957061426,50.629680501539625,2470100
2011-07-20,51.46107864379883,51.60870566278229,51.2435121167253,51.57762473034322,1653100
2011-07-21,51.77964019775391,52.00497247867463,51.30566642203805,51.60093227266285,1747600
2011-07-22,51.880653381347656,51.98943960257144,51.632011864439086,51.83403494945273,1352800
2011-07-25,51.45330047607422,51.67086104778245,51.14249711874204,51.4999189048457,1702500
2011-07-26,51.70971298217773,51.8884209087412,51.43775634318664,51.70971298217773,1659700
2011-07-27,51.06480026245117,51.717482009542536,50.90162982567833,51.6708635784878,4232900
2011-07-28,51.25905990600586,51.686409425200665,51.01819006922184,51.686409425200665,2535600
2011-07-29,51.0337142944336,51.165803788103226,50.37326089800476,50.58304974512237,2731200
2011-08-01,51.1968879699707,51.9583559095653,51.00263660996077,51.88065062309648,4646100
2011-08-02,49.51078796386719,50.45873555640845,49.45639781977455,50.45873555640845,3760400
2011-08-03,48.76486587524414,48.86587742431716,47.70036912652982,48.81148727421035,4624900
2011-08-04,45.54029083251953,46.98552147339951,45.485900687027545,46.900050397900486,9367800
2011-08-05,45.35380554199219,46.21628203256272,44.11836680545287,46.06088035573227,8918700
2011-08-08,41.18128967285156,43.32582345352407,40.78501818961144,43.03056351073363,8360000
2011-08-09,42.73529815673828,42.812997513225255,39.95361732670572,41.24344917109702,9681100
2011-08-10,39.96915054321289,41.36776241869213,39.86037027824005,40.89378872356193,7034200
2011-08-11,42.75860977172852,43.364676049710674,40.9948070112662,41.274529452790176,9524000
2011-08-12,42.137001037597656,42.24578131561121,41.60863714664018,41.997139833283015,3673900
2011-08-15,43.06941604614258,43.279207891425806,42.4400405102929,42.572132989489376,3752500
2011-08-16,43.06941604614258,43.57447081782895,42.76638436874708,43.38798818956359,6447800
2011-08-17,43.67548370361328,44.16499805749853,43.39576121567885,43.6677149518556,3307500
2011-08-18,40.94041061401367,41.6241761484304,40.54413919172817,41.56201726205079,5333500
2011-08-19,39.51850128173828,40.41982756775177,39.37086833572691,39.51072956666356,4501100
2011-08-22,39.09114456176758,40.05462964278035,38.88135273831145,40.05462964278035,3759700
2011-08-23,41.290069580078125,41.290069580078125,40.00024063785354,40.27996307708982,3888300
2011-08-24,40.90934753417969,40.93265675454607,40.31882159654056,40.48976378333735,3364600
2011-08-25,39.91477966308594,41.11136908302598,39.813771062056674,40.90157720051379,3570400
2011-08-26,41.227909088134766,41.36777030233668,39.96915816031756,40.54414348137436,3801900
2011-08-29,42.968406677246094,43.02279682907225,42.43227391037069,42.47112359538352,2665900
2011-08-30,42.859619140625,43.14711031805224,42.53327828474118,42.7430671412148,2917900
2011-08-31,44.05620956420898,44.29707935648465,43.83087727256225,44.02512863487001,3270400
2011-09-01,43.52784729003906,44.45248274301087,43.48899760889651,44.03289907297364,3337600
2011-09-02,42.46334838867188,43.09272089670836,42.323487172654765,42.9373192162404,3077000
2011-09-06,41.93498611450195,42.02822594085964,40.7539374458222,41.07250956958156,7396800
2011-09-07,43.621089935302734,43.62886165045767,43.069416720937234,43.13157562197236,2921000
2011-09-08,42.42449951171875,42.991716140387,42.22247938400462,42.6420630693041,3460000
2011-09-09,40.55191040039063,41.492089178748365,40.35765905210817,41.41438686101117,4509600
2011-09-12,40.54414749145508,40.58299717390021,39.549581393463946,39.68944262149904,3546100
2011-09-13,40.707313537597656,40.75393492991869,40.13233118584045,40.42759111175233,3100300
2011-09-14,40.450904846191406,40.785017427245286,39.55734739192348,40.2644222337732,4714000
2011-09-15,40.97150039672852,41.06474022847525,40.46644859106294,40.73839933534126,2603800
2011-09-16,41.631954193115234,41.70965355391626,41.11912774128223,41.585332798210246,4897900
2011-09-19,40.07017517089844,40.147874538720174,39.54958288560288,39.66613193733548,3470300
2011-09-20,40.27220153808594,40.95596432972405,40.27220153808594,40.831643552695205,2217200
2011-09-21,38.83473587036133,40.18672679105232,38.81142665305246,39.938085259621474,3857700
2011-09-22,35.485843658447266,36.744594840761856,35.12065304889868,36.30947064593249,11852100
2011-09-23,36.26284408569336,36.30169673066537,35.57130968737708,35.67232122903112,5448600
2011-09-26,36.70573806762695,36.798977889931294,35.330438091465695,35.70340034472358,4419700
2011-09-27,38.21313095092773,39.12999768342085,38.02664832565762,38.34522046396179,5107000
2011-09-28,36.84560012817383,38.057729799602726,36.79120997920338,37.82462873772354,3707000
2011-09-29,37.73915100097656,38.578318232592736,37.35064831168173,38.35298596143207,3631800
2011-09-30,36.18514633178711,37.48274707364834,36.15406540004462,37.288495696319,4451700
2011-10-03,35.17503356933594,36.58918311018588,35.10510296724818,36.0375100070715,5227800
2011-10-04,36.36385345458984,36.488174204566334,34.70883106224488,35.384827919030016,10600600
2011-10-05,36.63581085205078,36.75235989971253,35.68786318472316,35.95981392664135,4138600
2011-10-06,37.77800750732422,37.81685719046963,36.6513489118624,36.89999340488284,4341200
2011-10-07,37.677001953125,38.40738613271922,37.55268117864001,38.314146292865736,4348800
2011-10-10,39.43302536010742,39.51849643119354,38.679329148574,38.679329148574,3186400
2011-10-11,39.19992446899414,39.3786353619024,38.60162993323667,38.687101004636375,2457900
2011-10-12,40.4042854309082,40.92487768583614,40.147872196780206,40.16341266224621,4417800
2011-10-13,39.976932525634766,40.2566549725891,39.63504821756139,39.90700191389618,2621000
2011-10-14,41.04142761230469,41.10358947101452,40.72285549651824,40.93264732360306,2011400
2011-10-17,40.10902404785156,41.11913062941608,40.02355296654273,41.02589079709773,2964900
2011-10-18,41.165748596191406,41.3833091748129,39.89146012591021,40.2877316032623,3174400
2011-10-19,41.056976318359375,41.7329703652981,40.932655540025344,41.717429897501205,3905900
2011-10-20,40.12456130981445,40.37320281883566,39.394177247569736,40.31104392360065,3474300
2011-10-21,41.165748596191406,41.305609815031104,40.81609554909216,41.0647370572426,3007200
2011-10-24,43.10826110839844,43.294743716674674,42.3623366033745,42.447807675332754,3692900
2011-10-25,42.19139862060547,42.84408336788289,42.082618323399366,42.69645338796615,2733100
2011-10-26,42.44781112670898,42.84408262596061,41.76404545948736,42.65760296656246,4813900
2011-10-27,45.08185958862305,45.54806170427808,44.44471531400882,44.77105620215919,4842000
2011-10-28,44.646728515625,44.7632805084818,44.07951494273856,44.29707550109492,1951200
2011-10-31,43.04610443115234,43.90080926665683,43.00725178623251,43.90080926665683,3273900
2011-11-01,42.37010192871094,42.73529540154429,41.92720910439997,42.199162762652136,4271400
2011-11-02,43.372440338134766,43.54338247126681,42.95285671901448,43.48122061774959,2277300
2011-11-03,43.325828552246094,43.50454243870433,42.78192703360267,43.38022166815141,2310900
2011-11-04,43.93965911865234,44.040670660564096,43.44237608776473,43.82311007556093,2842000
2011-11-07,44.04066848754883,44.04843723775534,43.30251272822865,43.527845016744166,1842700
2011-11-08,44.09506988525391,44.1883097317317,43.35691393753832,43.72210753530147,2083900
2011-11-09,41.56978988647461,42.62651772979782,41.47655006619328,42.38564498302724,3190600
2011-11-10,41.36000442504883,41.748507193983016,41.01035134019988,41.64749564412868,2753800
2011-11-11,42.60321044921875,42.78192134788534,42.13700539857322,42.16808632809104,2083200
2011-11-14,42.40119171142578,42.595443094734144,42.21471204331265,42.564362162035,1234000
2011-11-15,42.50220489501953,42.72753721969177,42.08262117956936,42.152551798811054,2180000
2011-11-16,41.44547271728516,42.16808805596096,41.38331085570239,41.68634548485733,3416200
2011-11-17,40.59852981567383,41.95052043811511,40.29549820134394,41.82619969982489,4951900
2011-11-18,40.94041061401367,41.18905208761245,40.66845992852756,41.11912148791029,2604900
2011-11-21,39.619510650634766,39.82153077085536,39.08337497351429,39.78268108974071,3684500
2011-11-22,40.21002960205078,40.33435034795927,39.82152690058169,39.945847646490186,2505200
2011-11-23,38.67156219482422,39.30870643646517,38.57055065484487,39.30870643646517,2667500
2011-11-25,38.47731399536133,38.865816758282136,38.43069259675613,38.52393539396653,2317700
2011-11-28,40.39651870727539,40.59077008928682,40.22557654261225,40.295507158698,4064300
2011-11-29,41.157981872558594,41.73296427695496,41.111360475969406,41.150210157773365,5205600
2011-11-30,43.55893325805664,43.628863877816826,42.7663872221216,42.83631784188178,3712100
2011-12-01,43.49676513671875,44.048438299940045,43.419065776617934,43.71432571623349,2516100
2011-12-02,43.1937370300293,44.05621363256741,43.13157516561103,44.01736394932641,2408800
2011-12-05,43.82311248779297,44.13391291718533,43.48899987726658,44.13391291718533,2388800
2011-12-06,43.325828552246094,43.52007994148759,43.03833732610014,43.310291049462826,1964900
2011-12-07,43.36468124389648,43.48900201457144,42.898476130834645,43.10826798710632,3855100
2011-12-08,41.9893798828125,42.92955587013709,41.8339781827821,42.82077556932808,2421100
2011-12-09,42.486663818359375,42.55659443659752,41.64749639950167,41.73296748446395,2300900
2011-12-12,41.13467025756836,41.56202565540737,40.77724843759461,41.56202565540737,2380100
2011-12-13,40.56744766235352,41.37553391880401,40.27995651951559,41.22790397281484,3267700
2011-12-14,39.83707809448242,40.365442147919005,39.689448095214416,40.26443058839817,2910000
2011-12-15,39.93031311035156,40.34989680159455,39.81376406103351,40.10125527286704,2755100
2011-12-16,40.22557830810547,40.50530078472544,40.116798003651255,40.41982969864256,4290200
2011-12-19,38.446231842041016,38.88912474058274,38.352992011832434,38.82696584179061,4586900
2011-12-20,40.36670303344727,40.51545435107422,39.55247869300044,39.58379570299172,3021800
2011-12-21,40.82079315185547,40.891254940413816,40.19446780164508,40.63289704006978,3820600
2011-12-22,41.2357292175293,41.27487697477283,41.008688352911456,41.14178117056486,1630500
2011-12-23,41.56454849243164,41.603693259947455,41.12611933121326,41.20441185279922,1197100
2011-12-27,40.56243515014648,41.05566468226749,40.42933933362228,40.42933933362228,1169300
2011-12-28,40.30407333374024,40.75816106762517,40.06137096012365,40.75816106762517,2748000
2011-12-29,40.86776351928711,40.91473604803245,40.54677163112457,40.617233410797056,1770300
2011-12-30,40.91473388671875,41.063488184033,40.62505902405811,40.80512734336361,1237400
2012-01-03,42.48838424682617,42.69976959968258,42.20653710968429,42.237854121934426,2839000
2012-01-04,42.29265594482422,42.32397295599675,41.72896168993692,42.00298105786472,1892500
2012-01-05,41.79159164428711,41.85422267398111,41.35316249021208,41.79159164428711,2098700
2012-01-06,40.85993194580078,41.29053336094061,40.76598390365864,41.2592163513751,2455500
2012-01-09,40.76598358154297,40.90690713691986,40.5467704894253,40.593743016848,2341800
2012-01-10,41.61152267456055,41.88553902496197,41.50974389303106,41.7132984695358,2550200
2012-01-11,41.16526412963867,41.23572291417564,40.85992779720792,40.985192836197164,3567400
2012-01-12,41.64284133911133,41.68981685579863,41.25921840577266,41.64284133911133,2594000
2012-01-13,41.721134185791016,41.83856849857496,41.392311539575886,41.728961945354776,2159900
2012-01-17,42.527530670166016,42.84852259180705,42.41009336294537,42.51970291007687,3077400
2012-01-18,43.22431564331055,43.32609443873459,42.62930734982959,42.71542763929958,2684800
2012-01-19,43.97590255737305,44.0307088171869,43.57662113983211,43.66274142254108,3166400
2012-01-20,44.43782043457031,44.63354727454853,44.26558284624659,44.45347894015512,2899100
2012-01-23,45.04848861694336,45.330335734417744,44.6022316764604,44.68052121506797,2336500
2012-01-24,45.0406608581543,45.12678114826662,44.508283597964166,44.7431582024722,2152500
2012-01-25,45.455596923828125,45.541714214353625,44.53176611133457,44.75097919004348,2852500
2012-01-26,45.032833099365234,45.68264467526871,44.90756803735043,45.66698915575218,2334700
2012-01-27,45.36165237426758,45.447772663635774,45.111122252408094,45.18941478208583,2095300
2012-01-30,44.633548736572266,44.672696495093895,44.10900222179471,44.26558429621722,2258000
2012-01-31,44.90755844116211,45.212891777917584,44.5474218381456,45.18157477246728,2378800
2012-02-01,45.573036193847656,45.83139705327435,45.25204429933708,45.34599234524018,2574500
2012-02-02,45.776588439941406,46.11323880060724,45.75309919128865,45.84705021279133,1483100
2012-02-03,46.21502304077149,46.35594661222787,45.77659680651138,45.9566651508046,3378400
2012-02-06,45.65914916992188,45.65914916992188,45.26769555702025,45.38513283551236,1933600
2012-02-07,45.94100570678711,46.011467491077305,45.40862844471776,45.50257649491981,1816900
2012-02-08,46.32463073730469,46.44989879194734,46.12890388175774,46.26199969653816,1516300
2012-02-09,46.34028625488281,46.536013097804094,46.08192837523512,46.457723555257424,1745300
2012-02-10,45.18157958984375,45.220724357553344,44.95453575595203,45.220724357553344,2451600
2012-02-13,46.05060958862305,46.16804688447117,45.78442097304788,46.034951083406334,1545900
2012-02-14,45.70613479614258,45.77659658152446,45.36165362914017,45.68264554331214,2261200
2012-02-15,46.105411529541016,46.371600137414,46.027121992277245,46.26199359062296,3049100
2012-02-16,46.15238571166992,46.34028179030121,45.5104019676634,45.51822972654207,2405400
2012-02-17,46.520355224609375,46.74739908225872,46.4029209091924,46.67693729838667,1507800
2012-02-21,46.31679534912109,46.57515618943918,46.16804403856342,46.52818067668471,4387600
2012-02-22,46.23851013183594,46.34028593914224,46.07409731512079,46.30114116813561,2193100
2012-02-23,45.81573486328125,45.90185514283087,45.58086327413503,45.90185514283087,1909100
2012-02-24,46.37942886352539,46.41857363045276,46.042778492152365,46.08975101784349,1626700
2012-02-27,45.71396255493164,45.81574135304847,45.2442193101004,45.43211541341101,2241500
2012-02-28,46.13672637939453,46.175871146194034,45.82356227188994,45.98014432564224,1587600
2012-02-29,46.87266540527344,47.224974334114016,46.74740034019176,46.94312719104156,2689700
2012-03-01,47.21714019775391,47.45201178974462,46.94312085163613,46.97443786031605,1948400
2012-03-02,47.08405303955078,47.14668706839795,46.86483991169544,47.06056677201053,1218700
2012-03-05,46.47337341308594,46.61429695268989,46.30896361239934,46.61429695268989,1422500
2012-03-06,45.12677383422852,45.44776569026863,44.8370989852543,45.40079316622394,3813000
2012-03-07,45.70613479614258,45.760938075155735,45.377312135508895,45.447773920890775,1751300
2012-03-08,46.74740219116211,46.84135323360943,46.56733383963704,46.59865085378614,1633600
2012-03-09,46.74740219116211,46.89615651509293,46.6612818955295,46.81786397972017,1391700
2012-03-12,46.15238571166992,46.42640207073819,46.08975169442327,46.41857431185952,2517800
2012-03-13,47.59293746948242,47.63990999804747,46.64562031373077,46.716079106578334,2545200
2012-03-14,46.9979248046875,47.38155070019052,46.8570012501398,47.24845490464909,2221200
2012-03-15,47.49115753173828,47.58510557315133,47.06055910649459,47.115362379531724,3061900
2012-03-16,47.33457946777344,47.42853050367243,47.17799739449643,47.27977619010968,1763100
2012-03-19,47.55379867553711,47.671232998260415,47.13885570622789,47.1545142132353,1377400
2012-03-20,46.89614486694336,46.90397262525894,46.50469124697406,46.81785235101703,2003100
2012-03-21,46.71608352661133,46.86483784528691,46.55167368796913,46.71608352661133,3066500
2012-03-22,46.19935989379883,46.355941955972895,45.99580530356064,46.34811419681369,2699700
2012-03-23,46.48120880126953,46.582987593591646,46.03495184812083,46.293312708656686,2106900
2012-03-26,47.1153564453125,47.1153564453125,46.59863780279034,46.65344106892497,1273300
2012-03-27,46.87266540527344,47.06839225612323,46.81786212595988,46.903982418182544,1821300
2012-03-28,46.45772171020508,46.89615089609634,46.21501935946187,46.8491753805012,4272300
2012-03-29,46.36377334594727,46.39508736957367,45.77659284455099,46.11324323760921,2020900
2012-03-30,46.61430740356445,46.72391396192918,46.43423905960029,46.69259694909505,2949700
2012-04-02,47.459842681884766,47.55379371412706,46.83351739970877,46.87266216986579,1786900
2012-04-03,47.8121452331543,48.20359885581746,47.55378739520476,47.96872727953039,2113800
2012-04-04,46.880489349365234,46.95877888372336,46.62995925555408,46.88831710817933,4231800
2012-04-05,47.21714019775391,47.49115655731735,47.15450618039407,47.17799244362685,3648200
2012-04-09,46.37160110473633,46.53601092835251,46.34028409455578,46.512524663994334,2037600
2012-04-10,45.21289825439453,46.1132428774588,45.18158124445825,46.074095121761225,3307700
2012-04-11,45.81573486328125,45.97231691823016,45.65132504953432,45.73744234252965,1994600
2012-04-12,46.50468826293945,46.50468826293945,45.66697780888228,45.73743658886373,2510500
2012-04-13,46.21502304077149,46.55950420946697,46.136733495097815,46.50470093018446,2644200
2012-04-16,46.12889862060547,46.44989349418455,45.839223743669706,46.30896993533917,2588300
2012-04-17,46.49686813354492,46.62996393918737,46.11324519548202,46.22285174921428,2789300
2012-04-18,46.20719146728516,46.39508755601653,46.050609402306016,46.12889894151834,1724200
2012-04-19,45.94882583618164,46.48120300984293,45.70612649791682,46.12889414689735,2130500
2012-04-20,45.72179412841797,45.90969023512728,45.56521204845703,45.56521204845703,1795200
2012-04-23,45.07980728149414,45.126779811760855,44.58657480781171,44.90756670637069,2079100
2012-04-24,45.2677001953125,45.47125776734886,45.13460738683472,45.197238418308274,1595000
2012-04-25,45.75310134887695,45.78441835752134,45.51822975715272,45.541716020358855,1885100
2012-04-26,46.09758377075195,46.183704053675335,45.5495480502386,45.6278375875029,1314900
2012-04-27,46.36377334594727,46.55166943392357,46.20719128159736,46.35594260012481,2398500
2012-04-30,46.37942886352539,46.44989063861635,46.199357559861824,46.44989063861635,1149500
2012-05-01,46.66910552978516,47.0370729235703,46.105411307229936,46.28547963131187,1640500
2012-05-02,46.81003189086914,46.81003189086914,46.55167102786231,46.60647430427808,1504300
2012-05-03,46.58298110961914,46.990093235686345,46.50469157968681,46.86482819586214,3060300
2012-05-04,45.6748161315918,46.36377545412592,45.5417203255484,46.29331367129227,4090500
2012-05-07,45.78441619873047,45.83139170948209,45.486910603745216,45.60434788734718,1679500
2012-05-08,45.36948013305664,45.46342817592907,44.7822996386337,45.345990882422704,2859300
2012-05-09,44.790130615234375,45.06414999091481,44.39867692416631,44.6492070475255,2413300
2012-05-10,44.79795837402344,45.14243652403097,44.74315509985303,45.09546100907585,2350100
2012-05-11,44.00722503662109,44.35170621027364,43.88195996980784,43.97590802327909,1595400
2012-05-14,43.44353485107422,43.60794469553313,43.25563575272486,43.35741455543721,1902000
2012-05-15,42.92681121826172,43.41221293658644,42.79371541642241,43.20865535413914,1977300
2012-05-16,41.447113037109375,41.963831756221005,41.37665125784167,41.70547388994242,3852400
2012-05-17,40.90690231323242,41.50191048734112,40.90690231323242,41.43927946264474,2371900
2012-05-18,40.272743225097656,40.83643733585291,40.12399193989449,40.68768605064974,2712800
2012-05-21,41.2357292175293,41.35316651615077,40.46848036311816,40.53894214498013,2638700
2012-05-22,41.19658660888672,41.588040309429495,40.98520125220705,41.3375101800065,2895100
2012-05-23,40.91473388671875,40.93822313640508,40.07702332072808,40.80512734336361,3216700
2012-05-24,40.5311164855957,40.93039794579937,40.272755609863246,40.88342541316055,2354500
2012-05-25,40.46065139770508,40.6955230013933,40.41367588234564,40.57025794698928,1069100
2012-05-29,41.55672073364258,41.80725082960955,41.31401839655707,41.34533540519152,2691400
2012-05-30,40.92256164550781,41.19657798389731,40.82078286843996,41.149605461061455,1980200
2012-05-31,41.19658660888672,41.42363047197466,40.789474401935664,41.24356212811155,1690900
2012-06-01,40.2570915222168,40.672034417845296,40.14748497918243,40.5545971294203,4420400
2012-06-04,40.202293395996094,40.31190293961316,39.87347372480895,40.24926891468912,2512800
2012-06-05,40.31189727783203,40.39801457017544,39.99090541156617,40.06136419987778,1317000
2012-06-06,41.4549446105957,41.67415771200345,40.71118203382077,40.71118203382077,2507400
2012-06-07,42.12041091918945,42.82502866334369,42.12041091918945,42.56666782830239,3007000
2012-06-08,41.78376388549805,41.83856716035524,41.36099619182178,41.46277199566829,1021200
2012-06-11,41.36882781982422,42.24568328609467,41.3610000597788,42.19088000611244,1260200
2012-06-12,42.38660430908203,42.441407585766925,41.90120257849247,42.08909867382507,1206200
2012-06-13,42.12824249267578,42.58232716940475,42.01863296299911,42.19870426847648,1308200
2012-06-14,42.59798812866211,42.64496364408799,42.12041417477304,42.24567922935423,1261900
2012-06-15,42.80937576293945,42.85635128088334,42.31614327746989,42.363118795413776,1987700
2012-06-18,43.10688018798828,43.2321452457519,42.80937455584173,42.87983633749343,1921200
2012-06-19,43.81148910522461,44.06984993193106,43.560959023508495,43.63142079565079,1816300
2012-06-20,43.639259338378906,43.9132757309207,43.33392294683345,43.75669365523052,3571600
2012-06-21,42.39443588256836,43.40438413443874,42.30831559279581,43.365239362693394,1455000
2012-06-22,42.05778503417969,42.16739158855335,41.6506728418242,41.9794925049452,1390300
2012-06-25,40.73466873168945,40.836447524091554,40.38236281112482,40.76598574266772,1937300
2012-06-26,40.99302291870117,41.18091898087194,40.71900359708389,41.024339924580985,2025800
2012-06-27,41.25138092041016,41.26703942341443,41.008681590229,41.11828812470489,2943500
2012-06-28,41.01651382446289,41.04783083388898,40.6015739025076,40.8442732591738,1932900
2012-06-29,42.91115188598633,42.942465909444,42.511867474717775,42.511867474717775,2426600
2012-07-02,42.46489334106445,42.74673746085647,42.29265277906294,42.74673746085647,1724100
2012-07-03,43.34175109863281,43.38872362793965,42.887663404970056,42.97378369077192,1037000
2012-07-05,43.19300079345703,43.41221690123219,43.059907966017455,43.22431780693274,1416200
2012-07-06,42.06560516357422,42.300476735565255,41.92468162306879,42.25350421309949,2135100
2012-07-09,41.78376388549805,41.84639790622312,41.61935406092648,41.77593612618466,1123600
2012-07-10,41.376651763916016,42.07344180588761,41.29053446513949,42.05778330068611,1630000
2012-07-11,41.46276473999024,41.68980854555589,41.235720934424585,41.525398749754814,1222200
2012-07-12,40.499794006347656,40.62505905406811,40.13182662205129,40.35887045434285,1868500
2012-07-13,41.4001350402832,41.53322783545677,40.87558564467463,40.87558564467463,1600900
2012-07-16,41.21224212646485,41.415799708455154,41.02434603630172,41.19658362119216,1204100
2012-07-17,41.79942321777344,41.84639873424676,41.13395316045147,41.58021011400705,1622500
2012-07-18,41.38448333740234,41.56455167098888,41.055660694704,41.055660694704,1559200
2012-07-19,41.94817733764648,42.04212538361525,41.71330274289278,41.90902958081784,1165000
2012-07-20,41.47842788696289,41.58020667094999,41.29835956855759,41.54888966256099,1316700
2012-07-23,40.421512603759766,40.46848513950875,39.87347678976726,40.21795499366445,1287700
2012-07-24,40.34321594238281,40.72684186892676,40.10051656834394,40.70335560345322,1515000
2012-07-25,40.499794006347656,40.726837838639206,40.288408678340446,40.60157279091875,1294800
2012-07-26,41.36099624633789,41.48626130139865,41.07914912581257,41.18092492979322,1892800
2012-07-27,43.005104064941406,43.13036913048127,42.120417859629086,42.17522113914311,1815500
2012-07-30,42.691932678222656,42.950293512084,42.63712940798921,42.76239445231627,1617100
2012-07-31,43.52182388305664,43.944594609406,43.52182388305664,43.85064356806959,1994600
2012-08-01,43.75669097900391,44.16380315627689,43.67057069331382,44.14814465101011,1579800
2012-08-02,42.80937576293945,43.2321464647705,42.51970086867209,42.89549605255925,1854400
2012-08-03,43.81148910522461,43.99155741479843,43.43569398265044,43.46701098950349,1748800
2012-08-06,44.08551025390625,44.320381841884405,43.96807296664004,44.03070698292983,1141300
2012-08-07,44.33604431152344,44.563085174495534,44.20294850828023,44.210779254294,1740900
2012-08-08,44.4613037109375,44.66485828307453,44.22643213183965,44.26557689726359,781900
2012-08-09,45.22071838378906,45.432103685361575,45.15808736103829,45.21289062590294,1489800
2012-08-10,45.66698455810547,45.72178783055981,45.079804079048046,45.21289688742164,1151200
2012-08-13,45.11111831665039,45.26770037579009,44.87624672121802,45.1267768212198,1103700
2012-08-14,45.44776916503906,45.65915449906443,45.35382112321259,45.62783748960414,675800
2012-08-15,45.18941116333008,45.32250397329224,45.095460135240366,45.15026340834884,1102500
2012-08-16,45.643497467041016,45.76093476302907,45.25987454171509,45.40079810227896,1529800
2012-08-17,45.22071838378906,45.2676938907676,45.07979783596133,45.24420763055531,1311400
2012-08-20,45.39297103881836,45.41645730529946,44.876252270351,44.89191077685665,5219500
2012-08-21,45.07980728149414,45.59652602030993,45.04849027027996,45.526064238355296,1541900
2012-08-22,45.00934600830078,45.111121816065456,44.52394128865786,44.57874456562487,1967200
2012-08-23,44.6883544921875,45.00151565091093,44.62572046851003,44.95454013315283,1620000
2012-08-24,44.7588119506836,44.84493223738775,44.21077919266536,44.25775172246433,1138700
2012-08-27,44.171634674072266,44.42999555312571,44.13248990085182,44.33604750008571,1951900
2012-08-28,44.195125579833984,44.398680200124616,44.14815005828005,44.17163632577959,1288500
2012-08-29,44.4534797668457,44.57091706763841,44.35170395848362,44.484796778597705,1155100
2012-08-30,43.709720611572266,43.99939550694846,43.49050451354965,43.93676148278352,1475600
2012-08-31,44.06985092163086,44.30472250519508,43.77234532295393,44.06202017646466,1138500
2012-09-04,43.780181884765625,43.9054499401796,43.42787593185568,43.788012631506405,2049000
2012-09-05,43.122535705566406,43.122535705566406,42.84068859848882,43.05990168774724,2307500
2012-09-06,44.12466430664063,44.26558788639508,43.17734701005614,43.17734701005614,1972900
2012-09-07,45.165924072265625,45.26770286428466,44.86842142875543,44.86842142875543,2185900
2012-09-10,44.49262237548828,44.89973153492935,44.39867135110563,44.8919037761746,999900
2012-09-11,44.88408279418945,45.17375769671984,44.7823039956851,44.82144876847762,1186700
2012-09-12,45.353816986083984,45.5495437975252,45.2363797045976,45.43210651603882,1382900
2012-09-13,46.60647964477539,46.73174471758727,45.10329877103285,45.22073309685685,2547800
2012-09-14,47.4050407409668,47.93741799244325,47.27977568100496,47.29543418681951,2668700
2012-09-17,46.84918212890625,47.19366033322768,46.66911377301857,47.17017406532427,1316500
2012-09-18,46.91963577270508,47.04490082403223,46.70042267952115,46.8413462355835,1207400
2012-09-19,47.06056594848633,47.16234475030449,46.80220506384518,46.95095938647669,1197500
2012-09-20,46.61430740356445,46.62213516349562,46.06627162518609,46.32462951468085,1985700
2012-09-21,46.5986442565918,46.95095314950403,46.52035173230328,46.95095314950403,957800
2012-09-24,46.62213134765625,46.71607939191463,46.37943198444256,46.50469703897189,1397400
2012-09-25,45.81573486328125,46.78653822816678,45.80790411792895,46.66910392687082,2396600
2012-09-26,45.69047546386719,45.933174841808494,45.51823488347943,45.83922679184911,1507300
2012-09-27,46.66910552978516,46.84134609480022,46.26982112662374,46.41857542788381,1395400
2012-09-28,46.29331207275391,46.52035293266284,46.20719178709161,46.5046974139556,2332200
2012-10-01,46.70042419433594,47.25628769097103,46.449894083555215,46.6299624140192,1370300
2012-10-02,46.33245849609375,46.88049425359424,46.1132453877154,46.81786023031207,2958400
2012-10-03,46.43423461914063,46.62213070506763,46.16021526287828,46.598644440965366,2620300
2012-10-04,46.77871322631836,46.88049201601673,46.48903834885088,46.58298639273544,1600700
2012-10-05,46.864837646484375,47.31892238745869,46.69259706203478,47.0057612180241,1683900
2012-10-08,46.4264030456543,46.47337855957573,46.23067621747991,46.31679649972534,1023100
2012-10-09,45.76093292236328,46.301137891759495,45.63566787207339,46.27765162812839,1709100
2012-10-10,44.97802734375,45.40079802471938,44.86842079384412,45.40079802471938,1832200
2012-10-11,45.15026092529297,45.39296325467895,45.07197139274484,45.27552895585676,1355000
2012-10-12,44.81361770629883,45.08763408220943,44.61006012428994,44.78230069575061,1480400
2012-10-15,45.21289825439453,45.26770152850581,44.81361683064748,45.00151291715628,1244400
2012-10-16,45.83139419555664,45.94882849897452,45.518230080000265,45.518230080000265,2182900
2012-10-17,46.16021728515625,46.27765458392138,45.83922538662672,46.003635215654256,1382400
2012-10-18,46.14455795288086,46.44206358094943,46.0271236427741,46.08975467752013,1562700
2012-10-19,44.96237182617188,45.58869714336203,44.813620496637554,45.58086938351484,2121200
2012-10-22,45.58086395263672,45.86271105842939,45.34598937343994,45.588691711551256,1881500
2012-10-23,44.3438720703125,44.56308517382205,44.11682822078929,44.53959890889018,1843200
2012-10-24,44.33604431152344,44.75881201307618,44.312555060036665,44.66486396679274,1307000
2012-10-25,45.30684280395508,45.87053699312291,45.07980196581067,45.56520363617508,1620200
2012-10-26,44.9153938293457,45.0406588858726,44.58657417592057,44.85276279435952,1241600
2012-10-31,45.07980728149414,45.44777171031984,44.88408044123734,45.408626939579385,1382400
2012-11-01,45.47125625610352,45.588690556171365,45.02499635887205,45.05631336684518,1281300
2012-11-02,45.299015045166016,45.760930453164605,45.2050670091565,45.65132391339447,2094600
2012-11-05,45.455596923828125,45.51822795207887,45.06414329095981,45.22855309999149,1706700
2012-11-06,46.07409286499024,46.23067492044761,45.80007650785556,45.90968305070943,2331700
2012-11-07,45.36948013305664,45.94882988175012,45.14243629177337,45.84705407970267,2436900
2012-11-08,44.7588119506836,45.54171930391483,44.69618091543345,45.26770292490571,3673000
2012-11-09,44.87625503540039,45.32251204536583,44.78230697713265,44.884085782413074,2026000
2012-11-12,45.15810394287109,45.29119678168374,45.04849737289479,45.095469910567466,1482200
2012-11-13,44.727500915527344,44.993689552877846,44.55526033060798,44.62572211657002,3110100
2012-11-14,44.32038116455078,45.21289497716034,44.15597135413413,45.142433203188304,3016500
2012-11-15,44.42999649047852,44.54743379917219,44.08551829769445,44.25775590080907,2270400
2012-11-16,44.35170364379883,44.429993186068735,43.83498489977545,44.07768427274494,2060600
2012-11-19,45.47909164428711,45.54172268418595,44.93888660562122,44.93888660562122,1526200
2012-11-20,45.6748161315918,45.6748161315918,45.14243888052742,45.267703940392295,1944300
2012-11-21,45.48691940307617,45.58087044275401,45.275537030187934,45.33816807008506,2163300
2012-11-23,46.19935989379883,46.24633540841737,45.854881746259416,46.14455662002106,946300
2012-11-26,46.003639221191406,46.03495623512949,45.83922937784871,46.01146996795335,1740000
2012-11-27,46.07409286499024,46.426401743130754,46.01146183473987,46.31679520027688,1781800
2012-11-28,46.48120880126953,46.56732908811482,45.66698742235628,45.933173055798726,1212400
2012-11-29,46.73956298828125,46.927459054066105,46.59863944566556,46.87265578599935,1477700
2012-11-30,46.69258880615234,46.86482936014748,46.645616281647634,46.82568459420882,1823700
2012-12-03,46.70042419433594,47.06838861460823,46.653448678606615,46.99009907494719,1189900
2012-12-04,46.66127395629883,46.85700078159631,46.152386002457966,46.65344619737084,1606800
2012-12-05,46.9352912902832,47.248452405393024,46.87265727532871,46.997922318683486,1726500
2012-12-06,47.35023498535156,47.38155199534139,46.96661206591677,47.0605601093318,1263400
2012-12-07,47.62424850463867,47.71819653653654,47.44417721254947,47.62424850463867,1329600
2012-12-10,47.92958831787109,47.9609023416945,47.49115913224403,47.67905820795691,1869200
2012-12-11,48.383670806884766,48.41498781582881,48.062678931594185,48.12531294948228,1505600
2012-12-12,48.40715789794922,48.72814975892382,48.29754837153356,48.46196116787994,1563000
2012-12-13,48.58723068237305,48.95519510197346,48.485451891755936,48.61854470624758,1584100
2012-12-14,48.626373291015625,48.84558638116732,48.53242525045838,48.57939777745983,1196100
2012-12-17,48.91604995727539,48.95519472673439,48.45413450992844,48.477620774292944,1335100
2012-12-18,49.07749176025391,49.12474331541619,48.64436301896435,48.80973895587604,2353400
2012-12-19,49.1247444152832,49.37674670691579,49.02236754552487,49.22711828093725,1668000
2012-12-20,49.05386352539063,49.093238316129,48.73098543476964,48.80973501624638,1689900
2012-12-21,48.54986190795898,48.65223576920223,48.1482312076522,48.26635859106105,2515200
2012-12-24,48.45535659790039,48.55773345859604,48.35298274130875,48.47110711524618,419200
2012-12-26,48.33722686767578,48.77035553232572,48.32935010782371,48.6286038960252,876400
2012-12-27,48.5577392578125,48.83336583402174,48.21123684713455,48.47898966578254,3221700
2012-12-28,49.03023910522461,49.30586866466526,48.967240037192326,49.02236534825963,3243300
2012-12-31,49.88861846923828,49.93587001922796,49.05386211481453,49.06961263147775,1316600
2013-01-02,51.16437911987305,51.18800339089414,50.84149806069868,50.92812439324755,2814000
2013-01-03,50.29024887084961,50.60525319425873,50.15637098196438,50.203622531706905,3008200
2013-01-04,50.08549499511719,50.15637081744657,49.81774222232885,49.95162011077496,2727700
2013-01-07,49.66812133789063,49.80987299543918,49.59724550911635,49.80987299543918,1637800
2013-01-08,49.34524154663086,49.54999226493627,49.21924041134199,49.54211850827623,1683900
2013-01-09,49.34524154663086,49.51849423419208,49.2349909287661,49.29798999435853,1411800
2013-01-10,49.94374465942383,49.990996210249776,49.605119059535,49.83349404493389,3233800
2013-01-11,49.66024398803711,49.71536929486165,49.431866000276045,49.66024398803711,2007500
2013-01-14,49.59724044799805,49.69961730224816,49.36098871089333,49.66811626953985,1752500
2013-01-15,49.25074005126953,49.25861380770657,48.90423468596112,48.99086102728822,2612200
2013-01-16,48.94361114501953,49.05386175675346,48.70735640089954,48.86485856227824,1904100
2013-01-17,49.39249420166016,49.605121685476846,49.24286578484244,49.32949213055709,1559300
2013-01-18,49.17986297607422,49.21136400922904,48.8412343799195,49.09323663695038,1597300
2013-01-22,49.06961441040039,49.15623774903266,48.904235481492975,49.14836399246754,1807200
2013-01-23,48.52622985839844,48.573481407937706,48.25060332967903,48.32935290814062,1776400
2013-01-24,48.03010177612305,48.20335144836687,47.91984816129028,48.03010177612305,2224600
2013-01-25,47.07722091674805,47.12447247184021,46.65196893733541,47.037846122890016,3507500
2013-01-28,46.55746078491211,46.5968355745058,46.27395749327136,46.27395749327136,2970200
2013-01-29,47.171722412109375,47.29772355060422,46.966968684490176,47.029970755789655,2128600
2013-01-30,46.919715881347656,47.25834146951796,46.84884005961344,47.148090858843375,2743800
2013-01-31,46.91184616088867,47.01422303077983,46.825219809758025,46.93547043697729,1839900
2013-02-01,46.888214111328125,47.02208899244125,46.77796350238702,46.95908993194795,2229000
2013-02-04,46.31333541870117,46.56533767774221,46.1715837724776,46.54958716103916,3000300
2013-02-05,46.4865837097168,46.72283844912231,46.41570788871591,46.58108680712052,1927600
2013-02-06,46.24245834350586,46.26608261586883,45.94320454245841,46.16370576212295,1442500
2013-02-07,46.07707595825195,46.218827589973344,45.78569893931514,46.218827589973344,2301800
2013-02-08,46.90396499633789,46.92758926869568,46.628335467713725,46.628335467713725,1797700
2013-02-11,47.09296417236328,47.14021572016824,46.70708704631923,46.70708704631923,1271000
2013-02-12,47.09296417236328,47.32134214726496,46.8015871378254,46.840961925611,1842000
2013-02-13,47.699344635009766,47.92772260568671,47.59696778537808,47.77809420912417,2002400
2013-02-14,48.04585266113281,48.053729421940005,47.72297456243114,47.730851323238326,1445600
2013-02-15,48.02222442626953,48.132475035644845,47.90410006084046,48.1246012795911,1269300
2013-02-19,48.2033576965332,48.478987263186745,48.19548393936218,48.23485873342576,3581300
2013-02-20,48.63648223876953,49.17986456387011,48.5971074481067,49.171987803275165,2675000
2013-02-21,48.41598510742188,48.53411249351684,48.14823230249696,48.51836197509722,3323400
2013-02-22,48.80973815917969,48.8648634705838,48.59711067057632,48.7152380545018,2006600
2013-02-25,47.65209579467773,48.83335749811064,47.573346216090414,48.83335749811064,2298600
2013-02-26,48.2821044921875,48.36872782708601,48.077350781072106,48.25847721530258,1356400
2013-02-27,48.96724319458008,48.990867471102455,48.28211213849226,48.329360691537,1333600
2013-02-28,48.58135986328125,49.0459896309962,48.54986183131221,48.98299056295397,1619600
2013-03-01,48.778228759765625,48.778228759765625,48.14822316308887,48.31359906894709,2239400
2013-03-04,48.54986190795898,48.54986190795898,48.10885641455062,48.360858695325646,2639000
2013-03-05,48.97510528564453,49.12473367892133,48.80185562557655,48.80972938117361,2496000
2013-03-06,48.65222930908203,48.84123249661923,48.53410494546207,48.84123249661923,1809500
2013-03-07,48.423858642578125,48.49473446869236,48.12460482075095,48.242729194871984,1720200
2013-03-08,48.1167221069336,48.22697571488476,47.92772193008175,48.10097459561565,2506900
2013-03-11,47.778099060058594,47.8411011290297,47.63635041308159,47.73872426900365,1767200
2013-03-12,47.17959213256836,47.47884593743032,47.07721527751751,47.35284480971536,2418100
2013-03-13,47.07722091674805,47.116598714710285,46.79371759440348,47.116598714710285,2093200
2013-03-14,47.0850944519043,47.163844034224766,46.90396800928403,47.07721769120985,1034700
2013-03-15,46.297584533691406,46.43933617878732,46.09283082228449,46.407835145631815,2631300
2013-03-18,45.990455627441406,46.17945581264657,45.9274535629705,46.014079899566106,2449300
2013-03-19,45.8250846862793,46.14796281263137,45.49433280254979,46.069213222439856,2357400
2013-03-20,45.71482849121094,45.99833178794218,45.69907797426987,45.88020441293618,1884100
2013-03-21,45.02970123291016,45.258079241195766,44.99032643936882,45.14782861763835,2698400
2013-03-22,45.49433135986328,45.51008187822298,45.28170386816375,45.28170386816375,1733900
2013-03-25,46.05345916748047,46.43933933964034,45.83295792859143,46.26608664959663,3129200
2013-03-26,46.817344665527344,46.85671945921005,46.51809082615129,46.58109289932696,2024500
2013-03-27,46.89609146118164,46.998468321945545,46.42358795690886,46.46296274824759,1560900
2013-03-28,46.80158615112305,46.864585209431056,46.58108494088949,46.699209301755886,1745500
2013-04-01,46.31333541870117,46.7700883866741,46.2739576248916,46.636213500854,1949900
2013-04-02,46.02195739746094,46.2660859109793,45.93533405792606,46.04558467561047,3208600
2013-04-03,45.60457611083984,46.09283010069099,45.49432550062544,45.927454185369385,3387500
2013-04-04,44.78556823730469,44.87219457691383,44.42331536630635,44.65169335180247,2309400
2013-04-05,43.9193115234375,44.013811620777794,43.41530699881737,43.60430719349795,2682500
2013-04-08,43.6909294128418,43.74605471476537,43.3916756280398,43.53342726273003,1644100
2013-04-09,44.04531097412109,44.2343111615907,43.62005604615874,43.83268351013992,2655900
2013-04-10,44.88794708251953,45.03757249131715,44.58081950419052,44.64381856954066,1659200
2013-04-11,44.81707382202149,44.94307496403883,44.71469695534984,44.73044747361502,1514100
2013-04-12,43.40743255615234,43.75393793840909,43.17118079813444,43.67518534966706,4708700
2013-04-15,43.22630310058594,44.06893621482002,43.16330403807978,44.06893621482002,4617100
2013-04-16,44.55718994140625,44.58868796829061,44.27368667072144,44.42331206175902,2570300
2013-04-17,43.81694030761719,43.88781614077461,43.470437903349946,43.88781614077461,2979300
2013-04-18,43.15542602539063,43.47043034109208,43.06092593232171,43.47043034109208,2030300
2013-04-19,43.50193786621094,43.69093808055734,43.45468631057222,43.6751875620111,1193200
2013-04-22,44.00593948364258,44.10831334115159,43.80906252121196,43.950814174490326,1479300
2013-04-23,44.17131805419922,44.25006764224202,43.91931576753716,44.013815874009374,1843300
2013-04-24,44.45481491088867,44.63594134032209,44.36818857418056,44.36818857418056,1909400
2013-04-25,45.13995361328125,45.25808100260687,44.91157559610733,44.91157559610733,2193300
2013-04-26,44.769813537597656,44.89581465504615,44.683190210186,44.88794089950094,1260000
2013-04-29,45.10844802856445,45.27382695777068,44.91157106893685,45.045448963617694,1241200
2013-04-30,46.00621032714844,46.13221447577627,45.46283095466,45.59670886052496,2066600
2013-05-01,45.54945373535156,45.91958338268037,45.43920311804613,45.84870755668345,1500500
2013-05-02,45.81720352172852,45.82507727783301,45.29744849982109,45.40769910990694,1530600
2013-05-03,46.18733596801758,46.33696137597938,45.94320745640243,45.96683173026377,1898900
2013-05-06,45.89596176147461,46.02983967334934,45.76996061129482,45.87233748459852,1524700
2013-05-07,46.07707595825195,46.14007801861861,45.86445151477346,46.06132844726388,1270400
2013-05-08,46.17946243286133,46.29758981862695,46.05346128995996,46.23458774512416,1527200
2013-05-09,46.22671127319336,46.63621571459954,46.108583894365104,46.447212509295134,2169100
2013-05-10,44.92733001708984,44.97458157774496,44.52570226588736,44.730453020517054,6680000
2013-05-13,44.72256851196289,45.04544658856403,44.64381592980174,44.864320155749134,1662900
2013-05-14,45.53370666503906,45.58883197786492,45.31320541373563,45.328955932272194,1405200
2013-05-15,45.36045455932617,45.45495767178327,45.171454342620535,45.26595445097336,1530700
2013-05-16,45.76995468139648,45.95108112355689,45.72270613376577,45.75420416415158,1925600
2013-05-17,45.809326171875,45.927453540648656,45.62819974276484,45.77782814375863,1570100
2013-05-20,45.99833679199219,46.04558834795576,45.746334501728334,45.88020940413539,1593100
2013-05-21,45.958961486816406,46.084962630548496,45.73846023631131,45.99046252377549,864600
2013-05-22,45.58095550537109,46.486587736492886,45.45495436868875,46.09283380884757,1819600
2013-05-23,45.24232864379883,45.313204473690895,44.85644845791885,44.9194505307581,1690600
2013-05-24,44.99032974243164,45.02970453886376,44.80132651381128,44.92732766485672,1630100
2013-05-28,45.45494842529297,45.71482442142506,45.36044533205978,45.675449634629736,1512700
2013-05-29,45.53370666503906,45.65970780922735,45.352580208024925,45.57308145932836,1323100
2013-05-30,45.958961486816406,46.10071314902803,45.72270971783177,45.72270971783177,1470400
2013-05-31,45.3919563293457,45.81721132995255,45.36833205290232,45.81721132995255,2037600
2013-06-03,46.30546188354492,46.36846395474532,45.628204638661146,45.83295836595834,2939700
2013-06-04,45.76208114624024,46.22671089284897,45.61245273374168,45.9589581065981,2232600
2013-06-05,44.9824447631836,45.45495124636368,44.9666942466672,45.415573453020784,1890100
2013-06-06,45.179325103759766,45.2108261391564,44.72257210692496,45.0296996917819,3538200
2013-06-07,44.5020637512207,44.517814267463656,44.15556140618716,44.36818886931132,2250100
2013-06-10,43.9980583190918,44.29731211318324,43.92718249954656,44.29731211318324,1740300
2013-06-11,43.40743255615234,43.714560141986034,43.17118079813444,43.312932453766,4165700
2013-06-12,43.05305099487305,43.60430706863677,42.974301414665625,43.51768072794625,1839200
2013-06-13,43.26567840576172,43.34443098996277,42.64354951314501,42.80104867333926,2668300
2013-06-14,42.667179107666016,43.11605837923104,42.49392640492011,42.99793099024896,2019900
2013-06-17,42.91918182373047,43.11605880457327,42.706554323927726,42.94280610011822,1417200
2013-06-18,43.15542602539063,43.28142715085045,42.879799502229694,43.03730166008042,1390200
2013-06-19,42.0450439453125,43.01367824756476,42.01354291009192,43.00580449081164,2590100
2013-06-20,40.43852996826172,40.840160684574734,39.90302434924722,40.64328370711659,6260300
2013-06-21,40.39915466308594,40.50940528841263,39.942401643289024,40.39915466308594,2752800
2013-06-24,39.49352264404297,39.808524003633465,39.02889285985055,39.47777212544781,3446400
2013-06-25,40.21015167236328,40.48577821664431,39.87152305847286,40.33615280747805,4027400
2013-06-26,40.16289520263672,40.33614786874558,39.918766718947296,40.09989314074126,3126700
2013-06-27,41.580413818359375,41.65916640570661,41.281159994647965,41.281159994647965,3023200
2013-06-28,41.895416259765625,42.04504166278445,41.35991070650343,41.60403921005364,2366600
2013-07-01,42.36004638671875,42.68292447296751,42.336419109312494,42.48604751783768,2092100
2013-07-02,41.7379150390625,42.28129436092381,41.4937865299981,42.06866688608139,2243900
2013-07-03,41.28116607666016,41.43079451261285,40.95041417338374,41.01341625254371,1659500
2013-07-05,40.72202682495117,41.194533298223,40.454274057994944,41.00553010809351,2381200
2013-07-08,40.824405670166016,40.92678252831937,40.63540247081398,40.63540247081398,1802500
2013-07-09,41.320533752441406,41.50166017948392,41.037030473904,41.304783236511135,2061100
2013-07-10,41.20240783691406,41.48591112544161,41.10003098181159,41.25753314256066,2129400
2013-07-11,43.431060791015625,43.47043558420148,42.73017625424914,42.99005529666326,4400700
2013-07-12,42.91918182373047,42.99005765699805,42.706554323927726,42.93493234269041,1986400
2013-07-15,43.273555755615234,43.39168012736977,43.1160535891719,43.273555755615234,2061100
2013-07-16,43.163307189941406,43.226306257047874,42.9506797057619,43.194805221442586,1551700
2013-07-17,43.643680572509766,43.71455639424922,43.47043090033853,43.61218254381743,1501400
2013-07-18,43.13968276977539,43.28931119676334,43.0294321419554,43.15543328862172,1191400
2013-07-19,43.2420539855957,43.265678258723774,43.01367599834469,43.163304405766205,1408400
2013-07-22,43.486175537109375,43.54130083499743,43.17904801913208,43.249920827185214,1659800
2013-07-23,43.84056091308594,44.07681567323135,43.81693663871302,43.92718725792538,1424400
2013-07-24,43.706687927246094,44.24219353316951,43.604311060321386,44.21856925776543,3346000
2013-07-25,44.13194274902344,44.29731868446042,43.82481515346785,43.84056266761064,2924100
2013-07-26,44.44694137573242,44.48631917098693,44.00593890828036,44.12406328173188,1703500
2013-07-29,44.01382064819336,44.17132284546748,43.94294480962523,44.02957116833122,2399600
2013-07-30,44.17131805419922,44.33669399155165,44.100442223319,44.31306971595965,980700
2013-07-31,43.96656799316406,44.39181998082478,43.714562698555575,43.87994164253369,2551600
2013-08-01,44.44694137573242,44.533567718725934,44.15556431629389,44.2421906592874,2998300
2013-08-02,44.53356552124024,44.67531716567059,44.3366885710985,44.3366885710985,1654700
2013-08-05,44.39181518554688,44.50994256075603,44.265814053905615,44.49419204378788,980300
2013-08-06,44.03743743896485,44.100439508804506,43.832686720194026,44.08468899134459,1204100
2013-08-07,43.43893051147461,43.54918112379169,43.27355459299898,43.44680426773845,1375700
2013-08-08,43.84056091308594,43.98231256753156,43.53343332982177,43.80118612109639,1935400
2013-08-09,43.59643173217773,43.84055722443517,43.52555591091826,43.76968440727951,1065000
2013-08-12,43.761810302734375,43.832686128294895,43.55705958672843,43.58855761711889,1125100
2013-08-13,44.34456634521485,44.50206550564592,44.084687323116505,44.24218948765151,2710600
2013-08-14,44.541446685791016,44.6989458581948,44.51781940664713,44.6989458581948,1727400
2013-08-15,44.20281600952149,44.37606569195865,43.65943367595287,44.068938114256746,4638400
2013-08-16,44.5020637512207,44.840692340184674,44.462688962665226,44.65956590954642,1738300
2013-08-19,44.21068572998047,44.58868909911227,44.17131094229869,44.517813279643576,1168400
2013-08-20,43.96656799316406,44.05319133969017,43.72243945994248,43.74606373589467,1219200
2013-08-21,42.85617446899414,43.28930617677988,42.79317540501873,43.13967776714337,2697500
2013-08-22,43.17905426025391,43.27355435542061,43.02155209890684,43.02155209890684,1804400
2013-08-23,43.80118560791016,43.87993819507063,43.52555906310857,43.6358096810292,1908100
2013-08-26,43.911434173583984,44.22643849929577,43.84843511090397,44.09256361353579,897400
2013-08-27,43.38380432128906,43.71455615150062,43.34442953256442,43.59643178532669,1580800
2013-08-28,44.02169036865234,44.22644108948381,43.659434471636565,43.78543560847994,2085500
2013-08-29,44.9351921081543,45.210818611723816,44.73831517586076,44.73831517586076,2383100
2013-08-30,45.06907653808594,45.24232923655964,44.9115743580284,45.226578718143465,2115000
2013-09-03,45.50220489501953,45.93533663753762,45.44707958308163,45.91170935806124,4198500
2013-09-04,46.573204040527344,46.620455583135296,46.02194805984821,46.037698574050864,2024600
2013-09-05,46.7464599609375,46.89608535016864,46.58108405640251,46.7149589303298,2725100
2013-09-06,47.56547546386719,47.65997556496088,47.03784364087726,47.27409539566354,4654600
2013-09-09,48.148231506347656,48.30573368383517,47.79385235802679,47.87260494882264,2155400
2013-09-10,48.54986190795898,48.67586304834649,48.39235973144856,48.55773566493764,2844200
2013-09-11,48.801856994628906,48.85698229766566,48.54197799108103,48.68372962863374,2114200
2013-09-12,48.33722686767578,48.55772807787495,48.29785208072646,48.53410380652609,2572100
2013-09-13,48.39236068725586,48.46323651788023,48.19548371375532,48.31360809539312,2901600
2013-09-16,48.8491096496582,49.02236233327381,48.75460955136968,48.951486508531424,2400700
2013-09-17,48.62860870361328,48.81761190540068,48.48685705329872,48.75460983677022,5279000
2013-09-18,50.62099456787109,50.79424722514595,48.55772521165756,48.80972743818271,5790200
2013-09-19,50.37687683105469,50.47925068596862,49.84137126648963,50.33749903628352,4375300
2013-09-20,49.36098861694336,50.22724598604651,49.34523810061918,50.22724598604651,3216400
2013-09-23,49.17986297607422,49.29011358801224,49.00661029782654,49.124737670105205,3600900
2013-09-24,49.156246185302734,49.37675046032123,49.08537335174139,49.227122022968594,2435300
2013-09-25,48.63648223876953,48.86486023035951,48.565606413934844,48.7782338884389,2062900
2013-09-26,49.16411590576172,49.29011704310948,49.07748956056562,49.07748956056562,1642200
2013-09-27,48.97510528564453,49.20348325130645,48.88848195766235,49.12473367892133,2087000
2013-09-30,48.43172836303711,48.65222957963692,48.35297878685254,48.541978971337016,2596100
2013-10-01,49.14049530029297,49.20349437161854,48.75461509854574,48.80974041249473,2705700
2013-10-02,49.21136474609375,49.21923850244842,48.841235111242085,48.87273614486859,2309400
2013-10-03,49.10899353027344,49.63662238566137,48.75461437152559,49.51062124078483,2518600
2013-10-04,49.2349853515625,49.290110654250434,48.93573156261105,48.96723259389093,1790700
2013-10-07,48.95935821533203,49.09323610273129,48.80973281563059,48.84123384844264,1347100
2013-10-08,48.83335494995117,49.31373516493725,48.77822964699576,49.19561080322009,3067000
2013-10-09,49.02235794067383,49.29011069858623,48.6837293643698,48.94360836650699,2549500
2013-10-10,49.95949172973633,50.00674327730246,49.43973672292379,49.510612542221125,5246800
2013-10-11,50.298118591308594,50.48712177100976,50.116992171317776,50.14849320195191,2079600
2013-10-14,50.45562362670898,50.55799747597081,49.99887067279985,49.99887067279985,1478800
2013-10-15,50.4950065612793,50.83363518419152,50.4950065612793,50.77063311290362,2455500
2013-10-16,50.943885803222656,51.1013849732292,50.74700883661036,50.77850987225332,3277200
2013-10-17,51.40851974487305,51.471521824963546,51.02264251868458,51.02264251868458,1741400
2013-10-18,51.59751129150391,51.699891156469576,51.43213536526093,51.60538805224158,1964000
2013-10-21,51.41638946533203,51.51089257252534,51.345510632885,51.447890501063135,2000100
2013-10-22,51.72350692749024,52.030634455481554,51.7077594168117,51.73925443816877,2416800
2013-10-23,50.770633697509766,50.92026211648941,50.69188411159721,50.85726004447605,3651000
2013-10-24,50.928131103515625,50.97538565999133,50.7548784155902,50.90450682938181,3989000
2013-10-25,50.75487518310547,50.810000488642906,50.52650320888444,50.52650320888444,1306500
2013-10-28,51.109256744384766,51.22738411446098,51.054131439443545,51.13288101675848,1223500
2013-10-29,51.3848876953125,51.46363727941082,51.33763914649514,51.3848876953125,2440400
2013-10-30,51.23525619506836,51.65263437304774,51.11713483013666,51.57388479369069,2057500
2013-10-31,50.32175064086914,50.79425412879779,50.31387388041145,50.770629855632535,2961700
2013-11-01,50.67612838745117,50.7548779699418,50.37687757070357,50.7548779699418,3614500
2013-11-04,50.52650833129883,50.53437908416806,50.1957534604382,50.38475366884072,1907700
2013-11-05,49.8807487487793,50.13275102757248,49.770498127320295,50.13275102757248,2572300
2013-11-06,50.16425323486328,50.28237761599741,50.10125116164172,50.25875334059143,1485100
2013-11-07,49.14049530029297,49.93587697591717,49.01449415353752,49.77837479144678,3614900
2013-11-08,49.22711563110352,49.266493427886175,48.78611314653723,48.98299011403407,2719800
2013-11-11,48.79398727416992,48.96723996819684,48.74673872423832,48.88061362118338,1572500
2013-11-12,48.99085998535156,49.24286224343231,48.82548406675555,49.10111059774891,3310000
2013-11-13,48.61285781860352,48.64435885268038,48.07735225571266,48.07735225571266,3320200
2013-11-14,48.95935821533203,49.00660976455009,48.42385567804652,48.54985680519084,2393200
2013-11-15,50.25087738037109,50.37687851718582,49.872873969926914,50.00674886349703,3826800
2013-11-18,50.47137069702149,50.7863750104181,50.43987567306861,50.73124970618925,1721700
2013-11-19,50.77850341796875,51.13287950954404,50.77850341796875,50.87300050467819,2140100
2013-11-20,50.13275146484375,50.81000571744255,50.08549991061884,50.78638144238217,1913100
2013-11-21,49.81774520874024,49.92799883105384,49.55786918068969,49.628745007267845,1836300
2013-11-22,49.95162582397461,50.12487852150744,49.731124575554055,49.84137519976433,2455600
2013-11-25,49.77050018310547,50.38475538752284,49.73899914592913,50.36113111169271,2328900
2013-11-26,50.25087738037109,50.44775134029655,50.156374274682,50.21149958428194,2791800
2013-11-27,50.628883361816406,50.67613191295623,50.45563066335913,50.56588128815768,2161600
2013-11-29,51.21163558959961,51.34551048491481,51.0777606942844,51.18013455395928,1512600
2013-12-02,50.32175064086914,50.92812901553948,50.16424847685829,50.84150267512831,2953200
2013-12-03,49.82562255859375,49.99887524874509,49.54211924892941,49.80987204093417,2851500
2013-12-04,49.37674331665039,49.48699393615667,49.02236417959156,49.1404915599792,3103800
2013-12-05,49.17986297607422,49.40036419995027,49.09323663695038,49.21923776546581,1754900
2013-12-06,50.01462173461914,50.22724921249841,49.809871017459855,49.87287308680365,3047400
2013-12-09,50.298118591308594,50.53437031285733,50.25874380506775,50.41624295003115,1692400
2013-12-10,50.11699676513672,50.140621038225945,49.896495538693486,49.99099563515431,1476000
2013-12-11,49.09324264526367,49.66812305222902,48.99086577703295,49.62087149671386,4296900
2013-12-12,48.92786407470703,49.16411583136357,48.91211355704939,49.16411583136357,2406800
2013-12-13,49.08536148071289,49.18773532939039,48.8884845352663,49.11685950886547,1606000
2013-12-16,49.73899459838867,49.77049563268493,49.43186702426007,49.52636712304488,3447900
2013-12-17,49.35311508178711,49.52636776857074,49.274365499124016,49.502743494592615,3109300
2013-12-18,50.31825256347656,50.533971066568895,49.23966309579044,49.67908832159681,5618600
2013-12-19,49.43940353393555,49.527289191179854,48.97600754038393,49.279611706925486,4133700
2013-12-20,49.447391510009766,49.71104848044287,49.42342380279788,49.47135921722165,3254500
2013-12-23,49.99867248535156,50.09454636068471,49.82290117409452,49.90279556224288,1665300
2013-12-24,50.05459976196289,50.13449415106152,49.982693592663885,49.982693592663885,687000
2013-12-26,49.7509994506836,50.05460363876905,49.73501996207112,50.02264466154409,843900
2013-12-27,50.92546463012695,50.98937953513497,50.63783993815152,50.74969330774736,1996300
2013-12-30,51.04530334472656,51.093241806614174,50.82159661813552,50.861543812487405,2004300
2013-12-31,51.66849136352539,51.71643287620705,51.28499583538124,51.30097227590745,2939700
2014-01-02,49.24765396118164,49.902797725277125,49.07987391013234,49.86285052947144,5658400
2014-01-03,48.94404983520508,49.15178013004008,48.71235488019391,49.0079677867776,2844800
2014-01-06,48.55255508422852,48.64044072933568,48.40075454580945,48.54456381770504,4089200
2014-01-07,48.736324310302734,48.864157170189216,48.63245915921503,48.72034482184495,1995200
2014-01-08,48.520606994628906,48.656431126010496,48.37679464270762,48.62447214830002,3199500
2014-01-09,48.35282516479492,48.48864624343296,48.04123276295401,48.48864624343296,2926200
2014-01-10,48.44869995117188,48.68838618415703,48.20102549779006,48.22499320675583,4683900
2014-01-13,48.34483337402344,48.8481765818954,48.16107383256002,48.80822938553826,2698300
2014-01-14,48.6484375,48.83219704126574,48.34483332201605,48.5285959110575,2412500
2014-01-15,48.56055068969727,48.592509665102206,48.41673834815068,48.5845214451388,1569200
2014-01-16,48.536582946777344,48.640448092880135,48.40076187306846,48.496635751438006,2376200
2014-01-17,48.24896240234375,48.27293011204801,48.05721462915792,48.1690680048123,3738100
2014-01-21,48.328857421875,48.688385240496594,48.217001004059135,48.57653187045648,3949000
2014-01-22,48.58452224731445,48.63245766343768,48.36081246356186,48.49663658738762,2132600
2014-01-23,47.41804122924805,47.68968641320527,47.09846063197666,47.5938125388014,4646700
2014-01-24,46.05182647705078,46.96263589120671,46.02785877071262,46.96263589120671,6836000
2014-01-27,46.45130920410156,46.74692212069245,46.115749090313386,46.45130920410156,4872600
2014-01-28,46.91470336914063,47.05052444379269,46.794858734514726,46.83480593013147,4029400
2014-01-29,46.75490951538086,47.218302450476,46.50723203683528,47.082481381702166,6922400
2014-01-30,47.08248519897461,47.43402480057504,47.00259080472134,47.20232983813028,3375100
2014-01-31,47.17036437988281,47.20232335230311,46.40336732844781,46.64305352604933,4165300
2014-02-03,45.91600799560547,46.61109894852159,45.7562161662128,46.579139973087926,5974600
2014-02-04,46.26754379272461,46.49924177397907,46.059816564970006,46.24357608700014,4337400
2014-02-05,46.36341857910156,46.47527193839208,46.00389079503216,46.09976466759897,3396400
2014-02-06,47.074485778808594,47.15438320700148,46.6909872668085,46.698978533515415,2994000
2014-02-07,47.314186096191406,47.46598667364542,47.09047629263565,47.29021533823217,4230000
2014-02-10,47.10644912719727,47.25825273098165,46.95464857118842,47.25825273098165,1950700
2014-02-11,47.84149169921875,48.02525123486416,47.402066457651415,47.45000187265201,3897700
2014-02-12,47.9773063659668,48.25694278982648,47.93735917620833,48.0971509830174,2316100
2014-02-13,47.78556442260742,47.85747059199021,47.20232684773611,47.20232684773611,2032200
2014-02-14,48.520606994628906,48.84817889672164,48.44071259812858,48.48065979637874,2748300
2014-02-18,48.04122924804688,48.416736527721405,48.03323798060828,48.416736527721405,2411800
2014-02-19,47.56984329223633,48.04122747714456,47.41005147488558,47.90540336567503,3079800
2014-02-20,47.53788375854492,47.59381043679176,47.19433242201408,47.26623858658508,2971200
2014-02-21,47.84149169921875,48.12911638032482,47.82551221162667,47.977312772087934,3689800
2014-02-24,48.12112045288086,49.51130526101787,47.91339322985021,47.91339322985021,2639700
2014-02-25,48.081180572509766,48.36880526949798,47.96932720096452,48.36880526949798,3038000
2014-02-26,48.4886474609375,48.73632496368998,48.376794088009234,48.66441878855383,2818500
2014-02-27,49.039920806884766,49.13579467482441,48.75229615529052,48.800234613148,2484500
2014-02-28,48.80023956298828,49.05590526860988,48.45668819960133,49.01595502578881,4129200
2014-03-03,48.40076446533203,48.40076446533203,48.05721308101753,48.22499313909415,2777000
2014-03-04,48.80023956298828,49.03992578103657,48.67240366240186,48.67240366240186,2884200
2014-03-05,48.672401428222656,48.73631937558188,48.528592142215366,48.600498309106754,1868900
2014-03-06,49.23167419433594,49.3595070488552,49.023946948658015,49.07188236424295,2397000
2014-03-07,48.96002960205078,48.99997984589906,48.656428473678574,48.97600909003495,2266500
2014-03-10,48.36080551147461,48.36080551147461,48.02524545574755,48.256943426287805,1721700
2014-03-11,48.05720901489258,48.62446709531349,48.00128233359899,48.5605491465348,2890300
2014-03-12,47.75360870361328,47.76159692396685,47.178359309330986,47.23428599513334,3043700
2014-03-13,46.94666290283203,47.79355753472306,46.73094742037788,47.76958982506724,4249600
2014-03-14,46.84280014038086,47.06650688810744,46.73094676651757,46.73094676651757,3041900
2014-03-17,47.64973831176758,47.72963574539498,47.44201107988726,47.53788495246468,2891600
2014-03-18,47.85746765136719,47.95334152206137,47.51391631295633,47.51391631295633,3691000
2014-03-19,46.99459457397461,47.71365623742374,46.85877350853169,47.69767675070538,3055800
2014-03-20,46.65105056762695,46.69898903532323,46.27554019011263,46.339458147041,2787300
2014-03-21,46.88274002075195,47.2342795762769,46.85877231517252,47.02655234977929,3975700
2014-03-24,47.2103157043457,47.37010753266013,47.0585151437236,47.37010753266013,2356000
2014-03-25,47.44200897216797,47.55386232650153,47.25824945465207,47.38608229500119,2621100
2014-03-26,48.073184967041016,48.28890347031925,47.96932287299172,48.13710291517184,3360000
2014-03-27,48.696380615234375,48.77627501549342,48.360817429039166,48.48865029811924,3123300
2014-03-28,48.84019088745117,49.047918147916114,48.79225242067809,48.8961175747985,1805300
2014-03-31,49.1437873840332,49.31157047797656,49.08786070197728,49.111831456983815,2518200
2014-04-01,49.766971588134766,49.82289826612951,49.59919155415053,49.615167992627285,2772600
2014-04-02,49.77496337890625,49.77496337890625,49.63115104009346,49.71903669689857,1388200
2014-04-03,49.80692672729492,49.83089443660982,49.51131380389975,49.73502055157438,2043400
2014-04-04,49.79094314575195,50.54995203868472,49.766975438407165,50.29428633442167,5421400
2014-04-07,49.71903610229492,50.06258745781955,49.59919451990121,49.83888073246418,1830600
2014-04-08,50.54195785522461,50.75767635220942,50.51000192986701,50.64582299401924,2542700
2014-04-09,51.22906875610352,51.42081651870046,50.84556713535815,51.005358969372764,2941900
2014-04-10,50.65381622314453,51.1651476219765,50.65381622314453,51.109220940715225,6049500
2014-04-11,50.71773147583008,50.72572274336599,50.42211858028824,50.43809806758449,4348500
2014-04-14,50.76567077636719,51.005356994219525,50.637837923660896,50.95741853153881,1578300
2014-04-15,50.31026840209961,50.47005718962717,49.86285187280546,50.406142284171295,2924800
2014-04-16,51.061283111572266,51.06927133137615,50.59789016855733,50.60587838836121,2289200
2014-04-17,50.88551712036133,50.925467366886,50.67778985820223,50.7097488363116,2570300
2014-04-21,51.00536346435547,51.00536346435547,50.8056244161786,50.88551881633895,1375900
2014-04-22,51.01334381103516,51.133188440552914,50.98937610424181,51.09324124663884,2100700
2014-04-23,50.613868713378906,50.6937661536189,50.46206814858648,50.68577488570705,927200
2014-04-24,50.70174789428711,50.73370686629889,50.390155536610585,50.59788580691181,914800
2014-04-25,49.8388786315918,49.87083455688441,49.61516886789098,49.86284633750511,1940000
2014-04-28,50.21438980102539,50.33423443545817,50.00666255548765,50.206401581025176,2337700
2014-04-29,50.422122955322266,50.4540819326878,50.19042494108588,50.27031933672389,1604400
2014-04-30,49.97470474243164,49.99867549854119,49.74300673595226,49.79094520039563,1465800
2014-05-01,50.22237777709961,50.31026343021998,49.63914022648996,50.03861825138223,1137400
2014-05-02,50.08656311035156,50.12651335859596,49.886824060233714,49.99068921967229,1709500
2014-05-05,49.98269271850586,49.99867220560123,49.766974214381605,49.93475425721974,1262400
2014-05-06,50.13449478149414,50.48603436483448,49.91078805098444,49.92676753856022,2068500
2014-05-07,49.87084197998047,49.886821468892975,49.62316752127631,49.74300911645629,1325600
2014-05-08,50.13449478149414,50.3262455846279,49.99068244108773,49.99068244108773,2290600
2014-05-09,50.03861618041992,50.15046953511638,49.87882436752128,49.9667100170043,1030700
2014-05-12,50.71773147583008,50.75767867018294,50.517992456290216,50.517992456290216,1388800
2014-05-13,51.26900863647461,51.380861996639744,51.14916400899741,51.14916400899741,1612200
2014-05-14,51.58060836791992,51.788338678807165,51.54066421676396,51.62055861462772,2064400
2014-05-15,51.30097198486328,51.716432582805865,51.21308632358895,51.66849107039619,2438300
2014-05-16,51.9481201171875,52.00404679732649,51.73240466395168,51.772354905001365,2003000
2014-05-19,52.13188171386719,52.13188171386719,51.90018373033946,51.94811914225869,1640900
2014-05-20,51.61256790161133,51.91617515053349,51.61256790161133,51.80431567765824,1903600
2014-05-21,51.9321403503418,51.97209058883152,51.7883280255496,51.79631929235766,949100
2014-05-22,52.13987350463867,52.171832478089385,51.9880699046355,52.07595555773724,1183800
2014-05-23,51.98807144165039,52.1398750461416,51.94013602783257,52.04399812295487,1864000
2014-05-27,51.47673416137695,51.500701865547626,51.348898278399474,51.468742894803256,1486400
2014-05-28,52.05997848510742,52.21177598771198,52.03600468364801,52.05198721795429,1347200
2014-05-29,52.32363128662109,52.34759899341876,52.203786657081714,52.30765484727301,798800
2014-05-30,51.636531829833984,51.748385198965245,51.54066099660802,51.71643231825756,1012600
2014-06-02,51.66849136352539,51.71643287620705,51.59658823783018,51.69245907209047,1106500
2014-06-03,51.76436614990234,51.844260540328186,51.6844717594765,51.74039844232971,1497400
2014-06-04,51.72441864013672,51.77236015336656,51.37288208457685,51.55663858271123,1612400
2014-06-05,51.85224151611328,51.89218565562224,51.62054356298116,51.73239690648632,1191800
2014-06-06,52.243743896484375,52.51539216619588,52.03601358382874,52.2197761864764,2018300
2014-06-09,52.14786529541016,52.19580680944685,52.00405294440345,52.10792114518988,1512500
2014-06-10,52.4594612121582,52.49141409253616,52.36358428437019,52.37157555224037,2182200
2014-06-11,52.25973129272461,52.291684178671694,52.18782206046254,52.20379850343608,1526300
2014-06-12,51.9321403503418,52.29965938135507,51.80430446361514,52.163838323370925,2091000
2014-06-13,51.34890365600586,51.36488619082704,51.16514717441952,51.30096824264439,1659300
2014-06-16,51.44477844238281,51.56462306636181,51.37287532532589,51.468746148068455,971300
2014-06-17,51.56462478637695,51.61256019934719,51.420812451915246,51.4927155713706,2023500
2014-06-18,51.72441864013672,51.77236015336656,51.173143050182,51.31695539876836,2585900
2014-06-19,51.54864501953125,51.58859526285219,51.41282394512216,51.42880648067106,1952300
2014-06-20,50.82159423828125,50.85355321137643,50.56592854907068,50.78963526518607,1613800
2014-06-23,51.06926727294922,51.14117648434755,51.02133186238412,51.10122624517618,1144600
2014-06-24,51.62055587768555,51.89219803513012,51.524678948001366,51.66849129475188,1492100
2014-06-25,51.57262420654297,51.596591916817005,51.18113128689385,51.20509899716789,1751900
2014-06-26,51.82028579711914,51.932139147639255,51.67647347565751,51.8762124723792,1012400
2014-06-27,51.90818405151367,51.93215176165382,51.788339405261006,51.84426609410533,707500
2014-06-30,51.9481201171875,52.07595601210575,51.93214367809821,52.05198830569632,1088700
2014-07-01,52.36358642578125,52.39554540301755,52.05199401716687,52.05998528536385,2235700
2014-07-02,52.55532836914063,52.67517299660692,52.49940168906315,52.61924631652944,2401000
2014-07-03,52.69115447998047,52.69914574805684,52.45946256572954,52.55533340043984,712500
2014-07-07,52.08395385742188,52.09993029852893,51.91617379581495,51.99606819245371,1181400
2014-07-08,51.7883415222168,51.97210413338948,51.71643838885716,51.91617744225904,1263100
2014-07-09,51.9481201171875,51.9720939191479,51.67647798381268,51.76436363768124,1353100
2014-07-10,51.56462478637695,51.56462478637695,51.18911446330745,51.21308216979256,1346100
2014-07-11,51.10123443603516,51.1731436589596,51.021340040437074,51.16515239073429,2387300
2014-07-14,51.41282653808594,51.42081780626342,51.29298189763016,51.316955702162616,679000
2014-07-15,51.38086700439453,51.57262086526743,51.26102846078842,51.53267062036435,1642100
2014-07-16,51.58060836791992,51.73241199074735,51.54066421676396,51.67648530268753,984400
2014-07-17,51.06926727294922,51.72441096472517,51.0373113484976,51.652507848877526,1322700
2014-07-18,51.7324104309082,51.77236067641142,51.46875343991095,51.56463037178767,2111200
2014-07-21,51.75637435913086,51.89219543103728,51.48473221531803,51.51669119027564,2497500
2014-07-22,52.3715705871582,52.48342394453093,52.22775825688599,52.25172596267289,2972000
2014-07-23,52.18781661987305,52.24374330777876,52.05998680275364,52.21178432961095,1435300
2014-07-24,52.067970275878906,52.10792052117245,51.9481256355499,52.04400256692343,2990700
2014-07-25,52.17982482910156,52.31565200884301,52.11591296895755,52.22776634364927,1366800
2014-07-28,52.84295654296875,52.906874494598526,52.587290832001024,52.587290832001024,2711700
2014-07-29,53.41820526123047,53.48212321207614,53.33831087044904,53.37825501806411,5925000
2014-07-30,53.817684173583984,54.13726783738512,53.6419128537158,54.05737344532268,2909200
2014-07-31,52.81098556518555,53.35427583946626,52.73908245760647,53.35427583946626,3782000
2014-08-01,53.21046447753906,53.37824449376519,52.93882238333013,52.97078135245178,2576200
2014-08-04,53.21846389770508,53.266399310957055,52.9228479596988,53.13057824304243,3156900
2014-08-05,52.41950607299805,52.72310717264692,52.35558812710856,52.72310717264692,2940100
2014-08-06,52.25172805786133,52.45146707482903,52.11590698925554,52.25172805786133,1749700
2014-08-07,51.91617202758789,52.13188750072061,51.82029509755583,52.10791979210048,2569300
2014-08-08,52.05198669433594,52.12388981133834,51.66848511700413,51.66848511700413,4572200
2014-08-11,52.21977233886719,52.26770775535121,52.131886678278846,52.17183692238316,2130200
2014-08-12,52.33961486816406,52.37157384305039,52.0999256042922,52.14786101884609,1679700
2014-08-13,52.675174713134766,52.73909266260648,52.53136237459899,52.66718344556301,1830600
2014-08-14,53.138580322265625,53.1625480337682,53.06667109220563,53.138580322265625,1061400
2014-08-15,52.978782653808594,53.50609666154496,52.76306716599496,53.29037507817937,2436300
2014-08-18,53.05068588256836,53.10661256534935,52.803005348351455,52.842955591288415,1940800
2014-08-19,53.34629440307617,53.39423591251261,53.18650562642431,53.18650562642431,1382900
2014-08-20,52.978782653808594,53.09862730061704,52.86692927560124,52.98677392240968,2138000
2014-08-21,52.27569580078125,52.315646042422856,52.1958014130491,52.29966350754579,1725300
2014-08-22,52.56332778930664,52.61126320950781,52.31565332419803,52.52337754210439,1411500
2014-08-25,52.74707794189453,52.81099589149623,52.675174820256,52.69914252746885,1136600
2014-08-26,53.26640319824219,53.2903709066173,52.93883435786324,52.93883435786324,2433300
2014-08-27,53.27439498901367,53.3223304062343,53.09862366513602,53.2184683037391,1523300
2014-08-28,53.2584114074707,53.27438784588492,52.89088627288594,52.89088627288594,2552300
2014-08-29,53.05068588256836,53.170530515827984,52.98676793208972,53.11460383304699,1470000
2014-09-02,52.25172805786133,52.39554039390012,52.1798188420664,52.29167220392424,2192400
2014-09-03,52.12389373779297,52.419509686245405,52.12389373779297,52.315647588678935,1605100
2014-09-04,52.10791778564453,52.40352764131219,52.051991102500544,52.24373885962974,1180400
2014-09-05,51.99606323242188,52.04399864672211,51.73240626266828,51.84425962640292,3481200
2014-09-08,51.44477844238281,51.91616567121996,51.21308046150365,51.77235334155533,2992200
2014-09-09,50.81360626220703,51.2690109910949,50.57392004402009,51.2690109910949,3095400
2014-09-10,51.02133560180664,51.13318896502354,50.46206573794659,50.67778424462585,2341100
2014-09-11,50.81360626220703,50.87752421253722,50.70175289690484,50.733711872069925,1778800
2014-09-12,50.90948486328125,51.08525313692305,50.78964022635554,50.981391035881536,3600200
2014-09-15,50.709747314453125,50.84556839567794,50.62984987157751,50.82958890710282,1209600
2014-09-16,51.29298400878906,51.460770169664,50.74170534510933,50.74170534510933,2664300
2014-09-17,51.197113037109375,51.668494253391245,51.16515405871795,51.34891056502883,2023900
2014-09-18,50.77366638183594,50.81361358265948,50.70975147007349,50.77366638183594,1381200
2014-09-19,50.66979598999024,50.89350577750168,50.57392210835718,50.83757909256776,2831800
2014-09-22,49.8548698425293,50.11053559164781,49.67110722806023,50.01465864989626,2469800
2014-09-23,49.70305633544922,49.92676610732151,49.65512092187164,49.70305633544922,1865900
2014-09-24,50.23036575317383,50.2862924325657,49.80692002412807,49.91877338291182,2077300
2014-09-25,49.319557189941406,49.63914083286936,49.231671535747445,49.63114956551964,2329600
2014-09-26,49.42342758178711,49.5193014657409,49.2636357433469,49.43940707040871,1787900
2014-09-29,48.7922477722168,48.848174454235966,48.58452053154213,48.62446772615931,1564000
2014-09-30,48.34483337402344,48.58452264771771,48.3048861776663,48.52060469532572,4036100
2014-10-01,47.08248519897461,47.82551464707788,47.07449393088381,47.6896905195164,5137000
2014-10-02,46.906715393066406,47.13841341078904,46.60311424685317,46.85877997407268,4036300
2014-10-03,47.026554107666016,47.13041924868506,46.45929603739554,46.82681509297003,3438600
2014-10-06,46.95464706420898,47.01856196287568,46.81083473248962,46.8827408983493,1904500
2014-10-07,46.53120803833008,46.77888249702834,46.49125779216183,46.77888249702834,1601000
2014-10-08,46.786869049072266,46.85078395050202,45.96394221581935,46.21960791708951,3209800
2014-10-09,46.02786636352539,46.73893688142774,45.72426215946533,46.69898968168257,3442300
2014-10-10,45.1170539855957,45.58044695973898,45.08509500868215,45.47658180865785,5386100
2014-10-13,45.524513244628906,46.09976254914587,45.50853375863952,45.97192970900603,2774400
2014-10-14,45.66832733154297,45.89203404846909,45.52451499986891,45.78018069000603,2922600
2014-10-15,45.60441207885742,45.73224492293358,44.98921556431108,45.59642081172899,4727100
2014-10-16,45.444618225097656,45.73224287332221,44.861380709653545,45.20493203416896,4637000
2014-10-17,45.38071441650391,45.57246525763555,45.15700764166383,45.516538563925536,2524900
2014-10-20,46.01188278198242,46.059821246078776,45.70029038479535,45.836111461404805,1850000
2014-10-21,46.17167282104492,46.21960823550358,45.93198660542486,46.00389277488844,2106000
2014-10-22,45.979923248291016,46.17167405457526,45.90801707690638,46.13971507889861,1403200
2014-10-23,46.04383850097656,46.21960676134489,46.01187952717305,46.083785694343206,1838800
2014-10-24,46.00389099121094,46.10775308369479,45.88404636415977,45.92399355725167,3458400
2014-10-27,46.25157165527344,46.27553936480616,46.05982388345996,46.091779813578285,1949000
2014-10-28,46.69099807739258,46.73094832462651,46.41935285419199,46.41935285419199,2324000
2014-10-29,47.154388427734375,47.66571983368026,47.01057608884015,47.47396903256276,3868900
2014-10-30,47.434024810791016,47.45799556729278,47.08248520911487,47.122432406250105,2426300
2014-10-31,46.84280014038086,46.98661249185534,46.722955498226845,46.88274733850692,4894500
2014-11-03,46.059818267822266,46.33945167086382,45.884046958610135,46.2915132098672,3887100
2014-11-04,45.84410095214844,45.8600804395611,45.652350150971984,45.82013019714164,1432500
2014-11-05,45.1170539855957,45.29282226306864,44.90133546309294,45.29282226306864,4831400
2014-11-06,45.30879592895508,45.78018011063772,45.26086051752066,45.56446161585664,3195700
2014-11-07,45.57245635986328,45.60441533510811,45.33277014107831,45.43663223896056,1695300
2014-11-10,45.96394729614258,46.187657095311934,45.96394729614258,46.14770684875519,1417600
2014-11-11,45.58843231201172,45.70028566891855,45.52451436647902,45.70028566891855,2173000
2014-11-12,45.74822616577149,45.96394468426102,45.65235228459027,45.65235228459027,3084400
2014-11-13,45.58843231201172,45.77219183375513,45.4765759073295,45.73224464168489,1664400
2014-11-14,45.22090911865234,45.2448798715306,44.78148392103834,44.79746340703207,2576600
2014-11-17,45.172977447509766,45.36472519975528,45.1250389855606,45.36472519975528,1554800
2014-11-18,45.524513244628906,45.67631378986519,45.51652502552187,45.63636659877936,1137400
2014-11-19,44.853397369384766,44.98123023032241,44.66164960186621,44.98123023032241,2419200
2014-11-20,44.74153900146485,44.83741287451942,44.66164461521527,44.71757129514506,1741400
2014-11-21,45.37271499633789,45.38869448313623,45.08509032951872,45.30879704914453,3321400
2014-11-24,45.4046745300293,45.444621723630185,45.18895602725389,45.4366304562447,1644400
2014-11-25,45.332767486572266,45.52451523126201,45.31678799988555,45.43662957837277,1693700
2014-11-26,45.95595550537109,45.97193499319723,45.7002897957042,45.7002897957042,2264900
2014-11-28,45.444618225097656,45.82012547336836,45.36472079627124,45.82012547336836,2132200
2014-12-01,45.10107421875,45.44462559901056,45.0211767769593,45.42065484258547,2240300
2014-12-02,45.02916717529297,45.12504105581424,44.96524922309498,45.12504105581424,1833900
2014-12-03,45.013179779052734,45.13302439448108,44.99720029381061,45.077094672246055,2022900
2014-12-04,45.47658157348633,45.68431187457436,45.420654888064725,45.51653181830956,2050000
2014-12-05,45.21292495727539,45.60441477981863,45.141018787737885,45.60441477981863,2564800
2014-12-08,45.23689270019531,45.38070503938372,45.20493677309002,45.30081064995709,2205400
2014-12-09,45.54049682617188,45.57245580102481,45.30081061032609,45.34874602482989,3868600
2014-12-10,44.84540557861328,45.10905949990445,44.64566655881444,45.10905949990445,3907300
2014-12-11,44.4619140625,44.74154751536058,44.318101701664254,44.74154751536058,3775800
2014-12-12,43.84670639038086,44.31009928825386,43.79876793290077,44.30211106922816,4039000
2014-12-15,44.29412460327149,44.63767596634322,44.23819792070405,44.57376106388427,4052300
2014-12-16,44.933292388916016,45.31679095104548,44.79746826712136,44.84540673030341,6096600
2014-12-17,44.66891860961914,44.95997450035592,44.36977920375477,44.39403283327151,4742800
2014-12-18,44.56380462646485,44.61231495898435,44.385939575493246,44.51529737807863,4368500
2014-12-19,44.70125961303711,44.976145394148304,44.6608358684307,44.8791247061321,3569100
2014-12-22,45.21868133544922,45.35612265472696,45.113577154503474,45.137833863419175,2407400
2014-12-23,44.7093391418457,45.105499205586966,44.57189780561192,44.8872073032153,2344900
2014-12-24,44.95998001098633,45.08125125756792,44.911469661873085,44.9680635271047,873000
2014-12-26,45.17826461791992,45.36421629978348,45.13784087562504,45.13784087562504,902300
2014-12-29,45.00848388671875,45.032740601515954,44.86295901860608,44.95997662539256,2091700
2014-12-30,44.644657135009766,44.66082724655745,44.3940250322207,44.515299326761664,2078600
2014-12-31,44.70125961303711,45.00848253935302,44.6608358684307,44.80636073218696,1871400
2015-01-02,44.23233413696289,44.85486965338339,44.05446904950984,44.85486965338339,4266300
2015-01-05,43.68256378173828,44.00595990540604,43.56129254846338,44.00595990540604,3945700
2015-01-06,43.5208625793457,43.77149160941399,43.39958827928238,43.61788016891621,2879400
2015-01-07,44.07063674926758,44.09489346293783,43.76341382802806,43.82809120150281,3195200
2015-01-08,44.92763519287109,45.06507962593035,44.6042390667244,44.612325666151776,3626500
2015-01-09,45.339962005615234,45.55016731294301,45.25102792339178,45.50974357124157,3655100
2015-01-12,45.34804534912109,45.61484451065053,45.30762160757224,45.61484451065053,2070100
2015-01-13,45.74420547485352,45.97866440978062,45.54208368272525,45.81696635925125,2804800
2015-01-14,45.4531478881836,45.63909955983942,45.02464760780535,45.02464760780535,2399400
2015-01-15,45.525909423828125,45.80887867338799,45.46931557391615,45.719944599488166,2366500
2015-01-16,45.46123123168945,45.56633542279858,45.13783822816442,45.55016531000228,4015300
2015-01-20,45.43697738647461,45.4935712389232,45.25910923070269,45.44506090076713,2853100
2015-01-21,45.865478515625,45.9705827152506,45.43698128627018,45.768460915119626,2411200
2015-01-22,46.390995025634766,46.57694670603152,45.77654304471748,46.01100506596576,3475600
2015-01-23,46.390995025634766,46.54460647879718,46.350571283658745,46.46375899484513,1835800
2015-01-26,46.47184371948242,46.52843757654904,46.21312806313963,46.334402376358895,1414900
2015-01-27,46.285892486572266,46.46376065859637,46.20504499972528,46.46376065859637,1643900
2015-01-28,46.12419509887695,46.488014963242165,46.01909089714167,46.39099736078944,2711500
2015-01-29,46.02717208862305,46.03525560282187,45.65526875280474,46.01100197609178,2596800
2015-01-30,44.99231719970703,45.35613399897159,44.9599769691529,45.21060604561211,4215200
2015-02-02,45.74420547485352,45.92207055471541,45.3561289199295,45.40463926032845,2297700
2015-02-03,46.08376693725586,46.13227727589899,45.61484291610664,45.83313481380021,2773000
2015-02-04,46.302059173583984,46.52035107287406,46.237378721586765,46.31822928658329,1592600
2015-02-05,46.1080207824707,46.148447606931256,45.76037106421907,45.79271129013404,1541300
2015-02-06,45.39655303955078,45.60675833381487,45.22676840034231,45.60675833381487,1921000
2015-02-09,45.37229919433594,45.38846930785961,45.154007287967055,45.154007287967055,1814200
2015-02-10,45.04082107543945,45.17017890379733,44.91954984617927,45.06507778859861,1741200
2015-02-11,44.499141693115234,44.92763897481597,44.43446122878757,44.82253476235067,11404000
2015-02-12,44.93571472167969,44.98422197407528,44.67699601099121,44.77401668404947,2597000
2015-02-13,45.29953384399414,45.3722978105646,45.12166876892589,45.12166876892589,2209300
2015-02-17,45.21868133544922,45.26719166914726,45.07315341848845,45.12166375218649,1331600
2015-02-18,45.25910568237305,45.3318696418356,44.87103225995056,44.88720237140151,1490900
2015-02-19,45.04890441894531,45.23485609101304,44.92763011431547,45.00847759464624,1590000
2015-02-20,45.412723541259766,45.53399785223655,44.97614280683781,45.154007889700885,2472600
2015-02-23,45.2752799987793,45.42889144562989,45.16209229224374,45.41272133267714,1450300
2015-02-24,45.59867477416992,45.69569236495404,45.1054971378058,45.25910858022512,2121100
2015-02-25,45.85739517211914,45.93015914380375,45.71186722874994,45.79271471545108,2424800
2015-02-26,45.92207717895508,46.01101127378163,45.88165343152507,45.93016377892162,1998200
2015-02-27,45.78463363647461,45.95441521806086,45.74420989097323,45.91399147255948,2372900
2015-03-02,46.13227462768555,46.14844473963834,45.96248999424788,46.08376429182714,1718800
2015-03-03,46.277809143066406,46.4395041173597,46.261639028810286,46.4395041173597,2783900
2015-03-04,46.11610794067383,46.2778059880773,45.9867501195778,46.22929564861614,2352200
2015-03-05,46.1484489440918,46.28589028201225,46.09185200503386,46.21312631366207,1200700
2015-03-06,45.91398620605469,46.20504207489398,45.75228815846245,46.19695547624081,3025000
2015-03-09,45.558250427246094,45.71186496214887,45.44506271782328,45.59867725272605,2391800
2015-03-10,44.44253158569336,44.838688490439765,44.42636147552143,44.83060497742038,3227500
2015-03-11,44.56380462646485,44.70124902653679,44.48295715639896,44.62039847233762,2002300
2015-03-12,44.94380569458008,45.13784398876567,44.93572217921712,45.12167387390569,2217700
2015-03-13,44.297019958496094,44.50722529972046,44.11106824937684,44.49105518360562,2398500
2015-03-16,44.94380569458008,45.08933364418575,44.80636126033736,44.80636126033736,2111000
2015-03-17,46.09185409545898,46.10802420961837,45.80888480800455,45.97058286546448,4102400
2015-03-18,46.85991287231445,46.96501706177983,45.78462660331318,45.88972770864494,4930900
2015-03-19,46.2535514831543,46.39907942434756,46.0595162843192,46.39907942434756,2177600
2015-03-20,46.7063102722168,46.811414481581465,46.447594590807,46.45567810654234,2822500
2015-03-23,46.82757186889648,46.90842243026973,46.6820470266918,46.74672439165682,2285900
2015-03-24,46.95693588256836,46.9973596238702,46.85183168787653,46.85183168787653,1557300
2015-03-25,46.730560302734375,47.21565448109947,46.70630667326301,47.0943801654747,3061100
2015-03-26,46.35865783691406,46.52843941482175,46.1241958002983,46.52843941482175,2063800
2015-03-27,46.34248733520508,46.41525130857696,46.18887587325731,46.27780996117117,1453200
2015-03-30,46.55269241333008,46.63353989612837,46.40716447698614,46.40716447698614,1896600
2015-03-31,46.277809143066406,46.35865663021305,46.17270494246861,46.213128686041934,1876500
2015-04-01,46.39907836914063,46.43950211096747,46.15653283404579,46.22929680298762,1748300
2015-04-02,46.90033721923828,46.96501767024993,46.69821543602738,46.76289588703903,2888300
2015-04-06,47.52287673950195,47.66840468257082,47.19139711009708,47.27224768076529,3325500
2015-04-07,46.98118591308594,47.14288395004558,46.96501580097662,47.126713837936265,2840000
2015-04-08,47.498626708984375,47.66032477843754,47.35309875488995,47.53096693970184,3765100
2015-04-09,47.36118316650391,47.490540999263146,47.26416247883397,47.4177770255777,2197200
2015-04-10,48.18583297729492,48.242426831147554,47.99179778812411,48.04839164197674,2928200
2015-04-13,48.040306091308594,48.37178879129605,48.02413906196979,48.22626085417651,3565300
2015-04-14,48.88113784790039,48.94581830756108,48.670932522271286,48.83263058728894,3605100
2015-04-15,49.17219161987305,49.3177195636769,48.94581618912657,49.01049356185388,2056200
2015-04-16,49.738128662109375,49.91599681782673,49.37430883638463,49.38239543480832,3412700
2015-04-17,49.33388519287109,49.503666750495846,49.2530346291448,49.430902785209,4007500
2015-04-20,49.9240837097168,50.06961164985235,49.8189795120336,49.82706611100439,2936200
2015-04-21,49.6734504699707,49.89174237533157,49.66536695531309,49.86748874722496,2249200
2015-04-22,50.0615234375,50.15045751850933,49.90791198747811,50.11003377735975,2961100
2015-04-23,50.8700065612793,51.03979119525175,50.49001972365884,50.67597138550151,2869700
2015-04-24,50.64363861083984,50.89427075756379,50.50619726479166,50.89427075756379,2260300
2015-04-27,50.65980529785156,50.72448575100464,50.56278770225571,50.57087121683297,1991500
2015-04-28,50.80533218383789,50.81341569824816,50.473852578610085,50.53852994629337,3042800
2015-04-29,50.0938606262207,50.29598240384503,49.9483326996005,50.04535337343635,3348600
2015-04-30,49.45516204833984,49.75430454201798,49.41473830393669,49.67345396907767,2689100
2015-05-01,49.447078704833984,49.55218290795439,49.2611270126265,49.406654960290446,2449800
2015-05-04,49.867488861083984,49.92408271621782,49.64919695522471,49.77047126430224,3496800
2015-05-05,49.301544189453125,49.84323216340427,49.26112045029464,49.70578774930512,3078600
2015-05-06,48.79219818115234,49.059000420557005,48.6466702476832,48.913472487087866,3577600
2015-05-07,48.27477264404297,48.37987684941847,48.08882094784574,48.35562321899877,2829600
2015-05-08,48.49306869506836,48.58200279301749,48.282863350571255,48.50923881143496,2422400
2015-05-11,47.91094970703125,48.19392207510216,47.88669607816062,48.18583547605603,2423800
2015-05-12,47.919036865234375,48.04030809513653,47.61181086470788,47.69266143544324,1353800
2015-05-13,48.21817398071289,48.41221225714493,48.21009046608953,48.266684320854345,2114800
2015-05-14,48.77603530883789,48.84879619763932,48.5496567907422,48.55774339003168,1709800
2015-05-15,48.323280334472656,48.33945044857554,47.99180070569823,48.01605433478561,2479300
2015-05-18,48.04839324951172,48.22626141564727,48.03222313585087,48.22626141564727,1282300
2015-05-19,48.16158676147461,48.282861086470085,48.104992898912506,48.25860437099047,1476100
2015-05-20,48.43645858764648,48.61432672390018,48.29093067328133,48.42028847670221,1658300
2015-05-21,48.16158676147461,48.17775687708295,47.878617448664095,47.878617448664095,1454300
2015-05-22,48.40412902832031,48.56582708924893,48.38795891381405,48.47689300153149,1895100
2015-05-26,47.59564208984375,47.92712172885132,47.47437085652918,47.91095161424924,2632800
2015-05-27,46.88417053222656,46.94076438520728,46.69013226191149,46.843743707982895,3320900
2015-05-28,46.75481414794922,46.77906777593264,46.5931160984143,46.75481414794922,1681600
2015-05-29,46.730560302734375,46.851834618359135,46.66588292943274,46.762900531452175,2196900
2015-06-01,46.277809143066406,46.43142060229861,46.14036471395638,46.42333400310358,2488000
2015-06-02,46.14036560058594,46.18887594428647,45.85739630600122,45.92207368013459,2470900
2015-06-03,45.84122848510742,46.00292655473242,45.75229439260696,45.83314188535239,1662900
2015-06-04,45.525909423828125,45.76845493546993,45.44505886385851,45.63101052558835,1852700
2015-06-05,45.14591979980469,45.39655191116182,45.09740946350325,45.2025136500896,2983900
2015-06-08,45.17826461791992,45.202518246470085,45.0408201931567,45.15400790523592,1539300
2015-06-09,45.04890441894531,45.18634575233437,45.00039408026664,45.1054982720036,1465300
2015-06-10,45.46932220458984,45.52591606275475,45.23486017268725,45.23486017268725,3171400
2015-06-11,45.25910568237305,45.38037997618844,45.17017161145954,45.26719228016522,1839400
2015-06-12,44.79827499389648,44.79827499389648,44.58806968189376,44.73359762256252,2112900
2015-06-15,44.57998275756836,44.693170469677206,44.4344548179616,44.66891684112069,1447900
2015-06-16,44.2889289855957,44.321269214632345,44.07872366512553,44.2485052413669,2231800
2015-06-17,44.677001953125,44.83061649716485,43.9978725720593,44.35360891898616,3625800
2015-06-18,45.113582611083984,45.29953428655101,45.04081864380265,45.113582611083984,3871000
2015-06-19,45.0246467590332,45.23485513807878,45.0246467590332,45.210598427183605,1882300
2015-06-22,45.61484909057617,45.79271727221038,45.61484909057617,45.6956996659254,2002400
2015-06-23,45.93015670776367,45.98675056227964,45.79271228670078,45.83313602790736,2385800
2015-06-24,45.53400039672852,45.63910459983948,45.485490052800216,45.62293448519672,1574800
2015-06-25,45.339962005615234,45.792712847285465,45.30762177860056,45.792712847285465,2304100
2015-06-26,45.09740829467773,45.15400214349586,44.99230719494891,45.14591862972189,1606600
2015-06-29,44.35360336303711,44.65274273028072,44.14339498725133,44.65274273028072,2413300
2015-06-30,44.55572891235352,44.90337864593096,44.55572891235352,44.7901909343725,2502100
2015-07-01,45.04082107543945,45.53399875984569,44.959973589266,45.53399875984569,2076500
2015-07-02,45.08932876586914,45.34804440736953,45.05698853964816,45.21059998799723,1152800
2015-07-06,43.7310676574707,43.92510591979886,43.52086236707095,43.83617184473735,3216900
2015-07-07,43.3834228515625,43.43193319365271,42.898331767196,43.28640525151598,3646200
2015-07-08,42.36473083496094,42.79322806728794,42.34856072074223,42.77705795306923,5894200
2015-07-09,42.91450119018555,43.36725203920139,42.90641459123378,43.3268282968441,2583600
2015-07-10,43.31874465942383,43.44001588615248,43.25406420452814,43.34299828794279,3211300
2015-07-13,43.3834228515625,43.561291021759374,43.35108262350237,43.51278067966916,1782500
2015-07-14,43.01152038574219,43.0438606144824,42.78514186869469,43.00343378649016,2314900
2015-07-15,42.72046661376953,42.86599456618293,42.60727889170001,42.85790796652991,1710200
2015-07-16,43.21364212036133,43.41576392346486,43.1408781478787,43.1408781478787,1922200
2015-07-17,42.80939865112305,42.874076024573455,42.71238104888045,42.874076024573455,2468700
2015-07-20,42.43749237060547,42.47791611176461,42.16260661293607,42.43749237060547,1952400
2015-07-21,42.59918975830078,42.68004032935163,42.54259590063216,42.59918975830078,2005000
2015-07-22,42.08175659179688,42.25153815734561,41.984738994931,42.18686078747962,2064600
2015-07-23,41.63708114624024,41.984730808366685,41.61282752278641,41.92813696421896,2022400
2015-07-24,40.89328384399414,41.22476347090716,40.77200953097044,41.22476347090716,2234500
2015-07-27,41.16007995605469,41.32177800002509,41.13582632890591,41.15199644171632,2187100
2015-07-28,41.774539947509766,41.87964416670176,41.49157060830188,41.56433459326026,1729500
2015-07-29,42.04133605957031,42.300051727052335,41.91197822582931,42.04133605957031,3209900
2015-07-30,41.11156463623047,41.18432859299382,40.90944287679151,41.10348112287156,2204700
2015-07-31,41.37837219238281,41.5885774923759,41.27326800031942,41.46730627150309,3134700
2015-08-03,40.75584030151367,41.03880959253193,40.65882269946941,40.97413221921374,2307800
2015-08-04,41.127742767333984,41.41071513621047,41.07114891038547,41.29752742231343,2010000
2015-08-05,40.89328384399414,41.30561095683369,40.89328384399414,41.24093050078535,1637200
2015-08-06,40.4486083984375,40.75583435826586,40.41627125856097,40.64264665836423,1640600
2015-08-07,40.44052505493164,40.513289017194126,40.319250756449655,40.34350746662617,1461500
2015-08-10,40.9013671875,40.94987752933293,40.497123591293885,40.58605767592065,1368200
2015-08-11,39.54310607910156,39.69671752613236,39.39757814648978,39.69671752613236,2910000
2015-08-12,39.59162139892578,39.63204514437383,39.26014175163725,39.34907275796933,4989700
2015-08-13,39.68054962158203,39.82607446684852,39.58352894589287,39.70480324843751,1656400
2015-08-14,39.76948547363281,39.939270134765614,39.67246787022407,39.72097821399544,1287600
2015-08-17,39.195457458496094,39.33290188053899,39.066099635232426,39.187373943850645,2004000
2015-08-18,38.94482421875,39.04184489653814,38.91248707695432,38.98525104322857,2678600
2015-08-19,38.68611526489258,39.074191874840885,38.58909765447262,38.79121947525917,5250200
2015-08-20,37.80485916137695,38.03932118365493,37.73209519184702,37.9908139267242,3664900
2015-08-21,36.923614501953125,37.69976467473353,36.90744746955725,37.61891409208225,5439000
2015-08-24,36.13937759399414,37.1176463424457,34.71643842885202,35.136852132910654,10250700
2015-08-25,36.85893249511719,38.19293764220335,36.8346788654322,38.0150694668228,6133100
2015-08-26,37.92613220214844,37.96655594294855,37.32785035225217,37.59465259297359,5400300
2015-08-27,38.92057037353516,38.96099411365378,38.36271535797725,38.492073176837074,6680900
2015-08-28,38.7993049621582,38.91249268509015,38.613350178331,38.7993049621582,3472400
2015-08-31,38.67802810668945,38.81546945149674,38.48398981998829,38.65377447740203,3496100
2015-09-01,37.86954116821289,38.24144454588218,37.79677719570073,37.99889899888629,5010400
2015-09-02,38.52441787719727,38.54058490781558,38.28186924004611,38.54058490781558,3175200
2015-09-03,38.314208984375,38.6941989659082,38.27378524007304,38.37888944256533,2547800
2015-09-04,37.33594512939453,37.93422402621108,37.263181146361774,37.93422402621108,3083500
2015-09-08,38.26569747924805,38.27378099355796,37.918047765382106,38.10399943584678,3128900
2015-09-09,38.75887298583984,39.29247438319715,38.73461935818433,39.17928667529314,3942700
2015-09-10,39.21163177490234,39.268225635887966,38.80738814835696,38.815471663868856,3994800
2015-09-11,39.276309967041016,39.276309967041016,38.94482725165059,38.98525407927748,1919200
2015-09-14,38.94482421875,39.13077897577708,38.85589322364475,38.969080930263885,1578200
2015-09-15,39.3975830078125,39.510770728447234,39.13078382119264,39.15503745157606,3032100
2015-09-16,40.9337043762207,41.02263845424447,40.561797951381934,40.642648515100646,4382800
2015-09-17,40.87711715698242,41.75028179790097,40.8043531798947,40.85286044186374,5304900
2015-09-18,40.41627502441406,40.94987643376487,40.359678085056224,40.78009178395895,3593700
2015-09-21,39.86650466918945,40.028199640774666,39.73714684144095,39.979692382952656,2640700
2015-09-22,39.34098434448242,39.38949468346088,39.187372897251215,39.332900830052864,2525600
2015-09-23,38.99333190917969,39.31672797824072,38.969078283446834,39.26013412877506,2777400
2015-09-24,38.78313064575195,38.91248846996661,38.41931080135644,38.52441499732265,3444500
2015-09-25,38.82355880737305,39.21163232419684,38.76696494559463,39.13886834703399,1982800
2015-09-28,38.0393180847168,38.68610715888338,37.93421389637298,38.56483594230229,4328200
2015-09-29,37.91804122924805,38.16058671047427,37.74017310375336,38.0635691348104,2832100
2015-09-30,39.43800735473633,39.51885793080446,39.27631237086831,39.38950009322957,3759500
2015-10-01,40.08480453491211,40.13331180235832,39.81800222741996,40.02820758266736,2844200
2015-10-02,40.4809455871582,40.50519921128043,39.54310075012188,39.58352448503667,4542700
2015-10-05,41.2894401550293,41.2894401550293,40.74775522325025,40.79626248034459,4682200
2015-10-06,41.19242477416992,41.34603623679424,40.99838648294561,41.06306694139838,2369700
2015-10-07,42.43749237060547,42.63152756182283,42.29196443512557,42.37281191744384,3884500
2015-10-08,42.77705764770508,42.82556799001491,42.30005007612706,42.32430370521502,3265400
2015-10-09,43.16513442993164,43.88468759973708,43.01960647602333,43.49661408402631,4714800
2015-10-12,43.00343322753906,43.20555502833727,42.96300948420621,43.20555502833727,2157800
2015-10-13,42.4779167175293,42.81747984906897,42.43749297579369,42.55068068630691,3628400
2015-10-14,42.93066787719727,43.06811230107576,42.801310052206006,42.88216062040919,1997700
2015-10-15,44.13531112670898,44.19998849127366,43.90084912637827,43.97361308909699,4657600
2015-10-16,43.90893173217773,43.96552557757619,43.72298008527806,43.73914711184911,2785200
2015-10-19,43.65830612182617,43.900851650120686,43.54511841423098,43.82000416873375,2290700
2015-10-20,43.86851119995117,43.96553187808064,43.7472399784899,43.84425757248566,1584600
2015-10-21,43.53703689575195,43.73915870693768,43.44810588950286,43.69065144609892,2667200
2015-10-22,44.1838264465332,44.23233370439424,43.64213842205843,43.64213842205843,3040000
2015-10-23,44.26466751098633,44.45061916879035,44.14339321565902,44.35360158300856,2225500
2015-10-26,44.224246978759766,44.29701094440252,44.12722938594733,44.28892434592351,1229700
2015-10-27,43.900856018066406,44.05447056577277,43.84426215863797,44.05447056577277,1538200
2015-10-28,43.53703689575195,44.32127051007548,43.2944913391559,44.22425290426387,5225500
2015-10-29,43.5208625793457,43.58553994434818,43.2298067265006,43.27831397921907,2643500
2015-10-30,43.96553802490234,44.18382995501247,43.92511427876361,44.102979378600864,2116800
2015-11-02,44.72551345825195,44.76593720305293,44.23233575293151,44.23233575293151,3874500
2015-11-03,45.34804534912109,45.45314954445513,44.80635734313839,44.80635734313839,3118800
2015-11-04,44.70125961303711,45.02465265402238,44.5638151804145,45.00039902408535,2620100
2015-11-05,44.66891860961914,44.69317223913588,44.38594931814392,44.54764429376749,1912000
2015-11-06,43.81191253662109,43.81999913431096,43.40766900786201,43.60979077224155,3154400
2015-11-09,42.91450119018555,43.3268282968441,42.80939699274951,43.3268282968441,3642000
2015-11-10,42.53451156616211,42.599188937622834,42.37281351130948,42.51025793738107,2411300
2015-11-11,42.75279998779297,42.914498029446605,42.69620613583424,42.890241318511706,1886800
2015-11-12,42.267704010009766,42.58301348113915,42.17876993679205,42.38897830696729,1940000
2015-11-13,41.44304656982422,41.75027252530902,41.37028260889712,41.75027252530902,2655500
2015-11-16,41.83921051025391,41.87155073683075,41.28943899498268,41.28943899498268,2762600
2015-11-17,41.5966682434082,41.75836630484756,41.49965064019818,41.70985596117556,2549900
2015-11-18,42.06558227539063,42.15451634868774,41.63708510492288,41.70176555246023,2665000
2015-11-19,42.75279998779297,42.8498175791317,42.56684831933805,42.574931833560605,4103100
2015-11-20,42.97109603881836,43.21364158269805,42.938755810532015,43.043860010395655,3197900
2015-11-23,42.87407302856445,43.0034308505598,42.80939565963366,42.8821596272644,2613100
2015-11-24,43.44001388549805,43.53703147923954,43.04385691197564,43.16512813311908,3031800
2015-11-25,43.44001388549805,43.52894796481679,43.3672499191585,43.47235411145644,1624200
2015-11-27,43.18129348754883,43.4157554737091,43.15703986281961,43.37533173778262,992600
2015-11-30,42.70429229736328,42.72854592566808,42.49408698907613,42.51834061738093,5739900
2015-12-01,43.44810104370117,43.49660829912988,43.10853483503152,43.14087506140648,3031700
2015-12-02,42.63962173461914,42.768979579786496,42.49409377328908,42.696215599121466,3037200
2015-12-03,42.17877197265625,42.34855661341856,41.87963259895806,42.25962253590821,3039100
2015-12-04,42.283878326416016,42.38089592314898,41.66942943492887,41.77453054633383,2663700
2015-12-07,41.313697814941406,41.62092383776445,41.17625646091755,41.588583607123255,2808500
2015-12-08,40.869022369384766,40.90136259364108,40.60222322960404,40.68307070611128,3267900
2015-12-09,40.72349548339844,41.06306167848644,40.626477892287696,40.81242956030562,3083800
2015-12-10,40.90944290161133,41.16815850711949,40.85284905566475,41.07922752358436,2967100
2015-12-11,40.141395568847656,40.41628137346108,40.06863158868133,40.35968442521236,3789000
2015-12-14,40.52945709228516,40.61839116215105,40.13329707673712,40.43243642472235,3874000
2015-12-15,41.127742767333984,41.27327070923986,40.94179108248401,40.98221482542811,2793100
2015-12-16,42.21111679077149,42.40515507955506,41.66943183664621,41.79070306851871,4781100
2015-12-17,41.14391326904297,41.50773312723597,41.13582975403153,41.42688564058594,4693600
2015-12-18,41.30561065673828,41.68560062292684,41.28135702796331,41.62092016734841,3502100
2015-12-21,41.95307159423828,42.00275073377639,41.59704881543004,41.85371647360441,2518800
2015-12-22,42.34222030639648,42.3753397353744,42.01103549194505,42.12695033492518,3610700
2015-12-23,42.68996810913086,42.75620380882308,42.47469497863528,42.5243741222364,1768200
2015-12-24,42.3587760925293,42.40017379569117,42.23457982460136,42.3008186764142,867100
2015-12-28,41.87027359008789,41.89511157909538,41.67156336114368,41.79575646462328,2196600
2015-12-29,41.96136093139648,42.40846379610213,41.96136093139648,42.226310075271776,5127000
2015-12-30,41.46458053588867,41.630171375827054,41.39834167315907,41.47285881450846,1990600
2015-12-31,41.1251106262207,41.431460625136246,41.11683234769669,41.26586662867108,1903800
2016-01-04,40.164669036865234,40.17295047379079,39.76724534239335,40.00735647815014,4194900
2016-01-05,40.33854675292969,40.57865474383584,40.29714588284382,40.47102132525282,2445900
2016-01-06,39.53541564941406,39.70928792356323,39.3863813691597,39.684449929668425,3941700
2016-01-07,38.906158447265625,39.38637751339608,38.873039019686296,39.02207328535082,4479600
2016-01-08,38.690895080566406,39.21251514189467,38.65777564463754,39.13799799027635,7636300
2016-01-11,39.121429443359375,39.24562572084229,38.74884376935316,38.988954887984114,3583600
2016-01-12,39.005516052246094,39.15455032738895,38.75712664648889,39.04691376013185,4304700
2016-01-13,38.89788055419922,39.73412880531422,38.806803699281474,39.60165424137279,3757500
2016-01-14,39.32014846801758,39.402943892529,38.81508816654616,39.038639602858574,4657200
2016-01-15,37.66421127319336,37.945720112663246,37.291625580006354,37.63937012135243,4847100
2016-01-19,38.740570068359375,39.10487434907044,38.55013806991203,39.08003635401646,3266900
2016-01-20,37.54001235961914,37.80496146544948,36.77828131152506,37.54001235961914,5323900
2016-01-21,38.04507446289063,38.42593842656957,37.72216792157836,37.962275889193485,4076200
2016-01-22,39.179386138916016,39.2704629862591,38.93927502472833,39.12970699715365,3500500
2016-01-25,38.64949798583984,39.32015236117984,38.63293826760936,39.18767777377922,2827800
2016-01-26,39.0137939453125,39.03035365999186,38.59153227553797,38.74884482732797,2330800
2016-01-27,38.72401428222656,39.253912620109695,38.50046282872401,39.07175888204616,3236200
2016-01-28,39.121429443359375,39.26218227662698,38.87304004683608,39.20422485605296,3432900
2016-01-29,39.52713394165039,39.56025021115613,38.99723256980632,39.013792283780425,3875300
2016-02-01,39.41950225830078,39.54369539081208,39.121433686765045,39.18767255085871,2684400
2016-02-02,38.3017463684082,39.41950354824412,38.19411294839817,39.41950354824412,3744300
2016-02-03,39.1048698425293,39.12142955680454,37.93743683288616,38.47561649228272,5069500
2016-02-04,39.850040435791016,40.28058352344202,39.709284446346224,39.90799785543226,3758900
2016-02-05,39.36154174804688,39.76724370428976,39.20422603736921,39.76724370428976,2517600
2016-02-08,39.08831405639648,39.2373483414082,38.48389863760136,38.65777091730074,3709200
2016-02-09,38.67433166503906,39.10487481562134,38.285189384631245,38.51701909708211,4035300
2016-02-10,38.8647575378418,39.65132657049188,38.83164126874389,39.10486864984573,3845600
2016-02-11,38.08647537231445,38.33486479740184,37.91260309059757,38.036796223919815,5012400
2016-02-12,38.475624084472656,38.49218380201554,37.99540175105847,38.09475689787261,3702900
2016-02-16,38.77368927001953,38.77368927001953,38.41766327029721,38.50045869227979,2905900
2016-02-17,39.22906875610352,39.32842388998793,38.75712792209908,38.79852563134736,2580900
2016-02-18,38.80680465698242,38.964120376974606,38.62465410109444,38.914441229854525,2629500
2016-02-19,38.60809326171875,38.83164467958853,38.57497383126929,38.583252109660286,2415300
2016-02-22,39.41950225830078,39.41950225830078,39.19595082964898,39.20422910843924,1910000
2016-02-23,38.75712966918945,39.13799366495058,38.73228851576649,39.07175480041322,2171800
2016-02-24,38.798526763916016,38.92271989528617,38.25206877393591,38.384543342463125,2467400
2016-02-25,38.930999755859375,38.94755947106002,38.45077749036895,38.55841405995176,2779400
2016-02-26,38.33486557006836,38.93100272904797,38.28518957911537,38.8399258677102,2003000
2016-02-29,38.57497787475586,38.773691319839344,38.55841815779531,38.64949502185678,2421600
2016-03-01,39.65961456298828,39.75896970359196,39.12143483103599,39.3449862662265,4033900
2016-03-02,39.974239349365234,39.99079906572722,39.50229848759912,39.56853735304704,3062800
2016-03-03,40.52069091796875,40.54553206778665,40.23090382378028,40.26402325124252,2120600
2016-03-04,41.183067321777344,41.21618359118982,40.644887673683,40.644887673683,4166600
2016-03-07,41.05060195922852,41.13339738895971,40.611777338012296,40.611777338012296,3287200
2016-03-08,40.106712341308594,40.33854520279739,40.081874346965904,40.25574662425039,2878400
2016-03-09,40.37166213989258,40.53725614126781,40.26402872367512,40.2888667184264,2985200
2016-03-10,41.04231643676758,41.20791043819367,40.66145244439758,41.00919700479378,2986500
2016-03-11,41.93651580810547,42.02758949459767,41.61360613285306,41.61360613285306,2838500
2016-03-14,41.5970573425293,41.77920790795724,41.54737819280732,41.77920790795724,1540900
2016-03-15,41.37350463867188,41.40662091236212,41.21618891526093,41.323825490472174,2387000
2016-03-16,42.25114822387695,42.30910565190739,41.3155479379897,41.34038593330475,3178000
2016-03-17,43.26953887939453,43.34405600963999,42.781038394105934,42.83071753375035,3408400
2016-03-18,43.170188903808594,43.27782547331238,42.91352121449388,43.12051291668586,1798000
2016-03-21,43.1287956237793,43.20331277055798,42.97148305099898,43.04600019777767,1224400
2016-03-22,43.393741607666016,43.5262161746586,43.103954479383134,43.15363046797859,1645000
2016-03-23,42.68996810913086,43.00459320994347,42.68996810913086,42.979755217364215,1916000
2016-03-24,42.68996810913086,42.72308437975567,42.49953612965714,42.57405010739492,1666500
2016-03-28,42.7065315246582,42.82244637799685,42.68169037148358,42.68169037148358,960400
2016-03-29,43.63385391235352,43.63385391235352,42.85556304685471,42.86384448413694,1893000
2016-03-30,44.122352600097656,44.34590402053243,44.072673453853454,44.24654572804402,2405200
2016-03-31,43.73320770263672,44.1389128390025,43.68352855580332,44.04783598236266,2635600
2016-04-01,43.10395812988281,43.19503183616851,42.44158208038008,42.54094038287134,2125400
2016-04-04,42.79759979248047,43.20330488611206,42.78932151476828,43.07910861133194,1828800
2016-04-05,41.99448013305664,42.24286955926842,41.97792041685013,42.13523298314758,2292300
2016-04-06,42.74793243408203,42.756210713464434,42.284269827589824,42.38362497239419,2358800
2016-04-07,42.08555603027344,42.416740871499066,42.04415516148275,42.391902876978925,2963700
2016-04-08,42.59889221191406,42.8721196117294,42.48297736602618,42.8721196117294,2324700
2016-04-11,43.02943420410156,43.22814446089644,42.93007591726154,42.93007591726154,3101600
2016-04-12,43.43513488769531,43.52621173542181,43.0045917992698,43.1536260667418,2772500
2016-04-13,43.931922912597656,44.15547434474689,43.76632890821567,43.97332062408242,5638700
2016-04-14,43.832557678222656,44.01471137006057,43.7746002596274,44.00643309245086,2499600
2016-04-15,43.72492980957031,43.96503779194176,43.70837009381317,43.91536180311317,5019900
2016-04-18,44.056114196777344,44.08095534937927,43.69180992919142,43.83256277401685,3432800
2016-04-19,44.72676849365234,44.93376020095815,44.61913192148933,44.71020877805474,3235300
2016-04-20,44.50322341918945,44.63569800442512,44.35418911599392,44.43698454735,1518300
2016-04-21,44.254825592041016,44.64396783590648,44.18030845454462,44.63568955771473,2396000
2016-04-22,43.78288269042969,44.07266978998996,43.74976326235352,44.00643409228012,1887400
2016-04-25,43.64213180541992,43.81600408549501,43.58417437872823,43.81600408549501,2206100
2016-04-26,43.981590270996094,44.072667113453214,43.83255601214667,43.99814998402851,3286700
2016-04-27,44.02299118041992,44.08923003737356,43.63384895036619,43.79116149796727,2037800
2016-04-28,43.7580451965332,43.91536091381894,43.509655782091706,43.56761320684663,4224200
2016-04-29,43.26125717163086,43.758035894913895,42.98802666291572,43.758035894913895,3920400
2016-05-02,43.53449249267578,43.567608761697805,43.2860999451347,43.451693924014606,2416500
2016-05-03,42.6485710144043,43.087395592240256,42.557497314080415,42.92180159070458,4678600
2016-05-04,41.8454475402832,42.24287127000536,41.8454475402832,42.23458983234527,5354200
2016-05-05,41.7460823059082,42.22630454026162,41.63016746546221,42.10210826353091,3438700
2016-05-06,41.78748321533203,41.903398055902535,41.45629524932272,41.66328693846791,3531000
2016-05-09,41.53081512451172,41.91167909964716,41.497695694036615,41.76264482095195,2833100
2016-05-10,42.2263069152832,42.2263069152832,42.00275549965976,42.00275549965976,2564000
2016-05-11,42.02759552001953,42.25942838357481,41.96135981503435,42.11867237801166,1715800
2016-05-12,41.878562927246094,42.21802919431664,41.82888378141526,42.1683500484858,2830800
2016-05-13,41.05060195922852,41.40662483382717,41.04232052118949,41.37350855700061,2971300
2016-05-16,41.3652229309082,41.42318035754073,41.27414607235913,41.32382522023396,1895100
2016-05-17,41.10855865478516,41.3735078153071,41.01748178864765,41.3321069427405,2540700
2016-05-18,40.437896728515625,40.83532039473277,40.28058418098463,40.61176899027765,3209600
2016-05-19,40.4544563293457,40.52897346395519,40.313700337997766,40.396498908920826,2692300
2016-05-20,40.62833023071289,40.694569090125285,40.54553481489006,40.58693252280148,2320100
2016-05-23,40.7773666381836,40.89328148977377,40.69457121803142,40.719409212388506,3899900
2016-05-24,40.61177062988281,40.69456920438077,40.48757750579988,40.51241549892793,3666400
2016-05-25,41.32382583618164,41.39834297988315,41.20791098118883,41.26586840868524,1967300
2016-05-26,41.34866714477539,41.53909915873013,41.2741499951024,41.45630372951265,2097500
2016-05-27,41.2244758605957,41.505984754454495,41.191356424037416,41.481143597814125,1555100
2016-05-31,41.19962692260742,41.39006206762853,41.18307036589862,41.257587504859096,2624800
2016-06-01,41.34866714477539,41.42318429444839,41.18307628634044,41.21619256296153,1800500
2016-06-02,41.81232452392578,41.82060280243352,41.48113653164629,41.48113653164629,3306200
2016-06-03,42.60717391967773,42.60717391967773,42.2180316426517,42.31738678163251,2894400
2016-06-06,43.10395812988281,43.26954898381541,42.77277010513144,42.78104838445084,3627200
2016-06-07,43.59245300292969,43.61729099606824,43.34406043777354,43.34406043777354,2223400
2016-06-08,43.9401969909668,44.02299240602133,43.79116271711453,43.8905178468685,2029800
2016-06-09,43.60073471069336,43.74149071924956,43.4765384183463,43.56761527827509,2025000
2016-06-10,42.84728240966797,43.14535096656432,42.68168841600969,43.03771439692004,2266100
2016-06-13,41.99448013305664,42.33394641918275,41.94480098443712,41.94480098443712,1708500
2016-06-14,41.65501022338867,41.77092506830795,41.42317737510747,41.67156993815466,2569900
2016-06-15,42.110389709472656,42.48297538130774,42.04415085294975,42.15178741557822,2922500
2016-06-16,41.90340042114258,41.95307640793817,41.27414388189497,41.52253644964375,2142700
2016-06-17,41.862003326416016,41.95307702302409,41.63845190723018,41.95307702302409,1817600
2016-06-20,42.87211990356445,43.12051247037808,42.83072219524308,42.90523933359863,2842800
2016-06-21,43.12051773071289,43.18675344041874,42.88040657133764,42.99632143215519,1558100
2016-06-22,43.47653579711914,43.6835274995893,43.41857837310291,43.59245380359432,3302300
2016-06-23,44.22170639038086,44.2382661052924,43.66697015383642,43.7746035630974,2031600
2016-06-24,41.38178253173828,42.34222394554605,41.38178253173828,41.85372338068606,5832000
2016-06-27,40.52897644042969,41.05059642100422,40.31370329866246,41.04231498408245,4910100
2016-06-28,41.804046630859375,41.84544434066532,41.52253778235907,41.67985034299876,3188700
2016-06-29,42.78105163574219,42.80589279247443,42.53266217752301,42.53266217752301,3394200
2016-06-30,43.11222839355469,43.17018581334397,42.85555756417179,43.01287326797913,3241800
2016-07-01,43.741485595703125,43.85740043714677,43.60072960363402,43.70008473080821,2344200
2016-07-05,43.04600143432617,43.37718630628942,43.04600143432617,43.36890802682867,2153000
2016-07-06,42.45813751220703,42.474697227617554,41.87028182812594,41.99447811448347,3282700
2016-07-07,42.789329528808594,43.00459953251072,42.64857351379934,42.86384667594454,2302200
2016-07-08,43.43513488769531,43.443416323911805,43.02943294947679,43.0542709412413,1925700
2016-07-11,43.61729049682617,43.8325604712625,43.600730782109125,43.72492706326565,2087100
2016-07-12,44.21343231201172,44.31278745247608,43.87396602018576,43.94020172768101,3835200
2016-07-13,44.254825592041016,44.42041958185995,44.097509880413824,44.39557843039939,1907200
2016-07-14,45.10763549804688,45.25666978996371,44.9420414894234,44.95032292699823,1815600
2016-07-15,44.99171447753906,45.10762932016705,44.87579963491107,45.00827419197771,1486300
2016-07-18,45.17387008666992,45.17387008666992,44.87580153106493,44.87580153106493,1230000
2016-07-19,44.66880798339844,44.793001104139314,44.61912884003654,44.74332511922,1187500
2016-07-20,44.66880798339844,44.80956081859328,44.61085056203085,44.759884833673965,1674800
2016-07-21,44.54461669921875,44.71848898281867,44.49494070872903,44.5860144107745,1667000
2016-07-22,44.96687316894531,44.96687316894531,44.73504034234365,44.82611718581834,967100
2016-07-25,44.46181869506836,44.80128496362797,44.45353725817219,44.743327539125794,742400
2016-07-26,44.9503173828125,45.2401044933289,44.91719795348416,45.08279194168323,2134800
2016-07-27,45.19870376586914,45.32290003833073,44.90063523871525,45.19870376586914,1805700
2016-07-28,45.35602569580078,45.35602569580078,45.132474254159725,45.18215340511654,929600
2016-07-29,46.08463287353516,46.11775230421673,45.827962023417065,45.910760600121,3229200
2016-08-01,46.41581726074219,46.5400103784943,46.299899262354046,46.44065525260411,2667500
2016-08-02,45.75344467163086,46.17570951475775,45.64581126007853,46.17570951475775,2292500
2016-08-03,45.43053436279297,45.43053436279297,45.115909274124704,45.18214497126026,1927400
2016-08-04,45.64581680297852,45.74517194818516,45.463663071397065,45.49678250594698,1682700
2016-08-05,46.324737548828125,46.33301582612283,46.10118616056344,46.1839815672797,1663300
2016-08-08,46.63936996459961,46.730443656782825,46.589690821046645,46.67248623519233,1177200
2016-08-09,47.21895217895508,47.42594390782434,47.053361322614165,47.13615675078462,1462000
2016-08-10,47.41766357421875,47.50874043632661,47.25206956660836,47.44250156990526,3011900
2016-08-11,47.80680847167969,47.839924746068704,47.34314588736104,47.459060743829966,3345400
2016-08-12,47.36798095703125,47.54185323099524,47.27690410159028,47.45077953399702,1151200
2016-08-15,47.88960266113281,48.09659437333369,47.74884665444592,47.798525802413565,1626400
2016-08-16,47.68260955810547,47.77368641416815,47.61637069608069,47.77368641416815,1616100
2016-08-17,47.0533561706543,47.14442986829272,46.62281304273402,46.95399787759692,1907000
2016-08-18,47.7322883605957,47.748844917539785,47.35970266049868,47.4011003697444,1771900
2016-08-19,47.40110397338867,47.450783123326026,47.0450779616118,47.23550996537382,1330300
2016-08-22,46.796688079833984,47.02023951474278,46.68905150189057,47.02023951474278,1400400
2016-08-23,47.08647537231445,47.43422310276186,47.06163737672642,47.318308245427055,1446400
2016-08-24,47.02851867675781,47.04507839355564,46.85464638804517,46.99539924316216,1835600
2016-08-25,47.13615417480469,47.14443245379208,46.987119885488056,46.99539816447544,1639300
2016-08-26,46.540016174316406,47.56669646451349,46.382703608862606,47.01195702912069,3827100
2016-08-29,46.929161071777344,46.99539677704986,46.67249021254452,46.72216936033106,1275300
2016-08-30,46.94572067260742,47.27690551504379,46.90432296210824,47.202388372768105,1232500
2016-08-31,46.65592575073242,46.904318305955535,46.63936919493059,46.89603686961208,2475500
2016-09-01,46.87120056152344,46.87120056152344,46.49033659554615,46.55657229646093,2460500
2016-09-02,47.35969924926758,47.475614090183576,47.13614784531136,47.32657982087943,3364500
2016-09-06,48.8252067565918,48.86660446791313,48.11315475147045,48.19595017411311,4708600
2016-09-07,48.86660385131836,48.96595898892448,48.74240756047856,48.82520614051938,2897400
2016-09-08,48.3035888671875,48.66789316460076,48.26219115405193,48.65961488535087,2257400
2016-09-09,46.66421508789063,47.55013942008596,46.655933650145016,47.55013942008596,3313400
2016-09-12,46.77184295654297,46.912595787567234,45.836239647493,45.86935907541959,3266400
2016-09-13,45.26494216918945,45.8114032739532,45.19042819138632,45.8114032739532,4731500
2016-09-14,45.463661193847656,46.01011920758137,45.36430605274416,45.36430605274416,4134200
2016-09-15,45.98527908325195,46.05151478810723,45.41397994185563,45.6458128049562,4885900
2016-09-16,45.70376968383789,45.77000538790002,45.165589980535096,45.53817568601836,2962800
2016-09-19,46.1425895690918,46.482055832108536,46.13431129077355,46.33302155483848,2717000
2016-09-20,46.54829788208008,46.68905073223407,46.45722102212495,46.60625530960736,1592700
2016-09-21,47.88960266113281,47.96411980386284,46.93743952163162,46.99539694837244,3474500
2016-09-22,48.27046585083008,48.53541498536573,48.104871852134586,48.34498299232091,2435600
2016-09-23,47.7322883605957,48.03035376223056,47.71572864520886,47.93928006526708,1637300
2016-09-26,47.21895217895508,47.58325964316859,47.210673899515285,47.53358049120044,1796200
2016-09-27,48.27046585083008,48.2787472879084,47.84820415467726,47.94755929051743,1845700
2016-09-28,48.54369735717773,48.54369735717773,47.88132450808427,48.17111164254926,2341700
2016-09-29,47.86476135253906,48.518852717392406,47.72400535559717,48.45261701646413,2504700
2016-09-30,48.12971115112305,48.262185713288375,47.80680460324773,47.988955152198365,2105700
2016-10-03,48.0551986694336,48.18767324443676,47.77368980274648,48.02207923607205,2523000
2016-10-04,47.127872467041016,47.83164619776436,47.06991503913288,47.77368876985623,3291100
2016-10-05,47.74056243896485,47.79024158075471,47.49217304690046,47.57496845810776,1935200
2016-10-06,47.98895263671875,48.013793787251984,47.500452122132266,47.58325069317216,3067800
2016-10-07,47.69916915893555,48.0965928548004,47.46733945929174,48.0965928548004,2017600
2016-10-10,48.18766403198242,48.33669829517419,47.98895062824593,47.98895062824593,1299500
2016-10-11,46.3909797668457,46.78012518171385,46.258505202403335,46.78012518171385,3483800
2016-10-12,46.44065856933594,46.62281227851256,46.2419451449212,46.30818400587369,2282200
2016-10-13,45.98527908325195,46.10947221427166,45.47193736802007,45.70377023112064,2682000
2016-10-14,45.83624267578125,46.40753863226784,45.83624267578125,46.29990206361639,2970200
2016-10-17,46.09291076660156,46.1674279057907,45.99355563383029,46.02667506423496,1165400
2016-10-18,46.862918853759766,47.020234564602205,46.79668315322819,46.862918853759766,1841700
2016-10-19,47.22722625732422,47.30174339444272,46.98711513122653,47.08647026123698,1214900
2016-10-20,46.70560836791992,47.0036769296071,46.5979717965456,46.86292092728026,2008200
2016-10-21,46.5234489440918,46.60624751130731,46.25849984588693,46.34129841310244,3135900
2016-10-24,46.75529098510742,47.08647584388901,46.689052118285296,47.08647584388901,1432900
2016-10-25,46.77184295654297,46.81324066222996,46.60624897535251,46.77184295654297,1579600
2016-10-26,46.01839828491211,46.2502279884112,45.97699741633628,46.175710846794665,2126700
2016-10-27,45.7120475769043,46.21710784469506,45.7037692983824,46.21710784469506,1932500
2016-10-28,45.74517059326172,46.07635861206526,45.56301686707548,45.88592344826526,2912300
2016-10-31,45.82796478271485,45.90248192701369,45.65409249883186,45.74516935946855,1927100
2016-11-01,45.455379486083984,45.976996306364136,45.26494433887253,45.976996306364136,3164300
2016-11-02,45.10763549804688,45.36430636933542,44.96688264370488,45.30634894008365,2586400
2016-11-03,45.15731048583984,45.44709760538785,45.09935306193024,45.2980633272081,2219800
2016-11-04,45.02483749389648,45.32290606065653,44.9751583466222,44.99999634103793,2490800
2016-11-07,46.16743087768555,46.217110026490495,45.64581402822675,45.64581402822675,3613900
2016-11-08,46.672489166259766,46.82980488483574,46.06807376139929,46.15087233918738,3864200
2016-11-09,44.48666000366211,45.140754595716224,44.46182200800838,44.82612629751603,8951500
2016-11-10,43.97331619262695,44.73504411420007,43.71664535377899,44.652248699574336,8901400
2016-11-11,43.7580451965332,43.96503690164158,43.32750522933742,43.74148863955417,4813700
2016-11-14,43.32750701904297,43.526217295427074,43.24470843851384,43.402021003854834,4024400
2016-11-15,43.8077278137207,43.88224495980148,43.35234665809061,43.40202264984912,3007100
2016-11-16,43.393741607666016,43.56761388463575,43.19502817795574,43.38546332904772,2317900
2016-11-17,43.3771858215332,43.64213497952015,43.352347824985394,43.56761783143363,2363300
2016-11-18,43.01287841796875,43.493097547783314,43.00459698075445,43.44342155826901,3635900
2016-11-21,43.186744689941406,43.36889838199999,43.12878727127594,43.28609981359044,1550300
2016-11-22,44.2382698059082,44.246548084835126,43.70009008081287,43.70009008081287,3108400
2016-11-23,43.71665191650391,43.890524208385145,43.60073705524975,43.86568621195728,2454100
2016-11-25,43.90707778930664,43.90707778930664,43.75804351468136,43.75804351468136,561800
2016-11-28,43.90707778930664,44.12235092307322,43.89051807452132,43.99815464140461,1519900
2016-11-29,44.21343231201172,44.31278745247608,43.93192344866022,43.94848316514478,2034300
2016-11-30,44.09751129150391,44.39557985102746,44.03955386697908,44.39557985102746,2671800
2016-12-01,44.26310729980469,44.329346164241606,44.08923501832211,44.22998786758623,2716100
2016-12-02,44.122352600097656,44.19686974024258,43.96503688287906,44.022994307609245,1819000
2016-12-05,44.329345703125,44.36246513499896,44.1223539915771,44.18858969688214,2002900
2016-12-06,44.53633499145508,44.66880955330009,44.37901927783477,44.66880955330009,2628100
2016-12-07,45.49677658081055,45.57957199795962,44.859241761746034,44.9089209071011,4090700
2016-12-08,45.87764358520508,45.96872044515385,45.546455577835545,45.604416163801694,2807200
2016-12-09,45.538177490234375,45.72860948981675,45.505058057669714,45.62097291320308,1706800
2016-12-12,45.587852478027344,45.72860531591545,45.521613618944016,45.587852478027344,2123500
2016-12-13,45.96871948242188,46.0266769087313,45.71204862416385,45.75344633460731,1347100
2016-12-14,44.7598876953125,45.919039355215055,44.718486827309405,45.6872096549231,3215600
2016-12-15,44.86751556396485,45.033109540185535,44.81783958200831,45.00827154920727,3286800
2016-12-16,44.90064239501953,44.9585998224876,44.75988954500933,44.94204010629059,1786100
2016-12-19,44.92547607421875,45.07451034723157,44.89235980344904,44.9089195180552,1842600
2016-12-20,44.92547607421875,44.97515521803723,44.80956123041825,44.84268065963057,1990200
2016-12-21,44.70343017578125,44.89615631075694,44.6866744388996,44.86263844411424,1668600
2016-12-22,44.21742630004883,44.309598819264046,44.07497698950553,44.24256309749329,2387400
2016-12-23,44.48556900024414,44.49394686841468,44.20067353585216,44.23419140141347,1688200
2016-12-27,44.47718811035156,44.527461708838416,44.393393452141176,44.4017745161819,1184900
2016-12-28,44.40177154541016,44.510699799136574,44.309599025765365,44.44366727349256,1811000
2016-12-29,44.86263656616211,44.879395498781925,44.43529177545557,44.59450003712409,2221900
2016-12-30,44.5944938659668,45.00507647079596,44.49394028416286,45.00507647079596,1868300
2017-01-03,45.27321243286133,45.28159349613312,45.08048953131805,45.21455777571507,3059900
2017-01-04,45.58324813842773,45.67541745993697,45.45755776005471,45.48269455715367,2253100
2017-01-05,46.03573226928711,46.144663731174056,45.80111360962861,45.85976827454324,2837600
2017-01-06,45.53297424316406,45.71731929078297,45.52459637574471,45.71731929078297,1696000
2017-01-09,45.44918441772461,45.54973481256956,45.2899761630774,45.2899761630774,1467500
2017-01-10,45.64190673828125,45.83462965771104,45.58325207569128,45.62514780662135,1408600
2017-01-11,46.915557861328125,46.95745359322696,46.27873122928381,46.48821308521744,3974800
2017-01-12,47.52724456787109,47.55238136775995,47.11665872319628,47.1250397874522,3969100
2017-01-13,47.50210571289063,47.527245709822985,47.1166598552829,47.1166598552829,1499300
2017-01-17,47.828895568847656,47.828895568847656,47.67806838730525,47.73672304718961,2400000
2017-01-18,47.14179229736328,47.51886025209209,47.06637870641752,47.41830986297749,2014000
2017-01-19,47.05800628662109,47.19207455310675,46.873661221538455,47.19207455310675,2098700
2017-01-20,47.05800628662109,47.22559241883807,46.94907482121412,47.07476521948675,2296400
2017-01-23,47.72835159301758,47.76186946153967,47.28425102263946,47.28425102263946,1497500
2017-01-24,47.71158981323242,47.84565808288505,47.69483087997088,47.76186661301704,1653900
2017-01-25,48.231101989746094,48.29813451917377,47.77023936550871,47.81213829239526,2456700
2017-01-26,48.055137634277344,48.28975949217356,48.04675976627083,48.231104826809386,2234600
2017-01-27,47.929447174072266,48.12217008950305,47.745102126077896,47.929447174072266,1868800
2017-01-30,47.8624153137207,47.8624153137207,47.55238305050901,47.73672811338927,1680300
2017-01-31,48.49923706054688,48.616546380892274,48.31489201632454,48.32326988358953,2098700
2017-02-01,48.51599884033203,48.59979030365912,48.34003165304205,48.54113564004227,2415200
2017-02-02,48.96847915649414,49.12768741813555,48.85955088914319,48.99361915363937,2131800
2017-02-03,49.3623046875,49.51313188035256,49.16958176250827,49.2533732267866,1677300
2017-02-06,49.27851104736328,49.320406777652565,49.14444279257397,49.24499318455612,1417200
2017-02-07,48.792510986328125,48.82602884869588,48.6584427332964,48.7338563254042,1487200
2017-02-08,48.60816955566406,48.68358315338182,48.48248235709415,48.50761915752023,1925700
2017-02-09,48.658447265625,48.75899766565482,48.57465579834008,48.608170467390295,2017700
2017-02-10,48.700340270996094,48.71709920280213,48.40706695548893,48.46572161859036,2746700
2017-02-13,48.66683197021485,48.69196877299249,48.39031435390143,48.532760498227866,1791000
2017-02-14,48.71710586547852,48.75062373367458,48.37355570756844,48.70872799664942,2282100
2017-02-15,49.27013397216797,49.29527396952824,48.66682837499437,48.73386090959606,1856000
2017-02-16,48.72548294067383,48.96010160595396,48.70034294336554,48.92658374050264,2336900
2017-02-17,48.57465362548828,48.59141255748352,48.33165390621651,48.35679070598964,1312600
2017-02-21,49.496376037597656,49.52151283916221,49.19472163306434,49.27013523419767,1576400
2017-02-22,49.60530471801758,49.63044151816981,49.30365033043282,49.395822859577,1311900
2017-02-23,49.87343978881836,50.08292164115894,49.83992192529841,49.89857658823862,2118900
2017-02-24,49.496376037597656,49.51313497078725,49.37068563689555,49.37068563689555,1007400
2017-02-27,49.16120147705078,49.33716866912616,49.027133214217805,49.26175507150515,1259700
2017-02-28,49.06903076171875,49.47961340664078,49.01037609815846,49.46285447470363,2437700
2017-03-01,49.39582061767578,49.44609421569851,49.027130517832624,49.077407312294696,2549100
2017-03-02,48.73386001586914,49.19471947078773,48.66682748249675,49.16958267032802,2146200
2017-03-03,48.37355041503906,48.41544614748043,48.08027709150999,48.331654682597694,2703400
2017-03-06,48.340030670166016,48.39030746500367,48.20596241370497,48.21434347773093,1776900
2017-03-07,48.658447265625,48.75061979750216,48.53275686825803,48.59141473108498,2077600
2017-03-08,48.45734786987305,48.77575801193503,48.42383000341189,48.70872547545239,1428900
2017-03-09,48.13055038452149,48.34003224183015,47.93782745937025,48.34003224183015,1833300
2017-03-10,48.90145111083984,48.96848365102068,48.55790095175848,48.66683242554716,1812800
2017-03-13,49.69747543334961,49.71423436498594,49.39582105677435,49.39582105677435,3310100
2017-03-14,49.73099136352539,49.89019961989533,49.69747669584071,49.89019961989533,1484500
2017-03-15,51.373329162597656,51.44874275516032,50.0410244916168,50.07453915774742,5350900
2017-03-16,51.24764251708984,51.45712437878437,51.08843745292024,51.37333291268237,3796600
2017-03-17,51.356571197509766,51.45712159067192,51.28115760352831,51.3314312018897,2442600
2017-03-20,52.160980224609375,52.31180741109448,51.93473944488172,51.93473944488172,2963900
2017-03-21,51.809059143066406,52.60508771527473,51.809059143066406,52.47101944239798,3419700
2017-03-22,52.244773864746094,52.31180959328669,51.83419121497308,51.867709079243376,2092000
2017-03-23,52.0185432434082,52.27829873521609,51.90961176815076,52.14423045660688,2284200
2017-03-24,52.3453254699707,52.41235799952656,52.0352900319019,52.09394469392803,1957700
2017-03-27,52.32018661499024,52.35370447871846,52.0520500980432,52.1693594246526,1414500
2017-03-28,52.28667068481445,52.35370321421246,52.06880777228243,52.06880777228243,3105400
2017-03-29,52.37884521484375,52.40398521274904,52.17774441023939,52.3034316140072,2279700
2017-03-30,52.07719039916992,52.21125865842892,51.9933957393584,52.01853573552157,1344500
2017-03-31,51.84257125854492,52.052053124366594,51.84257125854492,51.91798485809831,1920400
2017-04-03,52.01015472412109,52.04367258807973,51.72525927335157,51.83419073299741,1781200
2017-04-04,51.54091644287109,51.62471110638483,51.35657457602005,51.35657457602005,1697700
2017-04-05,51.147090911865234,51.457123164856064,51.10519517980261,51.31467703655522,2164500
2017-04-06,50.987884521484375,51.021402386937226,50.8957151861484,50.97112878519753,1771400
2017-04-07,50.56892013549805,50.82030092668816,50.535405466920295,50.74488732861903,2142600
2017-04-10,49.87343978881836,50.13319843643886,49.77288939469791,50.13319843643886,3495900
2017-04-11,49.52989196777344,49.71423702921294,49.35392797082094,49.65557916712256,3646400
2017-04-12,50.02426910400391,50.06616483696451,49.68909684744005,49.79802831028923,3796900
2017-04-13,50.2086067199707,50.527020017120215,50.2086067199707,50.3845738978192,2988400
2017-04-17,50.711368560791016,50.711368560791016,50.3259227092729,50.39295524167456,1957000
2017-04-18,49.906959533691406,50.10806032951324,49.73099234179791,50.08292352914539,2311700
2017-04-19,49.714237213134766,50.11644200613112,49.6890972160203,50.06616520834175,2267800
2017-04-20,50.68622970581055,50.68622970581055,50.38457533113383,50.38457533113383,2213700
2017-04-21,51.08006286621094,51.12195860457498,50.84544417422035,50.98789032394608,2811300
2017-04-24,51.43198776245117,51.69174322616141,51.23088376807076,51.6163296278237,2094100
2017-04-25,52.2280158996582,52.35370309064757,52.11908444364929,52.13584337506907,2448600
2017-04-26,52.11908721923828,52.29505121385791,51.98501895717959,52.13584615155056,1788400
2017-04-27,52.05205535888672,52.22802256302504,51.985022821094766,52.16936469735244,3491000
2017-04-28,52.0352897644043,52.077188691155584,51.85094791174382,51.95149830378038,2039100
2017-05-01,52.32857131958008,52.44588065435055,51.99339905185904,52.01853904962388,2023400
2017-05-02,53.03242874145508,53.06594660638809,52.772670082883536,52.89836047816256,1592700
2017-05-03,52.65536117553711,52.822947305110446,52.44587931268033,52.781051571827,1445800
2017-05-04,52.79780197143555,53.107837398563134,52.78942410420148,53.07431953674839,3522600
2017-05-05,53.13297271728516,53.1497316477259,52.65535438726095,52.79780050134856,2370500
2017-05-08,54.49041748046875,54.783690790177886,54.38148922054213,54.62448893226647,4979000
2017-05-09,55.001556396484375,55.31996652077932,54.6077294786402,54.61611054300767,6251300
2017-05-10,54.41500473022461,54.423379400940775,53.99604105079357,54.07145144450952,3790300
2017-05-11,55.29482650756836,55.39538009549821,54.76693455491357,55.13562465111105,3288500
2017-05-12,55.20265197753906,55.24455090254028,54.98479546759224,55.1104794568391,2554700
2017-05-15,55.730560302734375,55.78921497253251,55.56297096554002,55.65514350277703,1972700
2017-05-16,55.78921127319336,55.7975859448381,55.57134834572678,55.60486621094312,1605300
2017-05-17,54.808841705322266,55.42052520992704,54.75856170737368,55.37862627711648,4044500
2017-05-18,54.859107971191406,55.01831622311671,54.356352809122605,54.59935252257958,2981100
2017-05-19,55.94841003417969,55.98192789753424,55.41213700626433,55.41213700626433,2374600
2017-05-22,56.199798583984375,56.34224472827905,56.0573524396897,56.0573524396897,2094000
2017-05-23,55.97355270385742,56.12437989110561,55.82272551660924,56.02382630198058,2029600
2017-05-24,56.325477600097656,56.35061439778632,55.99868644438835,56.11599576218767,1659600
2017-05-25,56.91202545166016,56.953924377323006,56.727680407349226,56.727680407349226,3580400
2017-05-26,57.347755432128906,57.389647967957934,57.06285678124829,57.16341037442009,2976100
2017-05-30,56.54335021972656,56.74445102867773,56.342243017895946,56.434415553848446,2853100
2017-05-31,56.74443435668945,57.171779043922776,56.61036292819368,57.14663585642163,1912500
2017-06-01,56.76119995117188,56.87013460397167,56.47630770543418,56.61037276434642,2741400
2017-06-02,57.53210067749024,57.63264787811103,57.32261881902495,57.43992814833519,3279100
2017-06-05,57.39802932739258,57.50695759256287,57.305856798064255,57.448302927797485,2124500
2017-06-06,57.39802932739258,57.4902018567209,57.19692853289396,57.19692853289396,1504300
2017-06-07,56.8282356262207,57.01258067582895,56.61037271369472,56.93716388604436,2922200
2017-06-08,57.22206115722656,57.25557901934348,57.04609717577164,57.16340649674159,1982000
2017-06-09,56.92879104614258,57.59912914742344,56.81148171859645,57.49020088409601,5377400
2017-06-12,56.3338623046875,56.39251696737823,56.14951725255126,56.350618039936805,4520100
2017-06-13,57.09637451171875,57.12989237603073,56.719309725747095,56.719309725747095,2239700
2017-06-14,57.42316436767578,57.82537233722504,57.21368251523694,57.62426515601101,3705600
2017-06-15,56.47631454467773,56.534969213719634,56.19141587156032,56.43441561269946,3134700
2017-06-16,56.36737060546875,56.44278739204663,56.12437729718484,56.35061487116167,2957100
2017-06-19,56.702545166015625,56.836616617515205,56.53496224451981,56.77796195570381,2545000
2017-06-20,56.04058456420898,56.5182029465533,55.99869202817678,56.47631041052109,1888900
2017-06-21,56.00706481933594,56.17465413647529,55.88975549377778,56.02382694748926,2237500
2017-06-22,56.51820373535156,56.64389413096037,56.32548400257992,56.35062080312587,1961900
2017-06-23,57.0125846862793,57.113138282105794,56.68579349094211,56.68579349094211,2072200
2017-06-26,57.29746627807617,57.48181130631091,57.21367482693618,57.456674510256704,1210200
2017-06-27,56.76119995117188,57.171788977622576,56.71930741714622,57.16340791366597,1678400
2017-06-28,57.11314010620117,57.12151477812817,56.710932102928496,56.72768783966183,1684400
2017-06-29,56.426029205322266,56.945546505419486,56.132755887879824,56.886891841931,2802600
2017-06-30,56.81985855102539,56.98744787737887,56.610376687742885,56.92041214683748,1502100
2017-07-03,56.81148147583008,56.97906440221446,56.71092788427214,56.76958254779456,836800
2017-07-05,56.40089416503906,56.43441202991788,56.09923977400877,56.3422394997209,1929300
2017-07-06,55.764068603515625,56.08247870024044,55.75568753987384,55.98192511517439,2756400
2017-07-07,56.099239349365234,56.16627507861544,55.8227281537464,56.03221001299404,1999500
2017-07-10,56.46792602539063,56.4930628241075,56.157890591165724,56.157890591165724,1148500
2017-07-11,56.568477630615234,56.71092374693772,56.43440618498581,56.576852301308286,2263200
2017-07-12,57.565616607666016,57.64103340685176,57.04610564987763,57.04610564987763,2062500
2017-07-13,57.90916442871094,57.992955892020966,57.708063638191085,57.8337476367167,1362600
2017-07-14,59.015228271484375,59.09063867047912,58.49571097118704,58.57950882724189,3434900
2017-07-17,58.671669006347656,58.75546685389674,58.587877551676776,58.73032366390509,1385600
2017-07-18,59.04036712646485,59.10740285649083,58.77223059923996,58.83926632926595,2635100
2017-07-19,59.249847412109375,59.41743673271653,59.12415701987374,59.29174634048089,1540700
2017-07-20,59.45094680786133,59.5012267993022,59.2749828200152,59.5012267993022,1678000
2017-07-21,59.878299713134766,59.91181758102495,59.67719889867328,59.80288930504157,1722100
2017-07-24,60.03749847412109,60.14642673284419,59.953707014112666,60.05425420897134,1014900
2017-07-25,59.643672943115234,59.92019052105382,59.643672943115234,59.83639905913027,2531700
2017-07-26,59.97046661376953,60.00398447850869,59.49284822877481,59.49284822877481,1587100
2017-07-27,59.484466552734375,59.97884706145484,59.22471109477556,59.91181133266579,2585000
2017-07-28,58.3532600402832,58.37839683787861,58.0935046079596,58.0935046079596,5463800
2017-07-31,58.40354537963867,58.55437258841874,58.27786136638829,58.55437258841874,2022000
2017-08-01,58.86439895629883,58.9733272152087,58.78898856002552,58.78898856002552,1649400
2017-08-02,58.75547409057617,58.95657488513071,58.596265832077705,58.82250342684169,1844900
2017-08-03,57.548858642578125,57.86726877834323,57.35613251245765,57.70806690690029,1962600
2017-08-04,57.96782302856445,58.11865022991584,57.75834115962528,57.90916836097666,1429200
2017-08-07,58.15216445922852,58.15216445922852,57.884027939470926,57.884027939470926,1183200
2017-08-08,57.65779113769531,58.2108263745824,57.58238072878146,58.05999916387498,3174800
2017-08-09,56.53496551513672,56.65227484554601,56.15789433063912,56.224930060267006,4273600
2017-08-10,55.144004821777344,55.94003975496917,55.10211228395415,55.88975975955037,5281600
2017-08-11,55.31996154785156,55.521068717318585,55.18589649441864,55.30320581350186,2776700
2017-08-14,56.392520904541016,56.534967039181005,56.02383077452768,56.05734864024518,4247000
2017-08-15,56.6606559753418,56.86175677157845,56.49306665107871,56.57685811677073,2069800
2017-08-16,56.71092987060547,56.7444477356321,56.476311208298135,56.476311208298135,2757400
2017-08-17,55.94841003417969,56.67740917816405,55.92327323488346,56.61875451551327,3630100
2017-08-18,56.51820373535156,56.81148345606515,56.28358507308396,56.46793013425967,3219600
2017-08-21,56.50983047485352,56.643895545405975,56.41765794196404,56.55172301251649,2247500
2017-08-22,57.40641021728516,57.46506488187228,56.995821172296296,56.995821172296296,1814000
2017-08-23,57.289100646972656,57.35612998273368,57.06285666103248,57.07123772533222,1875200
2017-08-24,57.69129943847656,57.90078128566993,57.53209758176708,57.69129943847656,2634600
2017-08-25,58.06837463378906,58.20243970101088,57.89240424418687,57.90916637313902,2214700
2017-08-28,57.90077972412109,58.00971437316607,57.80023253162231,57.95943438403821,1095200
2017-08-29,57.42316436767578,57.54047369361123,56.99581959869448,57.16340891637283,2013100
2017-08-30,57.5069580078125,57.60751160222739,57.431547606660615,57.48182120742854,2432700
2017-08-31,57.372894287109375,57.4650668192651,57.11313881987735,57.14665029258926,1630000
2017-09-01,57.53210067749024,57.54885641330071,57.28910095452502,57.43154708399047,3288600
2017-09-05,55.9149055480957,56.283589305290974,55.68866154041176,56.23331570041879,4686300
2017-09-06,56.099239349365234,56.3171022729889,55.94003748349476,56.11600147811729,5450500
2017-09-07,56.8282356262207,56.95392601394257,56.73606310141658,56.83661669016981,2145900
2017-09-08,56.43441390991211,56.61875897644714,56.28358670937247,56.59362217517041,2435600
2017-09-11,57.36450958251953,57.41478318127656,56.91202801506997,57.00420054137704,2038700
2017-09-12,57.23881530761719,57.3561246253403,57.16340491460019,57.23881530761719,1676700
2017-09-13,56.92041015625,57.1550288120608,56.83661869244313,57.12151094796227,1302200
2017-09-14,57.23881530761719,57.23881530761719,56.92040521563708,57.04609559687708,2709000
2017-09-15,57.59075927734375,57.71644328670778,57.49858674189052,57.71644328670778,2272700
2017-09-18,58.5208625793457,58.86441597604475,58.512487905924125,58.63817832893305,2177400
2017-09-19,58.71358108520508,58.7554800183673,58.52923600789875,58.688444282459606,1477200
2017-09-20,58.40354537963867,58.82250913815224,58.04323629160182,58.67168192937217,2574300
2017-09-21,58.39516830444336,58.60465017508018,58.319751506716834,58.47057870929052,1923300
2017-09-22,58.093509674072266,58.152164337869365,57.95943821803381,58.11864647385975,1484600
2017-09-25,57.71643829345703,58.16054519534656,57.46506390359684,58.06837266786749,2807200
2017-09-26,57.565616607666016,57.65778914395999,57.37289686296371,57.55724193555164,2023800
2017-09-27,57.10475540161133,57.19692792996804,56.811482080875855,57.18854686569591,5131000
2017-09-28,57.02933883666992,57.071237765319,56.81148230775579,56.81985697918244,2342000
2017-09-29,57.86725616455078,57.9845654728344,57.46505464840062,57.57398289384174,3404400
2017-10-02,58.00133895874024,58.3616480170042,57.92592216414219,57.93430322862622,2452700
2017-10-03,58.55437088012695,58.65492448067327,58.2443417993148,58.38678793876251,1781200
2017-10-04,58.62978363037109,58.67167616637981,58.39516497150952,58.537611101121335,2770100
2017-10-05,59.07389450073242,59.21634065530821,58.69682964617766,58.69682964617766,3388500
2017-10-06,58.84764099121094,59.07387856433552,58.45381411125482,58.66329595013545,3405900
2017-10-09,58.80574417114258,58.87277989627463,58.63816125119107,58.730327382149376,1859400
2017-10-10,59.55150604248047,59.66881537883044,59.43419670613049,59.44257777097817,3903000
2017-10-11,60.146427154541016,60.2134628801692,59.886671708830114,59.97046316942602,2306600
2017-10-12,60.506744384765625,60.64081585418294,60.456470780173895,60.52350651488255,2580000
2017-10-13,61.03461837768555,61.12679088745581,60.85027975102266,60.85027975102266,3200600
2017-10-16,60.63242721557617,60.89218266402697,60.54025469008484,60.80001013853564,3458900
2017-10-17,60.62404251098633,60.699459296804285,60.46484066159879,60.65756037214116,1974900
2017-10-18,60.76648712158203,60.8670407025567,60.60728527613653,60.76648712158203,1743000
2017-10-19,60.35591506958008,60.38105187099779,59.97885026255578,60.07939746822663,2228400
2017-10-20,60.8167839050293,60.89219431692868,60.66595668835057,60.80002177379835,1893000
2017-10-23,60.63242721557617,61.00111731754148,60.62404615156458,61.00111731754148,1552800
2017-10-24,60.93408584594727,61.17708557622114,60.90894904503604,61.0346330495922,1234800
2017-10-25,60.90895080566406,61.235742012714624,60.58215959861349,61.2106052110768,2212400
2017-10-26,60.62404251098633,61.0094883249494,60.59052464983149,60.88380433671671,1690500
2017-10-27,61.60442733764648,61.70498093965522,60.99274383917867,61.04301744374328,2535300
2017-10-30,61.277618408203125,61.53738020674773,61.210589085786864,61.39492771352869,1515100
2017-10-31,62.64345550537109,62.69372910468627,62.49262831454672,62.54290191386189,2095500
2017-11-01,63.87520217895508,64.06792188182673,63.74113073967211,63.84168431913433,4141900
2017-11-02,63.57354736328125,63.63220201931424,63.31378554981112,63.47299378456268,1986400
2017-11-03,63.50652313232422,63.73276073426933,63.1964876698491,63.65735033124736,1660800
2017-11-06,63.61544799804688,63.61544799804688,63.35569254436052,63.40596614368591,1183400
2017-11-07,62.82780075073242,63.204865532498445,62.702110359184125,63.14621086882642,3060600
2017-11-08,63.49813461303711,63.52327141109338,63.25513491036239,63.25513491036239,1344500
2017-11-09,62.6015510559082,62.635068916788335,62.03176020670256,62.43396814438584,3052900
2017-11-10,62.350189208984375,62.52615321928116,62.14908200331984,62.52615321928116,2204900
2017-11-13,62.1993522644043,62.28314372387457,61.93121575837228,61.989870419289325,1986200
2017-11-14,62.299903869628906,62.45073106450583,62.12393987441901,62.33342173436589,2175100
2017-11-15,62.67697143554688,62.72724503331105,62.35018026432243,62.5093821215352,2513500
2017-11-16,64.243896484375,64.32768795135632,63.81655808490653,63.81655808490653,3244600
2017-11-17,63.86682891845703,64.01765610963804,63.74951959119168,63.85006679005977,2139100
2017-11-20,63.95899200439453,63.97574773743944,63.64895660360123,63.732748054581656,2524500
2017-11-21,64.60420989990234,64.78017391028573,64.43662695464567,64.5120373621473,2390500
2017-11-22,64.86397552490234,64.89748700158697,64.57907683004349,64.72152298103295,2758400
2017-11-24,64.85557556152344,65.02315846763564,64.85557556152344,64.9309859514105,840200
2017-11-27,63.27190017700195,63.84169106843631,63.25513804888045,63.73275641428288,3026000
2017-11-28,64.21876525878906,64.36121140431183,63.96738444314207,64.29418206063505,2899600
2017-11-29,63.78303909301758,64.34444894404399,63.72438442787868,64.30255001485378,2227100
2017-11-30,62.970245361328125,63.17972721123749,62.83617390880436,63.07079255784224,4200700
2017-12-01,62.90320587158203,62.9618605303322,62.54289685558,62.626688311954766,2419800
2017-12-04,63.12945556640625,63.489764651601725,63.07918196150256,63.3975985069048,2221600
2017-12-05,63.347312927246094,63.648967315847,63.32217612700919,63.40596759209188,1916100
2017-12-06,62.2915153503418,62.39206893251877,62.04014098421676,62.30827747714376,2641200
2017-12-07,62.241249084472656,62.299903749429454,61.79714856510273,61.914457895016334,1886500
2017-12-08,62.408836364746094,62.42559210009421,62.12393772079768,62.33341957348256,1362600
2017-12-11,62.5512924194336,62.59318496089315,62.40884627128743,62.459119878190826,1555600
2017-12-12,62.30828475952149,62.35855836004664,62.07366609989872,62.14070182918494,1690600
2017-12-13,63.31379699707031,63.53165992724491,62.91159539523328,62.91159539523328,2247100
2017-12-14,62.90320587158203,63.20486022883389,62.89482480808105,63.08755091133354,1868300
2017-12-15,62.91995620727539,63.095926561306285,62.79427222993588,62.95347406552519,2029900
2017-12-18,63.25514221191406,63.40596941054015,63.13783287885813,63.14621394347046,2169000
2017-12-19,62.85480499267578,63.33797613369364,62.74264367236948,63.33797613369364,1938500
2017-12-20,63.070499420166016,63.320711498913056,63.02736349235488,63.320711498913056,1683000
2017-12-21,62.07827758789063,62.31123659951928,61.98336933613415,62.2163283477628,2039200
2017-12-22,62.61321258544922,62.64772527441241,62.37163034532925,62.423396087462855,1334300
2017-12-26,62.38025665283203,62.50104776609461,62.31123127879,62.39750970503155,821100
2017-12-27,63.31208419799805,63.4242520965379,63.165410188886256,63.32071401695261,1367600
2017-12-28,64.52863311767578,64.59765850531686,64.36469946768406,64.49412042385525,1572000
2017-12-29,64.64942169189453,65.15846909466532,64.623538818211,64.96002934134292,1526000
2018-01-02,65.46044921875,65.4777022725342,65.15846482523462,65.26200289580754,2409900
2018-01-03,66.03852081298828,66.11616942759233,65.65025799210068,65.65888781015306,2176700
2018-01-04,65.5639877319336,65.58987060669455,65.30515240170075,65.38280102598361,2258000
2018-01-05,66.42677307128906,66.50442826386285,66.09891241378946,66.09891241378946,2149900
2018-01-08,66.49581146240234,66.61660260105262,66.4354158930772,66.59934954522687,2519400
2018-01-09,66.22833251953125,66.48716779876106,66.10754140603294,66.4354020594395,2403200
2018-01-10,65.90910339355469,66.02126470373744,65.58986593478755,65.74516975491443,1968300
2018-01-11,66.53031921386719,66.54757226841113,66.02989505799556,66.0557779311229,2679700
2018-01-12,67.21192932128906,67.3068375767888,66.47855273275522,66.56483116976693,2341600
2018-01-16,66.87544250488281,67.47939817996442,66.81504693737466,67.34997722598318,3988300
2018-01-17,67.18605041503906,67.2205631084059,66.53895222531297,66.65974336078531,3433900
2018-01-18,66.68563079833984,66.76327942676122,66.39227617595952,66.68563079833984,3818300
2018-01-19,67.0221176147461,67.0221176147461,66.62523150994329,66.80641821544306,2757100
2018-01-22,66.29735565185547,66.31461528784071,65.75379560552388,65.84870385557545,3035700
2018-01-23,66.53894805908203,66.68562205973996,66.41815693117283,66.47855249512743,2556800
2018-01-24,67.21192932128906,67.46214139645902,66.77190073511963,67.20329950280104,3894000
2018-01-25,67.565673828125,68.17825929684314,67.42762964350966,67.91079416359767,2906200
2018-01-26,68.19551849365234,68.22140136668664,67.88491085199513,67.99707216268467,1623800
2018-01-29,67.84176635742188,68.10923806373908,67.79000061286749,68.09197842713918,2009400
2018-01-30,67.0048599243164,67.34135043734368,66.711505338592,67.16015716175409,1999500
2018-01-31,67.50527954101562,67.89354239425595,67.05662770424401,67.82451700933015,3109400
2018-02-01,66.56483459472656,67.0738820071237,66.51306226375745,66.87544225004869,2578000
2018-02-02,63.88153839111328,64.72707639648605,63.79525994318474,64.64942776813746,3900400
2018-02-05,61.99199295043945,64.20075880899432,61.86257202166672,63.95054676873287,6623800
2018-02-06,64.41645812988281,64.71843590845057,62.53555950286124,62.53555950286124,6892700
2018-02-07,61.42255783081055,62.725377352367296,61.34490263069835,62.17318746369972,7225600
2018-02-08,59.47262954711914,62.0696517608363,59.45537649416674,62.0696517608363,5628900
2018-02-09,60.88762283325195,61.431182919945726,59.05848965771629,60.70643613768737,6376400
2018-02-12,61.69002914428711,62.11279813025328,61.094696686665,61.51747225525453,3323500
2018-02-13,61.91435241699219,62.08690928944437,61.612374598889495,61.69002321670616,3141600
2018-02-14,63.74348068237305,64.01957563531985,61.96611983419189,62.0092623447804,4172100
2018-02-15,65.16709899902344,65.43456413760188,64.27841856073232,64.99454211915793,3788300
2018-02-16,65.3482894897461,65.98676446406901,65.0376818218656,65.10670721086647,4539000
2018-02-20,62.93245315551758,63.21717133405415,62.71675377572227,62.96696584619954,5113600
2018-02-21,62.768531799316406,63.92467754152747,62.71676604447829,63.49327869754592,3194500
2018-02-22,62.75127029418945,63.33797290632606,62.58733664910592,62.88068466386269,2089400
2018-02-23,64.0886001586914,64.14899572313062,63.501897568729255,63.70034389909972,1703500
2018-02-26,64.8133544921875,64.8392373655343,64.20076902002911,64.3388132054197,1926400
2018-02-27,63.03599548339844,64.2956792880793,63.001482786782326,64.25254335427702,6154700
2018-02-28,62.19906997680664,63.20854807669607,62.19906997680665,63.12226964133204,2344000
2018-03-01,61.87983703613281,62.94970408060048,61.163713539602114,62.38026116016312,4160000
2018-03-02,62.38025665283203,62.48378813127311,61.29313005084688,61.42255098152021,3861600
2018-03-05,62.07827758789063,62.138673149679065,61.35353084642937,61.4570689163335,2815800
2018-03-06,64.26978302001953,64.62353314965941,64.15762171635495,64.46822933855793,5627700
2018-03-07,64.09722900390625,64.13174169486498,63.17403591428384,63.50189660445776,3899100
2018-03-08,63.8901596069336,64.06271647955333,63.57092215170207,63.97643804324346,2573900
2018-03-09,65.74516296386719,65.76242259911116,64.84785940984511,64.96865052606432,3111700
2018-03-12,65.74516296386719,65.84007120984259,65.44318517331916,65.59848897740417,2764600
2018-03-13,65.39142608642578,66.25422362299408,65.21023939366118,66.25422362299408,3190600
2018-03-14,65.92636108398438,66.26285158721996,65.59849381638473,66.19382620639661,3671500
2018-03-15,65.70204162597656,66.2369719500884,65.53810796787849,66.11618080705517,2184000
2018-03-16,65.8141860961914,65.95223684294885,65.65888229740024,65.72790767077896,3179800
2018-03-19,64.58039093017578,65.17572330582303,64.32155563226749,65.02041949402907,2618400
2018-03-20,65.44319152832031,65.58986552902643,65.2965175276142,65.4086788371031,2427800
2018-03-21,65.99539184570312,66.1679553290435,65.44320186426157,65.52948031461985,2220800
2018-03-22,64.0886001586914,64.94276787936681,64.05408746720859,64.77021100457559,4066200
2018-03-23,61.974754333496094,63.82114070501856,61.95749469490799,63.66583687084268,4777200
2018-03-26,64.218017578125,64.218017578125,63.14815053142486,63.78661883222402,3722300
2018-03-27,62.95833206176758,64.22664538828529,62.872053631809166,64.0799648164715,4026600
2018-03-28,63.70896530151367,64.03683256985323,63.19128810941545,63.665829375368695,3363300
2018-03-29,65.09808349609375,65.38280831545455,64.52001061990595,64.606289072936,3433000
2018-04-02,64.0023193359375,65.05493334775258,63.53640789221824,64.94276545895822,3098000
2018-04-03,65.1929702758789,65.21022991036904,64.43371092385941,64.7702013875766,3018600
2018-04-04,64.35606384277344,64.39057653348046,62.664981493865696,62.74263669361216,3203800
2018-04-05,64.47686767578125,64.70982013190185,64.25253845618947,64.433725162644,2406100
2018-04-06,63.13089370727539,64.09722931087988,62.69949494215919,63.70896647270164,3355300
2018-04-09,63.74348068237305,64.20939214971258,63.64857242517669,63.847018758211696,2291000
2018-04-10,64.45098114013672,64.52000653123619,64.01095908278066,64.2956773014747,2261600
2018-04-11,64.0023193359375,64.13174027851883,63.73485421519264,63.76936690538916,1839900
2018-04-12,64.09722900390625,64.17487762159637,63.76073849533695,63.84701693142243,2441000
2018-04-13,64.14036560058594,64.56314113227936,63.92466621680787,64.51999862247462,2375500
2018-04-16,64.38194274902344,64.45959135342477,64.0023097960704,64.14898377057622,1687100
2018-04-17,64.66667938232422,64.79610034264219,64.31293577892014,64.36470152999793,1774900
2018-04-18,65.42593383789062,65.5726078282033,65.17572178126306,65.24474715880632,1949700
2018-04-19,65.04631042480469,65.58124730562318,64.96866180059827,65.45182634932253,2524300
2018-04-20,64.29566955566406,64.72706832412904,64.03683424415877,64.72706832412904,2998900
2018-04-23,63.95055770874024,64.42509241858964,63.86427268638307,64.37332667127374,2027300
2018-04-24,63.20855712890625,64.16626303863389,63.09638922250884,64.14900339951569,5449800
2018-04-25,63.243072509765625,63.251695747067245,62.74264827606829,63.09639190152751,3500300
2018-04-26,64.88237762451172,64.92552013805147,64.26979211146285,64.46823845807297,3955200
2018-04-27,65.6502685546875,65.74517682066626,65.39143321507376,65.63301549842933,1807000
2018-04-30,65.22748565673828,65.8918433769936,65.17571991637318,65.80555836622229,2304200
2018-05-01,64.88237762451172,65.2016151098851,63.89016563933122,65.16710241557797,3001400
2018-05-02,64.12312316894531,64.85649987875817,64.05409777487203,64.73570873044189,2073500
2018-05-03,64.2525405883789,64.3905847862771,63.50190428019495,64.2956765203243,2969700
2018-05-04,64.12312316894531,64.34745240837151,63.41562933625397,63.41562933625397,2696800
2018-05-07,63.38973236083984,63.69171016446872,63.00146954249779,63.28619429275748,3525300
2018-05-08,63.28619766235352,63.320710353551895,62.82028620510962,63.061868460875466,1983900
2018-05-09,63.32070541381836,63.48463903856626,63.04461048839268,63.38110097304829,1470700
2018-05-10,64.7098159790039,64.796094417118,64.19213876769645,64.27841720581056,3131000
2018-05-11,64.6839370727539,64.92551934733824,64.48549072856062,64.76158569703175,2086300
2018-05-14,64.27841186523438,64.45959854500693,64.17487379852619,64.39920298508275,1831800
2018-05-15,62.92383193969727,63.41562632956034,62.65636677862438,63.27757554795912,4280100
2018-05-16,63.545040130615234,63.78662238856931,63.4242490016382,63.48464456612671,2780100
2018-05-17,63.07912826538086,63.13089401100456,62.73400793510293,63.03598575561257,2604500
2018-05-18,62.9755859375,63.05324113331274,62.70812082634775,62.95833288433181,3197100
2018-05-21,63.34658432006836,63.49325830007271,63.17402747095992,63.33796108544823,2442900
2018-05-22,63.5968017578125,64.00231762852539,63.51052332593415,63.73485251491579,1856700
2018-05-23,64.22664642333984,64.27841216562469,63.39836163367064,63.45012737595548,3938700
2018-05-24,63.39836120605469,64.02819967501321,62.48379140858295,63.9419212442463,4336400
2018-05-25,63.95055770874024,64.18351015428478,63.85564945024576,63.85564945024576,3775300
2018-05-29,62.69949722290039,63.31208270173392,62.35437688172887,63.2344340808474,3889200
2018-05-30,62.570068359375,62.570068359375,61.75041341254325,61.88846416460284,3278100
2018-05-31,62.242218017578125,62.52694280394474,62.06103131242389,62.20770532384066,3874700
2018-06-01,63.39836120605469,63.39836120605469,63.035981264637954,63.035981264637954,3467400
2018-06-04,63.65721130371094,63.743489754544434,63.53642015601927,63.64858148384043,2104300
2018-06-05,63.2171630859375,63.67445124084295,63.2171630859375,63.614055685685145,4482600
2018-06-06,64.27841186523438,64.27841186523438,63.605430888187065,63.76936451481943,3141100
2018-06-07,63.85564422607422,64.33017889710088,63.63131503501985,64.31292584361476,3322500
2018-06-08,63.38973236083984,63.51052348229139,63.01009936049359,63.23442855002751,2484800
2018-06-11,63.67446899414063,63.803883375117096,63.60544360253741,63.70897510731859,1835600
2018-06-12,63.070499420166016,63.40698993715823,62.89794254367567,63.398366701169735,2315200
2018-06-13,62.69949722290039,63.432873833750506,62.15593712882577,63.14815564121027,4355700
2018-06-14,61.88846969604492,62.2853557697557,61.73316587740829,62.25947289708672,3130600
2018-06-15,60.56838607788086,60.74957935818588,60.3268038143048,60.43034189124725,3269800
2018-06-18,59.852272033691406,59.93855047738579,59.4467561074422,59.67108532714622,3114200
2018-06-19,58.558067321777344,58.63571593529796,58.10940894602808,58.281972391555634,3404700
2018-06-20,58.98947525024414,59.55891825262925,58.9463327364865,59.24831058491977,3990100
2018-06-21,57.87646865844727,58.44591169153371,57.84195596210509,58.37689288147312,3575000
2018-06-22,58.73926162719727,59.13614772949442,58.68748929550756,59.07575216137579,2479600
2018-06-25,58.51492691040039,58.71337323420867,58.03176241086389,58.67023072562607,3226500
2018-06-26,58.299224853515625,58.609832469692606,58.21294642293809,58.44589884375967,2206000
2018-06-27,57.62624740600586,58.618465874926045,57.53133915177559,58.48041511145558,3271300
2018-06-28,57.70389938354492,57.72978884017019,57.21210502963431,57.3328961633932,2685400
2018-06-29,58.42002487182617,58.514933134705295,58.21295529037322,58.31648678978805,2514400
2018-07-02,57.1430892944336,57.203484864555584,56.65991815083421,56.80659216646998,2638300
2018-07-03,56.72031021118164,57.28975976505805,56.642661589811055,57.17759186846983,1945500
2018-07-05,56.59088516235352,56.8065845384856,56.42695811267647,56.77207843101232,2392500
2018-07-06,57.08269119262695,57.40192208513203,56.84110234023029,56.92738736454068,2420700
2018-07-09,57.91097259521485,57.91097259521485,57.62624783042702,57.678013575798346,1983000
2018-07-10,57.82469177246094,57.85920446608734,57.50546087600735,57.61762219332574,2173100
2018-07-11,56.65129470825195,57.09994657286731,56.48736105453508,56.95327255776454,2509100
2018-07-12,56.86699676513672,57.0826961795104,56.75482885678321,56.97915809086649,2161000
2018-07-13,57.11719512939453,57.177590694539326,56.86698963281101,56.927385197955815,2499000
2018-07-16,57.09131240844727,57.19485048438153,56.94463840450758,57.14308473772586,1339500
2018-07-17,57.38467025756836,57.43643600716358,56.93601181899883,56.970524512936734,2260700
2018-07-18,57.10857009887695,57.11719333461031,56.60814595618886,56.76344977348438,1860000
2018-07-19,56.30617141723633,56.56500673937916,56.055959331328765,56.21989297652205,2792300
2018-07-20,57.2293701171875,57.2293701171875,56.89287955786992,56.95327513050067,2129600
2018-07-23,56.0645866394043,56.22851369463323,55.98693143840298,56.11635238498998,3144700
2018-07-24,56.910133361816406,57.01367145166722,56.6944339449284,56.797972034779214,4461300
2018-07-25,57.56585311889648,57.56585311889648,56.72030863045065,56.99640358089,3044700
2018-07-26,57.17758941650391,57.419178254306,57.108570616897495,57.30701036252791,2031100
2018-07-27,57.44506454467773,57.78155507478598,57.29839053568145,57.67801699528223,2500700
2018-07-30,57.42779922485352,57.67801128859747,57.36740366344101,57.62624554527889,2042400
2018-07-31,58.0317611694336,58.09215673058366,57.565849733723454,57.565849733723454,3057200
2018-08-01,57.652130126953125,57.91097201646848,57.652130126953125,57.73840856258401,2491900
2018-08-02,56.39244842529297,56.49598650109355,55.96104965005824,56.047328088580606,2675500
2018-08-03,56.910133361816406,56.927393001436776,56.65992124831146,56.74619969854191,1513700
2018-08-06,56.659912109375,56.7461905456892,56.50460829096035,56.60814636411103,1701300
2018-08-07,57.6348762512207,57.703895049167855,56.608145108769136,56.608145108769136,1973200
2018-08-08,57.531341552734375,57.62624981092546,57.229363723318656,57.367407909927415,1828100
2018-08-09,57.28976058959961,57.64350417419523,57.22936502234557,57.49683016552444,1610900
2018-08-10,55.831634521484375,56.12498914219051,55.74535607396737,56.05596375112746,3433300
2018-08-13,54.97745895385742,55.529648839306745,54.97745895385742,55.39159807663308,2223900
2018-08-14,55.857513427734375,55.87477306558531,55.63319079665729,55.67632672603836,1794300
2018-08-15,54.61508560180664,55.02922804104883,54.261338729246965,54.73587673517167,5135600
2018-08-16,55.15864181518555,55.37434117992777,55.00333800926626,55.08961643863871,3664100
2018-08-17,55.76260757446289,55.84889260219586,55.02923091709656,55.23630050188417,2223500
2018-08-20,55.77986145019531,55.831627195388215,55.52964937739173,55.65044050459033,1728400
2018-08-21,56.83247756958008,56.9964046295733,56.444214718534816,56.47872741080259,2104500
2018-08-22,56.96188735961914,57.091308299566776,56.72893493381136,56.72893493381136,1541700
2018-08-23,56.29753875732422,56.65991213961087,56.28890893890137,56.61677621274213,1824000
2018-08-24,57.60898971557617,57.652132226273935,57.28112901519113,57.35015439925838,2416500
2018-08-27,58.20432662963867,58.402772978505546,57.75567476379068,57.807440514528366,3380300
2018-08-28,58.14392852783203,58.41139367182855,58.023137392954695,58.36825774229988,2350800
2018-08-29,58.17844009399414,58.26471853400326,57.7988070588064,57.89371531760333,1809200
2018-08-30,57.60036849975586,57.92822921163998,57.44506467146903,57.87646346308542,2471300
2018-08-31,58.08352279663086,58.13528853605629,57.72114945540885,57.76428537738937,2249100
2018-09-04,57.60036849975586,57.7211596347986,57.46231772677949,57.60036849975586,3067100
2018-09-05,56.8238525390625,56.97052655659266,56.6167829506303,56.8238525390625,2480400
2018-09-06,56.59951400756836,57.00502988094532,56.41832732464678,56.8410962514638,2471200
2018-09-07,55.99556350708008,56.48735785777541,55.92653812177682,56.21989271800412,2775300
2018-09-10,56.08183288574219,56.42695317387116,56.030067146440544,56.42695317387116,4254400
2018-09-11,56.42696380615234,56.44421686162982,55.67632753172945,55.78849543151431,2231800
2018-09-12,56.60815048217773,56.75482449284422,55.94379265072069,56.0904732440104,3639100
2018-09-13,57.15170669555664,57.22073207796907,56.72893774787038,57.04817520456078,4892900
2018-09-14,57.47957229614258,57.703894908513576,57.19484753895334,57.57448054853899,3201500
2018-09-17,56.625396728515625,56.92738111520463,56.56500116770231,56.8842386077855,2413200
2018-09-18,57.42779922485352,57.63487536337282,57.0999385461317,57.12582141779099,2020800
2018-09-19,57.462310791015625,57.50545329801918,57.3242666173245,57.410545048709245,2984400
2018-09-20,58.36825942993164,58.44590805490225,58.12667715319197,58.212955597367085,3183500
2018-09-21,58.56669616699219,58.79965519511314,58.32511390273564,58.3682564139056,2694000
2018-09-24,58.21294784545898,58.299226278144864,57.80743197095063,58.023131343976566,2599500
2018-09-25,58.54081344604492,58.63572170476799,58.290601362377096,58.43728195116377,2701500
2018-09-26,58.601200103759766,59.32595337086654,58.50629185946457,58.66159566080017,6639500
2018-09-27,59.1188850402832,59.41223962930748,59.07574911249512,59.18791042389161,2668900
2018-09-28,58.90318298339844,58.972208363877925,58.69611342458256,58.74787916863088,2677800
2018-10-01,58.627098083496094,58.93770576622014,58.47179424213407,58.91182288976376,1618000
2018-10-02,57.71253204345703,57.91097839161453,57.63488341762807,57.69527898748062,2249000
2018-10-03,57.07405853271485,57.88508374335247,57.00503314975165,57.82468817891538,2911800
2018-10-04,55.51239013671875,56.22851366923695,55.35709290003183,56.21126061492378,4182800
2018-10-05,55.53828430175781,55.81437927254088,55.21904681759917,55.7626069399655,2582700
2018-10-08,55.40023040771485,55.46925579218242,54.90843606297353,54.98608797484381,3715200
2018-10-09,55.141387939453125,55.44336903839709,54.75312840727447,55.07236585112762,3903400
2018-10-10,53.510704040527344,54.675479407677706,53.46756482161648,54.675479407677706,5232700
2018-10-11,52.38043594360352,53.11381580051005,52.16473656650948,52.71692644526043,7991400
2018-10-12,53.57973098754883,53.69189559992979,52.89812336784723,53.64012655775896,4554000
2018-10-15,52.99302291870117,53.53658628628064,52.99302291870117,53.39853881259664,2827700
2018-10-16,54.04563903808594,54.08877825814795,53.56247450729304,53.61424025484284,2450100
2018-10-17,53.70914840698242,53.92484779817512,53.52796170829532,53.91622127070448,2051900
2018-10-18,52.2855339050293,53.02754037702756,52.138859891003065,52.92400558528482,3188300
2018-10-19,53.02753829956055,53.55384534821042,52.85497812587528,53.2950067333383,2188800
2018-10-22,53.096561431884766,53.46756463760188,52.89811839252863,53.32088734423605,2725200
2018-10-23,52.13885498046875,52.4580891448746,51.39684857835403,51.58666508809818,4425000
2018-10-24,50.39601135253906,51.98355918374492,50.38738482408829,51.957676307080696,3825500
2018-10-25,51.19840621948242,51.55215307967375,50.723868230149385,50.79289032195404,3393400
2018-10-26,49.7747917175293,50.21482033099184,49.18808909378698,49.6367442349612,5720600
2018-10-29,49.05004501342773,50.08540285015876,48.61001966075577,50.007750930121134,5024900
2018-10-30,50.05951690673828,50.08539978139435,49.50732697199792,49.619488289715314,4886000
2018-10-31,50.27521133422852,50.49091071186397,50.12853404595453,50.22344229872394,3630800
2018-11-01,51.3450813293457,51.40548018653101,50.577192027825895,50.76700854417874,4162200
2018-11-02,52.44083023071289,52.984393569339545,52.16473529805105,52.79457706889283,5594200
2018-11-05,52.2078742980957,52.50122557424877,52.00943127177321,52.08708317696994,3751500
2018-11-06,52.67378616333008,52.67378616333008,52.23376089113008,52.34592219520757,4092400
2018-11-07,53.4503059387207,53.51932802743959,52.751438776816016,52.794577993679226,4066400
2018-11-08,52.3718147277832,52.94126100940724,52.21651089722105,52.68242238890752,4660700
2018-11-09,51.241546630859375,51.70745810380214,51.08624280654512,51.70745810380214,4203200
2018-11-12,50.490909576416016,51.267425343654445,50.45639688685576,51.19840325584516,3440000
2018-11-13,51.20703125,51.62117695396866,50.930936308228446,51.18114837774371,4404900
2018-11-14,51.00859069824219,51.39685025753484,50.603078084146745,51.30194199956202,5147800
2018-11-15,52.30278778076172,52.5443733384948,51.41410733672969,51.5521548163008,6845500
2018-11-16,52.49260330200195,52.66516347101491,51.7505968791643,51.854131664047486,4134600
2018-11-19,51.72471237182617,52.164737662163226,51.62980411730156,52.130224971188575,4219200
2018-11-20,50.81877899169922,51.18978221596043,50.568566902534855,50.98270934771471,5482500
2018-11-21,51.49176025390625,51.62980773616961,51.33645642494602,51.33645642494602,2903700
2018-11-23,50.56856536865234,50.81014763151818,50.55993554994343,50.69798302748269,1504700
2018-11-26,51.96629333496094,52.018062370136754,51.7678503037539,51.80236299387112,4888300
2018-11-27,52.25101852416992,52.25101852416992,51.802363422864566,51.92315454796383,3941600
2018-11-28,53.37266540527344,53.39854828264462,52.13886445046365,52.36319040074181,4685900
2018-11-29,52.83772277832031,53.148327127904345,52.518485318893646,52.8290929597891,3685000
2018-11-30,52.30278778076172,52.42357891397249,52.061205514340166,52.225135867796,3211700
2018-12-03,53.75228500366211,53.84719325776489,53.398538151022606,53.74365847661247,4273100
2018-12-04,52.4235725402832,53.61423396389237,52.35455045454516,53.5710947488922,7002600
2018-12-06,52.018062591552734,52.05257528181685,50.88779667023771,51.33645176973731,7185300
2018-12-07,50.88779830932617,52.19062443261431,50.78426352651029,51.76785219153972,6849300
2018-12-10,50.939571380615234,51.103501740665685,50.30109970484463,50.87917581158025,6795700
2018-12-11,50.86191940307617,51.120758025957926,50.5599382669544,51.06898898485691,4573400
2018-12-12,51.74197006225586,52.20787823727869,51.67294467851236,51.81962197331157,5044400
2018-12-13,51.62118148803711,52.22513716914034,51.61255166898614,51.94041567537904,6595700
2018-12-14,50.66347503662109,50.99996556678111,50.55993695710141,50.67210156425861,5054400
2018-12-17,50.37874603271485,51.0344739828039,50.20618587262239,50.81877460551616,5497300
2018-12-18,51.08720397949219,51.244637849221824,50.85105317489772,50.90353224362526,4178800
2018-12-19,50.501197814941406,52.01430911668245,50.02014807285244,51.48952848979975,8924500
2018-12-20,50.94725799560547,51.26212570331631,50.65862815138632,50.98224403789615,8252200
2018-12-21,50.67612075805664,51.270870126323246,50.4487181579324,50.94725757891285,6380700
2018-12-24,50.28253936767578,50.947257482237504,50.247553325737634,50.85979571384475,2682600
2018-12-26,51.2183952331543,51.2183952331543,50.16883731110902,50.32627116623845,4147600
2018-12-27,51.32335662841797,51.34959449549813,50.606159345633614,50.73735201748748,5201900
2018-12-28,51.75191879272461,51.93559385306595,51.48078529644698,51.57699524794656,3923600
2018-12-31,51.48078155517578,52.13675480978005,51.28836166616039,52.05803788576944,2951100
2019-01-02,50.78982925415039,51.02598005870397,50.4749615147456,50.50120271733132,4478000
2019-01-03,49.696537017822266,50.10761468745524,49.55659618039762,50.09886650836153,3527200
2019-01-04,51.27087020874024,51.367080156181046,50.41373219696703,50.50119730211895,4372000
2019-01-07,51.463287353515625,51.7256759820446,51.12218180278271,51.26212262709499,3919800
2019-01-08,50.88603591918945,50.99099071338201,50.562423357498304,50.82481201120607,3414600
2019-01-09,52.18048858642578,52.442877235527554,51.91809993732401,51.97057566527275,4315500
2019-01-10,52.39039993286133,52.45162383792976,51.90060535586132,51.91809837680267,2450300
2019-01-11,52.3466682434082,52.43413335234417,52.13675865486741,52.232968606470585,2512000
2019-01-14,51.75191879272461,51.90060780952925,51.533261025299296,51.5595022261782,1598700
2019-01-15,52.48660659790039,52.757743418094165,52.39914482955535,52.4603687346874,2887600
2019-01-16,53.36998748779297,53.49243530191593,53.02888190946392,53.09010581652541,4696000
2019-01-17,53.4661979675293,53.70234875558557,52.89768644038057,52.95016550543287,4258500
2019-01-18,53.74607467651367,53.947239402618166,53.70234379456964,53.76356769658177,2504900
2019-01-22,52.59156799316406,52.81897060686987,52.42538595194367,52.71401581104048,3273600
2019-01-23,53.317508697509766,53.4224668271145,52.880193166848194,53.27377781173415,1991900
2019-01-24,53.95598983764648,54.03470676788672,53.649870295852665,53.649870295852665,2578500
2019-01-25,55.50408554077149,55.59155064749893,55.259189914839965,55.259189914839965,5945100
2019-01-28,55.03178787231445,55.04928089489917,54.68193742997887,54.78689222903426,4510600
2019-01-29,55.32915878295898,55.52157868172121,55.154235242032605,55.47784779648961,2740000
2019-01-30,56.990966796875,57.19212821699358,55.96764665484704,56.21253896353284,6068100
2019-01-31,56.60612487792969,56.70233483109355,56.33499137696186,56.36997074819816,3530000
2019-02-01,56.01137161254883,56.08134369600959,55.81020687727801,56.04635765427921,2015500
2019-02-04,56.19504928588867,56.51866520153212,55.80146461581754,55.95015364071238,2564000
2019-02-05,57.06092834472656,57.209620695966585,56.40495505135049,56.457437452396256,3610000
2019-02-06,56.53615188598633,57.00845346499461,56.378718026316896,56.842271426203126,4122900
2019-02-07,55.50408554077149,55.6702675753273,54.98805308866388,55.53032674101605,3727800
2019-02-08,54.81312561035156,54.86560467381233,54.480768217791294,54.76939472569392,2172600
2019-02-11,54.88310241699219,55.031788104911335,54.769399437937416,54.979312373388304,3493000
2019-02-12,55.55656814575195,55.72274685444664,55.38164125760061,55.39038943705727,3516800
2019-02-13,55.24169921875,55.521580899153385,55.11925140063012,55.407877923848005,3983200
2019-02-14,55.58280563354492,55.766477363452026,55.32916181427157,55.44286479126529,2616100
2019-02-15,55.46035385131836,55.47784687241016,55.25918911344164,55.346650882448,1849100
2019-02-19,55.67026519775391,55.8451887308328,55.18047063035642,55.18047063035642,2124300
2019-02-20,56.12507247924805,56.36122659790144,55.97638680329906,56.07259675194965,4214000
2019-02-21,55.8626823425293,55.923906247045245,55.6527727660325,55.888923541930815,1776000
2019-02-22,56.396217346191406,56.41370703244847,56.09009111699297,56.12507716241296,2155200
2019-02-25,56.57988739013672,56.92973448807626,56.50991530138654,56.59737707587143,3825700
2019-02-26,56.41370391845703,56.59737564209405,56.23003219482002,56.24752188011167,2823600
2019-02-27,56.28250503540039,56.4137010235245,55.99387519610838,56.36122529743692,2200600
2019-02-28,55.07551574707031,55.27668047892188,55.03178152742441,55.241694437786165,4278000
2019-03-01,55.145484924316406,55.50408350763164,54.94432019089104,55.39038387772983,4578400
2019-03-04,54.70817184448242,54.9355777872854,54.24461845281492,54.88309872284178,3087000
2019-03-05,54.57698059082031,54.69942840788328,54.35832282136423,54.437039751826525,2120300
2019-03-06,54.34083557128906,54.550745183849074,54.25337045234478,54.550745183849074,7172300
2019-03-07,53.43121337890625,54.05220065156186,53.37873431242512,54.04345580870809,3717900
2019-03-08,53.08135986328125,53.09885288552555,52.714016405509376,52.81897120252236,4134600
2019-03-11,53.60614013671875,53.61488497955175,53.08135948251255,53.08135948251255,1715100
2019-03-12,53.912254333496094,54.04345031814359,53.80729954764959,53.85103043038126,3613000
2019-03-13,53.562408447265625,53.70234928566702,53.387481565150686,53.55366026811085,5025700
2019-03-14,53.22129821777344,53.34374936776148,53.15132946851868,53.30876332490775,1602000
2019-03-15,54.235870361328125,54.270856404346965,53.85103389747897,53.85103389747897,2967700
2019-03-18,54.39330291748047,54.41079593857149,54.13091427402037,54.17464515852162,2399000
2019-03-19,54.27085494995117,54.480767865986095,54.17464500245402,54.349571876407694,2318700
2019-03-20,54.5157585144043,54.88310197793853,54.06969478130942,54.34083162567008,4172200
2019-03-21,54.99679946899414,55.04053035270139,54.59446666411077,54.59446666411077,3470800
2019-03-22,53.544918060302734,54.37581495244398,53.544918060302734,54.26211530945908,5444700
2019-03-25,53.57115173339844,53.74607861043068,53.387480013918285,53.509927826905056,4112400
2019-03-26,53.37873458862305,53.693602316233374,53.20381103901983,53.5973923620799,2585100
2019-03-27,52.7927360534668,53.21255859957064,52.62655400182258,53.16882770993643,4709700
2019-03-28,53.07261276245117,53.08135760497486,52.75774504835518,52.95016494840333,3221400
2019-03-29,53.30876541137695,53.38748234265242,53.151331548826015,53.30876541137695,2589700
2019-04-01,54.35832214355469,54.36706698618467,54.04345442563165,54.095930154317,2523700
2019-04-02,54.22712707519531,54.34083005004364,54.0784413927768,54.332081870811486,1490600
2019-04-03,55.24169921875,55.469101832907945,55.15423744479374,55.285430105728125,5516400
2019-04-04,55.346656799316406,55.442866757380365,55.17173324260337,55.17173324260337,2370000
2019-04-05,55.47784805297852,55.53032711737066,55.3116693537491,55.34665206022451,2664000
2019-04-08,55.12799072265625,55.1629767633162,54.81312302962164,54.83936422834284,2013400
2019-04-09,55.11924743652344,55.24169524583702,55.02303749021917,55.24169524583702,2991600
2019-04-10,55.53032684326172,55.72274340551105,55.46909960021344,55.46909960021344,8567700
2019-04-11,55.16297912597656,55.34665084262935,55.07551735703313,55.28542693707842,3358000
2019-04-12,55.93265914916992,56.07259999080329,55.81021132979732,56.02012426047381,4620500
2019-04-15,55.88017654418945,56.063848261618695,55.76647357492022,55.99387617700605,2017100
2019-04-16,56.1163330078125,56.26501868915212,56.02886456193691,56.21253628704567,2888500
2019-04-17,56.2387809753418,56.4399423864217,56.16880888761593,56.37871847788796,5729300
2019-04-18,55.35540390014648,55.434120833714346,55.16298398776884,55.25919394395766,4300900
2019-04-22,55.08426284790039,55.127993732886985,54.8830981077999,55.01429409921236,2311000
2019-04-23,55.2941780090332,55.41662582654197,55.01429633002665,55.08426508155189,2502800
2019-04-24,53.86852645874024,54.06969119970079,53.66736171777968,54.05219817834082,3650800
2019-04-25,53.57989883422852,53.60614003558365,53.32625835511617,53.4574510160806,3454300
2019-04-26,53.4661979675293,53.54491489688139,53.23879202208871,53.38748103817721,2455300
2019-04-29,54.288352966308594,54.35832505690956,54.15715696465825,54.22712905525921,3158500
2019-04-30,53.77231979370117,53.87727459181853,53.457452062896245,53.6586168161432,3588900
2019-05-01,53.35249328613281,54.34082729268922,53.30001422276121,53.96473567965765,6090300
2019-05-02,53.71983337402344,53.92974627798117,53.492430786483936,53.87726721787863,5279300
2019-05-03,53.73733139038086,53.74607956943753,53.439956695055706,53.47494273837695,2354300
2019-05-06,52.80147552490234,52.97640240209551,52.1892331229526,52.267950050866894,6774000
2019-05-07,51.86562347412109,52.53908982034513,51.76066867650716,52.477865910365935,7290600
2019-05-08,51.988067626953125,52.35541439736932,51.944336742403074,52.25920444948763,5881400
2019-05-09,50.34376525878906,50.492450938212585,49.60907503136918,49.89770154761303,6479100
2019-05-10,50.50994110107422,50.67611979275138,49.65280310700605,50.23880428538277,6253900
2019-05-13,48.63823318481445,48.95310089639106,48.50703719283997,48.8568909471368,7622300
2019-05-14,49.390419006347656,49.52161166873666,49.26797118687011,49.337939939520346,4831800
2019-05-15,49.64405822753906,49.72277515755464,49.19799784841928,49.24172873477176,4923700
2019-05-16,48.95309829711914,49.29420385439782,48.83939533254208,49.00557402196048,3684000
2019-05-17,48.340858459472656,48.49829231514656,48.19216944624612,48.22715548894091,4600600
2019-05-20,48.16593551635742,48.35835543044183,47.99975680466367,48.12220462764358,4213600
2019-05-21,48.78691482543945,48.848138726908296,48.57700525938981,48.65572218077153,3366800
2019-05-22,48.88312911987305,48.944353026794,48.79566734897245,48.86563609840238,2618300
2019-05-23,48.419578552246094,48.62948814923023,48.27963770877238,48.419578552246094,3762400
2019-05-24,48.46330642700195,48.716950232669085,48.3933376778419,48.6382333045811,2663300
2019-05-28,48.50703811645508,48.89187792079979,48.48954509476189,48.76942676894746,2877800
2019-05-29,48.03473281860352,48.06097401733663,47.632403360188846,47.69362726314532,6888800
2019-05-30,48.62074279785156,48.77817666217003,48.48080195584101,48.51578800045687,2610800
2019-05-31,48.603248596191406,48.62074161807487,48.17468123763136,48.20966394494551,3030600
2019-06-03,49.52161407470703,49.70528914929991,49.40791442906978,49.52161407470703,4486200
2019-06-04,49.87146759033203,49.906453636391134,49.32919722222786,49.46913807001129,3706800
2019-06-05,49.37292098999024,49.81023649329138,49.26796620340466,49.73151956923908,3031400
2019-06-06,49.37292098999024,49.57408572113447,49.22423198391254,49.42539671505677,3581700
2019-06-07,49.81898880004883,49.8802127127684,49.43415230060395,49.43415230060395,5915100
2019-06-10,50.27379608154297,50.37875088111886,50.02890043704825,50.08137616860974,9527600
2019-06-11,50.69361877441406,50.82481477663282,50.53618490633273,50.78982873118076,3547800
2019-06-12,50.17758560180664,50.37000551273325,50.12510987079239,50.32627462473708,1920700
2019-06-13,49.90645599365234,50.063889871901495,49.73152909154738,50.02890382418988,2973500
2019-06-14,49.5478515625,49.70528542237342,49.52161036155259,49.64405817779797,2520400
2019-06-17,49.75775909423828,49.84522419969233,49.60907341964533,49.62656644073614,1419600
2019-06-18,50.98224258422852,51.06970435100877,50.26504541998237,50.282538440628926,4508300
2019-06-19,51.3408432006836,51.55075278385467,50.98224460435139,51.06970637459723,4618700
2019-06-20,52.15425109863281,52.46911881440711,52.02305510490928,52.39040188546353,4134600
2019-06-21,51.91809844970703,52.04929110227249,51.78690246068898,51.87436756551855,4324400
2019-06-24,52.02305603027344,52.11926598252168,51.91810123529935,52.00556300836896,2605600
2019-06-25,51.78690719604492,52.16299884007011,51.77816235298864,52.13676097444837,3220200
2019-06-26,52.267948150634766,52.495354083654206,52.197979404172855,52.25920330849674,2730800
2019-06-27,52.57407379150391,52.73150764994202,52.53908774819483,52.65279072072296,2310400
2019-06-28,52.36415863037109,52.48660644026744,52.27669686228872,52.40788951441228,3784600
2019-07-01,52.162994384765625,52.27669735350317,51.8218888150056,52.25920433243181,2852800
2019-07-02,51.77816009521485,51.88311488957819,51.6732053008515,51.804397959692494,3887900
2019-07-03,50.88603591918945,50.98224587072128,50.842305032980285,50.956004669833575,3906200
2019-07-05,50.553672790527344,50.833554452789365,50.45746284353992,50.833554452789365,8970700
2019-07-08,49.58283233642578,49.72277316902885,49.53035660948253,49.65280442095363,5191300
2019-07-09,49.39916229248047,49.4953722437388,49.21549056905244,49.22423541168831,3102700
2019-07-10,50.03764343261719,50.177584272368975,49.90645077210458,49.99391254577965,3659400
2019-07-11,50.25630187988281,50.457466631206096,50.17758494793433,50.439973608945,4032300
2019-07-12,50.38749694824219,50.40498997018028,50.14260131401444,50.273793973870966,2309100
2019-07-15,50.2213134765625,50.34376462663885,50.17758259119015,50.24755467694806,2042800
2019-07-16,50.27379608154297,50.48370901714768,50.24755821576223,50.36126119490032,1972900
2019-07-17,49.82773208618164,49.97641776348281,49.72277395772504,49.91519385677613,1939900
2019-07-18,50.46620941162109,50.49244727397935,49.90644610496179,49.923939125351446,3053000
2019-07-19,50.48371124267578,50.84230988211708,50.46621821923315,50.83356170216923,3638900
2019-07-22,50.7985725402832,50.9035273311566,50.75483831900437,50.85104826749357,2220600
2019-07-23,50.7985725402832,50.88603430993559,50.69361441295716,50.88603430993559,2007400
2019-07-24,50.53618240356445,50.63239235556642,50.47495849528189,50.501199696297824,2355900
2019-07-25,49.8452262878418,50.203824894094495,49.74901633603816,50.1251079641145,3001600
2019-07-26,49.96767807006836,50.04639500629609,49.880212954008094,50.00266078003944,1604300
2019-07-29,49.35543441772461,49.38167228368583,49.17176268309019,49.27671748338801,2354600
2019-07-30,49.267974853515625,49.32919876781083,49.16301671204976,49.31170574423319,3034600
2019-07-31,48.45455932617188,49.07554654300503,48.04348168348815,49.058053522417154,6085100
2019-08-01,47.83356857299805,48.90936431126278,47.71112076584714,48.51578302726416,7058600
2019-08-02,47.01142501831055,47.40500970901028,46.71405028938776,47.265068856367385,8704400
2019-08-05,44.99977111816406,45.48081755967777,44.67615854281163,45.47207271664787,6407300
2019-08-06,45.332130432128906,45.48081611408145,45.07848661843632,45.41084402625476,4106500
2019-08-07,45.40209579467773,45.41084063677696,44.361286089337895,44.562450822145465,5352800
2019-08-08,45.76944351196289,45.8743983016097,45.340872838188446,45.46332064885183,5289900
2019-08-09,45.60326385498047,45.734459851209486,45.34962004171251,45.7257116720194,3206300
2019-08-12,45.08723068237305,45.34087449168431,45.034754953862254,45.27090240506628,3377900
2019-08-13,45.86565017700195,45.97060830322524,44.67615477454492,44.71988565891165,4324700
2019-08-14,44.763614654541016,45.27089889740563,44.70239075172033,45.13095807146514,5835800
2019-08-15,45.00851821899414,45.06974213263332,44.67616078393948,44.95604248527659,3758600
2019-08-16,45.65574645996094,45.85691122304087,45.5158056101465,45.55079165671337,3473700
2019-08-19,45.58577346801758,45.988106322697725,45.58577346801758,45.94437209712492,2804600
2019-08-20,46.15427780151367,46.32045648870264,46.128039939445,46.25048774436871,2351600
2019-08-21,46.731536865234375,46.87147769856891,46.60908905312324,46.63532691673201,3672800
2019-08-22,45.78693008422852,45.9268709063962,45.60325838071825,45.86564700522612,2359900
2019-08-23,45.19218826293945,46.110553605948496,45.06974044025903,45.64699684464741,5617700
2019-08-26,45.28839874267578,45.42833958970539,45.192188784758,45.34087781148175,2793200
2019-08-27,45.39335250854492,45.69947203929888,45.36711130844269,45.56827604814566,4347600
2019-08-28,45.821922302246094,45.83941532443226,45.542040620173104,45.65574359615677,1860600
2019-08-29,46.13679122924805,46.180522117625,45.82192349460934,45.91813345091038,2094900
2019-08-30,46.58284378051758,46.88896662048503,46.539112899508616,46.84523573947607,3179600
2019-09-03,46.41666793823242,46.434160958996834,46.119293258142505,46.145531121062845,1776700
2019-09-04,47.45747756958008,47.45747756958008,47.2300749729347,47.30004705587331,2544800
2019-09-05,48.21841049194336,48.31462044081934,48.0697214791934,48.09596267935672,3075900
2019-09-06,48.46330642700195,48.62074028317792,48.3933376778419,48.52453033368675,2245600
2019-09-09,48.79566955566406,48.84814528599646,48.64698053466565,48.69945960145088,3503000
2019-09-10,49.18925094604492,49.22423365179044,48.89187626026602,48.98808287163195,2430000
2019-09-11,49.67904281616211,49.67904281616211,49.259220313859366,49.33793724156942,7074700
2019-09-12,50.238807678222656,50.64988535057578,50.06388413262392,50.17758376997254,5958400
2019-09-13,50.75483703613281,50.83355396141138,50.46621053441309,50.59740318557567,3434100
2019-09-16,49.83647918701172,50.01140607258023,49.7927482997328,49.92394429802239,2250100
2019-09-17,49.88895797729492,49.90645099940016,49.56534207302712,49.61782113934285,1965500
2019-09-18,49.81023788452149,49.94143053730461,49.41665325326689,49.91519267403851,1680400
2019-09-19,49.74026870727539,50.14260154076538,49.74026870727539,49.99391252184558,2497800
2019-09-20,49.96767807006836,50.50994844382991,49.86271993079605,50.46621755402629,2519000
2019-09-23,50.15134811401367,50.17758597971841,49.80149433450362,49.853973402366,1859200
2019-09-24,49.897708892822266,50.39624840591065,49.7927540838703,50.37875538167645,3281500
2019-09-25,49.41665649414063,49.53910431268303,49.11928179062927,49.29420867559821,3029400
2019-09-26,49.42539596557617,49.4866232046462,49.21548639558807,49.4866232046462,2408400
2019-09-27,48.48079681396485,49.12802188844909,48.33210780834387,49.10178402599641,4284700
2019-09-30,49.27671432495117,49.45164120520407,49.18050437398944,49.25922130328061,2947500
2019-10-01,49.01432418823242,49.50411543436225,48.96184512481024,49.38166762282979,4374600
2019-10-02,48.12220001220703,48.1659308967266,47.85981136863696,47.99975220097117,5339600
2019-10-03,48.75193405151367,48.77817191419519,48.15718469674741,48.24464646332081,3452900
2019-10-04,49.08430099487305,49.11928704289842,48.57701664431789,48.57701664431789,3557600
2019-10-07,48.78691482543945,49.02306558958459,48.73443910215324,48.82190086526519,2252500
2019-10-08,49.01432418823242,49.18925106318706,48.91811424018474,49.1280238209682,5615400
2019-10-09,49.29420471191406,49.556593350042725,49.2329808075658,49.30294955405558,2525000
2019-10-10,49.85396957397461,49.86271441638701,49.31169926018374,49.3291922814612,5346600
2019-10-11,50.571170806884766,50.973500319071874,50.361261207679725,50.40499209614303,5758200
2019-10-14,50.27379608154297,50.52743990559989,50.2563030588715,50.38749906068106,1760100
2019-10-15,50.85979461669922,50.921018520543946,50.36125520741925,50.36125520741925,5156800
2019-10-16,50.85979461669922,50.86853945876881,50.59740264427605,50.69361258930421,2047800
2019-10-17,51.08720397949219,51.18341393726619,50.99974220139926,51.11344184562947,1758900
2019-10-18,50.37000274658203,50.53618144642265,50.25629977487387,50.4837057182902,2375000
2019-10-21,51.27087020874024,51.288363229770624,51.14842239798015,51.21839448210169,2386300
2019-10-22,51.6732063293457,51.84812987794867,51.60323424074225,51.69944419434558,4283100
2019-10-23,51.6207275390625,51.6557135835514,51.4545488324195,51.55950362943335,2127300
2019-10-24,51.6469612121582,51.87436714642527,51.55949944448784,51.84812594696211,2052500
2019-10-25,51.73442840576172,51.81314533442534,51.43705371263833,51.44579855517753,2291800
2019-10-28,52.07553482055664,52.12801054953975,51.78690496533852,51.84812887345398,1910900
2019-10-29,51.86562347412109,51.95308858584342,51.7519204971085,51.81314774354056,1583000
2019-10-30,51.94433975219727,51.94433975219727,51.40206941216027,51.62947202686843,2107100
2019-10-31,51.54200744628906,51.734427342724686,51.27961880161944,51.734427342724686,2647400
2019-11-01,52.556583404541016,52.591569449603966,52.224222649348825,52.259208694411775,3486900
2019-11-04,53.04637908935547,53.42247074018849,53.01139304359124,53.36124349187461,5028500
2019-11-05,53.684852600097656,53.76356952485472,53.44870182582648,53.69359744220287,4129800
2019-11-06,53.14258193969727,53.597390493001534,53.08135803218061,53.58864565040746,6154800
2019-11-07,53.798561096191406,54.09593582356659,53.76357838555257,53.964743151651504,2962900
2019-11-08,53.43995666503906,53.46619786574163,53.22129889908317,53.4049739581902,3465200
2019-11-11,52.72275924682617,52.766493469003024,52.47786361760887,52.504101481752805,1978500
2019-11-12,52.72275924682617,53.09885086966859,52.71401440426244,53.02013394078406,2481300
2019-11-13,52.24171447753906,52.41664136240175,52.093028794100114,52.22422145540752,3034600
2019-11-14,52.775238037109375,52.7927310585986,52.4953563661872,52.66153506565578,3528000
2019-11-15,53.82479476928711,53.90351169600437,53.72858482147128,53.78980872708997,2420000
2019-11-18,53.4661979675293,53.57989760379686,53.2825229080726,53.49243583182909,2620700
2019-11-19,53.1163444519043,53.413719149001054,53.020134500424064,53.36998826281533,2885500
2019-11-20,52.50410079956055,52.67028283418682,52.180488245663454,52.52159382091345,4300600
2019-11-21,51.55949783325195,51.638214756276405,51.40206398720305,51.585735695442615,2978800
2019-11-22,51.61197662353516,51.81314470045509,51.524514853402486,51.76066563650389,1734500
2019-11-25,52.45162582397461,52.52159457393674,52.259205922786514,52.27669894439022,3645900
2019-11-26,52.48660659790039,52.58281654495149,52.16299405128063,52.23296613511874,2439200
2019-11-27,52.32042694091797,52.38165084492367,52.14550007099344,52.21547215354427,2189900
2019-11-29,51.13968276977539,51.24463757020604,51.08720370133359,51.24463757020604,1995600
2019-12-02,50.816062927246094,50.94725891999023,50.62364636406143,50.91227287706477,3093200
2019-12-03,50.23006057739258,50.23006057739258,49.81898292351977,49.97641677664328,3718900
2019-12-04,50.32627868652344,50.47496438500128,50.28254779499779,50.335023530247305,3487300
2019-12-05,50.16008758544922,50.24755268918654,49.93268498863729,50.05513279741699,2412800
2019-12-06,50.8423080444336,50.947262844842754,50.65863297315138,50.68487417559338,2405300
2019-12-09,50.46620941162109,50.711105024171424,50.43122337084176,50.61489508025451,1993400
2019-12-10,50.92976379394531,50.99098769830856,50.71110603937584,50.80731598521882,2264200
2019-12-11,51.55075454711914,51.67320570068542,50.97349816897495,51.00848421285103,5552200
2019-12-12,53.37873458862305,53.54491663178008,52.05804310498288,52.11926701463457,7467400
2019-12-13,53.50992965698242,53.929752174346426,53.0988519823654,53.39622668255484,4894200
2019-12-16,53.90138626098633,54.09800647135808,53.83882482004857,53.8566965951655,2955200
2019-12-17,54.84874725341797,54.92918387893496,54.47337860723389,54.54487593583631,5511100
2019-12-18,54.83981323242188,54.83981323242188,54.58956745978157,54.67000067869343,4910900
2019-12-19,54.99174499511719,55.0364346607404,54.60743705428873,54.66106260743089,2622200
2019-12-20,55.34030532836914,55.42074195742433,55.259872108656936,55.376055698914335,2343800
2019-12-23,55.12580490112305,55.14368008476699,54.97386754482089,55.06324346304059,3538600
2019-12-24,54.70574569702149,54.74149606371349,54.57168693594041,54.74149606371349,1264300
2019-12-26,55.05430603027344,55.09899569556748,54.97386940582406,54.99174459007312,999500
2019-12-27,55.849735260009766,56.01954439293412,55.64417234996617,55.90335740233181,2352900
2019-12-30,55.32243347167969,55.97486239113362,55.26880791594018,55.91230094744235,2547300
2019-12-31,55.58161163330078,55.69779862541292,55.34030176168762,55.49223912204084,1292500
2020-01-02,55.56373596191406,55.56373596191406,55.134741774811424,55.22411769463035,3203100
2020-01-03,54.43762969970703,54.78618728319052,54.4286938118954,54.57169188228203,2362600
2020-01-06,54.241004943847656,54.34825605140933,53.86563629541035,53.90138666459757,2142500
2020-01-07,54.82193374633789,54.82193374633789,54.58062388050516,54.687871573316585,3211500
2020-01-08,54.85768508911133,55.21517854128668,54.40187642020861,54.42869090089525,3505400
2020-01-09,55.37605285644531,55.59948754686933,55.26880515965777,55.54586540314696,4220200
2020-01-10,56.02848434448242,56.15361064077681,55.849739311319226,55.97486219827065,3902200
2020-01-13,57.27971649169922,57.28865578894261,56.591540615047954,56.65410205837989,4237200
2020-01-14,57.09203338623047,57.10990857069024,56.77028688464011,56.94903531989507,3809100
2020-01-15,56.457481384277344,56.82391758487874,56.36810886322631,56.70773058003789,4634700
2020-01-16,57.145652770996094,57.351212268343886,57.04734437522836,57.118841700272405,2344200
2020-01-17,57.23503112792969,57.27078149664647,57.03840750933019,57.21715253422848,1496700
2020-01-21,55.99274063110352,56.41279557461229,55.98380133332108,56.34129823906867,3159500
2020-01-22,57.10097122192383,57.21715481086203,56.92222278057044,57.14565747992644,3977500
2020-01-23,56.52898025512695,56.71666458871983,55.99273832790644,56.33235662411935,3648900
2020-01-24,56.21617126464844,56.72560210229082,55.89442475469684,56.716662805157206,3378500
2020-01-27,54.25887680053711,54.44656111324437,53.49026095686818,53.90138335861985,7166600
2020-01-28,54.21419906616211,54.37507233357584,53.8298910839341,53.928202903947295,5564500
2020-01-29,54.249942779541016,54.41975191459208,54.11588060337144,54.33931529075889,2273600
2020-01-30,53.04339599609375,53.15064710597112,52.35522012576675,52.66802733955175,4622300
2020-01-31,51.524044036865234,51.83685125830747,51.175483035245726,51.81897607289034,4950400
2020-02-03,52.35521697998047,52.42671430625983,51.97090904936854,51.988780823931336,3284600
2020-02-04,53.838829040527344,54.0890748238954,53.72264203710228,53.86564011464733,2837600
2020-02-05,54.339317321777344,54.50019057545662,53.99969562963855,54.49125468773795,6382800
2020-02-06,55.1079330444336,55.40286847835033,55.0900578597105,55.37605399659424,5181900
2020-02-07,54.02650833129883,54.2499430196753,53.89244615453584,54.1784422829103,2713200
2020-02-10,54.53594207763672,54.58062833584393,54.21419556359603,54.21419556359603,1708700
2020-02-11,55.34030532836914,55.69780221513511,55.20624655283915,55.41180606945953,2790800
2020-02-12,56.21617126464844,56.21617126464844,56.010608342690425,56.01954763982404,3106300
2020-02-13,55.25986862182617,55.61736207669175,55.20624306939209,55.34924113320688,2546000
2020-02-14,55.49224090576172,55.84973778097826,55.44755464869537,55.84079848395926,2875500
2020-02-18,54.58956909179688,54.76831412940204,54.45550690424995,54.45550690424995,3525900
2020-02-19,54.58062744140625,54.83981250784086,54.52700188683061,54.70575032607319,2741600
2020-02-20,52.91827392578125,53.27577081219382,52.569716336667625,53.10595825694351,4167900
2020-02-21,52.16753005981445,52.56077729312755,52.02453199570317,52.49821585316279,6010000
2020-02-24,49.441627502441406,49.816999551250106,49.20031763020927,49.262879070120256,9289900
2020-02-25,49.41482162475586,50.835866526590905,49.41482162475586,50.79118026614943,8378700
2020-02-26,50.01362228393555,50.59455386597894,49.89743869500123,50.201306613146016,5631400
2020-02-27,49.06626129150391,50.24599623013447,49.04838610645278,49.82593790479044,8302400
2020-02-28,49.1198844909668,49.12882378835558,47.63627819332874,47.88652738006952,12284500
2020-03-02,50.237060546875,50.31749718072001,49.0305144485431,49.41482243143111,9138700
2020-03-03,49.62931442260742,50.66605129318081,49.34331827964531,49.97787200875856,12651300
2020-03-04,51.46148681640625,51.675982240331024,50.90736625102345,51.10398989740723,12263600
2020-03-05,50.33536911010742,51.00567321232938,50.10299852144804,50.74648814122792,5705600
2020-03-06,49.63825225830078,49.79018621318838,49.25394431325906,49.49525419103011,5982800
2020-03-09,46.903411865234375,47.34134537781544,45.91136125067444,46.06329861969589,9003000
2020-03-10,48.90538787841797,48.932198951237126,47.42178161736605,48.48532955442217,10229600
2020-03-11,46.51016998291016,47.2787859296659,46.09905093536182,47.028536736483474,8070500
2020-03-12,41.70185089111328,42.4794026667569,40.21824466860083,42.35427978439389,12217000
2020-03-13,44.44562530517578,45.08017896626497,42.64027271542166,44.81205803714838,6567200
2020-03-16,37.42083740234375,40.03949199527008,37.38509044641088,38.654197729603645,22305100
2020-03-17,40.119930267333984,40.18249170447515,38.18945478428888,38.79719738166814,7463600
2020-03-18,36.34835433959961,37.3314690376197,35.43674378940072,36.20535627198578,5889900
2020-03-19,34.855812072753906,35.213308944929544,34.19444388203183,34.63237737997984,6639600
2020-03-20,36.26792526245117,37.34040918729692,36.08023750719424,37.134849654723375,6087000
2020-03-23,34.82899475097656,35.48142352768538,34.212312927596685,35.43673727901753,9019700
2020-03-24,39.16363143920898,39.440691676857774,38.62738955723239,39.11000588727423,10552300
2020-03-25,41.27286148071289,42.05041334660198,40.32549704675679,41.05836265080733,10220500
2020-03-26,42.7564582824707,42.82795560350241,40.91535538744521,41.18347971700592,6686600
2020-03-27,40.495304107666016,41.35329249191968,39.87862218639269,40.05737061878123,4160900
2020-03-30,41.36223220825195,41.42479365397786,40.53999411622967,40.89748760475728,4038600
2020-03-31,41.93422317504883,42.53302994841288,41.75547814117823,42.00572391607145,3649000
2020-04-01,39.04745101928711,39.89650364975541,38.97595368068461,39.69988000224774,4235800
2020-04-02,41.00473785400391,41.26391951967789,40.32549444425885,40.39699518606066,4695100
2020-04-03,40.35231018066406,41.049425388172665,40.12887546960688,40.951113569812605,3336600
2020-04-06,43.15864562988281,43.17652081424174,42.30959312421929,42.32746830857822,4605800
2020-04-07,43.63232803344727,44.71375116544042,43.57870247797295,44.59756757592718,7039100
2020-04-08,43.86470413208008,44.01663809918648,43.06033780815465,43.46252097011737,3843200
2020-04-09,43.73957443237305,44.72268913073132,43.65020191858723,44.22219418923932,5172700
2020-04-13,43.498268127441406,43.68595587675926,43.08714907530353,43.61445513238234,3138300
2020-04-14,44.56182098388672,44.95506486267823,44.22219925577304,44.46350916185303,5346300
2020-04-15,43.20333099365234,43.36420424021669,42.81902306123116,43.337393168903546,5228500
2020-04-16,43.74851608276367,44.07026260464921,43.3731440041162,43.89151415811913,4597100
2020-04-17,45.3751220703125,45.75943005064932,45.05337553706836,45.65218234268233,3864400
2020-04-20,44.38306427001953,45.03549312019497,44.30262764962296,44.76737218865395,2794300
2020-04-21,43.0871467590332,43.60551689987003,42.99777424270967,43.52508027144166,3795200
2020-04-22,44.36519241333008,44.59756640494111,44.26688060221333,44.44562903975807,2986500
2020-04-23,44.472434997558594,45.321487421243525,44.44562392828031,44.86568219680014,3621900
2020-04-24,44.52606964111328,44.56182001368231,44.05238913727479,44.42775782122004,3550500
2020-04-27,45.741546630859375,45.86666950252236,45.2410517348649,45.30361317069639,3167300
2020-04-28,45.80411148071289,46.47441555116235,45.78623629637977,46.32248159834502,2974600
2020-04-29,47.082157135009766,47.18046894198616,46.51016488643004,46.65316294857497,4491900
2020-04-30,46.134796142578125,47.073221205615646,45.79517785152952,46.84085061651171,3788100
2020-05-01,44.54393768310547,44.99974292755397,44.18644083343959,44.8746200529737,3965800
2020-05-04,44.83887100219727,44.86568548278194,44.257942866117766,44.40987681561245,3682100
2020-05-05,45.0891227722168,45.54492805636909,45.026561329477126,45.41980517088975,2876800
2020-05-06,44.83887100219727,45.330430037251176,44.74949849182895,45.31255485330897,2417900
2020-05-07,45.64323806762695,45.786236132437104,45.30361638519929,45.45555374681541,2131700
2020-05-08,46.2867317199707,46.5012271155546,45.88454859157235,45.90242377609481,3793000
2020-05-11,45.43767547607422,45.60748460108192,45.01761719764048,45.18742973199074,2929000
2020-05-12,45.02656173706055,45.93817572296005,44.964000293754566,45.53599258074807,5397700
2020-05-13,45.10699462890625,45.87561047938638,44.79418402894616,45.60748613389411,5186900
2020-05-14,45.45555114746094,45.52704847110608,44.28475221485624,44.41881438453695,6467200
2020-05-15,44.59756851196289,44.87462536437112,44.463506325134816,44.651190659219694,4078100
2020-05-18,46.39397811889648,46.60847691781802,45.8041106835407,45.8041106835407,5900300
2020-05-19,46.42973327636719,46.87660269498603,46.39398290463534,46.6442286880721,3943200
2020-05-20,47.00171661376953,47.323463079246494,46.84977926758654,46.9749055447606,3699000
2020-05-21,46.46548080444336,47.01065859794564,46.37610488058348,46.82297427185422,4502400
2020-05-22,45.78623962402344,45.86667625469704,45.41980684191992,45.80411480965569,3656500
2020-05-26,47.3681526184082,47.87758342099084,47.26984081276196,47.65414873882853,5701300
2020-05-27,47.38602828979492,47.48434009645298,46.80509674645697,47.44858972869683,8864200
2020-05-28,47.02853012084961,47.65414790178362,46.974907980051846,47.39496285678569,3870300
2020-05-29,47.86865234375,48.05633667738297,47.10897230245843,47.29665663609141,5404500
2020-06-01,49.10200881958008,49.13775919009538,48.43170471446162,48.55683101126517,4367700
2020-06-02,50.299617767333984,50.55880283342479,49.85274837449173,49.95106018641189,4914200
2020-06-03,52.39990615844727,52.48034278583829,51.658101327025264,51.67597651192804,5316700
2020-06-04,51.3631706237793,51.80110073248817,51.17548288213249,51.42573206788057,4579600
2020-06-05,53.59751510620117,53.90138642425192,53.20426786558088,53.33833004476377,5563800
2020-06-08,53.82988739013672,53.91032401832404,52.94508788941916,53.3472676210128,3856500
2020-06-09,53.05233383178711,53.17745671385427,52.48034156556992,52.71271214521709,3291700
2020-06-10,53.64220428466797,53.8924500628077,53.079147874510525,53.49920621011054,5777000
2020-06-11,50.69287109375,52.21222448412959,50.64818142163258,51.99772905907653,5989100
2020-06-12,51.37210464477539,51.73853740805543,50.56774178870215,51.54191378554418,5577600
2020-06-15,49.60250473022461,49.83487532434535,48.3333972366747,48.68195483252733,5469300
2020-06-16,50.74648284912109,51.61341048857687,50.15661543705392,51.61341048857687,6343200
2020-06-17,51.318477630615234,51.50616536010117,51.04142079878756,51.238044415704834,5218700
2020-06-18,51.15761184692383,51.31848169884021,50.95204891693663,51.02354965942662,3619600
2020-06-19,50.71968078613281,51.77429292368444,50.6928697110683,51.64023072967544,5796600
2020-06-22,51.58660507202149,51.66704170108912,50.8448002251374,50.96992311272195,3878500
2020-06-23,51.5776596069336,52.006653774213184,51.54190924065799,51.77428321210687,3097600
2020-06-24,51.38998031616211,52.08709547989597,51.13973454648183,51.997722964822415,4229600
2020-06-25,51.30060577392578,51.345292029696765,50.826921916593605,50.8984226533014,3575700
2020-06-26,51.00566864013672,51.63128642799822,50.86267058085489,51.52403873587252,3160200
2020-06-29,51.12186050415039,51.130796392120295,50.5141178419073,50.80011398774605,4066800
2020-06-30,51.05929946899414,51.291670060844325,50.737552950014646,51.08611054246143,4742200
2020-07-01,51.35423278808594,51.55085642333943,50.97886411279448,51.02355037280397,3681700
2020-07-02,52.1854133605957,52.569721356919445,52.05135457239601,52.17647747178638,4306100
2020-07-06,53.740516662597656,53.80307810778733,53.27577206308649,53.35620869395079,7238700
2020-07-07,52.5607795715332,53.08808559505299,52.55184027438344,52.70377764184317,4490000
2020-07-08,52.89146041870117,52.90933560313355,52.36415441064594,52.58758910203641,3782300
2020-07-09,52.5697135925293,52.98977190073559,52.08709384386796,52.96295741958142,5582100
2020-07-10,52.22115707397461,52.26584333100834,51.83684912666741,52.0692197088485,2654600
2020-07-13,52.30158996582031,53.20426456708116,52.20327816176027,52.77527039337221,4409600
2020-07-14,52.775272369384766,52.846773105684704,51.89047291840095,51.908348102475934,3646600
2020-07-15,53.18639373779297,53.46345398924901,52.97189833805009,53.33833110450851,3472200
2020-07-16,52.65015411376953,52.85571363466929,52.45353048102061,52.54290640924423,2711500
2020-07-17,53.12382888793945,53.23107999027447,52.85570795078728,53.14170407166196,3132100
2020-07-20,53.40089416503906,53.47239490668192,52.87358812812354,53.043397275510806,1995900
2020-07-21,53.71369934082031,54.0265099595807,53.65113789893681,53.91032296350725,3300100
2020-07-22,53.50813674926758,53.68688517693161,53.24895510896454,53.57963748407027,2301100
2020-07-23,52.72165298461914,53.141707899656666,52.43565343380016,52.9361483860547,4188900
2020-07-24,52.65015411376953,52.76634111578872,52.42671940722504,52.59652855683535,2883300
2020-07-27,53.69582748413086,53.77626070127968,53.213207725180695,53.40982793822704,3654000
2020-07-28,53.82988739013672,54.12482282993788,53.767325947029136,53.9460743884835,3000900
2020-07-29,54.86662673950195,55.04537518903631,54.53594432393642,54.58063058398423,4540300
2020-07-30,54.39294052124024,54.40187640857204,53.67795020769971,54.16056653850035,4697700
2020-07-31,53.85669708251953,54.29463058238958,53.31151929360609,54.25888021314655,6057000
2020-08-03,54.49125671386719,54.49125671386719,54.12482393560453,54.31250826876133,3314100
2020-08-04,55.1794319152832,55.206242986788745,54.56274999591366,54.56274999591366,2845800
2020-08-05,56.52004623413086,56.74348094607749,56.19829970343281,56.207235591799694,3734800
2020-08-06,57.23503112792969,57.24397042478029,56.73453619392316,56.91328462816426,3643600
2020-08-07,57.06521987915039,57.31546564717412,56.88647485018653,57.08309506391535,4272700
2020-08-10,58.30751800537109,58.31645730269554,57.88745967404008,58.06621152709901,2812300
2020-08-11,58.81694793701172,59.46938025780582,58.68289257266474,59.37106844482744,4628100
2020-08-12,59.773250579833984,60.00562458519329,59.558755169564094,59.63919521009415,3252900
2020-08-13,59.460445404052734,59.77325264204799,59.32638321100152,59.56769652223099,2727800
2020-08-14,58.86163330078125,58.95100581004036,58.42370323233185,58.54882610903168,3000300
2020-08-17,59.52299880981445,59.8804956700894,59.317442717769055,59.42468700277171,3353100
2020-08-18,57.66402053833008,57.77127164191962,57.17246832225364,57.7444605706936,4904200
2020-08-19,57.503150939941406,58.03046037601582,57.41377842395693,57.92320926562292,3614100
2020-08-20,55.81398010253906,56.001664403245485,54.92917732738493,55.0185532391564,5758600
2020-08-21,56.06423568725586,56.0821108727508,55.61736627791123,55.80505061159364,3401000
2020-08-24,56.814979553222656,57.0652253452165,56.60942002275012,57.02947838160539,2400100
2020-08-25,57.66402053833008,57.6818991316044,57.35121334288408,57.53889766015168,2623300
2020-08-26,58.030460357666016,58.11089357642084,57.69977454807355,57.76233599111149,3111400
2020-08-27,57.0115966796875,57.63721108817517,56.761347506949605,57.63721108817517,3895300
2020-08-28,57.762332916259766,57.77127221298529,57.44952571772168,57.61039896535348,2961100
2020-08-31,56.36810302734375,56.63622397208098,55.84973632209747,56.25191603453193,4569200
2020-09-01,57.1814079284668,57.21715488931213,56.86860071267669,56.966912526023,3611900
2020-09-02,57.1814079284668,57.386967443035005,56.87753660055228,57.32440599987698,4506700
2020-09-03,56.57365798950195,57.74445689237072,56.46641030208682,57.73551759630298,5704500
2020-09-04,56.96691131591797,57.404844818064376,56.10891949633958,57.09203419957612,6076300
2020-09-08,56.99372482299805,57.48528049094334,56.91328819301842,57.11884771200125,4818500
2020-09-09,57.74446105957031,57.89639501026104,57.48527600438204,57.78021142773616,5187400
2020-09-10,57.02947616577149,58.00365163019512,57.002661682426,57.93215088706457,5472400
2020-09-11,57.64615249633789,57.90533756611412,57.31546668620562,57.78915397704998,4348600
2020-09-14,58.8437614440918,58.95995185624684,58.64714462868742,58.7097060741993,3626900
2020-09-15,59.52299880981445,59.674932759358526,59.433626299417085,59.57662777100125,3956500
2020-09-16,59.54981231689453,60.00562100285664,59.487250875188806,59.7821863083811,4562300
2020-09-17,59.37106704711914,59.37106704711914,58.72757403865919,58.92419765998704,4024400
2020-09-18,59.02250671386719,59.63024932472824,58.92419490779515,59.57662718275637,3016600
2020-09-21,58.5130729675293,58.5398840371674,57.78914681256033,58.30751006916209,4267600
2020-09-22,57.60145950317383,57.86958385468519,57.19034390723522,57.84277278327115,3669300
2020-09-23,56.68985366821289,57.637214636149686,56.600481149882526,57.57465319144982,4439900
2020-09-24,56.12679672241211,56.56473024048637,55.51011816937824,55.64417694559795,4321000
2020-09-25,56.305545806884766,56.36810725170053,55.5011795030492,55.67099206127173,4355800
2020-09-28,57.512088775634766,57.574650217102665,57.14565601446159,57.4137769649444,3921500
2020-09-29,57.6729621887207,57.86958581065008,57.42271642215085,57.55677860243777,2515400
2020-09-30,58.39689636230469,58.63820968339432,57.97684480765409,58.021527661372666,6028600
2020-10-01,58.995697021484375,59.02250809309683,58.575638716394415,58.834823773124086,3088300
2020-10-02,58.26283264160156,58.700762729995205,57.73552322119292,57.896396472659966,3029800
2020-10-05,59.54981231689453,59.585562686252906,59.01357041389038,59.01357041389038,2919500
2020-10-06,58.808013916015625,59.49618977012791,58.70970210561592,59.19232186066386,4231100
2020-10-07,60.211181640625,60.31842592595095,59.83580618592771,59.88049585060384,3649800
2020-10-08,60.51504898071289,60.61336078714237,60.1486196447638,60.30055359336012,3912500
2020-10-09,61.07810592651367,61.2121681093893,60.78317730661031,61.06023415085032,2661100
2020-10-12,60.76529312133789,60.9172338845829,60.52398666931269,60.65804883985346,4967500
2020-10-13,60.25586700439453,60.53293066332976,60.03243230904864,60.49718029383212,3320600
2020-10-14,59.782188415527344,60.11287422973372,59.648126230379575,59.907311303349005,3338000
2020-10-15,59.47831344604492,59.5766252489258,58.95994336152485,59.049315868138784,3157100
2020-10-16,59.47831344604492,59.79112062853629,59.41575200954665,59.67493023312151,2937600
2020-10-19,59.38894271850586,59.764318210523925,59.24594805095921,59.57663387385798,3741200
2020-10-20,60.130741119384766,60.49717727443245,59.88943466067649,59.95199609950348,4051800
2020-10-21,60.506107330322266,60.854664878218,60.43461341644287,60.49717485276556,4356200
2020-10-22,60.202247619628906,60.35418158294536,59.98775221149474,60.27374836190232,4210300
2020-10-23,61.042362213134766,61.042362213134766,60.66698673834234,60.87254966069738,2934100
2020-10-26,60.03242492675781,60.42567212418774,59.61236666017311,60.17542638716322,4002900
2020-10-27,59.91625213623047,60.05924680368309,59.74643957611221,60.01456395327934,2769600
2020-10-28,59.01356887817383,59.52299969557366,58.92419636644651,59.4068161121967,4849900
2020-10-29,59.30850601196289,59.44256819275807,58.83482554934761,59.1833831282036,6824200
2020-10-30,58.00364685058594,58.46838800526661,57.610399614458416,58.35220442126784,5182900
2020-11-02,59.0046272277832,59.03144511704868,58.70969863271591,58.959944383044665,3519800
2020-11-03,60.28268051147461,60.398870921705935,60.07712440191866,60.18436869605706,4114900
2020-11-04,61.50709533691406,61.80203073613005,60.372050219956286,60.39886128921502,5879100
2020-11-05,62.963897705078125,63.17839993325197,62.48128473840228,62.68684085037789,4508100
2020-11-06,62.758338928222656,62.96389503146983,62.4544641938894,62.63321604311068,3874500
2020-11-09,63.37501907348633,64.7871211394141,63.34820118285123,64.73349899551519,5992000
2020-11-10,63.9559440612793,64.15256768124493,63.49120290210336,63.68782652206899,4170100
2020-11-11,64.80500030517578,64.88543352173409,64.45644272938505,64.76924993603241,3961300
2020-11-12,64.17938232421875,64.77819251434596,64.03638765908754,64.62625173311861,3006000
2020-11-13,65.72554779052734,65.752358861751,65.2965501948924,65.50211310541623,3953100
2020-11-16,66.96784973144531,66.99466080492587,66.54779139708724,66.67291428578717,4969700
2020-11-17,66.92315673828125,67.10190858374749,66.49416594653364,66.61034953207243,4295100
2020-11-18,66.88741302490234,67.2895996032072,66.86060195008596,67.08403666513765,6181900
2020-11-19,66.67290496826172,66.76227747360245,66.08304097806483,66.14560241367185,4081700
2020-11-20,66.7265396118164,66.9320957097459,66.52097669520127,66.58353813613881,3343700
2020-11-23,68.0224609375,68.26376741442759,67.64709227619666,68.08502238105055,4520400
2020-11-24,69.15750122070312,69.18431911058892,68.31739144212229,68.47826468800976,4242000
2020-11-25,68.57658386230469,68.71957853029741,68.2190869642936,68.54976596953775,3521300
2020-11-27,69.58650207519531,69.77418640107372,69.36306737981354,69.425628821773,2332200
2020-11-30,68.29951477050781,68.69276200900484,68.1028911512593,68.43357694896686,6469700
2020-12-01,69.63118743896484,69.75631031515195,69.00556623934396,69.24687951390862,3615800
2020-12-02,70.93605041503906,71.09692367043556,70.58749283146096,70.73048749254349,4067300
2020-12-03,72.1783447265625,72.56265266909017,72.02640395398316,72.19621650167942,3628000
2020-12-04,74.17137145996094,74.18031075603082,73.6261903173435,73.64406890948327,3922400
2020-12-07,74.31437683105469,74.5914336556282,74.03731318779579,74.40374934039917,3351300
2020-12-08,72.73246002197266,72.9201443489762,72.59840465888855,72.7503386161744,4452700
2020-12-09,73.46533203125,74.26075907620843,73.01846259841103,74.26075907620843,4555000
2020-12-10,74.2071304321289,74.27863117161061,73.25083020229009,73.3402027172993,4145700
2020-12-11,73.67089080810547,74.0373201766129,73.64407973463982,73.83176406758547,3667300
2020-12-14,73.26560974121094,73.9320682011151,73.22958403105373,73.9050506362976,4341800
2020-12-15,74.32833862304688,74.35535618585841,73.44573283893125,73.58082065298896,4092100
2020-12-16,73.76095581054688,74.05816277055082,73.49076641577935,73.85101665173548,4972300
2020-12-17,73.58983612060547,73.77896595030775,73.53580098960533,73.75194838480768,3608400
2020-12-18,73.1485366821289,73.48176250083155,72.98642441017552,73.4367355132458,4225800
2020-12-21,72.45504760742188,72.70722757562214,71.79759730041832,71.96871770389667,3776800
2020-12-22,71.32027435302734,71.92368957909154,71.29325678636806,71.92368957909154,3524900
2020-12-23,72.79728698730469,73.00442622526376,72.52709760513038,72.57213145922657,2251800
2020-12-24,73.9951171875,74.13020500947012,73.7159196559582,73.8960482039209,1341400
2020-12-28,74.68859100341797,74.9047383834109,74.62554773128664,74.78765998408167,2706800
2020-12-29,76.15660095214844,76.23766051244344,75.77834132730824,75.91343601366579,3147600
2020-12-30,77.5886001586914,77.92182595903577,77.55257444788629,77.60660957849309,3409600
2020-12-31,77.49852752685547,77.85877083769677,77.1022516394892,77.83175327650373,2796000
2021-01-04,79.5429458618164,80.78580192156925,79.11064421817979,80.43455984226514,5059400
2021-01-05,81.53331756591797,81.65040283641832,80.81282400906018,80.88486855490504,4274900
2021-01-06,81.4162368774414,81.85753976983882,80.2724429953977,80.4075376807605,5960600
2021-01-07,82.94729614257812,82.96531243290848,81.98363074594958,82.13673485775003,4788700
2021-01-08,86.6578598022461,86.72991121953467,85.38797933954,86.03642835273449,5838300
2021-01-11,85.91934967041016,86.19854032248331,85.24388309575474,85.28891007801097,4530500
2021-01-12,85.21686553955078,85.42400477459033,84.64046794549094,84.84760718053049,5025700
2021-01-13,85.1988525390625,85.36997294338113,85.00972271538477,85.2168688296232,3213400
2021-01-14,85.79325866699219,86.33363052438996,85.604128860463,85.94636276686805,3797800
2021-01-15,83.06438446044922,83.4426441168318,82.70413422385553,83.16344657609078,3837400
2021-01-19,83.42462921142578,84.28022439644643,83.15444668289442,83.92898229951435,5228600
2021-01-20,84.57742309570312,84.59543251403097,83.82089697311059,84.05506063857985,3424700
2021-01-21,86.4957504272461,86.4957504272461,85.49605931050499,85.82028382789139,4654300
2021-01-22,84.49636840820312,84.6764900866742,84.16313574470986,84.20816959992844,3312900
2021-01-25,86.24356842041016,86.2976035439921,85.30692067485172,86.0814561784635,4198200
2021-01-26,84.90164184570312,85.15382180403314,84.46033894322784,84.94667569891952,2909400
2021-01-27,81.80351257324219,82.92028212949891,81.80351257324219,82.83922943314562,5118900
2021-01-28,82.97431945800781,83.6137603850262,81.97462828262924,82.12773927624364,4556100
2021-01-29,79.34481048583984,80.52463018137514,79.22773207931571,80.15537179962699,6508000
2021-02-01,82.56903076171875,82.74915242529522,81.35319235457506,81.57834786964615,4503400
2021-02-02,83.02835845947266,83.415626259997,82.8752474713943,83.19047072181313,3969200
2021-02-03,83.77587127685547,83.94699168803562,83.24450749443562,83.74885371113268,2582300
2021-02-04,82.50599670410156,82.69512653333342,81.5873582521734,82.19978159639159,3090000
2021-02-05,83.7218246459961,83.7578503524122,82.82120259919596,83.2354879161799,2563100
2021-02-08,82.70413208007812,82.86624433878308,82.11872631968794,82.18176959411755,2399900
2021-02-09,83.13642883300781,83.27152353034175,82.2538229700027,82.37090137638451,4317200
2021-02-10,83.7218246459961,84.22617079341987,83.34356503542826,83.98300586411224,2409200
2021-02-11,84.64047241210938,84.93767249855426,84.28022217901064,84.37929116489283,2634000
2021-02-12,84.74854278564453,84.92867133803587,84.07307617438084,84.16313701497566,2383000
2021-02-16,84.31624603271484,84.95568691856319,84.18115133937752,84.77555837037958,2300600
2021-02-17,83.74884796142578,83.84791694307576,83.18145850659523,83.34357076100416,2134500
2021-02-18,82.50599670410156,82.6320832569228,81.47928799044193,82.28984930943685,2901600
2021-02-19,83.8479232788086,84.33426007878404,83.62276773462747,83.68581101215011,2524700
2021-02-22,81.66841888427734,82.4429545023911,81.61438375270723,81.83053115018957,3171300
2021-02-23,81.94760131835938,82.11872171272609,80.57865877702926,81.31716860943126,3239500
2021-02-24,81.0469741821289,81.14604315466825,79.7861019717015,80.15536030047555,4200700
2021-02-25,80.16437530517578,82.78518205165908,79.88517778085252,82.44294812618055,5470400
2021-02-26,79.22772979736328,79.77710984581765,78.48921992633962,79.56095558756569,6702100
2021-03-01,81.34418487548828,81.73145263942672,80.39852895597316,80.542631784974,4044600
2021-03-02,80.54263305664062,80.86685755581055,79.85815835048174,80.56064247494953,3233200
2021-03-03,80.3084716796875,81.25412764107838,80.20940269816269,80.95692069650394,3602500
2021-03-04,78.8494644165039,81.01095187217878,78.33611011510096,80.49759757077584,4726800
2021-03-05,80.16437530517578,80.27244555995776,78.67834746111139,80.17337657894005,4633100
2021-03-08,78.18299865722656,78.60629212388432,77.65163494117604,78.35411904703315,8178900
2021-03-09,78.76840209960938,79.32679023312018,78.30008166626543,78.40815191254437,5123400
2021-03-10,77.60661315917969,78.01189727103544,77.12027634767402,78.01189727103544,4366200
2021-03-11,79.93021392822266,80.08331804102497,79.33580002505856,79.77710981542035,4650400
2021-03-12,79.2817611694336,79.70505464944999,78.94853539502162,79.64201137824763,3378600
2021-03-15,80.40754699707031,80.47059027471722,79.47990725260782,79.93021834185772,2674800
2021-03-16,80.55164337158203,81.01996384344412,80.32648784504805,80.75878260812053,3540500
2021-03-17,80.73176574707031,81.128041676004,79.29077173894974,79.53393668639451,3995900
2021-03-18,78.9215087890625,80.27244188154273,78.90349937115789,79.91219855384216,4778400
2021-03-19,80.04729461669922,80.14636360338835,78.9575426343206,79.33580229011449,6128200
2021-03-22,80.2364273071289,80.46158285378202,79.34481326631911,79.78611621382267,3386200
2021-03-23,77.88580322265625,78.6963576260119,77.72369096774484,78.59728864405484,4770400
2021-03-24,77.46250915527344,78.44418395129696,77.43549159152253,78.39014882379516,3907200
2021-03-25,78.65133666992188,78.77742322549214,77.63362920841651,77.75071448944742,4986000
2021-03-26,80.28145599365234,80.34449926780624,79.04760120383865,79.2097134618346,4385800
2021-03-29,79.452880859375,79.7500877943485,79.0385955278367,79.44387271465428,3896200
2021-03-30,79.79512023925781,80.07431777510816,79.56996470423101,79.95723249932517,3248400
2021-03-31,80.78580474853516,81.08301170948552,80.13736256719133,80.22742340866672,3130600
2021-04-01,81.67742919921875,81.78549946522924,81.36220593348268,81.43425735829105,3194800
2021-04-05,82.73114776611328,82.85723431210951,82.109716309988,82.19977714695654,3623400
2021-04-06,82.82120513916016,83.10039578344613,82.47897122451279,82.65909289091643,2052400
2021-04-07,82.31685638427734,82.8212025312876,82.02865760438564,82.8212025312876,3778700
2021-04-08,82.6230697631836,83.04636325077013,82.59605219949958,82.83922401505842,3550200
2021-04-09,82.23580932617188,82.30786074989616,81.9566186482427,82.21779990584177,2508200
2021-04-12,81.82151794433594,82.11872489199479,81.60537056022106,82.01064776433662,2612000
2021-04-13,83.28953552246094,83.50568290431815,83.0193461417384,83.28052737744981,6086600
2021-04-14,83.98301696777344,84.33425906276824,83.82991284866326,84.20817250924199,3824000
2021-04-15,84.64047241210938,84.78456838262785,84.19916261274263,84.61344797588558,5017200
2021-04-16,84.15412902832031,84.55940621427149,84.10008703131265,84.55039806957002,4813400
2021-04-19,84.11810302734375,84.38828552663519,83.87493121966021,84.28921654886798,3092900
2021-04-20,83.93798065185547,84.53239456209471,83.64978184206718,84.38829172159976,3945800
2021-04-21,83.7308349609375,83.7668606682875,82.4699626884918,82.65909249867849,3470600
2021-04-22,82.33486938476562,83.25350775959664,82.15474771619546,83.25350775959664,4201000
2021-04-23,83.6137466430664,83.82089273496959,83.28952903114973,83.37058171632869,3791200
2021-04-26,84.28922271728516,84.41531613829022,84.09109161845234,84.29823086261443,4658100
2021-04-27,83.87493896484375,84.25320549270346,83.67680786221464,84.22618105619782,5767200
2021-04-28,83.65878295898438,83.94698174456025,83.0463596807355,83.18145436454942,3952100
2021-04-29,83.48766326904297,83.73083507618993,82.83021300480348,83.59574039124173,2666900
2021-04-30,81.56034088134766,82.32587521684833,81.38021919723091,82.30785892571556,3688600
2021-05-03,81.39822387695312,81.72244838644356,80.983938530649,81.32617933022301,3172500
2021-05-04,81.37120056152344,81.53331280481018,80.84883812524382,81.41623441234789,4359400
2021-05-05,81.59636688232422,81.69543587030097,81.23611664160896,81.59636688232422,2359300
2021-05-06,83.08238220214844,83.1634348866083,82.32586299571989,82.55101850304278,3685400
2021-05-07,84.29823303222656,84.67649269137227,83.61375826481874,83.67680841254483,4502100
2021-05-10,84.05506896972656,85.4330197936234,83.96500812675849,85.35196022511083,4171500
2021-05-11,82.98332214355469,83.1454344010898,82.29884740382849,82.38891511339362,3671200
2021-05-12,79.41686248779297,80.82183086115847,79.35381921132661,80.55164833538915,5447300
2021-05-13,80.35350799560547,80.47058639953967,79.7500928141574,79.80412794348062,5319100
2021-05-14,81.53331756591797,81.63238654655612,81.01095509913519,81.11002407977334,3687200
2021-05-17,80.01126098632812,80.16437195954815,79.61499194999674,79.74107848944777,3126700
2021-05-18,81.38922882080078,81.67742764334226,81.20009898768312,81.31717739736493,2495300
2021-05-19,81.12804412841797,81.75847687877757,80.20940569652068,80.31748282709731,3542000
2021-05-20,81.59636688232422,81.74046972709105,81.11003008803888,81.1460557992306,3174900
2021-05-21,80.60567474365234,81.51530495240527,80.5336233294301,81.51530495240527,3257400
2021-05-24,81.4432601928711,81.5243128870931,80.81282744491675,81.02897483404372,1895000
2021-05-25,82.14574432373047,82.26282272795422,81.76748467512917,82.15475246904047,4095700
2021-05-26,82.469970703125,82.49698826846286,82.05568533514035,82.11872861132929,3897400
2021-05-27,81.7674789428711,82.08269529460746,81.65040054685505,81.7314532353582,3228300
2021-05-28,82.8842544555664,82.94729773052653,82.47897724099445,82.47897724099445,3082900
2021-06-01,84.17213439941406,84.31623722290432,83.99201274125207,84.21716824955497,2966300
2021-06-02,83.69481658935547,83.99202354764206,83.50568676259174,83.64978273342052,2166800
2021-06-03,83.50568389892578,83.70382186432208,83.29853778841107,83.5146920440442,3387700
2021-06-04,84.47835540771484,84.55039995332828,84.10909704994029,84.41531213580228,3591600
2021-06-07,84.0640640258789,84.37027911476154,83.65878682690044,84.37027911476154,4663500
2021-06-08,83.4966812133789,83.64978533439559,83.22649868297336,83.64978533439559,1719000
2021-06-09,82.45195770263672,82.97431330928833,82.40692384822815,82.94729574512377,2177000
2021-06-10,83.46965789794922,83.52369302606793,82.8572345848652,82.99232927636342,3109700
2021-06-11,83.43362426757812,83.73083118641696,83.22648504865467,83.65877977496498,3660600
2021-06-14,83.7308349609375,83.75785252364973,83.45164431797636,83.6227578388875,2303600
2021-06-15,83.64077758789062,83.80288984207073,83.40661391603018,83.80288984207073,1786600
2021-06-16,82.74915313720703,84.40630131541167,82.37990166233821,84.16312950917025,4275900
2021-06-17,82.60506439208984,83.0823930304334,82.51500355166304,82.85723749376555,3756500
2021-06-18,82.04667663574219,82.56003098730125,81.85754680845218,82.44295258122698,4360900
2021-06-21,82.9112777709961,82.93829533768124,82.10972456039349,82.25382741098376,2496600
2021-06-22,82.83021545410156,82.9833195616763,82.1727582992199,82.45195582202234,2049500
2021-06-23,83.17244720458984,83.57773126082945,83.06437695322019,83.06437695322019,2715700
2021-06-24,84.16313171386719,84.23518313028549,83.89294920910048,83.98301004402272,2039300
2021-06-25,84.66748809814453,84.72152322698958,84.2441945989876,84.60444482409147,2197400
2021-06-28,84.15412902832031,84.19915600942537,83.93797478269195,84.10909517601412,1634700
2021-06-29,83.83890533447266,83.86592976842553,83.3885942987403,83.53269712835119,1993100
2021-06-30,83.91996765136719,84.09108804935249,83.68580398115591,83.99201906854009,2612400
2021-07-01,83.39761352539062,83.50569066196024,82.99233628785811,83.39761352539062,2732600
2021-07-02,83.75785827636719,83.87493667989514,83.20847822614866,83.55972030793407,1911800
2021-07-06,83.14543914794922,83.73985308324752,82.86624847172227,83.73985308324752,2883300
2021-07-07,82.4789810180664,83.1454395083365,82.30786060482332,83.04637051869071,2796500
2021-07-08,80.64170837402344,80.78580434542468,80.18238915222864,80.56064880725884,4283400
2021-07-09,81.24512481689453,81.27214238249772,80.80382187923804,80.8668651560461,3364600
2021-07-12,81.8665542602539,81.96562324578571,81.33518362229232,81.42525133364971,2356100
2021-07-13,81.6594009399414,82.19977280440658,81.56033196314934,81.87555518268832,2989900
2021-07-14,82.20877838134766,82.361882478444,81.71344038405933,82.17275267534836,2308700
2021-07-15,82.55103302001953,82.77618856693705,82.3709044597643,82.5600342946308,2743900
2021-07-16,81.6954345703125,82.55102973729672,81.62338314907561,82.52400530093159,2660600
2021-07-19,79.80413055419922,80.21841592536735,79.59698443301424,80.19139835982189,4093200
2021-07-20,81.001953125,81.20909235821502,80.08331474360784,80.25443513981253,3211500
2021-07-21,80.56964874267578,80.65970957452457,79.7050523887655,79.80412136515947,4129400
2021-07-22,81.23611450195312,81.29915777707768,80.77680215656065,81.12804424242626,2729600
2021-07-23,81.19108581542969,81.20909523457273,80.67773147983429,81.02897355833632,3076000
2021-07-26,81.08301544189453,81.11003300846065,80.12835811014754,80.1643838226364,5143900
2021-07-27,80.27245330810547,80.44357372296248,79.66002994415628,80.39853986498895,4542400
2021-07-28,81.01995849609375,81.05598420250564,79.70505113246388,80.57865561714969,4792600
2021-07-29,81.60537719726562,81.78549888681059,81.27214451328526,81.29016080496096,4177800
2021-07-30,79.93021392822266,80.11934375071989,79.63300697664062,79.78611108944293,2781300
2021-08-02,79.91220092773438,80.29046055577727,79.8671670748335,80.15536586827588,4575700
2021-08-03,81.10102081298828,81.18207350177236,80.40753796556349,80.7857975889582,2531100
2021-08-04,82.21778869628906,82.56903075005427,82.00164132578765,82.27182382111417,2851900
2021-08-05,82.41593170166016,82.46996682979804,82.22680188197613,82.38891413759121,3040900
2021-08-06,81.4072265625,81.76747675679637,81.35319143827587,81.67741592602252,2277100
2021-08-09,81.32618713378906,81.60537781606139,81.29016142136649,81.41624797924445,2181300
2021-08-10,80.16437530517578,80.33548883231437,80.02027247053134,80.3264875585501,3106900
2021-08-11,79.60598754882812,79.75009038423484,79.33579816804124,79.75009038423484,2925700
2021-08-12,78.65133666992188,78.77742322549214,78.31810398951363,78.72338809344829,3296600
2021-08-13,77.76871490478516,77.82275690177335,77.40846470006885,77.73268919719341,5014000
2021-08-16,77.4084701538086,77.43549458980723,76.8320725341334,76.90412395439321,3008400
2021-08-17,75.61622619628906,75.88641555870761,75.3730612670731,75.697285753495,3609600
2021-08-18,75.9944839477539,76.72399245995855,75.94044882507237,76.4988369538511,4007400
2021-08-19,74.75163269042969,74.99479762886523,74.076166129974,74.19324452682056,3629700
2021-08-20,74.4094009399414,74.53548748520151,73.51778010691454,73.5448045419286,3143000
2021-08-23,75.60722351074219,75.79636020081142,75.13890303609826,75.15691245499936,4023900
2021-08-24,76.99418640136719,77.08424724297114,76.6969863111943,76.6969863111943,3512800
2021-08-25,77.03921508789062,77.12927592345086,76.66095545581685,76.80505141847296,2887900
2021-08-26,76.07554626464844,76.26467607210034,75.86840016818151,76.26467607210034,2993700
2021-08-27,77.18331909179688,77.23736109572437,76.03953193149505,76.09356706422051,2937100
2021-08-30,76.54386901855469,76.94915307919894,76.54386901855469,76.70598126857215,1904900
2021-08-31,78.07493591308594,78.39015228945128,78.04791834814057,78.34511843374123,3739600
2021-09-01,78.96654510498047,79.002570813115,78.49822464163395,78.50722591526666,3355000
2021-09-02,77.9938735961914,78.31809810650363,77.91282090421406,78.10195072336262,2873400
2021-09-03,78.98455810546875,79.04760137976295,78.6243147501885,78.74139315353443,1512600
2021-09-07,77.84077453613281,78.03891251320049,77.69667169055565,77.75971496769519,3315600
2021-09-08,76.53486633300781,76.93113537036113,76.34572965214244,76.88610838969882,3536100
2021-09-09,75.32803344726562,75.62524039548116,75.26499017381397,75.607224105237,3140000
2021-09-10,75.30101013183594,75.97647666917125,75.21094930109808,75.97647666917125,3179800
2021-09-13,75.86840057373047,76.01250340181707,75.60721935122429,75.73330589019955,4362300
2021-09-14,75.97647857666016,76.61591942351413,75.83237574690095,76.61591942351413,3875600
2021-09-15,76.74201202392578,76.74201202392578,76.28269280679932,76.50784834267677,2552900
2021-09-16,75.31002044677734,75.4541164058707,75.08486492784304,75.32802986496358,2516500
2021-09-17,74.82368469238281,75.42709984203077,74.76964269470602,75.33703900750442,2560100
2021-09-20,72.99542236328125,73.4997685295097,72.46405176283243,72.88734524000323,4791300
2021-09-21,73.04045867919922,73.51778734341137,72.96840725447233,73.49076977693929,3822400
2021-09-22,73.84200286865234,74.4093991801049,73.58982978409618,73.73393261595754,3505300
2021-09-23,75.61622619628906,75.82337229030341,75.27399229226636,75.3910706846739,3374800
2021-09-24,74.31033325195312,74.75163616804493,74.2652993973472,74.66157533003457,2704900
2021-09-27,74.75163269042969,74.97678821058159,74.49045146250936,74.56250287804625,2711200
2021-09-28,72.95038604736328,73.32864565926138,72.80628322119203,73.31964438602638,4310000
2021-09-29,72.10379791259766,72.68019546521592,72.05877093357485,72.62616034190822,3352500
2021-09-30,72.6441879272461,73.36468154446118,72.59014592433358,73.15754229210258,5065800
2021-10-01,72.49107360839844,72.60815888333362,71.7705800242506,72.23890051038661,3354400
2021-10-04,71.4733657836914,72.14883231501067,71.0680886133802,72.12181475315003,4263300
2021-10-05,71.0500717163086,71.31125293072645,70.67181211109686,70.77988235761403,4341600
2021-10-06,69.510009765625,69.55504361639272,68.6814391326257,68.8615607932948,4962500
2021-10-07,70.68082427978516,70.9419986378729,70.36560105295976,70.41063490570659,3245800
2021-10-08,70.20348358154297,70.44665537436862,70.05938763163206,70.39262025205211,3591300
2021-10-11,70.05939483642578,70.70784385571201,70.05939483642578,70.29355850921279,2339400
2021-10-12,68.87056732177734,69.26684321139263,68.81653219908462,69.25783506721025,4787600
2021-10-13,70.50070190429688,70.5727533265112,69.8252352812416,70.11343409889712,3722000
2021-10-14,71.60845947265625,71.61746074568457,71.17615787526947,71.33827011538942,5031300
2021-10-15,72.38299560546875,72.52709155840043,71.99572785461362,72.0497629780629,3465100
2021-10-18,71.72554016113281,71.91466996879957,71.49137650207831,71.59044547817057,2854100
2021-10-19,73.04045867919922,73.16654523687028,72.54512059440637,72.61716514793123,3662700
2021-10-20,72.63516998291016,72.90535247621688,72.58112798728804,72.85131735179573,2497000
2021-10-21,72.24790954589844,72.41902995217283,72.08579728500736,72.3649879510747,3994100
2021-10-22,72.37399291992188,72.84231339127368,72.1218198298708,72.53610517369776,3350500
2021-10-25,73.34666442871094,73.51777795157516,73.11250076386374,73.18455217938613,3032700
2021-10-26,73.87803649902344,74.25629616642082,73.79698380081055,74.21126918003654,3119200
2021-10-27,72.94137573242188,73.32864347723205,72.91435817111896,73.07647041013719,2635300
2021-10-28,73.03144073486328,73.14852600213598,72.70722310949579,72.82430150556735,7000300
2021-10-29,71.59044647216797,71.71653301236312,71.12212601875757,71.4193329511609,5394300
2021-11-01,71.9056625366211,71.91467068122809,71.6084624766011,71.67150574644789,3339300
2021-11-02,72.45504760742188,72.72523699489281,72.41902876888054,72.60815859162958,2482400
2021-11-03,71.59945678710938,71.71653518621054,70.77088610608271,71.12212817458752,4940100
2021-11-04,71.6624984741211,71.71653360001861,71.23920499805409,71.58144578527481,3513900
2021-11-05,71.57244110107422,71.68951950324661,71.38331128008734,71.53641539166698,2786600
2021-11-08,71.73455047607422,71.76156803924393,71.43734353880507,71.5724382258548,3034000
2021-11-09,71.23920440673828,71.86063583420626,71.1221260111984,71.77057500139088,2517000
2021-11-10,69.99635314941406,70.92399284533218,69.83424089091952,70.77088873208778,4704600
2021-11-11,70.83393096923828,71.1221297722084,70.72585384142394,70.77088769581361,3323000
2021-11-12,71.79759979248047,71.8876606343629,71.42834140820017,71.49138468463805,3335500
2021-11-15,71.9236831665039,72.44604564601737,71.8246141834513,72.35597793691392,2364700
2021-11-16,71.77958679199219,72.00474234262103,71.6535002333362,71.89667207588853,4688600
2021-11-17,70.86094665527344,71.22119686723828,70.73486011176594,71.18517115892166,5047100
2021-11-18,70.45567321777344,70.55473533192418,70.05939727636388,70.44666507241368,3665800
2021-11-19,70.63579559326172,70.86995927650952,70.53672660693387,70.69883886899747,2640700
2021-11-22,72.0767822265625,72.68920550105629,72.04075651968628,72.36498101037128,3977400
2021-11-23,71.51840209960938,71.81560216152212,71.32026414420012,71.59945478798527,4252300
2021-11-24,71.32027435302734,71.44636091157203,71.09511880259723,71.29325678636806,3897400
2021-11-26,68.23113250732422,68.92460850391655,67.95193498273134,68.90659908516928,4813400
2021-11-29,68.78050994873047,69.05970059160227,68.39324218384324,68.90659648881457,5305200
2021-11-30,68.20411682128906,68.49231562758912,67.43858251502813,67.88889357932207,9311500
2021-12-01,69.64511108398438,70.95101042629128,69.62709479347996,70.248526263053,7110100
2021-12-02,71.20317840576172,71.59945431395664,70.92398776382497,70.97802288905116,6669900
2021-12-03,70.86995697021484,71.41933701426314,70.51871489237433,71.29325046689482,5559300
2021-12-06,71.85163879394531,71.8696550860134,71.2662329833716,71.4823872609756,4970100
2021-12-07,72.97740173339844,73.11249641166079,72.60815027542883,72.6531772540491,4008800
2021-12-08,73.18455505371094,73.2926253100378,72.63517501337782,72.7882791239752,3705600
2021-12-09,72.7342529296875,72.98642605369298,72.6982272160864,72.92338277269161,3666600
2021-12-10,72.71623229980469,72.91437027719083,72.60816203664997,72.71623229980469,4238600
2021-12-13,71.7679672241211,72.30142298539566,71.65760190601151,72.30142298539566,3604400
2021-12-14,71.44606018066406,71.79556206698652,71.1609404054306,71.47365151154165,3523000
2021-12-15,72.38420867919922,72.4577902479201,71.17014086380307,71.5564405910254,5765400
2021-12-16,71.95191955566406,72.61413250132972,71.78636456496682,72.28302251993523,4298400
2021-12-17,72.26463317871094,72.45777950512337,72.08987873318958,72.29222450860935,4504800
2021-12-20,70.83901977539062,71.0965552257549,70.61828212077334,70.89420945188759,3280600
2021-12-21,71.62081909179688,71.69439363967689,71.01378170619805,71.20692805149106,2979300
2021-12-22,72.11748504638672,72.19105959520174,71.39088287126519,71.48285632012724,2280000
2021-12-23,72.4485855102539,72.48537629192936,72.01630961409657,72.13587439169872,2364800
2021-12-27,72.73371124267578,72.81648523738332,72.30142833576136,72.43019256116685,3043300
2021-12-28,72.48538208007812,73.0096384808494,72.46699019633381,72.99124659710509,4639300
2021-12-29,72.54975891113281,72.76130415295977,72.42099468293351,72.59574914282864,5136500
2021-12-30,71.87833404541016,72.21863643964065,71.87833404541016,72.04388902699792,5148400
2021-12-31,71.62081909179688,72.18186624498698,71.46445651188174,71.85075621959203,1940800
2022-01-03,71.61161041259766,71.98870360467737,71.44605542123688,71.804756732998,6967900
2022-01-04,71.45526123046875,71.82315500657515,71.38167966839788,71.65760701760166,2625700
2022-01-05,70.06643676757812,71.09655755136043,70.03884543698888,70.89421177087429,4276700
2022-01-06,69.52378845214844,70.1032345206558,69.45940633532811,69.79051636958248,4969000
2022-01-07,71.30809020996094,71.32648910700323,70.3147602833734,70.61827893046235,4279500
2022-01-10,70.19519805908203,70.42513516056188,69.59736019180974,70.29637094510304,3983400
2022-01-11,71.94271850585938,72.06228326759845,70.89420592715308,71.09655169096011,4487500
2022-01-12,73.36832427978516,73.43270638490583,72.89005821562064,72.89005821562064,4059100
2022-01-13,72.08069610595703,72.99124520207825,72.08069610595703,72.99124520207825,3893100
2022-01-14,71.07815551757812,71.45525573132701,70.82982653610512,71.15173707398621,4121800
2022-01-18,68.971923828125,69.61575185564152,68.94433250155423,69.61575185564152,5030500
2022-01-19,69.74452209472656,70.11242285413496,69.66174109072608,70.11242285413496,3649400
2022-01-20,69.41342163085938,70.76545307222833,69.26625850006783,70.28717991428013,4311400
2022-01-21,68.53964233398438,69.41340745609978,68.48445967976842,69.24785247632907,5066100
2022-01-24,67.23361206054688,67.34398440361544,65.35732433112535,67.08645595357946,8418400
2022-01-25,66.24948120117188,66.61738199276222,65.65164329197806,65.93677008945066,6430600
2022-01-26,65.39411163330078,66.79213316930101,65.1825734250778,66.53459771584147,7553700
2022-01-27,63.65579605102539,64.4559798125172,63.59141393346567,64.01449742273303,6342300
2022-01-28,64.93423461914062,64.9894242939198,64.25362277859948,64.57553331013088,4599900
2022-01-31,66.5805892944336,66.67256273540144,65.76201374070935,65.78040562205342,4154500
2022-02-01,67.12324523925781,67.13243767146575,66.1942973362165,66.84731789629541,3689300
2022-02-02,67.60150909423828,67.64749932224026,67.04046199480737,67.38996386940221,3388200
2022-02-03,66.2034912109375,66.43342830500322,66.0287367739681,66.08391943106446,4325400
2022-02-04,66.88410949707031,67.12324606276333,66.29547104084436,66.50700925820348,4382100
2022-02-07,67.10484313964844,67.45434500922201,66.28626761626343,66.49781283806027,11963100
2022-02-08,67.30718231201172,67.36236496571088,66.47020797291948,66.47020797291948,8012500
2022-02-09,68.5212631225586,68.53046257233625,68.02459809142744,68.0613888734139,5753200
2022-02-10,67.73027801513672,68.6684254013807,67.60151378833838,67.73027801513672,5501800
2022-02-11,67.04966735839844,68.43848956451022,66.96688634411734,68.09818009179763,6190100
2022-02-14,66.442626953125,66.72775374808812,66.11151694532028,66.69096296754049,4240400
2022-02-15,66.95768737792969,67.01287003731643,66.55299583009747,66.6817600467489,3388300
2022-02-16,67.76705932617188,68.02458774377877,67.2152117145681,67.26119492221328,4395400
2022-02-17,67.23361206054688,67.99700497824209,67.16922994803788,67.88663263517353,3613400
2022-02-18,67.12324523925781,67.49113900704258,66.92089945670189,67.44515579463139,4427300
2022-02-22,66.93009185791016,67.31639154130336,66.51620786078209,67.00367341828256,4580000
2022-02-23,66.06553649902344,67.23361400754811,65.96436360256175,67.23361400754811,3473100
2022-02-24,64.96183013916016,65.05381059735204,63.09474191869439,63.21431370749434,7428300
2022-02-25,66.82892608642578,66.87490929888628,65.37572184389649,65.50448606618401,4717600
2022-02-28,66.59898376464844,66.75533930560988,65.47688961492841,65.66083648463324,4397900
2022-03-01,65.75282287597656,66.90250858098376,65.3573307127691,66.42424241523563,3960500
2022-03-02,65.78960418701172,66.03794019312316,65.23775653149822,65.46769363938915,4196400
2022-03-03,66.24028015136719,66.64497171405198,65.87238638578877,66.63577226477538,6060200
2022-03-04,64.37318420410156,64.75948383902865,64.00528346552112,64.5939288575236,3325700
2022-03-07,61.72431945800781,63.30628792543869,61.67832922834749,63.22350691547488,5006700
2022-03-08,62.15660095214844,62.80962149926654,61.62314517547494,62.13820205385008,5831200
2022-03-09,64.6123275756836,64.77788257471192,62.96597703454727,63.214313041651614,5768500
2022-03-10,62.66245651245117,63.2694938299657,62.35894487081738,63.16832094371328,8852200
2022-03-11,61.72431945800781,63.12233402392124,61.72431945800781,63.002769250777774,5444800
2022-03-14,61.45759582519531,62.38654379518227,61.374821826615694,62.083025099475,8717800
2022-03-15,62.1382064819336,62.1382064819336,61.255248763030586,61.43920267350466,5357800
2022-03-16,64.86065673828125,64.88825508579582,63.26029642149734,63.42585142096628,7770400
2022-03-17,65.42170715332031,65.57806972864462,64.82387625230474,65.00782314229045,4226800
2022-03-18,65.76200866699219,65.90917177488572,64.72269553170618,64.7686787400805,4515500
2022-03-21,64.40077209472656,64.73188204006685,64.29960623871055,64.67669938821766,3456600
2022-03-22,65.50448608398438,65.54127686423706,65.1089939676727,65.17337607883395,2911700
2022-03-23,64.8698501586914,65.34812323142995,64.8698501586914,65.14577747120389,3993700
2022-03-24,65.26534271240234,65.35731614487746,64.72269454881295,64.81466798128807,2925400
2022-03-25,64.53874206542969,64.84226071458627,64.3363962993253,64.77787860874608,2823200
2022-03-28,65.19176483154297,65.20096428044558,64.60312640999902,65.00781795623179,2430500
2022-03-29,66.6817626953125,66.69096214461686,66.12991502815537,66.40583535317204,3395500
2022-03-30,65.80799865722656,66.27706527343305,65.63324422150855,65.94595529897954,2405000
2022-03-31,65.51367950439453,66.07471955452755,65.45848983053243,65.92756346418273,3840600
2022-04-01,65.3205337524414,65.64245133310754,65.09059663317932,65.64245133310754,2389100
2022-04-04,66.24948120117188,66.29547143154215,65.7712150840912,65.97356087032209,2010100
2022-04-05,65.17337036132812,65.98274640451126,65.04460615030179,65.95515507602322,3716400
2022-04-06,64.37318420410156,65.03540413012178,64.20762922259651,64.92503180341076,4214700
2022-04-07,63.96849822998047,64.21682718794243,63.64658070545412,64.0420727622993,3615000
2022-04-08,63.37066650390625,63.830540706377086,63.34307517449775,63.64658681511468,2981200
2022-04-11,62.89239501953125,63.4718410204902,62.800421580098856,63.38906001301451,2155200
2022-04-12,63.02116012573242,63.59140668564223,62.910794803708654,63.57301480434618,2604000
2022-04-13,64.6123275756836,64.630719456854,63.97769890988769,63.97769890988769,2546500
2022-04-14,63.214317321777344,63.86733791295848,63.214317321777344,63.80295579881735,2159500
2022-04-18,63.16831970214844,63.55461234181599,63.0027647112733,63.1407283731898,1819600
2022-04-19,63.61899948120117,63.63739838004466,62.91079625245277,63.0671518070029,1750300
2022-04-20,63.98689651489258,64.07886995234122,63.60980331621612,63.83974041839946,2122700
2022-04-21,62.83721160888672,64.09726946714595,62.73603872158222,63.89492369253695,2268500
2022-04-22,62.09221649169922,62.8188185702561,62.04622626481808,62.77282834337496,2586300
2022-04-25,61.65073776245117,61.75191065378335,60.96092642179932,61.29203642668212,3324600
2022-04-26,59.90321350097656,61.200062172409055,59.84803083993645,61.126480612939744,3411800
2022-04-27,59.96759796142578,60.31710687404074,59.62729551550997,59.84803318544509,4029700
2022-04-28,61.02530670166016,61.255243808310816,60.22513006147498,60.67580482571565,2938000
2022-04-29,61.29203796386719,62.31295933500621,61.21845640157587,61.8622845459389,4966300
2022-05-02,61.49438095092773,61.56796250986788,60.74018751460045,61.347217833047445,3881200
2022-05-03,61.68752670288086,61.85308170038468,61.41159936799996,61.5403706035017,2381300
2022-05-04,62.78203582763672,62.901600608857976,61.09889435493912,61.66914096248333,4488900
2022-05-05,60.593021392822266,61.86227866168348,59.84802744257649,61.86227866168348,4649800
2022-05-06,60.82296371459961,60.90574472569472,60.17914259329955,60.42747159233702,8165800
2022-05-09,58.87310028076172,59.70087528962892,58.82711005138762,59.59050294940536,4959200
2022-05-10,59.13983154296875,59.72847002345132,58.72594050639169,59.66408790893367,5457400
2022-05-11,58.49599456787109,59.73765345629001,58.47760268811871,59.18580584111751,5222300
2022-05-12,57.64983367919922,58.256867521674536,57.18076000040897,57.787797351446216,5651000
2022-05-13,60.23432540893555,60.25272430794739,59.48933139280701,59.52612217370673,2784600
2022-05-16,59.54450988769531,59.746855659918346,59.34216411547227,59.49852667763228,2445300
2022-05-17,61.10808563232422,61.20925851718224,60.69419464414411,60.93333119172884,2891200
2022-05-18,59.075443267822266,60.6022219745039,58.974270381684654,60.547039315564646,4441300
2022-05-19,60.2159309387207,60.4642599277147,59.44333860728358,59.47093695461505,3652800
2022-05-20,60.81376647949219,61.14487646347546,60.04117417782343,61.01610523226118,3717800
2022-05-23,61.742713928222656,61.945059719813486,61.338029362165145,61.40241147611457,2671000
2022-05-24,60.81376647949219,60.94253069358309,60.15154651152565,60.5010483758976,2934600
2022-05-25,60.70339584350586,60.850558959224585,60.14234874479448,60.16994007471085,2680200
2022-05-26,61.21845626831055,61.33802806105464,60.47346224882372,60.58383459202043,2392500
2022-05-27,62.17499542236328,62.285367765378425,61.89907509051139,61.99104853446202,2091700
2022-05-31,62.579681396484375,63.28788457036854,62.53369117006241,63.20511058335702,4882400
2022-06-01,62.1841926574707,63.214313437556754,61.94505609801571,63.0763497679818,3372200
2022-06-02,63.09474182128906,63.14993149954375,62.11981071664918,62.20258470834558,2527500
2022-06-03,61.64154052734375,62.202587665930565,61.54956708204448,62.202587665930565,2461100
2022-06-06,61.52197265625,62.7452397668724,61.40240788508624,62.42332921595169,2208900
2022-06-07,61.16326522827149,61.20005600429814,60.57462684609104,60.66660027759617,2409100
2022-06-08,60.730987548828125,61.26444332092068,60.64821355856736,61.01610731589114,2349100
2022-06-09,59.581298828125,60.82295773550102,59.53531561948041,60.64821031525437,2796000
2022-06-10,58.06371688842773,58.76272412160631,57.9993347817624,58.72593334392279,4945200
2022-06-13,55.42403793334961,56.38057712681833,55.25848644655864,56.18743080176073,6444600
2022-06-14,56.067867279052734,56.150644783747246,55.58959764176912,55.97589383319752,3781800
2022-06-15,56.10465240478516,56.57372254505801,55.0561397900656,55.33206360837679,4080700
2022-06-16,54.48589706420898,54.79861166229876,54.02602286163943,54.48589706420898,6135000
2022-06-17,54.90898132324219,55.138918428022464,54.467502503091474,54.68824015888594,4425600
2022-06-21,54.78941345214844,54.97336383904741,54.57787173521125,54.60546306524946,3220700
2022-06-22,53.170658111572266,53.46497732909726,52.83954811471619,52.922325613930205,3794400
2022-06-23,52.62800216674805,52.75676637549636,52.17732392756741,52.47164312143828,3253200
2022-06-24,54.72503280639648,54.79861436654841,53.63972935408888,53.70411146494086,4242900
2022-06-27,54.72503280639648,55.07453819999433,54.59626858469251,54.98256124980442,2886100
2022-06-28,54.320343017578125,55.22169604930056,54.301947628127245,55.092931831706174,2283400
2022-06-29,53.483375549316406,53.842076895373786,53.35460781484272,53.77769478241795,2592700
2022-06-30,53.52016067504883,53.74090184530087,52.48084745984737,52.70158512153753,4018900
2022-07-01,52.79356384277344,52.830351115248455,52.02097498380635,52.370476877971896,4148200
2022-07-05,52.425662994384766,52.46245377538308,51.58869202376426,51.74504758016408,5183800
2022-07-06,51.98418045043945,52.16813083378454,51.607083743434806,51.92899428286741,3157700
2022-07-07,53.23503875732422,53.391394302339286,52.83034721293373,52.83034721293373,4253700
2022-07-08,53.62133407592773,53.77769313729586,53.02349968697455,53.14306445962804,2733300
2022-07-11,52.085357666015625,52.37967690040673,51.791038431624514,52.32449072824764,3305000
2022-07-12,52.03936767578125,52.40726494138769,51.9014040083277,52.10374978497642,2976500
2022-07-13,52.425662994384766,52.61880933178288,51.69906085819719,51.81862914216069,3105000
2022-07-14,51.469120025634766,51.56109697149319,50.60455778593592,51.248382372698,4120600
2022-07-15,52.287696838378906,52.30609222800503,51.58868957539553,51.87381285175762,2430900
2022-07-18,52.68319320678711,53.38220403489265,52.56362842738551,53.21664902342356,3179000
2022-07-19,53.98003387451172,54.05361543272272,53.52935911043564,53.54775449998839,4085400
2022-07-20,53.58454132080078,53.82367787441768,53.345408275745655,53.52015921218741,2674800
2022-07-21,54.467506408691406,54.52268907231601,53.85127309924105,54.07201427942557,2638800
2022-07-22,53.77769088745117,54.2467610348077,53.57534511363844,54.05361470992923,2988100
2022-07-25,54.06280899047852,54.40311841936306,53.94324422649799,54.26515475807888,2987200
2022-07-26,53.92484664916992,54.43070753907838,53.87885993346215,54.26515255568121,2983200
2022-07-27,55.03774642944336,55.17571009796444,54.12719393604029,54.265157604561374,2607000
2022-07-28,55.663177490234375,55.7735463235724,54.90898403006094,55.17571192680963,3013800
2022-07-29,55.69076919555664,55.72755997643712,54.7894161153566,55.06533995483629,4935800
2022-08-01,55.0561408996582,55.644779326201856,54.70663551818724,54.97336340164039,3267100
2022-08-02,54.66064834594727,55.20330004877509,54.430711243199234,54.67904373519452,8176000
2022-08-03,55.60799026489258,55.7091631554349,55.065338540807154,55.322870491795385,2493400
2022-08-04,55.85631942749024,55.9850836410058,55.51601350483314,55.58039561159092,2219300
2022-08-05,55.85631942749024,56.1690340211259,55.69996388495324,55.7827413805792,1514600
2022-08-08,56.15983963012695,56.54613228132944,56.0494672938733,56.09545752159321,2121500
2022-08-09,55.90230941772461,56.21502402966561,55.87471808708808,56.21502402966561,1512800
2022-08-10,56.63811111450195,56.67489838591658,56.16903744120616,56.31619705255032,2585000
2022-08-11,56.39897155761719,57.35551073482911,56.334589450358855,56.98760997172862,2348000
2022-08-12,57.19915771484375,57.21755310579496,56.64731002055584,56.77607424865221,1899800
2022-08-15,56.61971664428711,56.95082314376879,56.57372641428842,56.61971664428711,1625200
2022-08-16,56.66570281982422,56.8404537630251,56.47255648651347,56.54613453839103,1752700
2022-08-17,55.8011360168457,56.086259295541886,55.53441163648808,55.81033546601498,1686900
2022-08-18,55.22169494628906,55.55280493266767,55.14811338995528,55.5068147056782,2729700
2022-08-19,54.19157409667969,54.485896812843166,54.035218552637,54.47669736403965,2280900
2022-08-22,53.16146087646485,53.53855760890874,53.0786833738034,53.39139799401751,2333900
2022-08-23,53.41899108886719,53.77769241916146,53.07868163984176,53.14306374996833,4559300
2022-08-24,53.73170471191406,53.89725971959807,53.24423913849005,53.327016642332055,4527100
2022-08-25,54.83539962768555,54.83539962768555,54.19157503420771,54.246761202298416,4719700
2022-08-26,53.24423599243164,54.91817785249499,53.22584060282457,54.82620441302146,4107500
2022-08-29,52.68319320678711,52.85794766809455,52.47165147181262,52.6096151508909,2334100
2022-08-30,52.637203216552734,53.336214001276815,52.35207993481503,53.281027831358,3886000
2022-08-31,53.26263046264648,53.796086226357815,53.23503913299306,53.72250466919967,2607300
2022-09-01,52.131343841552734,52.24171267615086,51.71745632610726,52.204921895097485,3068200
2022-09-02,51.4415283203125,52.29689461345682,51.3311594946505,52.17732633899533,2947400
2022-09-06,50.54937362670898,51.01844729781858,50.475795575660776,50.9448657382085,2222500
2022-09-07,50.8528938293457,50.88048516074981,49.8411684055972,49.85956379605393,2862400
2022-09-08,50.28264617919922,50.31943695932856,49.81357601251671,49.92394484434285,2243300
2022-09-09,51.367950439453125,51.40474122016001,50.82529870399341,50.88048487505373,4920700
2022-09-12,51.80942916870117,52.11294431690868,51.58868800845431,51.65307011590929,3393900
2022-09-13,50.12628555297852,51.16560218078613,50.05270400016735,50.90807025450861,3232900
2022-09-14,50.67813491821289,50.84368990920444,50.27344688943446,50.51257992722133,4317300
2022-09-15,49.62042617797852,50.18147325539143,49.54684462291246,49.92394132122188,2486500
2022-09-16,50.03431701660156,50.199872018065406,49.56524334293337,49.65722029294767,2755500
2022-09-19,49.951541900634766,50.00672456471596,49.42728554049106,49.48246820457226,2127500
2022-09-20,49.27092361450195,49.48246533452163,49.08697322492255,49.47326939389549,2231900
2022-09-21,48.77425765991211,49.8043784179561,48.60870266338939,49.24333131958041,3428700
2022-09-22,48.19482421875,48.54432613284903,48.03846514470595,48.42476135050251,2556900
2022-09-23,46.511680603027344,47.07272774021424,46.19896597780327,47.035936958761525,4129600
2022-09-26,45.54594421386719,46.09779188709233,45.38038921018726,45.840263440728855,3074700
2022-09-27,45.26082229614258,45.99662038554088,45.00329384199369,45.84946076766122,3888700
2022-09-28,45.39878463745117,45.5091534704738,44.37786328344654,44.46983672620507,3891100
2022-09-29,44.37786483764648,44.69977540713723,44.02835942751221,44.64459274297428,4114000
2022-09-30,43.55928802490234,44.33187687870274,43.52249724411138,44.05595303989445,3447600
2022-10-03,44.53422164916992,44.65378993915358,43.73404141925933,43.835214317817645,3848500
2022-10-04,46.63124847412109,46.63124847412109,45.812672891162734,45.85865961328901,4960500
2022-10-05,45.83106994628906,46.12538918886112,45.24242795258284,45.70230220767193,3765500
2022-10-06,46.18056869506836,46.68642963935116,46.11618658444483,46.39211041691164,3865500
2022-10-07,45.39878463745117,46.198964816848616,45.33440252580781,46.12538676435418,2783900
2022-10-10,44.791748046875,45.2148314713248,44.63538899349729,45.20563553103752,3937000
2022-10-11,44.718170166015625,45.224031128878025,44.51582788600787,44.837738450948855,4711600
2022-10-12,45.17804336547852,45.30680758848773,44.96650164074024,45.17804336547852,3033200
2022-10-13,45.15045166015625,45.389584713967984,43.402928197500565,43.71564281160016,7037700
2022-10-14,44.70896911621094,45.67470420924421,44.58940084494042,45.63791343215149,3665100
2022-10-17,46.11618423461914,46.20816117979603,45.81266908693967,45.867851745484096,3353000
2022-10-18,46.17137145996094,46.769205828785246,45.8034706879446,46.704823719966654,4380500
2022-10-19,45.57353210449219,45.88624669799529,45.297608288709846,45.61032288221295,2228500
2022-10-20,45.56433868408203,46.28174134650132,45.4907571245714,45.748289074296736,3502200
2022-10-21,46.30013656616211,46.32772789659622,45.20563718667931,45.38958406765589,3923300
2022-10-24,45.76668167114258,45.87705401213412,45.36199361319271,45.51835267531643,6651500
2022-10-25,46.53926849365234,46.69562754898397,45.98742084691408,45.98742084691408,3376200
2022-10-26,47.39463424682617,47.75333556385976,46.74161372050544,46.778404498806765,6001800
2022-10-27,47.36704254150391,48.01086712242115,47.34864715249922,47.57858425221526,3190300
2022-10-28,47.66136169433594,47.73494325027114,47.05432789211735,47.1371053882636,3958000
2022-10-31,47.65216827392578,47.73494577444923,47.3670449924424,47.44982249296584,2391700
2022-11-01,48.47993850708008,48.90302193936792,48.25000140145906,48.80185256008657,3480600
2022-11-02,47.58778762817383,49.04098839385229,47.550996847128296,48.52592798490086,5182300
2022-11-03,47.85451126098633,48.04766110413346,47.41303242112219,47.58778687403807,3403100
2022-11-04,49.60203552246094,49.63882630350471,48.86623744439546,49.25253011966909,4473700
2022-11-07,50.31943893432617,50.54937605631658,49.96993703506542,50.4022164385852,2222400
2022-11-08,51.43233108520508,51.79103592402853,51.05523436511445,51.377148424279824,5085100
2022-11-09,51.3587532043457,52.17732875735551,51.321962424565925,52.011773756908376,4048400
2022-11-10,53.69491195678711,53.74089867454582,52.72917684960753,53.00510066472146,5850000
2022-11-11,55.85631942749024,55.89311020522659,55.138916804439695,55.19409946248255,5158600
2022-11-14,54.78941345214844,55.22169633507676,54.56867579471911,54.64225384434162,3494000
2022-11-15,55.51601409912109,56.05866579657545,54.982558341918434,56.00347962938016,3999700
2022-11-16,53.869667053222656,54.67904668089639,53.8512716629844,54.57787378886694,3605800
2022-11-17,53.05109024047852,53.097076960714645,52.370474851873446,52.370474851873446,4173900
2022-11-18,53.391395568847656,53.50176439786235,53.0510896327246,53.50176439786235,3052700
2022-11-21,51.92899703979492,52.08535610193601,51.69905992554656,51.94739242996222,2917200
2022-11-22,52.2968978881836,52.324489219186376,51.91060171133495,51.92899710152411,3118700
2022-11-23,53.2994270324707,53.31782242375899,52.39807391071743,52.39807391071743,3526200
2022-11-25,53.2258415222168,53.29942308191608,53.04189113153047,53.11547269122976,1231200
2022-11-28,52.27849960327149,53.0142976272865,52.27849960327149,52.73837380685109,2159300
2022-11-29,53.676517486572266,53.75009553453305,53.40059366673628,53.43738093643581,3667600
2022-11-30,55.82872772216797,56.01267810104819,54.28355015327273,54.83539778135175,7911900
2022-12-01,55.470027923583984,55.819529793556,55.13891793429534,55.73675229623384,4235800
2022-12-02,54.66984558105469,54.80780924939565,54.035220425522304,54.0996025351316,2847200
2022-12-05,53.40059661865234,54.23756757327316,53.37300177915013,54.20077679297816,5087000
2022-12-06,52.499244689941406,53.06028831306393,52.39807179621968,53.04189292251797,3026500
2022-12-07,52.78435897827149,52.90392725009466,52.37967095406596,52.57281727185303,3838900
2022-12-08,52.99590301513672,53.1154712922178,52.765965909975606,52.94072035537759,3156300
2022-12-09,53.3822021484375,53.85127232531556,53.34541136750848,53.446584260782295,2358300
2022-12-12,53.52935791015625,53.57534462872607,53.189051982465486,53.31781619788568,1931300
2022-12-13,54.224735260009766,54.67156527035639,53.92684858644535,54.61571018740459,7042000
2022-12-14,54.00131988525391,54.39229837391739,53.38692816114503,54.11303005406596,3906600
2022-12-15,51.66476821899414,52.46533997038165,51.60891313712204,52.40017748374213,5243000
2022-12-16,52.41880416870117,52.62359906590949,52.26986081114524,52.40018580512046,3406100
2022-12-19,52.73530578613281,53.11697333676241,52.604977249621896,53.0052631626102,1977100
2022-12-20,53.47071075439453,53.54518420269573,53.14489829580046,53.21936819301219,4004400
2022-12-21,53.35900115966797,53.4427820087935,52.93078950906604,53.07973284627929,2698300
2022-12-22,52.96803283691406,53.46140703713361,52.642216804752906,53.39624454091932,3310600
2022-12-23,53.09835433959961,53.116972701735726,52.60497662071625,52.77253832885181,2094700
2022-12-27,53.66620635986328,53.82445712437233,53.54518877159239,53.61965867515848,2665900
2022-12-28,52.69806671142578,53.49863850170212,52.60497490378356,53.405546694059886,2829200
2022-12-29,53.18213653564453,53.21006230400863,52.63290726758326,52.772539660493344,2483000
2022-12-30,52.57705307006836,53.3310807884734,52.251240596671536,53.0890456215875,4703800
2023-01-03,51.599609375,52.40018118290343,51.4041219012811,52.03713200282849,5379800
2023-01-04,53.638275146484375,53.722056004471575,52.902869338696334,53.19144508758252,5008800
2023-01-05,53.0704231262207,53.16351493357787,52.772536444856456,52.94009814701001,2256700
2023-01-06,55.75141143798828,55.8072665270396,54.2899036764973,54.68088219767719,4759600
2023-01-09,56.9243392944336,57.6038935150407,56.86848420946023,57.05466427494874,3833000
2023-01-10,57.11051559448242,57.11982655082107,56.56128635645186,56.73815901599233,2104800
2023-01-11,57.259464263916016,57.26877522112102,56.766090064742215,56.89641505689456,2534800
2023-01-12,57.678367614746094,57.90178441983499,56.80332585958467,57.38979186573959,3731500
2023-01-13,58.10657501220703,58.2182851820322,57.53873096216464,57.53873096216464,2342600
2023-01-17,57.94832229614258,58.02279574016248,57.78076059818707,57.97624806210541,3123700
2023-01-18,57.08258819580078,58.38584506098279,57.08258819580078,58.29275325570449,3102100
2023-01-19,57.87385177612305,57.96694358585125,57.47356942310478,57.73421938816489,2458600
2023-01-20,58.86991500854492,58.88852981952739,58.153124048678094,58.32068575623602,2403300
2023-01-23,59.48430633544922,59.75426725696504,58.98162121630031,59.08402043143317,3415500
2023-01-24,59.30743789672852,59.502925384402445,58.93508128464813,59.056095319252165,3068900
2023-01-25,59.44707107543945,59.44707107543945,58.81406095820258,59.02816679916659,3197600
2023-01-26,60.59206771850586,60.59206771850586,60.10800452012258,60.50829041774249,4094200
2023-01-27,60.88996505737305,61.08545253940521,60.50829394803941,60.55484163040957,3447100
2023-01-30,59.54946899414063,59.96836971018647,59.54015803759904,59.7542674249822,2636400
2023-01-31,59.08401870727539,59.09332611242975,58.53478947484507,58.68373281494027,2154600
2023-02-01,60.61069488525391,60.88996678303126,59.46569217807169,59.81012302061682,4154700
2023-02-02,60.60138320922852,60.824796463492646,60.21040823872145,60.796870694482045,3281800
2023-02-03,59.01885986328125,59.91251995905022,58.92576805054101,59.49361567944303,3588200
2023-02-06,57.33393478393555,57.77145742185408,57.16637307371524,57.52011485652362,3713300
2023-02-07,58.41377639770508,58.581338112096425,57.622515508371215,57.85523971712701,3731600
2023-02-08,58.56271743774414,59.05609160448385,58.45101081625561,59.03747324238752,2461200
2023-02-09,58.38584899902344,59.37259734390325,58.22759469492094,59.28881648904651,3230100
2023-02-10,58.16242980957031,58.45100908689122,58.01348646829583,58.320684107162215,2558700
2023-02-13,58.283451080322266,58.283451080322266,57.60389682071802,57.72491085180413,3013000
2023-02-14,58.27413940429688,58.68373627704023,57.79938358945018,58.09727028721469,4276200
2023-02-15,56.58921813964844,56.63576227010119,56.1703138633946,56.41234547240264,2817100
2023-02-16,57.20361328125,57.5852808553028,56.831253113402994,56.87779724661144,2751900
2023-02-17,56.68230438232422,56.74746687285581,56.17961926871822,56.50543527246555,2000900
2023-02-21,55.95620727539063,56.62645410844856,55.863115464638426,56.496125573395474,2411500
2023-02-22,55.40697860717773,55.80726451992501,55.25803525948732,55.64901021551609,4846200
2023-02-23,56.33787536621094,56.68230619159903,55.89104532355056,56.57990697432674,5879100
2023-02-24,54.55986404418945,54.86705815304147,54.327139835538986,54.74604412132774,6601000
2023-02-27,54.66226196289063,54.93221933967051,54.58778851337237,54.727424455674345,5584300
2023-02-28,54.457462310791016,54.85774821528228,54.37368145750007,54.634331422809936,4519700
2023-03-01,55.50006484985352,55.93758747138754,55.26734065560596,55.723481638810505,7552600
2023-03-02,55.258033752441406,55.29527047612084,54.71811191235793,54.79258535971679,6722400
2023-03-03,56.41234588623047,56.468200973837234,55.62108500946058,55.77002835865572,4393200
2023-03-06,56.53335952758789,56.84986456645782,56.44957867756087,56.69161382256751,5455100
2023-03-07,54.95083618164063,56.15169388872516,54.932217819776206,56.14238648333767,6383400
2023-03-08,55.09978103637695,55.239416978644414,54.76466116689619,54.98807441321669,4029900
2023-03-09,53.74998092651367,54.764658545294296,53.67550748057889,54.56916752526017,4216100
2023-03-10,53.77790832519531,54.70880512109395,53.73136419561827,54.28990085272167,6017800
2023-03-13,54.9415283203125,55.174252515052345,54.38298812228325,54.38298812228325,9957100
2023-03-14,54.215431213378906,54.382989370435,53.89892615922499,54.07579527289444,5901400
2023-03-15,53.34038925170898,53.50795097023153,52.85632245943159,52.98664745137364,5837900
2023-03-16,54.96945571899414,54.99738503793274,53.65689136374409,53.77790894290601,4799400
2023-03-17,54.29921340942383,54.783276632597165,54.27128408998299,54.587789151959136,4051000
2023-03-20,54.74604415893555,54.77396992764411,54.40160977311173,54.45746486161847,3445900
2023-03-21,55.04393005371094,55.09047418457151,54.615714816960896,54.87636834174126,2967800
2023-03-22,55.379051208496094,56.56128699848851,55.313885166654,55.41628438100518,5584700
2023-03-23,56.29133224487305,57.036048995988345,55.93759045643469,56.52405645153968,4697900
2023-03-24,55.56523132324219,55.63970477526281,54.8856770534575,55.06254972646163,3021900
2023-03-27,55.379051208496094,55.5000652335571,55.14632701263957,55.33250352845326,2738600
2023-03-28,55.88173675537109,55.95621020787576,55.695560226288734,55.7607227216855,2321100
2023-03-29,55.85380935668945,56.1051519249253,55.630392556783285,56.01206011201042,2756400
2023-03-30,56.48682022094727,56.55198271529748,56.29133273789663,56.40303936376991,2634200
2023-03-31,56.989505767822266,57.26877411002907,56.68230810563204,56.849869821174046,3563500
2023-04-03,56.65438079833984,56.69161752324686,56.03998904173227,56.133077302910266,3320700
2023-04-04,56.36580276489258,56.57990861125192,56.19824105016099,56.36580276489258,2870400
2023-04-05,56.430965423583984,56.92434316332462,56.30064043421123,56.821943942791854,3170800
2023-04-06,55.81657028198242,55.9748245817314,55.388358613867766,55.61177540436943,2641800
2023-04-10,57.0267333984375,57.06397012073544,56.55197761795127,56.617140106428025,3375700
2023-04-11,57.734222412109375,57.88316576438628,57.65044155451052,57.84592903854464,3108800
2023-04-12,57.86454772949219,58.42308441592444,57.78076687141839,58.33930355785064,4454600
2023-04-13,59.58670425415039,59.61463002091016,59.1864183588434,59.22365153082663,3664500
2023-04-14,58.972312927246094,59.36329144352107,58.64650045625827,59.13987464120828,2562000
2023-04-17,58.48824691772461,58.5813351761257,58.24621176413868,58.49755432312895,2451300
2023-04-18,58.61857223510742,58.79544134751662,58.44169957160877,58.73958626150292,1932600
2023-04-19,58.05072784423828,58.13450870236342,57.82731103887469,57.91109189699983,1804000
2023-04-20,57.86454772949219,58.31137778885592,57.77145946545003,58.06934617169252,3163000
2023-04-21,57.30600738525391,57.42702141056654,56.97088397434942,57.417714005192266,3255500
2023-04-24,56.93364715576172,57.0360463701551,56.72884872697496,56.94295456112047,1984800
2023-04-25,55.32319641113281,55.79795221067253,55.30457804923663,55.7607190379696,2554400
2023-04-26,55.63039016723633,55.90966204289559,55.49075778049611,55.7421003379358,1807100
2023-04-27,56.34718322753906,56.4402750399438,55.66762897688742,55.66762897688742,1961500
2023-04-28,56.47750473022461,56.47750473022461,56.08652979550909,56.13307392329579,3187000
2023-05-01,56.10514831542969,56.635759186094496,56.02136746474107,56.28201742195484,2247100
2023-05-02,56.22616958618164,56.52405628575406,56.13307777313428,56.40303870433728,2906500
2023-05-03,55.92827987670898,56.59852313913156,55.90035055875307,56.26339973237558,3012400
2023-05-04,56.3751106262207,56.496124651589845,56.2075489206902,56.393728988067366,2580900
2023-05-05,57.33393478393555,57.45495236378122,56.64506958068655,56.70092466778983,2267900
2023-05-08,57.29669952392578,57.36186201833399,57.20361126079681,57.29669952392578,2675200
2023-05-09,56.76608276367188,56.87778937813658,56.700920275976685,56.82193784644885,3066100
2023-05-10,56.84055709838867,57.026733608385214,56.45888957115287,56.9988078421036,3639400
2023-05-11,55.909664154052734,55.946897327935744,55.49075987583537,55.82588329840926,5277800
2023-05-12,55.17425155639648,55.57453744848117,55.05323398292943,55.527993320559794,2862000
2023-05-15,56.05860900878906,56.10515314071032,55.593160587397165,55.6117789503836,3369900
2023-05-16,55.47214126586914,55.79795373020156,55.42559713540587,55.667628744468594,2381800
2023-05-17,56.53335952758789,56.59852201637676,56.10514787237838,56.28201697750684,2780600
2023-05-18,56.97088623046875,57.0081229556193,56.44958273162977,56.66368857461107,3852400
2023-05-19,57.76214599609375,57.85523780717664,57.52942179502077,57.71560186609705,3780500
2023-05-22,58.74889755249024,58.832678406442994,58.59995420669527,58.627879974316365,2102600
2023-05-23,58.04141616821289,58.63719312477267,58.00418299368821,58.44170209084247,3130800
2023-05-24,58.04141616821289,58.4323946849837,58.01349039954698,58.41377632217655,2826900
2023-05-25,57.76214599609375,58.03210692159988,57.62251360610366,58.03210692159988,3058400
2023-05-26,58.73958587646485,58.795440962112416,58.01348751849361,58.01348751849361,3131400
2023-05-30,59.05609130859375,59.400525679016,58.95369564421115,59.400525679016,3506200
2023-05-31,58.44170379638672,58.5068662925686,57.966947959763054,58.37654130020484,3613600
2023-06-01,59.35397720336914,59.3819065215443,58.54409799807743,58.58133472158472,3279200
2023-06-02,60.6572380065918,60.7875629885043,60.37796612981995,60.37796612981995,4695100
2023-06-05,60.62930679321289,60.74101696740867,60.40589354700037,60.40589354700037,2721100
2023-06-06,61.159915924072266,61.3554104988091,60.55483869565988,60.66654176444797,3245700
2023-06-07,60.28488159179688,60.91789172965439,60.21971909681945,60.75963386855554,3741200
2023-06-08,61.12268829345703,61.15061406156365,60.51760394315726,60.58276643613237,2246500
2023-06-09,62.07219696044922,62.314232109465,61.88602044716246,61.89532430130168,3362800
2023-06-12,62.03496551513672,62.07220224139783,61.51366555183989,61.6439905426641,2172400
2023-06-13,62.84484100341797,62.9844769350701,62.528332418194566,62.7703675595797,4553000
2023-06-14,62.25837707519531,62.565574731849786,61.839476344978586,62.14667400163306,3448700
2023-06-15,62.40732192993164,62.44455865395784,61.65329779939332,61.65329779939332,3473900
2023-06-16,61.88602066040039,62.28630655730704,61.79292530125751,62.25837368825692,3030300
2023-06-20,60.67585372924805,61.048213869813694,60.573454513038016,60.93650369699032,3317900
2023-06-21,60.15455627441406,60.35004375828227,59.819432844303066,59.95906879054586,3539900
2023-06-22,60.17316818237305,60.21040490638609,59.91251821646063,59.95906589702167,2554900
2023-06-23,58.93507766723633,59.13056514291132,58.82336749448822,59.12125418630424,3514600
2023-06-26,59.48430633544922,59.66117189616871,59.45637701699243,59.54015787018391,2084500
2023-06-27,60.10800552368164,60.17316801497847,59.81942979110696,59.921829006313246,2705000
2023-06-28,58.90715026855469,59.00954948803338,58.66511865522382,58.70235538068691,2875500
2023-06-29,58.38584899902344,58.49755562180257,58.162432202375655,58.302068144166704,4289400
2023-06-30,59.00024032592773,59.15849107780074,58.83267861742132,58.99092936929433,3602700
2023-07-03,60.31280517578125,60.5082926536315,60.15455442259472,60.15455442259472,2258100
2023-07-05,59.63324737548828,59.81943099879441,59.55877747725535,59.77288331742312,4168400
2023-07-06,58.46963119506836,58.73028117122836,58.16243353651728,58.68373703992688,3508200
2023-07-07,58.77682113647461,59.16779962409194,58.37653524369251,58.39515360511137,3412300
2023-07-10,58.851295471191406,58.87922123819689,58.35791776386178,58.35791776386178,1902800
2023-07-11,59.90320587158203,59.94044259473207,59.54946765492478,59.75426608116062,2610000
2023-07-12,61.53227996826172,61.569516694283415,61.07614250330971,61.07614250330971,4337900
2023-07-13,62.34215545654297,62.50040619691237,61.97910629819976,61.97910629819976,4754000
2023-07-14,62.53764343261719,62.77967857422833,62.47248094474248,62.69589417428741,3802900
2023-07-17,62.87276840209961,62.96585665822567,62.407320019290616,62.509719231682894,2565400
2023-07-18,62.68658447265625,62.89138289641164,62.52833372781932,62.68658447265625,2874800
2023-07-19,62.48179244995117,62.66796895917857,62.304919794660144,62.53764398228368,2513500
2023-07-20,61.439186096191406,62.034959453798365,61.41126032976899,62.034959453798365,4177900
2023-07-21,61.46711349487305,61.83947362881008,61.3833361933811,61.79292594875089,2093800
2023-07-24,62.649356842041016,62.91931066137084,62.435247455265525,62.50040994651391,3794000
2023-07-25,63.20789337158203,63.25443394970854,62.92862149410748,62.965858217916015,2735600
2023-07-26,62.86346054077149,63.12411051162843,62.11874735292008,62.13736216419026,5602900
2023-07-27,61.7370719909668,62.62142105994612,61.66259854666704,62.59349529387835,3650900
2023-07-28,62.82622146606445,62.92862067966792,62.4538613349772,62.59349727190727,2634700
2023-07-31,62.90069580078125,63.01240597233824,62.742445051043006,62.807607542239865,1923100
2023-08-01,62.891387939453125,63.20789655668536,62.7610629506455,63.05894965394567,3499900
2023-08-02,60.95512771606445,61.29955499868914,60.82479562551171,61.29955499868914,3994500
2023-08-03,60.92719650268555,61.13199494775209,60.62000593726513,60.70378324542177,2600000
2023-08-04,60.350040435791016,61.04821302638875,60.30349275554629,60.58276463265693,3964900
2023-08-07,60.18247985839844,60.21971658285664,59.90320797605138,60.17316890173914,3096400
2023-08-08,59.3632926940918,59.40983682648635,58.814063409220914,59.130568481029385,4313700
2023-08-09,59.83804702758789,60.15455564255893,59.5867080087343,60.15455564255893,4725700
2023-08-10,59.44707107543945,60.3407311640952,59.34467185778502,59.9311342934775,4979800
2023-08-11,58.758209228515625,59.0467885355688,58.60926587189554,58.80475336163008,3646700
2023-08-14,58.23690414428711,58.32999240234542,57.84592564804549,58.01348735342198,3175000
2023-08-15,57.724910736083984,58.17174433843857,57.57596738566232,58.16243338154933,2872900
2023-08-16,56.56128692626953,57.16637125515965,56.51474279737554,56.98950214492672,3849200
2023-08-17,56.61714172363281,57.25945922171756,56.52405346631829,57.25945922171756,3672900
2023-08-18,56.47750473022461,56.61714066467405,56.07722239038747,56.12376651817418,3258700
2023-08-21,56.85918045043945,56.89641362505333,56.3937320324146,56.71023354762547,2238600
2023-08-22,56.57990646362305,57.01742909671381,56.52405492822557,56.93364824252812,2664700
2023-08-23,57.29669952392578,57.352554612456935,56.59852689718967,56.65438198572082,3027500
2023-08-24,57.259464263916016,58.11589122120098,57.23153849448043,58.05072872512481,2639400
2023-08-25,57.724910736083984,58.004182625328,57.110518971708416,57.58527834255157,4471900
2023-08-28,58.19035720825195,58.27413806201151,58.03210645731138,58.153124035206176,2498100
2023-08-29,58.972312927246094,59.00024224696619,57.84592861201438,57.883165337581445,3821100
2023-08-30,58.59064483642578,58.72097337472828,58.34861322461455,58.4510124434503,2247300
2023-08-31,58.13450622558594,58.43239291931972,58.06934373327477,58.30206793469738,3582100
2023-09-01,58.84198760986328,59.27019929822158,58.58133763453033,59.10264113628581,3185500
2023-09-05,58.42308044433594,58.665115596135486,58.40446563366466,58.52547965847502,2900600
2023-09-06,57.734222412109375,58.29275909537535,57.65044155451052,58.10657901725681,3068000
2023-09-07,57.47356796264648,57.59458198558392,57.30600626048305,57.33393202714717,1918900
2023-09-08,57.520118713378906,57.88316792616968,57.473574579883376,57.63182534398612,2297500
2023-09-11,58.44170379638672,58.497558886438206,58.07865458877632,58.31137880402296,3339600
2023-09-12,57.724910736083984,57.87385408650565,57.47357171750771,57.47357171750771,3469400
2023-09-13,57.74352645874024,58.00417997337826,57.65043820064128,57.790074138879135,2222700
2023-09-14,58.49755859375,58.66512031197637,58.227597653153104,58.52548436309117,3040300
2023-09-15,58.758209228515625,59.335367842621984,58.64650259882299,59.03747757829208,3542200
2023-09-18,58.87922286987305,58.96300372430064,58.67442443658573,58.71166116101787,3971300
2023-09-19,58.25552368164063,58.33930098492997,58.04141429182509,58.22759436278802,2983000
2023-09-20,57.845924377441406,58.73958441909356,57.82730601602082,58.525478589390815,3980300
2023-09-21,56.31925582885742,56.64506828511752,56.27271169954733,56.46819917330338,3516500
2023-09-22,56.59852981567383,57.12914075526688,56.49613059029801,56.92434585560504,3217400
2023-09-25,56.430965423583984,56.51474628119355,56.17031544483849,56.22617053360808,2366000
2023-09-26,54.643646240234375,55.25803802408194,54.56917278711845,55.17425716487138,3735200
2023-09-27,54.66226196289063,55.109092006731615,54.44815612215992,55.07185528197249,3465700
2023-09-28,55.17425155639648,55.35112066293347,54.28989892153289,54.587785601536936,3875900
2023-09-29,54.86705780029297,55.75141049769702,54.755351175164016,55.75141049769702,3608700
2023-10-02,54.410919189453125,54.75535001443493,54.131650857006,54.58778830474875,4489700
2023-10-03,53.86169052124024,54.28059480005268,53.68481785291412,53.86169052124024,4903000
2023-10-04,53.7592887878418,53.917539535161886,53.43347633683609,53.917539535161886,5464600
2023-10-05,53.97339630126953,54.06648811237753,53.29384206008392,53.6289654778937,2738500
2023-10-06,54.55986404418945,54.755351527194335,53.48933126396147,53.66620393523317,4327800
2023-10-09,54.42953872680664,54.50400862655845,53.48002353511634,53.82445436753383,2729900
2023-10-10,54.50400924682617,54.71811509379738,54.001324101194825,54.01063505820076,4431300
2023-10-11,55.4442138671875,55.472139634426256,55.06254632687033,55.4442138671875,3205700
2023-10-12,54.95083618164063,55.74210058097615,54.80189283781468,55.71417126263481,3826700
2023-10-13,54.699493408203125,55.099779308992005,54.55986102140268,54.91360279325808,2900900
2023-10-16,55.00669097900391,55.04392770253764,54.50400586456681,54.65294920761231,2929500
2023-10-17,54.96015167236328,55.24872742734593,54.6064098699342,54.63433563949001,4798900
2023-10-18,54.42953872680664,55.06254885460018,54.34575787015486,55.00669376646913,4125700
2023-10-19,53.72205352783203,54.33644527438423,53.59172854387997,53.992014452355285,4123100
2023-10-20,52.94941329956055,53.45209489476966,52.940102342542254,53.23798904751418,3312100
2023-10-23,53.163516998291016,53.52656618336036,52.47465180145187,52.79115685657967,4255900
2023-10-24,53.86169052124024,53.95477878271431,53.55449286641459,53.78721707118933,3307600
2023-10-25,52.49327087402344,53.07042590550597,52.362945887987664,52.958719281916665,3185700
2023-10-26,51.35757446289063,51.6833904717135,51.05038036718332,51.47859204051567,4803600
2023-10-27,50.86420440673828,51.45997783534182,50.72457200689731,51.376196975001335,3459500
2023-10-30,52.08367919921875,52.176767463303,51.63684913965299,52.00920574707963,3890100
2023-10-31,51.15278244018555,51.23656329843836,50.83627737024043,51.08761994499888,5454200
2023-11-01,52.36294555664063,52.381563918969285,51.404122978796565,51.46928547140211,5463800
2023-11-02,54.03855895996094,54.05717732223989,53.58242151293992,53.73136486008202,6900400
2023-11-03,55.546607971191406,55.742098989642216,55.26733965337652,55.369738865162816,4603800
2023-11-06,58.348609924316406,59.00954577984951,58.15312245455412,58.86991339477189,6672400
2023-11-07,57.38978958129883,57.603895420812826,56.700924381527656,56.97088530786294,4084900
2023-11-08,56.29133224487305,56.5054380888756,55.8724279626552,56.27271388220897,4219800
2023-11-09,55.732791900634766,56.57990786907048,55.602466913350746,56.356494619752034,3749100
2023-11-10,56.13307571411133,56.198238205309465,55.332503906717726,55.55592069874665,2457400
2023-11-13,55.56523132324219,55.779337171166986,55.15563799039775,55.32319970635449,2075500
2023-11-14,57.61320114135742,57.752837078781866,56.905721151094085,56.97088364160165,3827900
2023-11-15,58.0321044921875,58.4323903853629,57.883161151779625,58.004178725576445,3816300
2023-11-16,58.44170379638672,58.70235733220396,58.1810538116592,58.42308543303623,3018700
2023-11-17,57.94832229614258,58.11588399409808,57.81799732019702,58.004177379157504,3077700
2023-11-20,59.12125396728516,59.27019731264139,58.55340990448851,58.55340990448851,2486400
2023-11-21,58.534793853759766,59.04678640169547,58.45101299674559,58.95369813883065,2048400
2023-11-22,58.56271743774414,58.82336740491388,58.32999323817417,58.61857252403315,2336800
2023-11-24,58.01348876953125,58.09726962426458,57.79007552430202,57.79938292989928,1215100
2023-11-27,58.23690414428711,58.30206663514581,57.86454400987503,57.92039909536367,3574800
2023-11-28,59.10264205932617,59.30743694981921,58.767518628041664,58.841988528832864,3722500
2023-11-29,59.00024032592773,59.41914459719376,58.879222747319886,59.2143461643327,4689400
2023-11-30,58.683738708496094,58.916462922710224,58.43239613101407,58.87922619617444,4353800
2023-12-01,58.94438552856445,59.01885897763909,57.81800124448183,57.98556295381026,5116100
2023-12-04,57.76214599609375,58.255523717109305,57.557351113890384,58.02279951603633,3128900
2023-12-05,57.287391662597656,57.41771665037794,56.924342467755565,57.15706667481738,3223300
2023-12-06,56.91503143310547,57.52942319686569,56.90572402731513,57.52942319686569,2921100
2023-12-07,57.529422760009766,57.62251457265416,57.01743021927905,57.16637356842052,2767800
2023-12-08,57.86454772949219,58.19967116178739,57.47357275920754,57.82731100343946,2245500
2023-12-11,58.37653732299805,58.46031817682242,57.86454479455556,57.88316315663758,1918600
2023-12-12,58.69303894042969,58.72096825746252,58.06002887105404,58.40446322277469,2603800
2023-12-13,59.4005241394043,59.59600805764591,57.52941964412391,57.77145479280077,3452000
2023-12-14,60.18247985839844,60.39658214630939,59.67979473148112,59.72634241259863,4700900
2023-12-15,59.52154159545898,60.01491932648298,59.43776073932959,59.74495839550055,3331000
2023-12-18,59.75426864624024,59.9497561245356,59.5773959792296,59.810120182273465,2963100
2023-12-19,60.42451477050781,60.47105534925702,59.94975541332051,59.94975541332051,2279800
2023-12-20,60.2917366027832,61.24693254096073,60.19621883085017,61.11320255897727,4834500
2023-12-21,61.24693298339844,61.25647965938349,60.74067858594184,61.08454839741592,2925900
2023-12-22,61.10365676879883,61.28514565020226,60.89351328244526,61.074998520078985,1898400
2023-12-26,61.39020538330078,61.51438504525121,61.07499382178828,61.36155078055494,1926800
2023-12-27,61.944217681884766,62.068397341871325,61.77228278058999,61.82959927271407,2629900
2023-12-28,63.02359771728516,63.32925899358359,62.94718057632563,62.94718057632563,3135200
2023-12-29,62.59375,62.9662744124912,62.39316049231542,62.39316049231542,2268500
2024-01-02,61.839149475097656,62.16391865719304,61.629005996248736,62.07794755787341,2965200
2024-01-03,60.51143264770508,60.77888897786711,60.205771393608096,60.38726026831976,4219500
2024-01-04,59.909664154052734,60.22487572845797,59.79503845084212,59.9383187579706,2893000
2024-01-05,60.062496185302734,60.70247331289288,59.85235270160703,59.90011159050978,2672400
2024-01-08,60.37770462036133,60.40636286722512,59.5657926200201,59.632655789753166,2027600
2024-01-09,59.01177978515625,59.30789071321078,58.8493988413573,59.19326865618979,5722400
2024-01-10,58.667911529541016,58.83029612142517,58.36225027351513,58.60104835752095,4208300
2024-01-11,58.77298355102539,59.01178163617504,58.11390214776942,58.8971595755587,3780200
2024-01-12,58.610599517822266,59.01177853075272,58.4482149337056,58.62014983746705,1421100
2024-01-16,56.346797943115234,56.82439411483804,56.24172620233308,56.69066412598917,3547500
2024-01-17,54.88534927368164,54.91400752075304,54.48417025237708,54.637000876269695,4157900
2024-01-18,55.90740585327149,55.93606410090628,55.40115508488142,55.45846793638144,5263200
2024-01-19,56.60469436645508,56.65245689669992,55.95516695160512,56.22261963088272,4058100
2024-01-22,55.90740585327149,56.041132196335305,55.74502490634243,55.87875124940626,2629200
2024-01-23,56.279930114746094,56.31813868230154,55.94561425805985,56.289484078519735,2620400
2024-01-24,56.470970153808594,57.00587917628074,56.470970153808594,56.70021791880226,4671700
2024-01-25,56.26082611083984,56.45186164965572,56.07933724768768,56.45186164965572,2970800
2024-01-26,56.83394241333008,57.02498160397752,56.662007506124326,56.85304669677177,2571900
2024-01-29,57.46437072753906,57.569442467391625,57.08229233603328,57.36885295154741,3818000
2024-01-30,57.22557067871094,57.34974669825165,56.996322922925735,57.23512099847432,3851700
2024-01-31,56.8052864074707,57.55033522445327,56.62379754114051,57.24467398447225,5137800
2024-02-01,58.55328750610352,58.58194575298658,57.97061961766381,58.13300420410298,4518900
2024-02-02,59.80459213256836,59.91921419146873,59.49893087965432,59.88100562391209,6471500
2024-02-05,59.346099853515625,59.57534396977247,59.00223003536082,59.25057843526733,3185200
2024-02-06,59.393856048583984,59.55623698659148,59.26012971286737,59.403406368091154,3883700
2024-02-07,60.4445686340332,60.59739925895256,60.25353308571115,60.54964037187205,2740300
2024-02-08,60.4445686340332,60.54964037187205,60.23442880212504,60.4445686340332,2802700
2024-02-09,60.81709289550781,60.86485542623295,60.15801151047331,60.54008989365736,2329700
2024-02-12,61.5621452331543,62.13526648427044,60.8744092056162,60.9126177748599,5135100
2024-02-13,59.90010833740234,60.47322590441899,59.60400105602473,60.38725845155496,5663400
2024-02-14,61.00813293457031,61.036791182157394,60.45412327940409,60.549641054642194,2641300
2024-02-15,60.93171691894531,60.97947580458588,60.50187966064137,60.74067773261363,3214600
2024-02-16,61.31379699707031,61.600350318884296,61.05589099114481,61.16096272873831,2395600
2024-02-20,61.41886901855469,61.67676773813324,61.2373801459563,61.49527886553485,2592400
2024-02-21,61.41886901855469,61.43796965841496,61.02723666979798,61.352005847735136,2171100
2024-02-22,62.211673736572266,62.23078166416568,61.88691184287557,61.99198358202194,2127400
2024-02-23,62.240333557128906,62.29764276292411,61.88690978380105,61.90601042321983,5291300
2024-02-26,61.323341369628906,61.54303880021867,61.24693152587219,61.34244929622214,2279100
2024-02-27,60.76933288574219,60.91261318773125,60.70246971648581,60.87440462136491,3637400
2024-02-28,61.27558898925781,61.43796993518838,61.22782645808337,61.35200612412128,2631000
2024-02-29,61.23738098144531,61.68632254344702,61.04634178631036,61.68632254344702,3145100
2024-03-01,62.02063751220703,62.21167306083135,61.21827217539899,61.35200580448287,3928800
2024-03-04,62.66061782836914,62.784797500125535,62.52689147996952,62.64151718754324,4045400
2024-03-05,61.42841720581055,62.02063908159415,61.20872704808738,61.93466798126044,3485700
2024-03-06,62.16391754150391,62.34539912562971,61.88691089595092,61.89646485960144,3002300
2024-03-07,62.928070068359375,62.93762403247269,62.35495610972996,62.383610714530526,2205600
2024-03-08,63.300594329833984,63.98833399329272,63.19552987503717,63.83550700560153,3129500
2024-03-11,63.262393951416016,63.367458407712256,63.04269649952154,63.30059523322949,2503700
2024-03-12,64.20802307128906,64.25577831041826,63.57759269946094,63.96922501302782,4120900
2024-03-13,64.08385467529297,64.16982578089049,63.902373074657646,64.06475403379335,4188000
2024-03-14,64.04564666748047,64.55189742077039,63.81639526831835,64.3990631546623,5296300
2024-03-15,62.65105819702149,62.956726722901855,62.53643978735511,62.80389245996167,4508900
2024-03-18,62.81344985961914,63.205074926635184,62.78479525563493,63.147765718666776,2891100
2024-03-19,62.35495376586914,62.46957946830211,61.83914903622945,61.97287537863169,3755300
2024-03-20,63.83550262451172,63.83550262451171,62.75613067050754,62.82299383944718,2795400
2024-03-21,64.50413513183594,65.14411222659312,64.50413513183594,65.01993985057035,4593000
2024-03-22,64.04564666748047,64.23668221257665,63.90236636488888,64.1220565129956,2202200
2024-03-25,64.49458312988281,64.58055422938949,64.09340409895607,64.09340409895607,1428400
2024-03-26,64.37996673583984,64.80980038425508,64.34175816680792,64.80980038425508,2107300
2024-03-27,64.2844467163086,64.30354735638907,64.00744006613711,64.23668418479866,2239100
2024-03-28,64.10295867919922,64.26533962839206,64.00744090247045,64.26533962839206,2846300
2024-04-01,63.61580276489258,64.40861408604286,63.37700470099468,63.95011859684192,3070800
2024-04-02,63.68267059326172,63.79729629583793,63.46298043941452,63.79729629583793,3025200
2024-04-03,63.520286560058594,63.62535829376255,62.74658314600111,62.80389235073463,3966800
2024-04-04,63.147762298583984,64.52324151564308,63.10955373282804,64.3608532892956,3739700
2024-04-05,63.13821029663086,63.33879980742677,62.622405574210376,62.89941221889206,2478600
2024-04-08,63.27193832397461,63.42477259582069,63.08090277170621,63.09045673558139,2764000
2024-04-09,62.91851806640625,63.00448187353203,62.288087663995526,62.698820635631336,4802900
2024-04-10,60.51143264770508,61.09410055200544,59.87145553561751,61.01768706036598,8212500
2024-04-11,62.01108169555664,62.249879767971024,61.53348555072788,62.068398188462496,8115900
2024-04-12,59.80459213256836,60.32039686327438,59.53713944721096,60.32039686327438,7149300
2024-04-15,59.47027206420898,60.50188151577,59.32699540289408,60.50188151577,3742100
2024-04-16,58.543739318847656,58.820745971601006,58.22852409803807,58.40045901052155,5448900
2024-04-17,58.1521110534668,58.52463548545959,57.88465471878329,58.46732263293392,5964500
2024-04-18,59.0308837890625,59.60400135899231,58.8589488824605,59.44161677219288,4497800
2024-04-19,58.57239532470703,59.02133690068753,58.41956469259426,58.93536944238849,4030300
2024-04-22,59.87145233154297,60.06249151607234,59.31743906078472,59.508478245314095,3082600
2024-04-23,60.16756439208984,60.22487359789817,59.56579222471639,59.71862284648764,2812100
2024-04-24,60.3299446105957,60.74067758489062,60.1293551051315,60.6547101334389,2061600
2024-04-25,60.08159637451172,60.25353127785844,59.2123715381564,59.2123715381564,3201700
2024-04-26,60.50188446044922,60.56874763440437,60.27263668991036,60.27263668991036,1785200
2024-04-29,61.15140914916992,61.21827232010038,60.77888837096417,60.96037360009406,2066800
2024-04-30,60.224876403808594,60.86485716738429,60.1962217995694,60.5782965499139,2932400
2024-05-01,60.26308441162109,61.26603563213273,59.99563172448988,60.31084329949887,3456800
2024-05-02,61.57169723510742,61.74363214745494,60.52098712077888,60.759785205287145,3681600
2024-05-03,62.25943756103516,62.364509302363686,61.800942027279824,62.15436581970663,2545200
2024-05-06,62.803897857666016,62.889861672304,62.42181945501645,62.526891197933566,1847400
2024-05-07,62.74658966064453,62.96627982662477,62.60330934639595,62.87076204630556,2898300
2024-05-08,62.88031005859375,62.956727190631575,62.6224040598508,62.6224040598508,1926000
2024-05-09,62.18302154541016,62.29764725280069,61.84870567494536,62.03019455642885,2161100
2024-05-10,61.972877502441406,62.49823621383932,61.86780576016182,62.393164471559736,1779000
2024-05-13,62.11615753173828,62.27853848269219,61.97287722132158,62.00153911343637,2039700
2024-05-14,62.6319580078125,62.66061261043493,62.12570726137954,62.12570726137954,2240900
2024-05-15,63.92146682739258,63.950121430323776,63.13820943460469,63.510733847788025,4190700
2024-05-16,63.3961181640625,63.835505765505545,63.3961181640625,63.701779421046325,1761700
2024-05-17,62.52688980102539,62.7274793182387,62.18301997507708,62.240336471094615,3581300
2024-05-20,62.316741943359375,62.49823080751363,62.173461644687,62.25943273890592,1611800
2024-05-21,61.944217681884766,62.07794401760973,61.820045309436935,62.02063481302439,2185200
2024-05-22,61.64811325073242,61.94422053812852,61.43796977417814,61.7436310252919,4664400
2024-05-23,61.01768493652344,62.17346309731452,60.85530035131615,62.13526181847881,3102300
2024-05-24,61.22782516479492,61.36155150421181,60.91261359956503,60.931717882877365,2075700
2024-05-28,61.8296012878418,62.33585204494853,61.62900449017784,62.19257174127668,1760800
2024-05-29,60.32039642333984,60.65471227759832,60.301292139700855,60.65471227759832,2524900
2024-05-30,59.68996810913086,59.99562935198487,59.575342410233525,59.80459016425875,3278500
2024-05-31,59.393856048583984,59.61354983494261,58.65835755837325,59.49892778200971,3092100
2024-06-03,60.37770462036133,60.48277635673313,59.938317035324175,60.29173716730889,2449500
2024-06-04,60.16756439208984,60.329945333572674,59.75683141287282,60.08159693960792,2970700
2024-06-05,61.30424118041992,61.323341819614576,60.56874268326627,60.845749320590905,2923100
2024-06-06,61.7913932800293,61.8487024870009,61.38066029247507,61.60035044422557,2582900
2024-06-07,60.80754470825195,61.33289977072802,60.788440424045774,61.323345806740114,2625300
2024-06-10,61.30424118041992,61.36155038554268,60.74067758617333,60.85529964018823,1217600
2024-06-11,60.92216491699219,60.99858205149293,60.54009017579703,60.82664714263578,2631700
2024-06-12,62.44092559814453,62.91852176591744,62.23078211831818,62.62240718637159,2870600
2024-06-13,61.93466567993164,62.40271515732977,61.53348666005236,62.28808945699042,1782900
2024-06-14,61.629005432128906,61.67676796326252,61.19917180208269,61.37110671160899,2411800
2024-06-17,62.125709533691406,62.35495365059444,61.54304163392777,61.6481133724123,2395100
2024-06-18,62.689266204833984,62.80389190101898,62.14480690114799,62.22122403193799,2139700
2024-06-20,62.43136978149414,62.90896593509337,62.183017741111634,62.79434023471553,2922500
2024-06-21,62.202125549316406,62.44092362565932,62.1161544523127,62.354952528655616,1908100
2024-06-24,62.06840133666992,62.58419878621287,62.030192768640966,62.10660261715968,1174100
2024-06-25,62.11615753173828,62.20212863300402,61.89646737163341,62.17346674088923,1877900
2024-06-26,62.316741943359375,62.526885409740366,62.21167021016888,62.230778136679184,1583100
2024-06-27,62.84210586547852,63.10955855868293,62.74658808755398,62.90896903877962,1673500
2024-06-28,63.12865829467773,63.59670778861808,62.91852210127056,63.42477287580186,1445200
2024-07-01,63.15731430053711,63.52983869566529,63.01403400528661,63.45342156652655,1605100
2024-07-02,63.19552612304688,63.22418072606651,62.565095706459296,62.59375030947893,1740900
2024-07-03,63.85460662841797,63.98833297334347,63.35790981691456,63.42477298937732,2113700
2024-07-05,65.87005615234375,65.91781867947257,65.12500736938033,65.61215745344813,3252700
2024-07-08,65.15367126464844,65.53574967356612,65.12501665929902,65.38291539498324,2415200
2024-07-09,65.0772476196289,65.2873910879027,65.00083777551562,65.1823193537658,1526900
2024-07-10,65.71723175048828,65.73633238956293,65.28739085215162,65.32559941783968,1995000
2024-07-11,65.7649917602539,66.40496888496853,65.54530160104228,66.39542220850839,2438600
2024-07-12,65.5739517211914,65.87961296041642,65.3924628553101,65.44022538450164,4171700
2024-07-15,64.58055114746094,65.210974267755,64.48503337620896,65.07724793049448,1903400
2024-07-16,65.17277526855469,65.24918511570525,64.71427974795604,64.90531529714102,1716100
2024-07-17,64.07430267333984,64.43727313198508,63.9501230075235,64.26533822261858,2025100
2024-07-18,63.01403427124024,63.94057192522696,62.79433684592375,63.873708758833,2938500
2024-07-19,62.30719757080078,63.071347046068695,62.24988107668992,62.985383236210886,2212700
2024-07-22,62.84210586547852,62.9471776074573,62.50778999897299,62.84210586547852,1560500
2024-07-23,62.55553817749024,62.83254480345645,62.54599150205376,62.7465809992972,1544500
2024-07-24,61.61945724487305,62.58419621977041,61.59080264191119,62.56509558030881,2919400
2024-07-25,61.18962097167969,61.77228890115884,60.97948112776324,61.42841906449772,3969400
2024-07-26,62.1352653503418,62.29764630100962,61.8869132985597,62.03019360872396,2576800
2024-07-29,62.1352653503418,62.37406343810247,61.93466854358825,62.37406343810247,1663500
2024-07-30,61.629005432128906,62.221227295505976,61.39020735153899,62.1639180881769,1779000
2024-07-31,63.56805038452149,63.93102083446222,63.2146266105384,63.548942457528405,4636100
2024-08-01,62.39316177368164,63.50118835797736,62.05884592067484,63.27193695516781,2516300
2024-08-02,60.70246887207031,61.26603246494125,60.50187936709152,61.08454724287987,6062700
2024-08-05,57.41661071777344,57.87510259236088,55.74502416419087,55.84054193831636,8859500
2024-08-06,56.77663040161133,57.39750686944367,56.022031235251,56.337242807270975,6844200
2024-08-07,57.27333068847656,59.0595429521303,57.254226404805614,59.0213343847884,5604900
2024-08-08,58.71567153930664,58.897156763598566,57.63630322570763,57.999277318060905,3452900
2024-08-09,59.43206787109375,59.56579421413871,58.8780545713137,59.0308851981893,3725700
2024-08-12,59.47027206420898,59.78548727788691,59.26968255210641,59.412962857190834,2765500
2024-08-13,60.74068069458008,60.75978497852179,59.77593804002587,59.795038680198,2489500
2024-08-14,60.85530090332031,60.92216407319762,60.45412188405645,60.73112852713072,3430500
2024-08-15,61.457069396972656,61.87735634312557,61.14186147489693,61.18007004159618,3353100
2024-08-16,62.603302001953125,62.6415105671062,61.85825320031498,61.85825320031498,3982200
2024-08-19,63.31014633178711,63.4056641070762,62.526888914354,62.526888914354,3028100
2024-08-20,63.34835815429688,63.45342989877528,63.01404227983811,63.300595620428695,2500700
2024-08-21,63.41521835327149,63.73043357191442,63.0522478905409,63.12865773858897,2241200
2024-08-22,62.211673736572266,63.310146371941286,62.144810565073584,63.22418256038832,2885600
2024-08-23,64.19847106933594,64.22712567119638,63.109552473407646,63.26238673338147,3794800
2024-08-26,63.12865829467773,63.67312492487845,63.07134908625207,63.5584992204879,1898200
2024-08-27,63.214630126953125,63.41521964630523,62.756134591620224,62.82299776473759,2328100
2024-08-28,62.57465362548828,63.12865965647884,62.31674760693083,62.95673202749304,2895000
2024-08-29,62.479129791259766,63.10955289905718,62.46002186486485,62.66061136677942,3156300
2024-08-30,62.56510162353516,62.77524511560527,62.030196216476384,62.62241083499442,2301300
2024-09-03,60.4063606262207,61.83914538432428,60.32039317635756,61.78183618026174,3237100
2024-09-04,60.42546463012695,60.931719038078256,59.84280037501658,59.84280037501658,3361600
2024-09-05,60.02428436279297,60.49233019371465,59.80459057073404,60.34904989100387,2865800
2024-09-06,57.78913497924805,59.62310247255532,57.66495895821073,59.45117120835608,4245800
2024-09-09,58.88761138916016,59.12640948296247,58.56284583583821,58.75388139586427,2233500
2024-09-10,58.53418350219727,58.66790984239174,57.96106957457252,58.66790984239174,3078600
2024-09-11,58.897159576416016,58.95447242860983,57.28288583253795,58.22852420923334,2827400
2024-09-12,59.70906829833984,59.73772654473282,58.91626059434251,59.24102611789753,2996400
2024-09-13,60.46367263793945,60.664262149011485,60.291737730229286,60.30129169386291,1999500
2024-09-16,60.6738166809082,60.87440619385893,60.27263401123722,60.87440619385893,4353900
2024-09-17,60.38726043701172,61.01768723081905,60.23442980953629,61.01768723081905,2158800
2024-09-18,60.42546463012695,61.60035074783927,60.10069909519895,60.58784921947572,4499800
2024-09-19,61.04634094238281,61.218272207480894,60.26308353255016,60.7024711246476,4225200
2024-09-20,60.4827766418457,60.559193775483415,59.91921303446076,60.2917374515209,1873300
2024-09-23,60.83619689941406,60.98902752323131,60.52098533194015,60.64516135246963,1946400
2024-09-24,62.125709533691406,62.1543641373619,61.504833066520746,61.8678035255788,5483700
2024-09-25,60.5209846496582,61.1800696680026,60.49233004669348,61.10365253507072,3429300
2024-09-26,64.07430267333984,64.16982044797922,63.21462812650738,63.85460523288413,6563300
2024-09-27,63.367454528808594,63.75908687504859,63.2146275482913,63.53938943660242,4236300
2024-09-30,61.09409713745117,61.78183674261635,60.80754018322214,61.65766437017104,5333900
2024-10-01,60.63560485839844,61.6863185415916,60.09114555603544,61.6863185415916,4364800
2024-10-02,60.5591926574707,60.86485389883962,60.1580100008181,60.587847260171095,2852200
2024-10-03,59.89056015014648,60.24398029394069,59.55624064654044,59.76638412630597,3988100
2024-10-04,59.89056015014648,59.966973642207854,59.53714000635229,59.94786935825012,2590600
2024-10-07,60.19622039794922,60.64516195401461,60.06249405625387,60.48277736497774,2579600
2024-10-08,60.54964065551758,60.59739954282182,60.29173829155123,60.54009033556455,2693500
2024-10-09,60.7120246887207,60.950822766823926,60.2630831358804,60.42546407998123,1805600
2024-10-10,60.47322463989258,60.55919209095898,59.99562849925022,60.37770322550248,1957000
2024-10-11,60.54964065551758,60.59739954282182,60.0911487786117,60.15801194959155,2807600
2024-10-14,60.72157669067383,60.7979938267931,60.263084805267,60.55919574207478,1953700
2024-10-15,59.31744003295898,60.62605609998247,59.250576863843264,60.62605609998247,4177600
2024-10-16,60.05294036865234,60.18666671096251,59.91921402634217,60.0242857649486,1759600
2024-10-17,59.59444808959961,59.81414188531247,59.48937635170009,59.70907014741295,2348700
2024-10-18,59.28878784179688,59.51803560506825,59.24102895388147,59.42251418546785,2411700
2024-10-21,58.83029556274414,59.1264064958564,58.52463430962096,58.992676509316645,2807800
2024-10-22,58.1521110534668,58.25718279454571,57.98972645986221,58.1521110534668,3211600
2024-10-23,58.47687530517578,58.67746481893025,58.0756926338973,58.57239308017232,2021200
2024-10-24,58.49597930908203,58.61060136728344,58.075692356061005,58.59149708362161,2171900
2024-10-25,58.40045547485352,58.64880750841381,58.06613963402548,58.57239037692776,2948200
2024-10-28,58.954471588134766,59.04998936332644,58.792086997785454,58.92581334056162,2544600
2024-10-29,58.916263580322266,59.1359573803661,58.55328947236004,58.68701581640676,2323900
2024-10-30,58.07569122314453,58.5819456208832,58.04703662009555,58.257180092506665,2163900
2024-10-31,57.22557067871094,57.521681604148185,56.81483769726582,57.39750558460747,2422100
2024-11-01,57.33064270019531,57.72227140029269,57.25422556663022,57.58854506032326,2092300
2024-11-04,58.17121124267578,58.543735648444695,58.04703522616302,58.32404186154943,2459900
2024-11-05,58.38135528564453,58.5819484479762,58.06614370558558,58.32404607678089,3421800
2024-11-06,56.70976638793945,57.03453191888118,56.22261991341161,57.0249815990459,5553000
2024-11-07,57.9992790222168,58.03748394587435,57.52168286068674,57.62675459922647,3395700
2024-11-08,56.5473861694336,57.13960438859065,56.27037952165531,57.120500104905645,3419300
2024-11-11,55.75457382202149,56.16530680466882,55.61129716253464,56.10799759838187,3466000
2024-11-12,54.30268096923828,54.73251823435164,53.97791544046035,54.608342214703455,4149400
2024-11-13,53.37614822387695,53.92060755846816,53.29973108874928,53.87284867089815,4957400
2024-11-14,53.22332000732422,53.9015057153273,53.194661758468925,53.796433971653926,4175800
2024-11-15,53.68180847167969,54.02567828577628,53.50031960103455,53.968365435503685,6802100
2024-11-18,55.200565338134766,55.229219941879485,54.7420734593715,54.88535012186465,3773100
2024-11-19,54.95221328735352,55.13370216110318,54.67521028238799,54.71341520612042,2152400
2024-11-20,54.81848907470703,54.93311113789681,54.47461924136801,54.90445653304179,2468600
2024-11-21,55.41070556640625,55.56353619374883,55.10504431172107,55.51577730591107,2262900
2024-11-22,55.52532958984375,55.573088476236585,55.08593836122904,55.11459660808031,2645600
2024-11-25,56.10799789428711,56.44231374528901,55.888300456463575,56.44231374528901,2555700
2024-11-26,55.97426986694336,56.213067952798525,55.89785637422991,56.15575874420584,2757500
2024-11-27,55.53488159179688,55.89785569816216,55.37250064438873,55.78323363859349,1708100
2024-11-29,54.856693267822266,54.92355643633016,54.05433160195814,54.05433160195814,4213500
2024-12-02,54.1689567565918,54.398204521576105,53.99702184379597,54.178510720508015,5716600
2024-12-03,53.30928421020508,53.53852832442678,50.319531255311695,52.134398104452735,43627300
2024-12-04,53.69136047363281,53.7200187215517,53.013174787789225,53.40480350083112,6900900
2024-12-05,53.03227615356445,53.25196994208216,52.89854981653363,53.16600249059528,3655200
2024-12-06,52.49736785888672,52.83168734967326,52.354091200352016,52.75527021677252,5103600
2024-12-09,51.265167236328125,51.69500448536151,51.19830406911952,51.33203404730605,7313100
2024-12-10,51.51352310180664,52.21081307159161,51.50396913791159,52.16305418342517,3085900
2024-12-11,53.0131721496582,53.099139601597614,52.86034152885141,53.08003531852559,5578000
2024-12-12,52.99407196044922,53.43345957374086,52.984521640060144,53.27107862073862,2079600
2024-12-13,53.48122024536133,53.64360119271124,53.25197248253664,53.64360119271124,2642800
2024-12-16,53.08959197998047,53.280627532870405,52.96541595558633,53.07048769593755,3792400
2024-12-17,52.39322662353516,52.48124974127928,52.10959616292634,52.34432572054392,3410900
2024-12-18,50.96530151367188,53.1560933996792,50.85771728401171,53.1267536028264,4670500
2024-12-19,51.434757232666016,51.88465153136256,51.35651279937969,51.835750626008576,3218900
2024-12-20,51.19024658203125,51.581461268375065,50.76969210002656,50.84793652965523,3401900
2024-12-23,51.610801696777344,51.64992391207131,51.15112499432275,51.30761012459881,2484800
2024-12-24,51.55212020874024,51.60102111414833,51.21958882870528,51.42497860085917,1563000
2024-12-26,50.82837677001953,50.92617857874893,50.62298700224802,50.740353649803126,2212800
2024-12-27,50.3295783996582,50.43716262898575,50.055730347478914,50.29045618337548,2595000
2024-12-30,50.06550979614258,50.30023936650246,49.79166173980602,49.96770798485094,2556600
2024-12-31,49.772098541259766,50.182874339414624,49.62539583048287,50.05572900535481,1647600
2025-01-02,49.997047424316406,50.407823236782,49.762321586536,50.300239006591006,2567400
2025-01-03,51.67926406860352,51.67926406860352,51.30761048251781,51.395633602093376,3661100
2025-01-06,53.20499801635742,53.56686919071058,53.11697489493099,53.25389892139435,4912300
2025-01-07,52.53993606567383,53.47884688799638,52.40301203711429,53.45928577950217,3341500
2025-01-08,53.12675094604492,53.322358287381405,52.901803809322864,53.322358287381405,5101800
2025-01-10,52.34432601928711,52.76488050303149,52.25630290104061,52.64751758900276,4427400
2025-01-13,52.31498718261719,52.344326978937325,51.95311228380288,52.08025761935655,2671800
2025-01-14,52.81378173828125,52.98004555662542,52.5203725859152,52.901804857081046,3510300
2025-01-15,53.58642959594727,53.68423140473814,53.32236023513209,53.351700031589374,3538900
2025-01-16,53.341922760009766,53.703793939228326,53.31257923187316,53.60599212783951,2884200
2025-01-17,53.62555313110352,53.967863201192834,53.449506886229024,53.66467161704234,3437700
2025-01-21,54.456878662109375,54.554680471408254,53.95807973434541,54.12434728723336,4194800
2025-01-22,54.87743377685547,55.09260223682044,54.78941065513342,55.043697600719376,3612200
2025-01-23,54.44709396362305,54.56446060694888,54.124345021726285,54.31995236303629,2012400
2025-01-24,54.67204666137695,54.93611229045047,54.58402354138583,54.6916040383529,2037700
2025-01-27,53.35169982910156,53.80159411727185,52.98004624148706,53.49840627263093,6111400
2025-01-28,53.10719299316406,53.341922562889735,52.852906045952864,53.27346054899056,3133900
2025-01-29,53.22455596923828,53.645110472723694,53.02895234697525,53.400602213994965,2844300
2025-01-30,54.055885314941406,54.300393569271215,53.62555213044491,53.703792831762506,3698200
2025-01-31,52.78444290161133,53.75269349510611,52.78444290161133,53.51796766130732,5369000
2025-02-03,52.207401275634766,52.393226197851575,51.51299502756204,51.601018144591,4539700
2025-02-04,53.15609359741211,53.33213984098362,52.794222421581736,52.804004841169,2551600
2025-02-05,53.75269317626953,53.89939961969848,53.49840623601251,53.51796734386302,2384000
2025-02-06,54.00698471069336,54.0363245074882,53.83093846812457,53.88961806171424,2376600
2025-02-07,52.9507064819336,53.88961727465436,52.82356114617979,53.7624756698004,3677900
2025-02-10,53.92873764038086,53.93852005943395,53.65488960128997,53.70379050385625,2080800
2025-02-11,53.86027908325195,54.04610401727574,53.664671729548,53.72335505492917,3242800
2025-02-12,53.94829940795898,54.11456695579921,53.302797785843474,53.35169868900833,4528600
2025-02-13,55.11215972900391,55.1904041622087,54.18303133554646,54.231932240849495,3844400
2025-02-14,55.43490982055664,55.640295851739815,55.28820338062594,55.45447092794072,2635700
2025-02-18,56.17821502685547,56.364043687442944,55.88480586859614,55.94348919260795,4156800
2025-02-19,56.99976348876953,57.10734771843645,56.79437744898719,56.87262188179946,2271600
2025-02-20,57.17580795288086,57.25405238325884,56.89217748911038,56.98998302708285,1825000
2025-02-21,56.32492065429688,57.16602963176442,56.20755773887577,57.146468524044266,3109800
2025-02-24,56.207557678222656,56.83349820099287,56.17821415122418,56.83349820099287,3628000
2025-02-25,56.28579711914063,56.4520646654136,55.96304817657502,56.44228224633299,2125100
2025-02-26,56.54008865356445,57.05844494583001,56.40316090062469,56.5694284494588,2171700
2025-02-27,54.720947265625,55.86524408833644,54.711164846290814,55.86524408833644,4575900
2025-02-28,53.46906280517578,53.49840633245437,52.90180560008759,53.204997175967385,5138500
2025-03-03,53.12675094604492,54.3981930683825,52.89202512116091,54.2319292533313,4533900
2025-03-04,53.37126159667969,53.94830122764813,52.59861461555417,53.02895153207972,3621900
2025-03-05,54.81874847412109,54.89699290433968,54.06566262231621,54.13412463330758,3346600
2025-03-06,53.733131408691406,54.4862172626407,53.71357030108106,54.1830294219298,4849700
2025-03-07,54.456878662109375,54.50577956675882,53.75269369627783,54.192809299922544,3166600
2025-03-10,52.90180587768555,53.83093798718641,52.559495815137794,53.79181577120956,3808300
2025-03-11,53.48862457275391,53.77225504424603,53.00939048179125,53.400601451632205,3706100
2025-03-12,54.720947265625,54.82853149290211,54.33951499138786,54.7600694811621,4983000
2025-03-13,54.00698471069336,54.34929477629939,53.918961589408966,54.0363245074882,4062100
2025-03-14,54.90677261352539,54.936112409952976,54.43731721618483,54.54490144428576,2073600
2025-03-17,56.5889892578125,56.6574512684705,55.85546451713412,55.85546451713412,3471400
2025-03-18,55.71854019165039,55.84568179309274,55.405569935808096,55.64029576223994,2871000
2025-03-19,55.98261260986328,56.22712086880925,55.483813672309545,55.87502837898307,2751900
2025-03-20,55.48381042480469,55.62073444485618,55.12193926739722,55.2490845992592,1720100
2025-03-21,55.610958099365234,55.91414594770874,55.48381276214706,55.91414594770874,3722600
2025-03-24,56.05107116699219,56.09997206958547,55.787001815908816,55.87502493293661,1579900
2025-03-25,55.81634521484375,55.91414702634449,55.70876098365296,55.74788320061324,2309700
2025-03-26,55.56205749511719,56.20755914240144,55.44469084586557,56.20755914240144,1794900
2025-03-27,55.24908447265625,55.513150093064894,55.141500248319545,55.17084004372057,2369900
2025-03-28,53.58642959594727,54.27105345018294,53.4690629483184,54.19280901843036,3205400
2025-03-31,52.8529052734375,52.94092839443556,52.060697184454966,52.33454523604898,4189400
2025-04-01,53.64510726928711,53.762473912716274,53.07785008297839,53.37125922975185,2932500
2025-04-02,53.4299430847168,53.73313092268541,53.087629300981575,53.12675151584842,2237800
2025-04-03,51.97267150878906,52.73553603267443,51.93354929451296,52.58883332548862,3935200
2025-04-04,50.12419128417969,51.46409545044143,49.92858393786634,51.29783163115996,6914100
2025-04-07,49.66451644897461,51.24893265592832,48.75494542565302,48.96033519900625,7441000
2025-04-08,47.84537124633789,50.29045367873618,47.42482050039312,50.09485006886408,9307900
2025-04-09,52.109596252441406,52.50081093884282,47.68888671206436,48.08010139846577,9295900
2025-04-10,50.681671142578125,51.26848946620871,49.82100103447336,51.13156543942157,5704000
2025-04-11,53.116973876953125,53.16587478105288,51.83574929650059,51.99223442815969,4797700
2025-04-14,53.15609359741211,53.43972407104398,52.804004841169,53.0191695703898,3473700
2025-04-15,53.1854362487793,53.615769431028944,53.16587514082706,53.615769431028944,2366300
2025-04-16,52.872467041015625,53.33214002893909,52.46169122760111,52.86268462139389,2059700
2025-04-17,53.116973876953125,53.52774594847083,53.09741276913326,53.47884504437109,2558800
2025-04-21,53.19521331787109,53.69401222821845,52.85290326637761,53.69401222821845,2644500
2025-04-22,53.60599136352539,53.92874032122669,53.4397238094551,53.61577005216487,3041500
2025-04-23,54.37863540649414,55.00457968460957,54.26127248661623,54.66226588285739,3853600
2025-04-24,54.720947265625,54.74050837339355,53.94830029781652,53.99720120178798,2849600
2025-04-25,54.584022521972656,54.593801210278,54.03632270437902,54.26126984439968,3422900
2025-04-28,54.42753982543945,54.54490274484802,54.11456955308332,54.11456955308332,2014800
2025-04-29,54.86764907836914,54.97523330388316,54.66226304651498,54.76006858375489,1849900
2025-04-30,54.95567321777344,55.082818553098406,54.4764391345406,54.76984828991374,2478800
2025-05-01,54.37863540649414,55.12194260448749,54.35907802893112,55.0241370621726,2933800
2025-05-02,56.44228363037109,56.82371590407445,56.30535960708269,56.7259140962684,4272100
2025-05-05,57.09756851196289,57.37141656252246,56.931300959194665,57.19537032119134,3256100
2025-05-06,57.21493148803711,57.322515716838936,56.383604916040966,56.383604916040966,3430100
2025-05-07,56.52052688598633,56.78459623865111,56.25645753332155,56.76503513131671,3569000
2025-05-08,55.94348907470703,56.70635363075353,55.93370665527574,56.52052870145755,3337100
2025-05-09,56.42272186279297,56.4716264970239,56.18799603444352,56.33469874443698,2223900
2025-05-12,56.76503753662109,56.8139384415793,56.49118575323533,56.77481622525278,3013900
2025-05-13,56.84327697753906,57.06822412007719,56.18799665765404,56.21733645379821,3024300
2025-05-14,57.322513580322266,57.889770768907525,57.17580714089691,57.850652285173865,4423000
2025-05-15,57.508338928222656,57.63548426127038,57.19536867064347,57.5572398314257,1819100
2025-05-16,57.49856185913086,57.55724145226705,57.254053605330405,57.469218331662894,1250800
2025-05-19,57.52790069580078,57.59636270725058,56.9606434965168,56.9606434965168,1420600
2025-05-20,57.117130279541016,57.19537098164729,56.98020252178021,57.05844695478638,2088400
2025-05-21,57.80175018310547,58.603736963717765,57.75284927812177,58.29076669474223,4021100
2025-05-22,57.009544372558594,57.23449151448423,56.91173883417802,56.98020084559452,2981600
2025-05-23,57.664825439453125,57.87021147636963,57.24427094620512,57.36163759378586,3421700
2025-05-27,58.66241836547852,58.66241836547852,58.45703233273892,58.63307856962994,2938600
2025-05-28,59.415504455566406,59.57198958555495,59.26879801393349,59.28835912154453,4630600
2025-05-29,60.44244003295898,60.59892516729358,60.07078643982688,60.59892516729358,4841500
2025-05-30,59.29814147949219,59.552428416373246,58.94604900465704,59.45462660931894,4386800
2025-06-02,60.38375854492188,60.38375854492188,59.79693651140314,59.95342164082818,3278500
2025-06-03,60.530460357666016,60.745628806522646,60.32507432788453,60.48155945498943,3878400
2025-06-04,62.57455062866211,62.67235616678993,62.09531654998504,62.19311835721307,8720000
2025-06-05,63.92423629760742,64.21764917691411,63.68951047124176,63.89489650203664,8426200
2025-06-06,64.12962341308594,64.13940583237482,63.84599294810537,63.86555778668313,3355700
2025-06-09,65.01963806152344,65.21524167962644,64.7066677954788,64.71644275312413,5771800
2025-06-10,64.7066650390625,64.76534462963379,64.37412994829326,64.52083638652088,3962600
2025-06-11,65.5184326171875,65.8020631000775,65.31304656994993,65.55755483501372,6496500
2025-06-12,66.20305633544922,66.23239613164002,65.90964344994192,65.97810546165367,4375300
2025-06-13,64.96095275878906,65.47930907636297,64.65776490401186,64.65776490401186,5023500
2025-06-16,66.69207000732422,67.19086144500571,66.60404316068674,66.69207000732422,6176500
2025-06-17,65.16633605957031,66.20305611289118,65.1467786827754,66.08568946672288,6376500
2025-06-18,66.37910461425781,66.6920748862435,66.12481393645697,66.40844441135023,7474000
2025-06-20,67.02459716796875,68.15911897668265,66.80942872412305,68.09065696834986,7209500
2025-06-23,67.89505004882812,67.96351206134398,66.48668758253056,66.63338656520759,5724600
2025-06-24,71.0541000366211,71.083439833185,70.22277346617827,70.30101043641544,7190600
2025-06-25,70.7802505493164,70.80959034528466,70.07606559888005,70.35969606290578,5222000
2025-06-26,70.35969543457031,70.62376105772596,70.02716033903408,70.14452698365855,4206100
2025-06-27,69.18605041503906,69.64572710619925,68.89264500024278,69.38166148670265,6292100
2025-06-30,70.20320892333984,70.22277376233146,69.84134148179258,70.02716268141424,4720400
2025-07-01,70.0662841796875,70.37925444414854,69.77287129221791,70.10540639547008,5401700
2025-07-02,70.36946868896484,70.36946868896484,69.51858478687771,69.52835974401022,3776900
2025-07-03,71.10299682617188,71.20080609658947,70.66288495649147,70.72156454930227,3214600
2025-07-07,68.53076934814453,69.58704673792522,68.31560090261891,69.3816607113233,7992500
2025-07-08,70.49662017822266,70.51617755496075,70.10540548726456,70.41837574767112,4639700
2025-07-09,70.49662017822266,70.67266641606382,70.24232950982996,70.47705533968497,4751200
2025-07-10,71.53333282470703,71.56267262073774,71.15190055270864,71.40619122130744,3463900
2025-07-11,70.96607208251953,71.1910229556806,70.95629712501659,71.1127785248594,2573800
2025-07-14,71.59201049804688,71.62135775509066,71.30838750281829,71.52354848854353,3410800
2025-07-15,71.46487426757812,72.2766434853955,71.40619467268047,72.23752126819707,3476000
2025-07-16,71.47465515136719,71.50399494818552,70.61398131509732,71.0247608559533,4071800
2025-07-17,71.45508575439453,71.45508575439453,70.82914525619765,70.88783230789063,2862800
2025-07-18,70.79981231689453,71.38663065805162,70.77047251910668,71.3181686426133,2764700
2025-07-21,72.24729919433594,72.47224260198597,71.8756418849671,71.90498168059106,4534700
2025-07-22,71.28882598876953,71.35728800146505,70.63354565842671,70.93673350582121,5417200
2025-07-23,72.22773742675781,72.27664206274322,71.65070152348903,71.82674776651676,4610100
2025-07-24,71.69960021972656,72.07125755278572,71.6604780024677,71.84630666899729,3892600
2025-07-25,71.60179901123047,71.63113880897201,71.36707316749808,71.51377961800584,2295600
2025-07-28,71.11277770996094,71.52354977436572,71.05409811841726,71.45508776363158,2591600
2025-07-29,71.87564086914062,72.1494889068266,71.68981967888193,71.73871685029764,3397200
2025-07-30,72.06147003173828,72.72653275445865,71.75828219669499,72.43311987668811,4322700
2025-07-31,71.21057891845703,71.5333315928359,70.94651329692853,71.51377421641877,4396600
2025-08-01,69.09803009033203,69.70440574975206,68.81439963662295,69.70440574975206,11792100
2025-08-04,70.74112701416016,70.82914640042259,70.51617614626821,70.79002418592836,3415600
2025-08-05,71.28882598876953,71.39641021754818,70.86827149312568,71.1910241794616,3881800
2025-08-06,71.57245635986328,71.57245635986328,71.07365743274424,71.08343985220141,2540800
2025-08-07,71.82674407958984,72.1201494950421,71.50399140697286,71.99300789452606,2208500
2025-08-08,71.88542938232422,71.97344877541407,71.4844322490037,71.50399708866814,3098300
2025-08-11,71.42575073242188,71.68004140861945,71.33773134169954,71.59201455609728,1917200
2025-08-12,72.47224426269531,72.49180910142594,71.65070011920064,71.68982233486224,2456400
2025-08-13,73.07862854003906,73.31335437582983,72.9221396749787,73.05906370100662,3856000
2025-08-14,72.04191589355469,72.19839729674628,71.84630481231547,71.99301125779493,1983700
2025-08-15,71.77783966064453,72.38422279327065,71.75828228427571,72.21795151603804,3400000
2025-08-18,71.2008056640625,71.24970283717457,71.054099221127,71.12256123292362,2995200
2025-08-19,69.87068176269531,70.60420653216886,69.85111692356813,70.58464169304166,5414800
2025-08-20,69.79243469238281,69.92935871389963,69.37188020863843,69.83155690735897,2444800
2025-08-21,69.65550994873047,69.71418953968661,69.37187948944337,69.64572752963797,2338600
2025-08-22,71.89521026611328,72.11037872702477,70.85849017824884,70.96607440870459,6844500
2025-08-25,71.1323471069336,71.57245899531524,71.11278226729884,71.48443214055891,3106000
2025-08-26,70.79981231689453,70.95630118749645,70.72156788159357,70.82915211468237,3674100
2025-08-27,70.8780517578125,70.90739155353293,70.30100841537903,70.4183750600603,1870000
2025-08-28,72.02234649658203,72.04191133436768,71.61157444467513,71.64091423955429,3087900
2025-08-29,70.6530990600586,70.74112590674245,70.38903344360567,70.6530990600586,3359000
2025-09-02,70.34013366699219,70.52596233031022,69.82177735542066,69.92936158557323,2553200
2025-09-03,71.30838775634766,71.56267095723594,71.1225591034067,71.3181627135976,2250300
2025-09-04,71.46487426757812,71.51377890452615,70.98564016504737,71.18124378923953,1886100
2025-09-05,72.01256561279297,72.2864211150347,71.51377416561574,72.08102762290353,3308700
2025-09-08,72.56027221679688,72.57982959402524,72.22773710951627,72.22773710951627,2178800
2025-09-09,73.27423095703125,73.47961699270246,73.07862734071571,73.21555136449652,3469200
2025-09-10,74.96623229980469,75.17161833810773,74.65326203260959,74.68260182925292,4426900
2025-09-11,76.14965057373047,76.74625130535001,75.68997386624004,75.68997386624004,6894400
2025-09-12,76.93208312988281,77.02010252253028,76.66801002834043,76.75603688278788,2951100
2025-09-15,77.450439453125,77.53845884577444,77.19614877135994,77.26461078624284,3823700
2025-09-16,78.91748809814453,78.97616769255498,78.36978452371403,78.60451782495562,5797800
2025-09-17,78.07637786865234,78.90770444426367,77.62648357434269,78.07637786865234,6110200
2025-09-18,78.97616577148438,79.06418516095901,78.35022524033238,78.61429087055599,3802100
2025-09-19,78.29154205322266,78.31109942938596,77.96878938303283,78.02746897332212,3940200
2025-09-22,79.76837158203125,79.78793642124971,78.97616721508008,79.13265608162838,5374700
2025-09-23,79.66078186035156,80.13024096583466,79.60210227034092,79.88573272505789,4023000
2025-09-24,78.2817611694336,78.8490220926859,78.1546195673803,78.8001174586195,3554100
2025-09-25,78.13505554199219,78.36978137199415,77.80252790463936,78.15462038054211,3374500
2025-09-26,77.13746643066406,77.18636360424,76.550640653355,76.70712951711735,5278900
2025-09-29,78.47736358642578,78.69253203416041,78.37956178158261,78.40890157685563,3738400
2025-09-30,78.34043884277344,78.41868327064411,77.93944920808507,77.93944920808507,3066200
2025-10-01,80.09112548828125,80.14980508322736,79.38694050172795,79.38694050172795,3909700
2025-10-02,81.69509887695312,81.93960713767036,81.05937590672833,81.91026734027228,6535100
2025-10-03,82.00806427001953,82.40906137538724,81.60707462645134,81.99828185086923,4225100
2025-10-06,82.91764068603516,83.19148874581994,82.72203706098888,82.8785184686659,3658100
2025-10-07,81.51905059814453,83.04478718100084,81.47015342430028,83.04478718100084,5040600
2025-10-08,82.3405990600586,82.39927865114412,81.23541701595153,81.37234103635072,2981900
2025-10-09,81.59729766845703,82.62423535578382,81.22564779566639,82.57533071855873,5477200
2025-10-10,78.94682312011719,82.54598477498811,78.85879627202605,82.39927833603588,9591900
2025-10-13,81.78311920166016,82.08630703296805,81.22564071020406,81.54838591761596,5622000
2025-10-14,80.87355041503906,81.51904830897506,79.79770815547982,80.08133861829094,4381200
2025-10-15,83.299072265625,83.31863710504227,82.5362076879498,82.93720481620467,4072100
2025-10-16,85.94953918457031,86.59504455998409,85.45074771644124,85.97888644310711,8139400
2025-10-17,86.57547760009766,86.69284424597039,85.79305567967819,86.13536573622419,3725300
2025-10-20,88.44352722167969,88.58045124896714,87.88604869292368,87.89583111252988,5327000
2025-10-21,86.6928482055664,87.43615540644426,86.67329082792749,87.3579109722887,5103800
2025-10-22,87.48504638671875,88.58044600193257,86.8591058813964,88.02296750619861,6469200
2025-10-23,88.0914306640625,88.31638153381344,87.00581345372437,87.03515324938763,4919200
2025-10-24,90.02793884277344,90.0768360147204,89.42155570859524,89.67584637283764,6017600
2025-10-27,92.23828887939452,92.5903813526632,91.74927238449914,92.51213692264804,7519400
2025-10-28,92.37521362304688,92.46324047295184,91.26025660291458,91.3385010335413,6182300
2025-10-29,94.77140045166016,95.37777614416578,94.10633770435098,94.95722165010557,11103800
2025-10-30,93.16742706298828,93.71512316340537,92.9326937669812,93.19676685953924,7413200
2025-10-31,94.86920166015624,95.00612568416508,94.21392133642831,94.95722104910492,6141100
2025-11-03,98.566162109375,98.57594452843703,97.43164773755808,98.37055849893052,7028000
2025-11-04,93.65644073486328,95.21150959938204,93.56841388607567,94.19435439954484,9065500
2025-11-05,94.49755096435548,94.63447498714795,92.20894986862486,92.23828966468044,7539500
2025-11-06,91.45587158203124,92.580611069436,90.78102639722842,92.2382935362868,9740600
2025-11-07,89.78343200683594,89.8029893835618,87.8273660150687,89.21617107839154,15219400
2025-11-10,93.56841278076172,93.69556184286408,92.44367336891472,92.87401026501604,8460800
2025-11-11,93.19676971435548,93.64666401945068,92.68818835256091,93.21632709205528,5259800
2025-11-12,93.81292724609376,93.9205114772544,93.32391072692712,93.81292724609376,7121500
2025-11-13,92.0035629272461,94.13567514059068,91.61234823949673,93.97918628077112,11543000
2025-11-14,92.06224060058594,92.9229143880616,90.07683486923987,90.38003016337308,10710900
2025-11-17,90.97662353515624,92.7566432410854,90.7418977117918,91.64168625285502,6955000
2025-11-18,89.57804107666016,90.19420665726436,88.7467144987114,89.32375786294394,11789600
2025-11-19,88.57066345214844,89.46067703728312,87.80779892877551,88.2283534047118,8606300
2025-11-20,86.58525848388672,90.51695524020428,86.48745667829363,90.37024880091492,10483100
2025-11-21,87.2601089477539,87.77846526462079,84.99107259537443,86.10602966307297,12129500
2025-11-24,88.3163833618164,88.45330738561212,86.05712204558785,86.07668688430132,7612000
2025-11-25,87.81758117675781,87.82736359575107,85.9593170434073,86.93735001234974,5330400
2025-11-26,89.53892517089844,89.6465093990874,88.3946208766884,88.78583557357561,4266700
2025-11-28,88.87386322021484,89.01078724608098,88.51198831654018,88.5413281132544,2704900
2025-12-01,88.62935638427734,88.99122383194623,88.36528328602178,88.42397034218962,3567800
2025-12-02,90.04750061035156,90.63431893492756,89.70519054283221,90.40937551704334,5273200
2025-12-03,90.95706939697266,90.97662677386616,90.00837618894424,90.33112887118476,4936000
2025-12-04,89.85189819335938,90.26267027988656,89.57804267387465,90.19420826546536,5304100
2025-12-05,92.228515625,92.72730708650786,91.67103710899734,91.78839629438755,7104200
2025-12-08,92.98159790039062,93.85204668176776,92.79576924083833,93.81292446597782,4546400
2025-12-09,93.47061157226562,93.49995136776896,92.84467106219616,93.10873668352568,6039300
2025-12-10,94.62469482421876,94.69315683724749,92.90335461718226,93.0598434822764,6052700
2025-12-11,92.87401580810548,93.04027963268628,92.16983083129271,92.94247782186228,8052800
2025-12-12,90.63431549072266,92.6686259029599,90.4778340922888,92.53170188115544,10846800
2025-12-15,90.69300079345705,92.18939004700476,90.66365353638012,92.13070299465036,5976400
2025-12-16,89.5199966430664,89.93000030517578,88.9800033569336,89.3499984741211,7742000
2025-12-17,88.58000183105469,90.70999908447266,88.4000015258789,90.55999755859376,6435100
2025-12-18,90.06999969482422,91.12000274658205,90.06999969482422,90.5999984741211,6517100
2025-12-19,91.33999633789062,91.41999816894533,90.13999938964844,90.26000213623048,5738600
2025-12-22,91.75,91.9499969482422,91.45999908447266,91.77999877929688,3610100
2025-12-23,92.6999969482422,92.7300033569336,91.70999908447266,91.79000091552734,3815900
2025-12-24,94.5999984741211,94.6500015258789,94.0,94.08000183105467,3461500
2025-12-26,95.83999633789062,96.01000213623048,95.0500030517578,95.2300033569336,5307900
2025-12-29,98.72000122070312,98.79000091552734,97.6999969482422,97.9499969482422,7582200
2025-12-30,98.62000274658205,98.91000366210938,98.1500015258789,98.18000030517578,4291400
2025-12-31,97.22000122070312,98.58000183105467,97.22000122070312,98.38999938964844,4480900
2026-01-02,102.22000122070312,102.33999633789062,100.8499984741211,101.0,8772400
2026-01-05,104.83000183105467,105.25,104.0199966430664,104.9800033569336,9523400
2026-01-06,107.61000061035156,107.6500015258789,105.51000213623048,105.58000183105467,9754800
2026-01-07,107.02999877929688,107.63999938964844,106.81999969482422,107.37000274658205,8365000
2026-01-08,106.58999633789062,107.94000244140624,105.93000030517578,107.83000183105467,7974600
2026-01-09,108.88999938964844,109.01000213623048,107.58999633789062,107.86000061035156,6512400
2026-01-12,108.93000030517578,108.9800033569336,107.48999786376952,107.51000213623048,8059700
2026-01-13,107.54000091552734,108.91000366210938,107.37999725341795,108.9000015258789,7995300
2026-01-14,109.63999938964844,109.66000366210938,108.56999969482422,109.0500030517578,7408600
2026-01-15,111.0500030517578,112.0,110.9499969482422,111.61000061035156,9862200
2026-01-16,112.22000122070312,112.26000213623048,110.83999633789062,111.77999877929688,7804100
2026-01-20,110.97000122070312,112.4000015258789,110.36000061035156,110.47000122070312,8252000
2026-01-21,115.66000366210938,116.26000213623048,113.81999969482422,114.0,10876700
2026-01-22,115.98999786376952,116.3499984741211,114.73999786376952,115.76000213623048,6094100
2026-01-23,117.97000122070312,118.41000366210938,115.0500030517578,115.29000091552734,8550200
2026-01-26,117.31999969482422,117.94000244140624,117.1999969482422,117.2699966430664,5085800
2026-01-27,122.6999969482422,122.81999969482422,121.0500030517578,121.29000091552734,11017000
2026-01-28,125.55999755859376,125.5999984741211,123.48999786376952,125.4000015258789,14622700
2026-01-29,124.5,125.91999816894533,121.63999938964844,125.91999816894533,13187000
2026-01-30,122.41000366210938,126.31999969482422,122.12999725341795,125.22000122070312,15376500
2026-02-02,120.93000030517578,121.41999816894533,118.61000061035156,118.76000213623048,15395900
2026-02-03,124.31999969482422,126.1500015258789,122.56999969482422,126.11000061035156,12727800
2026-02-04,120.26000213623048,126.63999938964844,119.37999725341795,126.45999908447266,21545500
2026-02-05,120.20999908447266,121.6999969482422,118.12000274658205,118.9000015258789,16101400
2026-02-06,124.70999908447266,124.87000274658205,121.3499984741211,121.3499984741211,11990100
2026-02-09,126.0500030517578,126.41000366210938,123.5,123.9800033569336,10426600
2026-02-10,124.4499969482422,125.55999755859376,123.80999755859376,125.45999908447266,7838600
2026-02-11,130.60000610351562,130.72999572753906,126.33000183105467,127.68000030517578,12884200
2026-02-12,130.8000030517578,134.3000030517578,129.61000061035156,133.3300018310547,16591800
2026-02-13,133.97000122070312,134.32000732421875,128.3300018310547,131.69000244140625,16480268
2026-02-17,130.67999267578125,132.99000549316406,129.64999389648438,132.32000732421875,16464200
2026-02-18,132.92999267578125,134.13999938964844,130.61000061035156,131.3800048828125,11953500
2026-02-19,135.2100067138672,135.36000061035156,133.42999267578125,134.17999267578125,13121200
2026-02-20,141.8800048828125,141.97999572753906,137.4499969482422,137.6999969482422,19244726
2026-02-23,139.3000030517578,141.3800048828125,138.9600067138672,140.6199951171875,15646200
2026-02-24,144.5500030517578,145.6199951171875,142.77999877929688,143.64999389648438,20098100
2026-02-25,148.88999938964844,149.74000549316406,148.17999267578125,149.0500030517578,16579400
2026-02-26,150.41000366210938,154.22000122070312,146.5800018310547,153.30999755859375,41940800
2026-02-27,151.3699951171875,151.5500030517578,147.97000122070312,148.1649932861328,16964650
2026-03-02,147.5399932861328,149.3699951171875,143.6300048828125,144.1199951171875,33824000
2026-03-03,132.33999633789062,135.27000427246094,125.54000091552734,130.0399932861328,65259200
2026-03-04,134.3699951171875,140.6699981689453,128.6300048828125,129.3000030517578,64700500
2026-03-05,125.73999786376952,132.3699951171875,122.72000122070312,129.57000732421875,60246500
2026-03-06,126.7300033569336,128.44000244140625,121.55999755859376,122.81999969482422,43566922
2026-03-09,133.88999938964844,134.07000732421875,122.0999984741211,123.6999969482422,45949500
2026-03-10,130.3000030517578,137.69000244140625,130.0399932861328,132.3000030517578,34836500
2026-03-11,132.85000610351562,133.99000549316406,130.33999633789062,131.22000122070312,25064500
2026-03-12,123.5,128.81500244140625,123.37999725341795,128.69500732421875,32331872
2026-03-13,124.1500015258789,129.3800048828125,123.5199966430664,127.75,23297455
2026-03-16,133.10000610351562,133.94000244140625,130.8000030517578,130.8699951171875,24588607
2026-03-17,134.42999267578125,135.99000549316406,133.1699981689453,134.7550048828125,15357137
2026-03-18,131.8800048828125,135.3300018310547,131.77999877929688,133.99000549316406,19453794
2026-03-19,134.82000732421875,135.53829956054688,126.71749877929688,128.4149932861328,21063408
2026-03-20,125.77999877929688,132.9149932861328,125.48999786376952,132.57000732421875,31873826
2026-03-23,133.80999755859375,134.6999969482422,129.57589721679688,131.7100067138672,32538877
2026-03-24,128.75,130.85000610351562,127.2699966430664,127.30999755859376,24564281
2026-03-25,127.73999786376952,130.58999633789062,127.02999877929688,129.5449981689453,24311811
2026-03-26,119.98999786376952,125.27999877929688,119.27999877929688,124.58999633789062,26354600
2026-03-27,120.9800033569336,123.1500015258789,119.76000213623048,121.73999786376952,14967073
2026-03-30,116.43000030517578,121.43000030517578,115.06999969482422,121.26000213623048,24608700
2026-03-31,123.01000213623048,123.3499984741211,114.91999816894533,115.1500015258789,40296900
2026-04-01,126.22000122070312,128.64999389648438,124.56999969482422,125.68000030517578,27824000
2026-04-02,122.87000274658205,124.91000366210938,116.88999938964844,117.5199966430664,17749953
2026-04-06,125.94000244140624,126.7699966430664,124.30999755859376,125.8499984741211,10634400
2026-04-07,127.19000244140624,127.68000030517578,122.51000213623048,126.4499969482422,13831300
2026-04-08,140.07000732421875,140.9499969482422,136.03500366210938,140.27999877929688,25465013
2026-04-09,139.2899932861328,140.1999969482422,134.9499969482422,136.1999969482422,19311600
2026-04-10,138.72999572753906,139.47500610351562,137.5,138.3300018310547,11145603
2026-04-13,141.22999572753906,141.83999633789062,135.97000122070312,136.10000610351562,12948300
2026-04-14,146.67999267578125,147.38999938964844,142.1199951171875,142.3699951171875,17260700
2026-04-15,144.9199981689453,145.3000030517578,143.11000061035156,144.6699981689453,16133800
2026-04-16,147.47000122070312,148.52999877929688,145.39999389648438,146.72999572753906,10116400
2026-04-17,152.3300018310547,154.99000549316406,150.08999633789062,151.14999389648438,20049050
2026-04-20,150.08999633789062,151.0,148.77000427246094,150.25999450683594,11806100
2026-04-21,146.7899932861328,152.64999389648438,146.39999389648438,152.1999969482422,12881300
2026-04-22,155.8000030517578,155.97999572753906,151.4499969482422,151.9600067138672,16891300
2026-04-23,150.58999633789062,154.86000061035156,148.05999755859375,153.2899932861328,18051300
2026-04-24,154.57000732421875,155.5800018310547,152.41000366210938,153.36000061035156,14804027
2026-04-27,156.72999572753906,158.10000610351562,155.80999755859375,157.02000427246094,11319400
2026-04-28,154.3699951171875,155.72999572753906,152.41000366210938,153.92999267578125,11451200
2026-04-29,153.9600067138672,156.6300048828125,152.86000061035156,156.25,12286600
2026-04-30,160.75999450683594,161.5500030517578,155.38999938964844,157.85000610351562,16711200
2026-05-01,162.0,164.17999267578125,159.66000366210938,159.91000366210938,9708788
2026-05-04,163.58999633789062,167.8300018310547,162.24000549316406,165.22999572753906,14586500
2026-05-05,173.47000122070312,175.2899932861328,168.25999450683594,168.33999633789062,20762800
2026-05-06,181.97999572753903,182.2100067138672,176.86000061035156,180.5200042724609,21054600
2026-05-07,176.75,181.88999938964844,176.13999938964844,181.3000030517578,17630100
2026-05-08,190.1999969482422,190.40499877929688,183.42999267578125,183.72999572753903,21378826
2026-05-11,192.8500061035156,194.5800018310547,189.9900054931641,190.8699951171875,17166100
2026-05-12,178.5,185.3099975585937,173.60000610351562,181.9900054931641,39190600
2026-05-13,188.6300048828125,189.3300018310547,183.8600006103516,187.509994506836,18752500
2026-05-14,190.5200042724609,191.22999572753903,188.0800018310547,189.0,9979500
2026-05-15,178.86000061035156,181.34500122070312,176.6999969482422,178.9600067138672,21670590
2026-05-18,176.10000610351562,182.7899932861328,173.14999389648438,182.4499969482422,17128100
2026-05-19,174.02000427246094,178.32000732421875,167.1699981689453,168.27000427246094,17738000
2026-05-20,180.11000061035156,180.3000030517578,173.58999633789062,173.99000549316406,16435400
2026-05-21,186.4199981689453,187.2899932861328,181.8099975585937,183.0500030517578,20415900
2026-05-22,182.02999877929688,186.1999969482422,181.5,185.82000732421875,11782981
2026-05-26,200.6499938964844,201.5,194.1600036621093,194.3800048828125,21118100
2026-05-27,198.2899932861328,202.5800018310547,194.69000244140625,201.8099975585937,16666700
2026-05-28,206.4100036621093,208.25,196.27999877929688,197.6999969482422,17505300
2026-05-29,205.8300018310547,208.1000061035156,204.47999572753903,206.1100006103516,9497322
2026-06-01,216.6999969482422,217.759994506836,209.1000061035156,211.47000122070312,18954500
2026-06-02,214.52999877929688,214.6499938964844,209.6699981689453,211.1699981689453,16500900
2026-06-03,212.9600067138672,214.33999633789065,208.6000061035156,214.13999938964844,13816300
2026-06-04,203.97000122070312,205.92999267578125,196.57000732421875,199.8800048828125,17753900
2026-06-05,175.19000244140625,190.77999877929688,175.17999267578125,189.1499938964844,48603487
2026-06-08,185.63999938964844,188.8000030517578,183.3099975585937,186.8800048828125,30623900
2026-06-09,184.0500030517578,193.5599975585937,175.05999755859375,193.3000030517578,32556592
2026-06-10,178.4499969482422,189.01499938964844,178.1999969482422,183.02999877929688,19284589
2026-06-11,198.94000244140625,199.3099975585937,184.19000244140625,185.22000122070312,29297200
2026-06-12,197.4499969482422,199.97999572753903,192.6999969482422,195.1450042724609,14867053
2026-06-15,211.4499969482422,211.6699981689453,206.57000732421875,207.8600006103516,19472800
2026-06-16,205.9100036621093,213.77999877929688,204.4900054931641,210.22000122070312,19008400
2026-06-17,205.0800018310547,213.27999877929688,204.8699951171875,210.6699981689453,16151100
2026-06-18,219.1999969482422,220.8800048828125,214.3500061035156,215.0,18258339
2026-06-22,219.0200042724609,220.69000244140625,217.1000061035156,218.27999877929688,10641400
2026-06-23,192.1999969482422,201.0500030517578,191.3300018310547,193.6000061035156,43240500
2026-06-24,197.259994506836,200.0,191.8099975585937,199.3500061035156,20614000
2026-06-25,205.0,210.47999572753903,199.1499938964844,209.3600006103516,20944900
2026-06-26,197.27999877929688,202.0,194.08999633789065,195.2100067138672,17061724
2026-06-29,197.5,197.5399932861328,188.759994506836,195.9600067138672,13463800
2026-06-30,201.8999938964844,202.8999938964844,196.94000244140625,197.19000244140625,16521400
2026-07-01,185.5,192.1600036621093,184.8099975585937,189.6999969482422,28441300
2026-07-02,180.13999938964844,188.6750030517578,174.4499969482422,184.6600036621093,30634344
2026-07-06,189.8500061035156,192.25,188.63999938964844,189.9900054931641,16611400
2026-07-07,181.2899932861328,183.9199981689453,177.3699951171875,181.8500061035156,23594600
2026-07-08,182.72000122070312,183.1100006103516,174.4199981689453,174.75,22906200
2026-07-09,184.75,185.42999267578125,181.8999938964844,183.6499938964844,20291600
2026-07-10,183.5200042724609,184.9199981689453,179.24000549316406,181.4600067138672,19956983
2026-07-13,168.02000427246094,172.1999969482422,167.44000244140625,170.30999755859375,35289200
2026-07-14,176.97999572753906,177.50999450683594,171.61000061035156,173.6699981689453,29639206
2026-07-15,171.63999938964844,176.14999389648438,165.75,175.75999450683594,28549200
