Date,Close,High,Low,Open,Volume
1998-12-22,5.77410888671875,5.805131631719955,5.754719197723476,5.78574194272468,30400
1998-12-23,5.89432430267334,5.89432430267334,5.7857446444662,5.793500334338138,135600
1998-12-24,5.8633012771606445,5.909835414280967,5.855545587640591,5.909835414280967,24600
1998-12-28,5.832276821136475,5.894322319233671,5.793498384825727,5.894322319233671,27000
1998-12-29,5.890447616577148,5.890447616577148,5.793501008526518,5.847790843947784,44000
1998-12-30,5.801257610321045,5.886570222237531,5.797380237694714,5.886570222237531,43600
1998-12-31,5.7934980392456055,5.7934980392456055,5.762475292047503,5.7934980392456055,26000
1999-01-04,5.7896223068237305,5.894323634862787,5.77798829996418,5.77798829996418,57200
1999-01-05,5.758597373962402,5.824520232114831,5.750841687900998,5.824520232114831,85400
1999-01-06,5.94861364364624,5.956369332881764,5.785744169700254,5.824522615877871,112800
1999-01-07,5.921467781066895,5.952490530550574,5.851666594728616,5.948612213495524,145200
1999-01-08,5.94861364364624,6.09597173912118,5.801255548171301,5.956369332881764,842200
1999-01-11,5.836157321929932,5.902080214955866,5.816767623149671,5.894324524791667,70000
1999-01-12,5.746964931488037,5.855544565821145,5.739209243321387,5.832277501321193,178400
1999-01-13,5.661651611328125,5.754719856993793,5.630628862772903,5.646140237050513,84800
1999-01-14,5.553073883056641,5.677164919549526,5.553073883056641,5.6461421604263045,140000
1999-01-15,5.6383867263793945,5.646142416511966,5.5724638336222965,5.5996082757165375,21400
1999-01-19,5.6383867263793945,5.661653796777109,5.591852585583967,5.661653796777109,25600
1999-01-20,5.591852188110352,5.661653394341965,5.587974816689432,5.607363567272932,31600
1999-01-21,5.6383867263793945,5.684920867174823,5.5840968954513945,5.591852585583967,47800
1999-01-22,5.607363224029541,5.661653047775332,5.599607534922999,5.646141669562248,38600
1999-01-25,5.599607944488525,5.630630703183752,5.553073806445684,5.630630703183752,36400
1999-01-26,5.545317649841309,5.607363162007365,5.498783515716767,5.607363162007365,51400
1999-01-27,5.444494724273682,5.553074391139539,5.428983343292845,5.553074391139539,74200
1999-01-28,5.4134697914123535,5.460003915693835,5.366935667130872,5.460003915693835,61600
1999-01-29,5.4134697914123535,5.4134697914123535,5.320401542849391,5.382447041891366,37200
1999-02-01,5.359181880950928,5.428983092135527,5.359181880950928,5.413471711872283,46200
1999-02-02,5.366936206817627,5.413470335778474,5.343669142337204,5.366936206817627,53000
1999-02-03,5.491030693054199,5.522053465331342,5.397962376222772,5.397962376222772,58800
1999-02-04,5.522051334381104,5.537562714533859,5.475517193922836,5.491028574075592,52000
1999-02-05,5.677163600921631,5.692674976880433,5.506538465374805,5.53756121729241,132000
1999-02-08,5.754723072052002,5.754723072052002,5.692677540277857,5.700433231749625,62200
1999-02-09,5.646140098571777,5.762475402800591,5.646140098571777,5.762475402800591,128600
1999-02-10,5.661651611328125,5.723697108438571,5.630628862772903,5.669407298466931,138600
1999-02-11,5.615119934082031,5.638387005632095,5.529807338398465,5.638387005632095,433600
1999-02-12,5.498783111572266,5.615118438333315,5.498783111572266,5.553072930727422,484600
1999-02-16,5.460008144378662,5.568587851795283,5.405718290670351,5.541443398311086,73200
1999-02-17,5.405716419219971,5.483273326238908,5.397960728518077,5.428983491325652,83400
1999-02-18,5.4212260246276855,5.452248777272193,5.343669143016417,5.397958960144305,166000
1999-02-19,5.390201568603516,5.452247054285283,5.343667454342191,5.444491368575061,260600
1999-02-22,5.444494724273682,5.460006105254519,5.382449200350335,5.428983343292845,159000
1999-02-23,5.397958278656006,5.483270837657753,5.397958278656006,5.460003776111822,619200
1999-02-24,5.374692440032959,5.48327208528615,5.374692440032959,5.413470884766242,69000
1999-02-25,5.401837348937988,5.436737472754356,5.366936278382331,5.370814595883755,89200
1999-02-26,5.366936206817627,5.46000446473932,5.366936206817627,5.421226023938615,49800
1999-03-01,5.31264591217041,5.382447099337613,5.297134537244365,5.378569728975697,26600
1999-03-02,5.258357524871826,5.343670110083611,5.235090456177703,5.320403041389488,110200
1999-03-03,5.374692440032959,5.397959506872929,5.266112794779768,5.304891239513051,206600
1999-03-04,5.568581581115723,5.59960431972918,5.4212235727017966,5.4212235727017966,180800
1999-03-05,5.673286437988281,5.715942250066897,5.615118302643736,5.7081865618035765,185400
1999-03-08,5.754723072052002,5.770234454995538,5.681044476440045,5.7043115508553495,215200
1999-03-09,5.692674160003662,5.785742402401542,5.669407099404192,5.692674160003662,158000
1999-03-10,6.01841402053833,6.033925396879924,5.715942181877254,5.715942181877254,3467600
1999-03-11,6.103727340698242,6.266596812305184,6.018414760332702,6.204551299312064,1818000
1999-03-12,6.0804619789123535,6.220064422305749,6.018416448515289,6.173530274507951,1208600
1999-03-15,6.033926963806152,6.11148386565456,5.960248380419927,6.095972485284879,1046000
1999-03-16,6.002902984619141,6.033925739061617,5.956368852955427,5.979635918787284,546600
1999-03-17,6.158017158508301,6.16577284762481,6.018414754411135,6.033926132644154,725600
1999-03-18,6.235574245452881,6.282108381612977,6.189040109292785,6.2665970028929445,665200
1999-03-19,6.172371864318848,6.29690900155605,6.133454008932222,6.289125430478725,520800
1999-03-22,6.211286544799805,6.257987947392285,6.160693833729186,6.226853678997299,330000
1999-03-23,6.102320671081543,6.164589249357885,6.0400520928052,6.164589249357885,275800
1999-03-24,6.071185111999512,6.156804389220018,6.016700117404644,6.133453677250789,122200
1999-03-25,6.086751937866211,6.117886218878314,5.993349094829901,6.055617656854108,333000
1999-03-26,6.164589881896973,6.1957241742297855,6.094537724148143,6.149022735730566,89400
1999-03-29,6.3358259201049805,6.398094479516332,6.312475210325724,6.320258780252143,168800
1999-03-30,6.219074249267578,6.304693544313816,6.203507104713717,6.296909972036885,121600
1999-03-31,6.125669956207275,6.273557795048366,6.125669956207275,6.265774224583045,134000
1999-04-01,6.117887020111084,6.1412377339283015,6.051727139367122,6.133454162655896,44000
1999-04-05,6.265774726867676,6.289125440135506,6.11788687617142,6.11788687617142,116800
1999-04-06,6.203504085540772,6.257989064962083,6.156802674608218,6.250205496473324,85200
1999-04-07,6.141236782073975,6.203505342601974,6.094535361677975,6.195721772535975,1672800
1999-04-08,6.203504085540772,6.2735562019396,6.145127796946399,6.168478502412675,1704600
1999-04-09,6.320262432098389,6.351396729793454,6.199617503601689,6.207401078025455,104800
1999-04-12,6.366961479187012,6.413662908129704,6.289125764282526,6.289125764282526,125000
1999-04-13,6.3591790199279785,6.409772718536322,6.328044728520743,6.328044728520743,135600
1999-04-14,6.28134298324585,6.390312997825084,6.28134298324585,6.351395135475357,54000
1999-04-15,6.553766250610352,6.584900532085936,6.320259139543475,6.320259139543475,518800
1999-04-16,6.760031223297119,6.763922533342692,6.569333277492787,6.62381826913076,177000
1999-04-19,6.841756820678711,7.059696742156531,6.833973252054503,6.942943212793413,491000
1999-04-20,6.732790946960449,6.865111693894932,6.666631048564823,6.865111693894932,772800
1999-04-21,6.631599426269531,6.740569369893678,6.569330887055733,6.69386796548333,362400
1999-04-22,6.748354911804199,6.748354911804199,6.538198530467737,6.616034227259019,791800
1999-04-23,6.662738800048828,6.7250073869651725,6.612146048250915,6.721116075354518,32600
1999-04-26,6.514851093292236,6.616037549938353,6.479825487217134,6.616037549938353,595600
1999-04-27,6.721119403839111,6.725010717376852,6.584906327431502,6.588798591112946,164800
1999-04-28,6.942944526672363,7.044130937935526,6.756138844340371,6.756138844340371,207400
1999-04-29,7.153099536895752,7.192017379860364,6.662734715541636,6.678301852727481,480200
1999-04-30,7.032454967498779,7.129749103556758,6.974077725749842,7.067480552433992,1932200
1999-05-03,7.207583427429199,7.207583427429199,6.974076404942292,7.036344944272134,553200
1999-05-04,7.21536922454834,7.254287073655936,7.156992925958345,7.21536922454834,717000
1999-05-05,7.110288619995117,7.207582728187784,7.0129935616600365,7.207582728187784,762000
1999-05-06,7.090834140777588,7.160886289259475,6.981864132027988,7.1453191451523885,805000
1999-05-07,7.133645057678223,7.14142863059978,7.00132431801176,7.044133494008732,721400
1999-05-10,7.051918983459473,7.199806909161161,7.051918983459473,7.125863421382036,541400
1999-05-11,7.075265884399414,7.106400167719103,7.036348030249803,7.0986165968891815,143200
1999-05-12,6.942944526672363,6.974078807061028,6.787273124729037,6.9118102462836974,1063400
1999-05-13,6.977968692779541,7.051912108470392,6.942942164189393,6.98964356888125,529400
1999-05-14,6.927373886108398,6.9896424154217325,6.888456055287564,6.942941018436732,509800
1999-05-17,6.900136947631836,6.919595402262962,6.818408967809173,6.833976111571294,211600
1999-05-18,6.74057149887085,6.849541476912641,6.72889661915206,6.833974337192386,67600
1999-05-19,6.83397912979126,6.872897006384604,6.7289013380609655,6.795061253197916,561400
1999-05-20,6.911807537078857,6.935158238217638,6.810621165477478,6.810621165477478,295000
1999-05-21,7.020778179168701,7.059696018299348,6.896241093950631,6.942942500907407,430200
1999-05-24,6.853435516357422,7.121968271182959,6.853435516357422,7.05191612425329,620600
1999-05-25,6.826192378997803,7.0207816714435785,6.826192378997803,6.865110237486958,902000
1999-05-26,7.020778179168701,7.044128882647089,6.880673958298372,6.919591797429019,129400
1999-05-27,6.810624599456787,7.067482441493443,6.810624599456787,6.9740795898437495,153400
1999-05-28,6.880679130554199,6.9273805726167845,6.802843393783224,6.826194114814516,215600
1999-06-01,6.841756820678711,6.865107526551334,6.728895550699024,6.865107526551334,843000
1999-06-02,6.919597625732422,6.935164774496724,6.869004867320117,6.869004867320117,64000
1999-06-03,6.942944526672363,7.036347367838359,6.942944526672363,6.997429517352527,86600
1999-06-04,7.051918983459473,7.051918983459473,6.942948932942439,7.013001108274818,45000
1999-06-07,7.133645057678223,7.156995776442892,7.044133494008732,7.059700639851846,364600
1999-06-08,7.020778179168701,7.121964560908383,7.020778179168701,7.098613857429995,339600
1999-06-09,7.036349773406982,7.090834782714337,7.005215482374208,7.0129990551324015,28800
1999-06-10,7.075265884399414,7.106400167719103,7.005213746930113,7.067482313569492,244200
1999-06-11,7.129750728607178,7.160885011264851,7.083049304620668,7.114183587278341,163400
1999-06-14,7.192018032073975,7.207585170671537,7.10639876978738,7.160883754878849,542000
1999-06-15,7.281532287597656,7.308774315298788,7.1647787042861735,7.207587876428837,302600
1999-06-16,7.207583427429199,7.316553371256423,7.184232725180508,7.316553371256423,457600
1999-06-17,7.21536922454834,7.238719934012898,7.145317096154667,7.160884235797705,128600
1999-06-18,7.228450298309326,7.2910342835760735,7.204981303834296,7.259742290942699,119600
1999-06-21,7.06025505065918,7.212803009942609,7.001582097503942,7.212803009942609,175000
1999-06-22,6.985933303833008,7.02896024622787,6.9702873165903805,6.978110310211694,502000
1999-06-23,7.040696144104004,7.071988126966688,7.013316136576921,7.040696144104004,523600
1999-06-24,6.923354148864746,6.993761140209132,6.88815113067052,6.993761140209132,465000
1999-06-25,6.86859655380249,6.923357574163102,6.852950547985173,6.923357574163102,531000
1999-06-28,6.825565814971924,6.888149795143789,6.802096822407475,6.860768826340722,111200
1999-06-29,6.919442653656006,6.923353675429725,6.798185699376758,6.825566671616281,137400
1999-06-30,7.021141529083252,7.064167542729368,6.946822566936521,6.946822566936521,216000
1999-07-01,7.075900077819824,7.087634093874966,7.001581141300325,7.040696119743344,66400
1999-07-02,7.099369525909424,7.12283851449928,7.032873580760368,7.079811557940081,103200
1999-07-06,7.232365608215332,7.28712662056272,7.134577608688289,7.134577608688289,97600
1999-07-07,7.212805271148682,7.220628270358171,7.1580442766822605,7.220628270358171,241200
1999-07-08,7.2597432136535645,7.314504207722073,7.2480091924025745,7.2597432136535645,188600
1999-07-09,7.255831718444824,7.283211736215811,7.212804748432844,7.232362722517168,51400
1999-07-12,7.3301472663879395,7.3301472663879395,7.259740302249741,7.322324270372584,184400
1999-07-13,7.2597432136535645,7.275389211958853,7.212805218737701,7.267566212806209,92400
1999-07-14,7.271476745605469,7.314502754921242,7.220626783735088,7.271476745605469,37600
1999-07-15,7.337972164154053,7.353618160239669,7.275388179811588,7.3184151465249405,66000
1999-07-16,7.291034698486328,7.314503694296906,7.244096706865172,7.283211699882802,54000
1999-07-19,7.263652801513672,7.283209815484522,7.2049798496898445,7.275386818905054,49200
1999-07-20,7.071991443634033,7.244097430094153,7.071991443634033,7.236274430709602,36800
1999-07-21,7.150219917297363,7.154131893635918,7.009405958313389,7.025051953756053,81000
1999-07-22,7.044610977172852,7.056344998028643,6.9350889927245145,7.017230003582808,107000
1999-07-23,7.079812526702881,7.122839489149654,7.052432513745979,7.103281518504105,112600
1999-07-26,6.946821212768555,7.118927143715523,6.946821212768555,7.064166165686943,143600
1999-07-27,6.946821212768555,7.025051181380813,6.927264198093326,6.99375919393591,59400
1999-07-28,7.048521995544434,7.071990992199964,6.907708015611249,6.95464600892231,28400
1999-07-29,7.005496978759766,7.064169001292473,6.98593900127816,7.001585001281023,58800
1999-07-30,7.154130935668945,7.1971569398970265,7.103280979811413,7.118926973159016,81200
1999-08-02,6.997672080993652,7.122840047071072,6.997672080993652,7.107194051311395,27000
1999-08-03,7.087639808654785,7.087639808654785,7.009409788691707,7.0602597791458575,49000
1999-08-04,7.18543004989624,7.21672206763132,7.075907987823457,7.075907987823457,58200
1999-08-05,7.310589790344238,7.322323806145564,7.2206248643935425,7.240182830669762,117200
1999-08-06,7.298858642578125,7.384911638364148,7.283212643344303,7.353619639896503,80800
1999-08-09,7.474874973297119,7.474874973297118,7.341884008954966,7.384910019940705,203400
1999-08-10,7.431849956512451,7.49443395614624,7.353619956970215,7.474876933738706,122800
1999-08-11,7.478787422180176,7.478787422180177,7.326239411444241,7.408380427619903,211800
1999-08-12,7.494431972503662,7.553104934108677,7.431847989434738,7.431847989434738,293600
1999-08-13,7.470964431762695,7.48661043057267,7.43184943473776,7.467053409538193,446800
1999-08-16,7.396642684936523,7.435757662236675,7.334058721256279,7.435757662236675,1744000
1999-08-17,7.451407432556152,7.451407432556152,7.377088460513075,7.392734459368882,1101400
1999-08-18,7.396642684936523,7.455314673409001,7.388819689476493,7.392730709728758,1350800
1999-08-19,7.4474945068359375,7.470963502130588,7.361441524088883,7.361441524088883,504800
1999-08-20,7.470964431762695,7.490522407753154,7.42011541310827,7.43184943473776,83200
1999-08-23,7.510076522827148,7.5257225155830385,7.4553155481815345,7.486607533693314,196800
1999-08-24,7.463136196136475,7.4631361961364755,7.404464219241989,7.443579188823417,761400
1999-08-25,7.427938938140869,7.494433960310695,7.349708938555162,7.494433960310695,585600
1999-08-26,7.236273288726807,7.36926425727638,7.228450290576831,7.36926425727638,111200
1999-08-27,7.232365608215332,7.28712662056272,7.189338621035677,7.259745636910891,77800
1999-08-30,7.134575366973877,7.259743355868156,7.134575366973877,7.259743355868156,207200
1999-08-31,7.232365608215332,7.28712662056272,7.150223612216115,7.1580466139800265,582400
1999-09-01,7.212805271148682,7.275389264824592,7.208894249021917,7.232363246650383,141600
1999-09-02,7.134575366973877,7.185425339940163,7.0876373711385225,7.158044364891555,99800
1999-09-03,7.220627784729004,7.244096780779044,7.185424768131891,7.220627784729004,30600
1999-09-07,7.353621006011963,7.361444007082188,7.204983985677678,7.204983985677678,299800
1999-09-08,7.377086639404297,7.431847621881317,7.306679661933843,7.337971651920711,97800
1999-09-09,7.54136848449707,7.584395441917545,7.443581507559716,7.443581507559716,223600
1999-09-10,7.517900466918945,7.588307443196021,7.486608477462466,7.588307443196021,134600
1999-09-13,7.400556564331055,7.447494555225332,7.380999545603041,7.447494555225332,322000
1999-09-14,7.318416595458984,7.416203612876505,7.071991630844263,7.071991630844263,452400
1999-09-15,7.212805271148682,7.306681261662548,7.197159272729704,7.275389264824592,56400
1999-09-16,7.20889139175415,7.228448404548407,7.150218443460221,7.228448404548407,38600
1999-09-17,7.276947021484375,7.28480549558965,7.159069909905254,7.214079228642177,821800
1999-09-20,7.166930198669434,7.284807340094917,7.139426011980136,7.284807340094917,463600
1999-09-21,6.931175708770752,7.064769798395584,6.868307901888477,7.033335894954448,407000
1999-09-22,6.939033031463623,7.041193200669769,6.935104273829686,6.962608455126579,53800
1999-09-23,6.8604512214660645,7.025479257721262,6.8604512214660645,6.994045346053605,261200
1999-09-24,6.789722919464111,6.852590724273964,6.628624649282149,6.852590724273964,374400
1999-09-27,6.852587699890137,6.899738532687547,6.805436867092728,6.836870755624334,293000
1999-09-28,6.742570877075195,6.797580196585132,6.601118341192499,6.797580196585132,1388400
1999-09-29,6.83294153213501,6.931171947438662,6.734710157545275,6.734710157545275,735600
1999-09-30,6.899742603302002,6.915459556840275,6.813299358841498,6.852591742687181,1219200
1999-10-01,6.87616491317749,6.915457284109933,6.8525894906180245,6.915457284109933,170200
1999-10-04,6.797579288482666,6.946890278634309,6.78579205837699,6.946890278634309,136400
1999-10-05,6.648268222808838,6.734711426651506,6.569683492042776,6.734711426651506,132400
1999-10-06,6.766145706176758,6.766145706176759,6.671844023860706,6.695419444439719,138400
1999-10-07,6.640408992767334,6.695418298032863,6.608975104044175,6.695418298032863,441000
1999-10-08,6.565758228302002,6.585403941802417,6.459668305682084,6.585403941802417,730800
1999-10-11,6.663984775543213,6.671843248155882,6.569683104191186,6.569683104191186,368600
1999-10-12,6.699352741241455,6.75829084454465,6.675777308062811,6.718998455913576,91400
1999-10-13,6.742570877075195,6.789721722369427,6.726853928643784,6.726853928643784,44400
1999-10-14,6.718993186950684,6.781860959460165,6.6954177722596295,6.734710130078054,1125600
1999-10-15,6.620765209197998,6.687561762434562,6.56968464558789,6.616835492326559,556200
1999-10-18,6.632552146911621,6.6404106210193365,6.530391983511325,6.577542828157616,487000
1999-10-19,6.652195930480957,6.7072052254081465,6.652195930480957,6.656124686189912,527600
1999-10-20,6.789722919464111,6.789722919464111,6.667917027288307,6.6875627366481,321400
1999-10-21,6.821153163909912,6.821153163909913,6.758285392813969,6.805436221135927,48200
1999-10-22,6.935103893280029,6.966537789772435,6.876164857713574,6.891881805959777,598000
1999-10-25,6.821153163909912,6.899737877779843,6.805436221135927,6.884020935005856,109200
1999-10-26,6.663984775543213,6.789720337345915,6.663984775543213,6.758286446895239,33600
1999-10-27,6.718993186950684,6.746498317066622,6.663983886004889,6.691489016120826,147600
1999-10-28,6.750431537628174,6.825087546500247,6.750431537628173,6.809370592978412,177600
1999-10-29,6.797579288482666,6.813296234814418,6.726853029989783,6.774003868985039,197000
1999-11-01,6.793649196624756,6.836870310901203,6.774002537927399,6.8054364244143,460800
1999-11-02,6.7307844161987305,6.789722499922859,6.718996223881996,6.742571649228951,88000
1999-11-03,6.69542121887207,6.734713596917095,6.663987316436051,6.730784838755879,640400
1999-11-04,6.589330196380615,6.722924239534507,6.557896303873818,6.687560630821224,48200
1999-11-05,6.428228855133057,6.624690617209251,6.381078032234771,6.608973676243156,232000
1999-11-08,6.671844959259033,6.675774676216312,6.483241568184574,6.483241568184574,93400
1999-11-09,6.813296318054199,6.817226034328286,6.754358248233206,6.789720898268545,230600
1999-11-10,6.962606430053711,6.966536145831135,6.876163235098191,6.876163235098191,517400
1999-11-11,6.962606430053711,6.970464902322394,6.919385312219034,6.970464902322394,435200
1999-11-12,7.009757995605469,7.041191887962444,6.868305479999081,6.868305479999081,274200
1999-11-15,7.049053192138672,7.056911668384088,7.0097608109115885,7.037265957413872,53400
1999-11-16,7.166930198669434,7.166930198669434,7.080486961624079,7.11977934209924,156200
1999-11-17,7.292665958404541,7.339816815894225,7.190505767176891,7.190505767176891,113800
1999-11-18,7.292665958404541,7.331958339645944,7.23372786618576,7.324099863397664,133000
1999-11-19,7.127634048461914,7.229794183665888,7.127634048461913,7.206218767849586,358800
1999-11-22,7.013687610626221,7.182644299964761,7.013687610626222,7.162998597168159,719800
1999-11-23,6.868305206298828,7.049050080148797,6.852588260746657,7.041191607372712,718600
1999-11-24,6.954750061035156,6.954750061035156,6.844731416001832,6.8604483652923065,47000
1999-11-26,6.852587699890137,6.931172421219153,6.852587699890138,6.899738532687547,14800
1999-11-29,6.797579288482666,6.821154707980294,6.777933585211114,6.817225951040494,59000
1999-11-30,6.785792827606201,6.852589377444985,6.770075879492795,6.793651301662904,28600
1999-12-01,6.919384956359863,6.919384956359863,6.774002747223039,6.774002747223039,43400
1999-12-02,6.852587699890137,6.915455476953349,6.821153811358531,6.915455476953349,107600
1999-12-03,6.821153163909912,6.919384535890354,6.81329469252292,6.852587049457885,497000
1999-12-06,6.817225933074951,6.868305528875396,6.774003851133401,6.836871636294731,297200
1999-12-07,6.687563419342041,6.805440565393899,6.687563419342041,6.774006659780071,252000
1999-12-08,6.758289337158203,6.758289337158204,6.577544389769089,6.624695245609727,135800
1999-12-09,6.813296318054199,6.836871737839855,6.734711585435351,6.79757937153043,98200
1999-12-10,6.61683464050293,6.789721056288043,6.616834640502931,6.789721056288043,98000
1999-12-13,6.656126976013184,6.726853236679203,6.585400715347164,6.6168346089765055,89800
1999-12-14,6.640408992767334,6.695418298032863,6.593258159682596,6.608975104044175,1014600
1999-12-15,6.774001598358154,6.852586303675535,6.703275363572513,6.703275363572513,436200
1999-12-16,6.840803146362305,6.884024280351385,6.79365229512702,6.797581053086699,124200
1999-12-17,6.809751510620117,6.872804765348082,6.746698255892154,6.857041451666091,1911800
1999-12-20,6.6599955558776855,6.817628586786033,6.652113904332269,6.778220329058946,1562600
1999-12-21,6.679700374603272,6.76245723735926,6.675759067649525,6.699404023024908,1451600
1999-12-22,6.644230842590332,6.699402391698437,6.636349192717746,6.659994142335505,1210600
1999-12-23,6.83339262008667,6.833392620086669,6.691522877109091,6.691522877109091,288800
1999-12-27,6.786101341247559,7.061959119347052,6.786101341247558,6.872799500078828,2502400
1999-12-28,6.793982028961182,6.857035226445739,6.738810481162192,6.738810481162192,112200
1999-12-29,6.864922046661377,6.912211980392684,6.790046799311557,6.81763211293007,94800
1999-12-30,6.809751510620117,6.8412781379841,6.778224883256136,6.825514824302108,116400
1999-12-31,6.83339262008667,6.872800882024886,6.76245774859788,6.80974766292374,69600
2000-01-03,6.699405670166016,6.888565359676585,6.652115747788373,6.888565359676585,760600
2000-01-04,6.573294639587402,6.636347825578649,6.526004750093968,6.636347825578649,1444400
2000-01-05,6.746693134307861,6.746693134307861,6.557533513719791,6.589060117151136,675600
2000-01-06,7.006792545318604,7.022555858131469,6.746697883906327,6.746697883906327,266200
2000-01-07,7.081667423248291,7.164424318810172,6.983146255737966,6.983146255737966,936000
2000-01-10,7.022552967071533,7.0816658468421885,6.9673813949396575,7.0816658468421885,244200
2000-01-11,7.030430793762207,7.077720686993791,6.9516143050429,7.022549144890276,289600
2000-01-12,6.998908042907715,7.022553002512133,6.951618123698879,7.022553002512133,114600
2000-01-13,7.12107515335083,7.140778808076704,6.991027376119246,7.0461989563140985,298400
2000-01-14,7.077723979949951,7.085605632488871,6.983144149482914,7.085605632488871,71400
2000-01-18,7.164419651031494,7.203827899937059,7.030431604752578,7.030431604752578,221000
2000-01-19,7.140776634216309,7.21959315335777,7.132894982302164,7.1407766342163095,380600
2000-01-20,7.140776634216309,7.164421589958748,7.046196811246556,7.164421589958748,688600
2000-01-21,7.337821006774902,7.373288936308242,7.259004454607611,7.298412730691257,966600
2000-01-24,7.077723979949951,7.408753386584581,7.069842327411031,7.385108428967822,593000
2000-01-25,7.061960697174072,7.432398367673159,7.01467078179121,7.093487307429314,115600
2000-01-26,6.951620101928711,7.132898177149075,6.951620101928712,7.0146733454836205,93800
2000-01-27,6.809751510620117,7.030437902167992,6.719112938006826,6.975266304281023,3377600
2000-01-28,6.730930805206299,6.801865673176858,6.683640893225927,6.793984021180129,66200
2000-01-31,6.88856315612793,6.888563156127929,6.589060410209323,6.604823712626092,203200
2000-02-01,6.872801303863525,6.888564609606332,6.809748080892301,6.888564609606332,228400
2000-02-02,6.916151523590088,6.963441445248428,6.872801947678651,6.888565254898098,58800
2000-02-03,6.83339262008667,6.904327491575458,6.738812791434951,6.904327491575458,193600
2000-02-04,6.636352062225342,6.809748434397501,6.596943795822579,6.770340167994738,131200
2000-02-07,6.711227893829346,6.738813197791632,6.636351710573747,6.636351710573747,110600
2000-02-08,6.652113437652588,6.825509759487135,6.652113437652588,6.746693249562341,198800
2000-02-09,6.431429862976074,6.5890629478529394,6.431429862976074,6.5890629478529394,172400
2000-02-10,6.565417289733887,6.667878784051462,6.486600755643444,6.494482409052488,1230000
2000-02-11,6.486599922180176,6.667877927295783,6.384138441027877,6.628469665314129,415600
2000-02-14,6.589061737060547,6.620588348242655,6.455073639536589,6.526008514696331,1046000
2000-02-15,6.864922046661377,6.864922046661377,6.667880656114265,6.715170589845572,601400
2000-02-16,6.896446704864502,6.935854971749442,6.849156784602574,6.849156784602574,247800
2000-02-17,6.88856315612793,6.931912718831856,6.7939833416273165,6.912208109753082,176000
2000-02-18,6.6875834465026855,6.8570385149521735,6.667878831781079,6.8570385149521735,283400
2000-02-22,6.628469467163086,6.715167640930974,6.557534597716632,6.715167640930974,149200
2000-02-23,6.455073833465576,6.573298628950294,6.407783915271689,6.573298628950294,152400
2000-02-24,6.384137153625488,6.415663756853268,6.289557343942148,6.368373852011598,632000
2000-02-25,6.258031368255615,6.439309354993498,6.226504761866418,6.344729535825907,1325600
2000-02-28,6.447190761566162,6.518125623245986,6.210741222633418,6.321084340802032,912200
2000-02-29,6.59694242477417,6.644232334629183,6.462954346851637,6.462954346851637,160600
2000-03-01,6.762459754943848,6.786104719121973,6.5417734226146775,6.56147804048781,1761200
2000-03-02,6.88856315612793,6.912208109753082,6.778220039210548,6.782161345872553,785400
2000-03-03,6.778221130371094,6.872800960097202,6.707286258076513,6.872800960097202,1223400
2000-03-06,6.7388105392456055,6.809745387027138,6.691520640724583,6.730928889492102,559600
2000-03-07,7.203829288482666,7.203829288482665,6.7230485591638,6.7230485591638,999000
2000-03-08,7.085609436035156,7.274769198509954,6.99891121156754,6.99891121156754,2178800
2000-03-09,7.09348726272583,7.10136891523997,6.904327602386475,6.983144127527873,716800
2000-03-10,6.998908042907715,7.2353576389518945,6.991026389706242,7.061961268519496,1326200
2000-03-13,6.896446704864502,7.117132999420166,6.86492009135655,6.998908198765346,701200
2000-03-14,6.983143329620361,6.991024981233928,6.809746994121888,6.857036903803289,720800
2000-03-15,6.951620101928711,6.998910034594893,6.849158581151984,6.908271478042783,839000
2000-03-16,7.251125335693359,7.259006993666938,6.746699225384256,6.90433238485585,1132600
2000-03-17,7.030269145965576,7.243786881557332,7.026315596494928,7.243786881557332,299600
2000-03-20,6.919553756713867,7.061898862566267,6.88792151096889,7.061898862566267,475000
2000-03-21,7.140979290008545,7.140979290008544,6.579506942732125,6.579506942732125,353000
2000-03-22,7.085623264312744,7.172611942780869,7.0539910175970615,7.125163572707346,83800
2000-03-23,7.0777130126953125,7.164701664247993,6.998632420374695,7.038172716535004,83000
2000-03-24,7.093526363372803,7.18051498098384,7.069802194933429,7.133066644105093,322800
2000-03-27,7.117254734039307,7.196335342195299,6.98281770017412,7.069806369145712,438200
2000-03-28,7.085623264312744,7.172611942780869,7.038174894239221,7.133071634386266,138600
2000-03-29,7.457300662994385,7.481024843258418,7.053989598505824,7.053989598505824,465600
2000-03-30,7.457300662994385,7.64709410510665,7.394036182290297,7.520565143698473,355800
2000-03-31,7.417756080627441,7.58777975704257,7.417756080627441,7.433572191673555,1255800
2000-04-03,7.544290065765381,7.54429006576538,7.437531726749752,7.465209457109559,281400
2000-04-04,7.449390411376953,7.631275739892525,7.322861487192206,7.591735451084792,829200
2000-04-05,7.22796630859375,7.481024209988718,7.227966308593751,7.4612545441118785,102600
2000-04-06,7.417756080627441,7.433572191673555,7.259594970166302,7.259594970166302,76000
2000-04-07,7.3030900955200195,7.433572535007642,7.291227529018134,7.4177564232310305,510800
2000-04-10,7.196334838867188,7.287278014555533,7.168657110618162,7.259599320967119,54000
2000-04-11,7.3228631019592285,7.378219518496718,7.1963341498735405,7.1963341498735405,975800
2000-04-12,7.386128425598144,7.481025150552297,7.3268184551715025,7.354496183946761,484400
2000-04-13,7.370310306549072,7.433574772699708,7.342632585277741,7.4019425396243905,881600
2000-04-14,7.212151527404785,7.433577232193528,7.140978979436975,7.37031274511103,3698200
2000-04-17,7.038173675537109,7.1884268214193625,6.96304758526568,7.148886519871401,432200
2000-04-18,7.073758602142334,7.097482776942131,6.990723507673474,6.990723507673474,159200
2000-04-19,7.22796630859375,7.239828880391282,7.085621239059082,7.085621239059082,755600
2000-04-20,7.239828109741211,7.279368402625272,7.164701070591903,7.2279655392064015,471200
2000-04-24,7.31890869140625,7.338678355167606,7.200287812820567,7.291230003733333,44000
2000-04-25,7.3307671546936035,7.413802216785083,7.318905554588402,7.318905554588402,861600
2000-04-26,7.425667285919189,7.441483403674076,7.314954461634985,7.3544947560222,859000
2000-04-27,7.528470516204834,7.536378573469755,7.342631653148701,7.370309370906414,55000
2000-04-28,7.307045459747314,7.512654964025918,7.307045459747314,7.512654964025918,106000
2000-05-01,7.425667285919189,7.481023698061292,7.346586697144757,7.386126991531974,69400
2000-05-02,7.532429218292236,7.591739198107673,7.425669903149068,7.425669903149068,296000
2000-05-03,7.338677883148193,7.528471276677887,7.338677883148192,7.528471276677887,158200
2000-05-04,7.528470516204834,7.540333084771727,7.386125485436255,7.386125485436255,88000
2000-05-05,7.607552051544189,7.619414621612219,7.496839235825252,7.528471468887806,71200
2000-05-08,7.702449798583984,7.741990095291294,7.560104730437668,7.560104730437668,166000
2000-05-09,7.706403732299805,7.789437866481016,7.639184750274783,7.781529807733319,244800
2000-05-10,7.730125904083252,7.773619733247817,7.647090826094241,7.702447222973931,707400
2000-05-11,7.971325397491455,7.983187971526503,7.765715813826001,7.765715813826001,261600
2000-05-12,7.999001502990723,8.002955049495798,7.927828977846985,7.939690582701364,90200
2000-05-15,8.165069580078125,8.17693166663514,7.971322166313559,8.018770512541616,2556600
2000-05-16,8.00691032409668,8.12948475751804,7.9396913390545825,8.097852521107463,1860800
2000-05-17,8.046448707580566,8.050402253522808,7.93573590645157,8.050402253522808,91200
2000-05-18,8.034586906433105,8.093897823943456,7.939690210687832,8.034586906433105,1779400
2000-05-19,8.050405502319336,8.093900317270725,7.943647169388536,7.979232958585667,142800
2000-05-22,7.983185291290283,8.07808199035264,7.983185291290284,7.987138837748311,216800
2000-05-23,7.951551914215088,8.034586031278284,7.900149060282486,7.971321574339085,280600
2000-05-24,7.959462165832519,7.999002462321158,7.86061094194129,7.939691534918566,129600
2000-05-25,7.813162326812744,7.971323507517456,7.741989795495624,7.971323507517456,663600
2000-05-26,7.817111492156982,7.935732296549816,7.817111492156983,7.828973089926977,69200
2000-05-30,7.927830696105957,7.971324543784305,7.844795582771856,7.86851976296169,124800
2000-05-31,8.165069580078125,8.17693166663514,7.923873820085503,7.923873820085503,229400
2000-06-01,8.089944839477539,8.13739319630732,7.939691709516568,8.13739319630732,82600
2000-06-02,7.813162326812744,8.074128274975518,7.765713972601332,8.066220215940284,99200
2000-06-05,7.702449798583984,7.8447948667303,7.68663367990106,7.76571427331568,2246600
2000-06-06,8.00295352935791,8.00295352935791,7.741987653400587,7.741987653400587,131400
2000-06-07,7.900151252746582,7.999002476816951,7.852702896874231,7.971323786555111,75800
2000-06-08,7.939685821533203,7.971318035961623,7.860605285462156,7.884329446283471,149000
2000-06-09,7.888289928436279,7.947599892727278,7.844795117995482,7.935738286004801,259600
2000-06-12,8.066218376159668,8.113666719548842,7.876425002602969,7.876425002602969,515000
2000-06-13,8.066218376159668,8.129482834011899,8.04249420446508,8.082034490622725,714200
2000-06-14,8.054354667663574,8.224377371029906,7.955503495438544,8.113664598727581,432400
2000-06-15,7.939685821533203,8.0978468936753,7.88828395575631,8.089938840068195,502800
2000-06-16,8.073440551757812,8.184688748337154,7.978084954689807,7.978084954689807,957000
2000-06-19,8.005897521972656,8.15290358305727,7.946299788554845,8.089333184748833,469400
2000-06-20,7.962195873260498,8.001927389594133,7.807243444563181,7.978088479793952,180800
2000-06-21,8.105226516723633,8.129065418243407,7.898622703552245,7.914515304565429,321400
2000-06-22,7.8906755447387695,8.168796032216974,7.8906755447387695,8.140983983469154,188600
2000-06-23,7.990005970001221,8.073441643717025,7.946300830430143,7.946300830430143,158000
2000-06-26,7.926437377929687,8.057550886643433,7.88273222835334,8.057550886643433,89000
2000-06-27,7.870813846588135,7.938356939144564,7.787377177539212,7.938356939144564,29200
2000-06-28,7.803269386291504,7.850947203315688,7.739698963592591,7.82313562838875,180200
2000-06-29,7.819160461425781,7.882730871681276,7.771482653734161,7.787375256298035,1088800
2000-06-30,7.715861320495605,7.8350558826041885,7.652290887371028,7.779431753620183,255200
2000-07-03,7.763537406921387,7.791349950189496,7.676128080947859,7.676128080947859,108000
2000-07-05,7.441711902618408,7.656262044930844,7.437738266831087,7.628449504442141,2064800
2000-07-06,7.51720380783081,7.660237284089748,7.51720380783081,7.54898902477724,435600
2000-07-07,7.55295991897583,7.604610392752535,7.533093680594988,7.58077148870002,1044000
2000-07-10,7.588717937469482,7.656261985267468,7.548986429943465,7.548986429943465,346600
2000-07-11,7.858895301818848,7.878761548455298,7.628452466881793,7.628452466881793,142200
2000-07-12,7.755594253540039,7.894655086327804,7.75559425354004,7.882735142942336,308600
2000-07-13,7.636393070220947,7.715856057424079,7.596661576619382,7.684070862542827,137800
2000-07-14,7.628451824188232,7.676129648089409,7.548988784352939,7.676129648089409,423400
2000-07-17,7.529121398925781,7.676127496410198,7.52912139892578,7.644342289385725,456000
2000-07-18,7.59666633605957,7.676129373047641,7.533095906469113,7.533095906469113,202000
2000-07-19,7.576801300048828,7.65229070255717,7.541042447275966,7.628451790711198,114400
2000-07-20,7.501309394836426,7.612557627386966,7.501309394836426,7.564879813436734,371200
2000-07-21,7.358277320861816,7.525149700708575,7.35033101705959,7.517203396906348,75000
2000-07-24,7.282787799835205,7.437740236423474,7.23908264463866,7.437740236423474,232600
2000-07-25,7.215244293212891,7.374170378966479,7.1914053803498525,7.302653640377365,975400
2000-07-26,7.274838924407959,7.318543094146706,7.231133784661783,7.286757890697643,70000
2000-07-27,7.52515172958374,7.54104434147304,7.251004659497333,7.251004659497333,312400
2000-07-28,7.469523906707764,7.580772135105539,7.469523906707764,7.533094322935064,59000
2000-07-31,7.421846389770508,7.564879831971653,7.413900087426001,7.533094622593621,534400
2000-08-01,7.560909748077393,7.588721330777844,7.485419365018564,7.485419365018564,147800
2000-08-02,7.703938961029053,7.731750528285371,7.620502319245293,7.628448619891014,211600
2000-08-03,7.59666633605957,7.78737762483094,7.59666633605957,7.755592410035712,88200
2000-08-04,7.628451824188232,7.676129648089409,7.541042480369409,7.596666608254115,60000
2000-08-07,7.727778911590576,7.779429387792787,7.636395956760846,7.636395956760846,69200
2000-08-08,7.743672847747803,7.771484423564479,7.707913998831845,7.723806605015003,59600
2000-08-09,7.882728576660156,8.073439751901935,7.787372989039268,7.819158184912897,97800
2000-08-10,7.954250335693359,7.978089247788344,7.890679903440065,7.890679903440065,108000
2000-08-11,7.946301937103271,8.009872352600098,7.886705157578777,8.009872352600098,316800
2000-08-14,8.057549476623535,8.097280982918523,7.946301258997569,7.962193861515565,346200
2000-08-15,8.025766372680664,8.160853529448556,8.025766372680664,8.057551586037814,537800
2000-08-16,8.137016296386719,8.16880151629448,8.025768026709557,8.041660636663437,85000
2000-08-17,8.32772445678711,8.359509664637443,8.232368833236112,8.232368833236112,452400
2000-08-18,8.232364654541016,8.343612825548327,8.20057946282464,8.343612825548327,1437600
2000-08-21,8.264152526855469,8.264152526855469,8.200582122802734,8.248259925842284,156400
2000-08-22,8.240315437316895,8.327724762110034,8.22442283280905,8.26415434407866,1300000
2000-08-23,8.454865455627441,8.486650664107243,8.327724621708231,8.327724621708231,406400
2000-08-24,8.272099494934082,8.48664962592661,8.24826059149047,8.48664962592661,478200
2000-08-25,8.295940399169922,8.295940399169922,8.184692156269177,8.280047793041245,523600
2000-08-28,8.32772445678711,8.407187476412942,8.216476229310945,8.240315135198696,221600
2000-08-29,8.335668563842773,8.371426913258686,8.280044464751352,8.32772226397257,213000
2000-08-30,8.264152526855469,8.335669231414794,8.18468952178955,8.295937728881835,331600
2000-08-31,8.232364654541016,8.295935037973765,8.204552611789188,8.26414984625739,157000
2000-09-01,8.315804481506348,8.375401742482264,8.208529411749696,8.208529411749696,205400
2000-09-05,8.315804481506348,8.423079551262997,8.264153521993885,8.359509139555353,1445000
2000-09-06,8.498570442199707,8.510489895835331,8.359510149784098,8.359510149784098,456000
2000-09-07,8.458839416503906,8.50254408234775,8.43897365930216,8.470758870824955,208800
2000-09-08,8.359511375427246,8.454867018492957,8.303887250305582,8.438974411315339,1784400
2000-09-11,8.625710487365723,8.645576241597334,8.359509380662129,8.359509380662129,1640600
2000-09-12,8.613792419433594,8.67736284319325,8.502544177854194,8.661470237253337,1106200
2000-09-13,8.470762252807617,8.629688373873424,8.462815946754326,8.629688373873424,219600
2000-09-14,8.446918487548828,8.502542598003053,8.395267527841332,8.47075739202921,834600
2000-09-15,8.666996955871582,8.762764878035908,8.555267713346534,8.555267713346534,1525600
2000-09-18,8.682955741882324,8.802665609647246,8.682955741882324,8.778723636094263,411000
2000-09-19,8.451515197753906,8.698915548207514,8.435553884821417,8.698915548207514,7629000
2000-09-20,8.283920288085938,8.56723355420063,8.283920288085938,8.539301260358338,2858400
2000-09-21,8.220078468322754,8.27594307927252,8.176184845433651,8.252001103151192,9151200
2000-09-22,8.168205261230469,8.52334411213532,8.076427192397887,8.176185433410707,2939000
2000-09-25,8.04450511932373,8.140273037410918,7.916814561874148,8.140273037410918,1014400
2000-09-26,8.236039161682129,8.25200047788694,8.092387315838836,8.092387315838836,930600
2000-09-27,8.391663551330566,8.411615200287605,8.18815673196877,8.252002008631294,166400
2000-09-28,8.359739303588867,8.427574896983144,8.299884368240976,8.40762325186718,645200
2000-09-29,8.367719650268555,8.49141984538459,8.367719650268555,8.427574583389216,254400
2000-10-02,8.53930377960205,8.55127476620897,8.411613255794917,8.411613255794917,629000
2000-10-03,8.53531265258789,8.551273966571225,8.475457725150388,8.519351338604556,184400
2000-10-04,8.283920288085938,8.507378638824287,8.283920288085938,8.507378638824287,303600
2000-10-05,8.271950721740723,8.551273708003071,8.172192512361312,8.279931378491074,4559600
2000-10-06,8.236039161682129,8.427574956139853,8.188155213067699,8.331807058910991,1080000
2000-10-09,8.363731384277344,8.403634682866453,8.267963467663481,8.267963467663481,2751600
2000-10-10,8.551278114318848,8.635075053376568,8.411616549222646,8.411616549222646,2462800
2000-10-11,8.63107967376709,8.762760500967419,8.563244096118433,8.60314737708823,797800
2000-10-12,8.762763977050781,8.834589911288901,8.68295738345287,8.68295738345287,4065600
2000-10-13,8.42757797241211,8.87449498610063,8.395655328577215,8.762765732678501,608200
2000-10-16,8.347772598266602,8.415608226455193,8.319840280777182,8.399646902175524,656200
2000-10-17,8.351758003234863,8.49141950830568,8.351758003234863,8.427574248844735,1022800
2000-10-18,8.240031242370605,8.4275767476449,8.236040912471152,8.395654108449277,2834400
2000-10-19,8.279929161071777,8.379687343735293,8.188151633021343,8.251996869925994,1954800
2000-10-20,8.443536758422852,8.443536758422852,8.220078318691433,8.220078318691433,977200
2000-10-23,8.307862281799316,8.459494734589123,8.291900970979338,8.459494734589123,411000
2000-10-24,8.168205261230469,8.331808289390706,8.160224601949443,8.315846970828655,160600
2000-10-25,7.96868896484375,8.20411793201778,7.948736829075593,8.20411793201778,794400
2000-10-26,8.004599571228027,8.108348120007653,7.964696283235863,8.076425489613921,901800
2000-10-27,7.948732852935791,8.092384651482822,7.88488760913711,8.092384651482822,684400
2000-10-30,8.084403991699219,8.108345958110963,7.916810226817003,7.99661678152282,753200
2000-10-31,8.14026927947998,8.176182232183569,8.020559437134688,8.156230591792687,926600
2000-11-01,8.403636932373047,8.403636932373047,8.204120386020412,8.204120386020412,4240200
2000-11-02,8.108346939086914,8.359737616824352,8.076424313342477,8.359737616824352,236000
2000-11-03,8.076423645019531,8.168201673540779,8.028539710365264,8.108346268122375,683600
2000-11-06,8.108346939086914,8.160221693022235,7.980656436109167,8.076424313342477,1016200
2000-11-07,8.172194480895996,8.267962384968996,8.140271846204996,8.140271846204996,485200
2000-11-08,8.25200080871582,8.283923442405243,8.19613619975933,8.204116858181685,120400
2000-11-09,8.164212226867676,8.315844712019667,8.10435778561886,8.287912412123248,608200
2000-11-10,8.188153266906738,8.311853438092951,8.012578830384372,8.26795982896236,670400
2000-11-13,8.12430477142334,8.295888811291318,8.048489054861149,8.240024240171511,100000
2000-11-14,8.172194480895996,8.244020408950746,8.060465259477496,8.060465259477496,96400
2000-11-15,8.331809043884277,8.36373168389916,8.228060463835911,8.228060463835911,142600
2000-11-16,8.363731384277344,8.411615342584275,8.30387643639368,8.315847425970412,310800
2000-11-17,8.295890808105469,8.355745720140861,8.259977860884232,8.299881135574495,341200
2000-11-20,8.255989074707031,8.395650562196034,8.255989074707031,8.315843997916604,435200
2000-11-21,8.443536758422852,8.443536758422852,8.267962270062451,8.267962270062451,635200
2000-11-22,8.307862281799316,8.395649491309204,8.283920315569349,8.395649491309204,485200
2000-11-24,8.42757797241211,8.42757797241211,8.331810040907428,8.367723015221683,100000
2000-11-27,8.359739303588867,8.427574896983144,8.323826342380132,8.37969094870483,91800
2000-11-28,8.351758003234863,8.459496878575207,8.347767674518554,8.391661290397954,99800
2000-11-29,7.984650135040283,8.387672943512653,7.972678658962074,8.387672943512653,1523600
2000-11-30,7.713307857513428,8.028543419177554,7.637491105519801,8.028543419177554,2520000
2000-12-01,7.884889125823975,7.948734381903521,7.709314671605223,7.725275985625109,619200
2000-12-04,8.02055835723877,8.060461632647916,7.916809841174984,7.948732461502303,402600
2000-12-05,7.852966785430908,8.092386504498924,7.852966785430909,7.996618616871718,333400
2000-12-06,7.78912353515625,7.884891447473745,7.693355622838755,7.85296881003458,1018400
2000-12-07,7.916812419891357,7.944745208876744,7.85695797438198,7.916812419891357,446800
2000-12-08,7.91282320022583,7.916813042279478,7.741238559486989,7.837006459191983,97200
2000-12-11,7.936763763427734,7.980656889217792,7.837005065211872,7.868927692768743,124800
2000-12-12,8.028538703918457,8.028538703918457,7.940751501390522,7.948732156165788,249800
2000-12-13,8.04450511932373,8.12431171772972,7.996621160280137,8.092389078367324,388400
2000-12-14,7.797105312347412,8.032535284314443,7.777154148188428,8.028544466961614,113200
2000-12-15,7.888452529907227,7.956490440489239,7.81240912466549,7.81240912466549,1258200
2000-12-18,8.132588386535645,8.160604681542216,7.924470967195164,7.924470967195164,408600
2000-12-19,8.272668838500977,8.3006846497586,8.116580747208506,8.116580747208506,516800
2000-12-20,8.028526306152344,8.172607535973622,8.020521793384495,8.100566921062983,381800
2000-12-21,8.088567733764648,8.136594852489285,8.05654965461489,8.100574024888692,659800
2000-12-22,8.196623802185059,8.196623802185059,8.072554301548678,8.116578647866845,116800
2000-12-26,8.540815353393555,8.544817609885303,8.21263032107009,8.21263032107009,1934200
2000-12-27,8.532812118530273,8.604852746172648,8.456769233796654,8.596848231990162,582400
2000-12-28,8.672894477844238,8.68089899512882,8.524810908079477,8.596851563640712,135000
2000-12-29,8.500797271728516,8.692905684648935,8.492792754523498,8.664889874431372,370800
2001-01-02,8.520809173583984,8.73693115356216,8.520809173583984,8.644879199127011,797000
2001-01-03,8.260661125183105,8.596850822138231,8.260661125183105,8.596850822138231,1038200
2001-01-04,8.004514694213867,8.260659164428711,7.956487606048585,8.164604988098144,773000
2001-01-05,8.176609992980957,8.24464786055508,8.004512485975807,8.004512485975807,849200
2001-01-08,8.148595809936523,8.276668042705664,8.11657775174424,8.276668042705664,743200
2001-01-09,7.984508514404297,8.196627787937386,7.960494956431824,8.196627787937386,264000
2001-01-10,8.036534309387207,8.060547858120435,7.964493663187521,8.036534309387207,255200
2001-01-11,8.124582290649414,8.19662292179803,8.052541659500799,8.052541659500799,97200
2001-01-12,8.072555541992188,8.144596191948477,8.020525695133498,8.036534728457118,60200
2001-01-16,8.06855297088623,8.16460717292059,8.02052586986905,8.148598139248197,66800
2001-01-17,8.028526306152344,8.164603023205773,7.956485691241704,8.164603023205773,191400
2001-01-18,7.87644100189209,8.00451321330497,7.812404896185649,7.956486134025138,744000
2001-01-19,7.840424537658691,7.89245340726324,7.732363074458711,7.7643811410196175,643800
2001-01-22,7.924468517303467,7.940477544611151,7.840421612494869,7.8924504626881,78800
2001-01-23,8.048541069030762,8.064550100518527,7.916466070699831,7.956488649419244,123400
2001-01-24,8.04053783416748,8.11658025729127,8.020526053062971,8.11658025729127,94600
2001-01-25,8.280671119689941,8.304684665711276,8.116578555210827,8.116578555210827,225600
2001-01-26,8.140593528747559,8.368722255954347,8.13258901200346,8.308688380373614,344400
2001-01-29,8.0736722946167,8.171006959962595,8.0736722946167,8.171006959962595,126400
2001-01-30,8.142834663391113,8.163326205796325,8.0147624012193,8.137711655650582,469600
2001-01-31,8.229921340942383,8.247851374031146,8.145393204569483,8.196622289300315,198000
2001-02-01,8.124902725219727,8.229922411433842,8.08135814410157,8.229922411433842,692200
2001-02-02,8.260661125183105,8.276030148804894,8.178694953427915,8.18125645736488,353000
2001-02-05,8.42715072631836,8.450203760241571,8.324692580634464,8.324692580634464,408600
2001-02-06,8.480941772460938,8.501432817647677,8.324693522319262,8.43483569939902,145000
2001-02-07,8.503996849060059,8.573155975243878,8.404100659165755,8.488627828647997,206200
2001-02-08,8.550104141235352,8.596210231872274,8.496313050749757,8.52705109591689,78400
2001-02-09,8.688421249389648,8.719159293896473,8.568033994969396,8.568033994969396,483000
2001-02-12,8.573156356811523,8.649999508064633,8.568033349779492,8.606454436849207,591000
2001-02-13,8.555228233337402,8.588526320819104,8.503999128678144,8.555228233337402,2027800
2001-02-14,8.493749618530273,8.609014812322293,8.486065597981971,8.573154746945553,167200
2001-02-15,8.383611679077148,8.401541720851297,8.299084478872448,8.350312611304876,1109200
2001-02-16,8.457894325256348,8.51936847855463,8.388735169960242,8.480947377021716,114600
2001-02-20,8.409225463867188,8.529612729602805,8.409225463867188,8.465576596532042,749800
2001-02-21,8.352875709533691,8.50656208139633,8.352875709533691,8.447648939611849,189800
2001-02-22,8.311885833740234,8.42458901605832,8.260656759190805,8.388728957007716,420000
2001-02-23,8.206868171691895,8.30932536241736,8.119779022162824,8.288834315117668,682600
2001-02-26,8.29652214050293,8.306768157408353,8.183818885885128,8.183818885885128,681200
2001-02-27,8.24528980255127,8.370801017682016,8.235044766773846,8.324694936786114,81000
2001-02-28,8.130027770996094,8.28115357965453,8.130027770996094,8.28115357965453,47000
2001-03-01,8.222233772277832,8.252971799773638,8.15819816922133,8.15819816922133,328200
2001-03-02,8.409225463867188,8.419470502551986,8.283714213118401,8.299083236816369,157600
2001-03-05,8.455327033996582,8.498872094318154,8.360553870398014,8.360553870398014,3215800
2001-03-06,8.49887466430664,8.552664775281228,8.47582162001557,8.478382635108474,191800
2001-03-07,8.680737495422363,8.685860502998684,8.555227229700721,8.555227229700721,466800
2001-03-08,8.767827033996582,8.76782703399658,8.621824731908234,8.706352894756133,305600
2001-03-09,8.726841926574707,8.798562064773854,8.6576828031197,8.796001050029712,479000
2001-03-12,8.437398910522461,8.616700243880784,8.437398910522461,8.593647201347375,2822400
2001-03-13,8.337506294250488,8.388735408196643,8.2529790867863,8.350313328458508,304800
2001-03-14,8.211992263793945,8.322134466796916,8.171008698104416,8.171008698104416,218200
2001-03-15,8.217117309570312,8.319574539269015,8.171010725659102,8.273468443914743,159400
2001-03-16,8.08017635345459,8.231759983528553,8.07503780903615,8.231759983528553,446000
2001-03-19,8.182943344116211,8.257450264849465,8.105866661589747,8.105866661589747,482600
2001-03-20,8.254883766174316,8.334528762405851,8.21120662430266,8.21120662430266,976600
2001-03-21,8.018514633178711,8.23689835605797,8.005668762439253,8.23689835605797,701600
2001-03-22,7.782148361206055,7.941439332677871,7.566334375953791,7.941439332677871,533200
2001-03-23,7.843809604644775,7.897762857140893,7.779579262127327,7.789855862110034,880000
2001-03-26,7.946576118469238,8.00309862969889,7.905468748477036,8.00309862969889,105800
2001-03-27,7.990255832672119,8.041639819900764,7.913179116771111,7.990255832672118,199000
2001-03-28,7.874635219573975,7.9388655239588175,7.792420508367511,7.9388655239588175,276200
2001-03-29,7.707640171051025,7.769301233614805,7.666532796008505,7.720486041987351,214400
2001-03-30,7.887487411499023,7.9388713990099005,7.825825842424058,7.872071774210934,226200
2001-04-02,7.741037845611572,7.900329252664322,7.67680752648422,7.836098933536969,212800
2001-04-03,7.527796268463135,7.70764143120675,7.463565923203078,7.702502885976671,2459000
2001-04-04,7.661392688751221,7.7102078704207395,7.556055000438049,7.584316498779108,328000
2001-04-05,7.861792087554932,7.887484316247427,7.707639205438462,7.746177303457953,423800
2001-04-06,7.8720703125,7.884916674521388,7.73590230534352,7.761594049309087,139600
2001-04-09,8.05705451965332,8.069900392456171,7.938870431704823,7.938870431704823,177800
2001-04-10,8.195792198181152,8.254884489987443,8.113577432236854,8.159823360590186,484000
2001-04-11,8.049345016479492,8.154682719529625,8.049345016479492,8.11871389118232,132400
2001-04-12,8.134130477905273,8.180376402586864,8.06733086336949,8.157253440246068,430800
2001-04-16,8.293418884277344,8.295988646007014,8.208635368659989,8.208635368659989,264600
2001-04-17,8.337098121643066,8.380774281324868,8.224052098791937,8.308836615930284,99400
2001-04-18,8.293418884277344,8.401326335153994,8.236896867224752,8.29855742765975,157800
2001-04-19,8.149543762207031,8.262589275615582,8.113574935683701,8.262589275615582,127600
2001-04-20,8.236900329589844,8.28057649658408,8.200931000831835,8.236900329589844,285000
2001-04-23,8.455279350280762,8.46555643677784,8.349941663877992,8.349941663877992,181400
2001-04-24,8.47070026397705,8.568329706368969,8.432161655611408,8.534930624534772,965800
2001-04-25,8.591446876525879,8.627416677425296,8.475833089618197,8.478401871072581,529800
2001-04-26,8.761018753051758,8.779003171424336,8.653112242816286,8.653112242816286,1502200
2001-04-27,8.701927185058594,8.753311658957024,8.671096892750464,8.74560433089932,224000
2001-04-30,8.701927185058594,8.796988804797751,8.655681256557738,8.704496947796041,366400
2001-05-01,8.645401000976562,8.694215688734324,8.588878008779368,8.627416590745973,470400
2001-05-02,8.308834075927734,8.434725931960424,8.288279903482854,8.411602977998374,838000
2001-05-03,8.26772689819336,8.272865441420851,8.17266580863855,8.221480989222828,270400
2001-05-04,8.398757934570312,8.437296526145651,8.278005575783304,8.285712902067534,1273000
2001-05-07,8.421879768371582,8.478402767110278,8.337096250340501,8.473264223581582,325200
2001-05-08,8.41417407989502,8.427019951177138,8.324252000843035,8.352512525632832,267800
2001-05-09,8.563187599182129,8.563187599182129,8.4218800968244,8.4218800968244,178800
2001-05-10,8.501524925231934,8.578601110776205,8.478401971560965,8.550339614058702,3399600
2001-05-11,8.419315338134766,8.49125302456329,8.388485041105037,8.49125302456329,65200
2001-05-14,8.55034351348877,8.588882113875078,8.470698510137138,8.475837055527133,165000
2001-05-15,8.627420425415039,8.658250716645494,8.581174498530714,8.653112171427537,275400
2001-05-16,8.699356079101562,8.732756125227144,8.65824870697664,8.673663358975324,795400
2001-05-17,8.727617263793945,8.735324589512986,8.63255567289967,8.694217218883065,137400
2001-05-18,8.91003131866455,8.917738644521089,8.804693618291337,8.812400944147875,1072600
2001-05-21,8.889476776123047,8.96655395181604,8.838093299097054,8.96655395181604,1178200
2001-05-22,8.79955768585205,8.876633907522878,8.761019084977969,8.87406512483403,305000
2001-05-23,8.665952682495117,8.761013260016684,8.611999461205311,8.709629799784494,4020000
2001-05-24,8.650540351867676,8.653110113904265,8.555479738132059,8.606864198016222,808400
2001-05-25,8.576033592224121,8.658248332922119,8.57089504842087,8.658248332922119,156800
2001-05-29,8.563187599182129,8.709632665191952,8.563187599182129,8.647971120519761,1769200
2001-05-30,8.529787063598633,8.601724711507844,8.509232889866317,8.586309081208608,698600
2001-05-31,8.619711875915527,8.624850420989437,8.49382095187515,8.576035712903185,226800
2001-06-01,8.581175804138184,8.619713429020345,8.514375686218536,8.606867554059626,2102200
2001-06-04,8.696784019470215,8.730184056771929,8.686507914211594,8.696784019470213,348000
2001-06-05,8.722480773925781,8.743033974042097,8.640266013306002,8.696788048683816,728400
2001-06-06,8.501524925231934,8.606862607493708,8.478401971560965,8.606862607493708,304200
2001-06-07,8.401330947875977,8.501530148654577,8.39619240167227,8.486114510043455,719800
2001-06-08,8.424453735351562,8.457852814844234,8.331961865820418,8.42702251835967,105400
2001-06-11,8.447571754455566,8.532355265144398,8.447571754455566,8.529786483640988,47800
2001-06-12,8.511805534362793,8.550343153047217,8.478405480774468,8.478405480774468,254800
2001-06-13,8.47070026397705,8.622283954096373,8.44757729497317,8.606868314734612,688400
2001-06-14,8.298561096191406,8.411607140424547,8.298561096191406,8.401330049116558,394000
2001-06-15,8.360770225524902,8.425302259972833,8.30140087199449,8.389164478230903,194800
2001-06-18,8.267841339111328,8.365930276345392,8.234284908377692,8.291072903596227,456000
2001-06-19,8.260096549987793,8.285908957834408,8.172332984756963,8.285908957834408,731200
2001-06-20,8.105217933654785,8.417553024667408,8.105217933654785,8.159425061860949,446200
2001-06-21,7.98390007019043,8.156845870493436,7.934855606490733,8.156845870493436,1274000
2001-06-22,8.138776779174805,8.138776779174805,7.9038803165715805,7.989062544852529,392400
2001-06-25,8.043269157409668,8.138776742550714,8.027781613884681,8.105219823849753,177400
2001-06-26,8.092313766479492,8.09747644519488,8.00455019767844,8.03294443827294,116200
2001-06-27,7.898716449737549,8.00196754540378,7.888391094000895,8.00196754540378,3680200
2001-06-28,7.730935573577881,7.821280000467811,7.702541329503788,7.821280000467811,225000
2001-06-29,7.834187030792236,7.8987190483566865,7.705122995663338,7.769655013227787,473400
2001-07-02,7.813533306121826,7.888390156960276,7.782557734931431,7.795464428069097,246000
2001-07-03,7.803207874298096,7.8212767521718,7.769651457152644,7.769651457152644,169600
2001-07-05,7.872904300689697,7.929692285616169,7.795466094668137,7.795466094668137,1662000
2001-07-06,7.84451150894165,7.919368881931028,7.795467532507436,7.888393298405031,598400
2001-07-09,7.733517169952393,7.818699910425165,7.720610962672411,7.808374550728981,132400
2001-07-10,7.743845462799072,7.779983250743196,7.681894758177532,7.772239720378274,930800
2001-07-11,7.640590667724609,7.666403572169868,7.514107977517065,7.62768396933188,472000
2001-07-12,7.630266189575195,7.635428869528082,7.537340412124522,7.588965734632617,63400
2001-07-13,7.65865421295166,7.738673717830237,7.542496470111904,7.581216045951728,125600
2001-07-16,7.532178401947021,7.679311347305827,7.46506503361242,7.679311347305827,308800
2001-07-17,7.49862003326416,7.576058747568803,7.446994716067938,7.576058747568803,217600
2001-07-18,7.418601512908935,7.645754515945551,7.305025011390628,7.387626416711392,134800
2001-07-19,7.496037483215332,7.576057026714669,7.472805923434864,7.472805923434864,1174400
2001-07-20,7.656084060668945,7.674152959878402,7.581227122181113,7.614783578950022,1823600
2001-07-23,7.568317890167236,7.718032209559097,7.428928933932256,7.687057104769286,226000
2001-07-24,7.297283172607422,7.524435735882576,7.292120491266071,7.524435735882576,216200
2001-07-25,7.635427951812744,7.66382219580061,7.369555874277792,7.416019003588774,481000
2001-07-26,7.79030704498291,7.790307044982909,7.614779837745177,7.710287462509356,405800
2001-07-27,7.826441287994385,7.867741730753713,7.6586581777421,7.705121298931372,231600
2001-07-30,7.834187030792236,7.883231501996481,7.792886578938207,7.839349710359047,134000
2001-07-31,7.743845462799072,7.898722470523141,7.743845462799072,7.872909553845723,401800
2001-08-01,7.715449333190918,7.86774496306113,7.671567533188647,7.834188524160719,973800
2001-08-02,7.710285663604736,7.733516736939906,7.632846947240023,7.730935889500615,1136800
2001-08-03,7.594128608703613,7.689636220912317,7.576059720746898,7.689636220912317,406000
2001-08-06,7.583802223205566,7.6457533911674815,7.555408471258245,7.5760586964654815,66400
2001-08-07,7.583802223205566,7.622521826266815,7.555408471258245,7.614777807186524,85400
2001-08-08,7.428924560546875,7.601870352888638,7.3876241169136305,7.601870352888638,1198200
2001-08-09,7.472805500030518,7.472805500030518,7.356647707709602,7.356647707709602,440200
2001-08-10,7.480553150177002,7.56057322561391,7.441834028829652,7.472809621311736,758600
2001-08-13,7.516688823699951,7.583801681575158,7.493457260458469,7.511526144681807,576200
2001-08-14,7.557988166809082,7.57089437012845,7.503781029719519,7.524431250434567,161400
2001-08-15,7.671566486358643,7.715448280372986,7.539921104315614,7.550246464008517,1087400
2001-08-16,7.627688884735107,7.730940569053158,7.581226217600607,7.730940569053158,361200
2001-08-17,7.570896625518799,7.635428646020097,7.524433491983424,7.635428646020097,108200
2001-08-20,7.516688823699951,7.557989271164772,7.4857132419312515,7.550245252637556,63800
2001-08-21,7.51152753829956,7.570896881002546,7.408276400481269,7.498620838359611,1110600
2001-08-22,7.516688823699951,7.699959497782573,7.516688823699952,7.640590166094414,420600
2001-08-23,7.583802223205566,7.609615127799664,7.542501772791094,7.557989810951675,46000
2001-08-24,7.645754814147949,7.6483356619815055,7.563153405605536,7.583803634656065,196400
2001-08-27,7.635427951812744,7.687053760456101,7.594127501834137,7.64059063114512,499600
2001-08-28,7.555408477783203,7.609615134371436,7.511526687637403,7.609615134371436,198400
2001-08-29,7.52443265914917,7.630265121670122,7.52443265914917,7.588964672507808,77800
2001-08-30,7.416017532348633,7.596707334413709,7.3927859723019775,7.588963316951457,1313800
2001-08-31,7.416017532348633,7.472806009058281,7.36697356544134,7.397948650610146,152400
2001-09-04,7.459901332855225,7.568315144976369,7.418600879889096,7.418600879889096,1877200
2001-09-05,7.485713481903076,7.485713481903076,7.408275263509118,7.43408767474698,266000
2001-09-06,7.434087753295898,7.498619766752772,7.410856189064208,7.498619766752772,539600
2001-09-07,7.428924560546875,7.480549868918371,7.3876241169136305,7.421180542738096,204000
2001-09-10,7.45216178894043,7.465068002763341,7.330841212706868,7.434092400311655,1168600
2001-09-17,7.299859046936035,7.3566470221452755,7.170795064091382,7.3566470221452755,4019200
2001-09-18,6.946223735809326,7.227583266648192,6.941061058171541,7.227583266648192,1196400
2001-09-19,6.695840835571289,6.969456393150868,6.419643938765284,6.904924389510582,485600
2001-09-20,6.507406711578369,6.61065830652782,6.466106270534627,6.5564511699453485,1966200
2001-09-21,6.510261058807373,6.567368433889233,6.255872985566604,6.307788646065799,2335000
2001-09-24,6.33894157409668,6.494689622855471,6.294812968533512,6.463539815059953,3269600
2001-09-25,6.268853187561035,6.359706232765249,6.165021348088762,6.28183247693836,1700200
2001-09-26,6.224726676940918,6.346729562368526,6.165023411153902,6.307792176315799,990400
2001-09-27,6.471328258514404,6.492094634792807,6.235110542681517,6.294813812593244,2188800
2001-09-28,6.7023515701293945,6.730905511733536,6.580349220282246,6.580349220282246,697000
2001-10-01,6.6089043617248535,6.658224683932927,6.497285414783583,6.64524588629841,149800
2001-10-02,6.754268646240234,6.795801387737799,6.598520618069697,6.632265784870469,121400
2001-10-03,6.847714900970459,6.863290045437282,6.663413480762321,6.723116715890942,147400
2001-10-04,7.00865650177002,7.107296634687575,6.88405828278701,6.917803448095584,234400
2001-10-05,7.060574531555176,7.083936765649814,6.910018186894972,7.0216371446578165,141200
2001-10-08,7.073551654815674,7.1592129945008125,6.930782920376886,6.995677889687121,682000
2001-10-09,7.086531162261963,7.141043199413496,7.039807195558415,7.086531162261963,77000
2001-10-10,7.400622367858887,7.439559250466867,7.177383514746129,7.177383514746129,522400
2001-10-11,7.398027896881103,7.501859768341761,7.309770682362189,7.449944080166142,790400
2001-10-12,7.34870719909668,7.431772692047058,7.268237564689673,7.372069430877647,798000
2001-10-15,7.213724136352539,7.317555975419208,7.11767937577258,7.317555975419208,162800
2001-10-16,7.2993855476379395,7.327938994259401,7.177382702140652,7.177382702140652,204800
2001-10-17,7.263045787811279,7.421389691887773,7.213725961221377,7.359090572687855,456800
2001-10-18,6.96972131729126,7.161810408772703,6.961933741042625,7.138448175136229,6285400
2001-10-19,6.995678901672363,7.044998729003967,6.819164480396698,6.917804630169301,738000
2001-10-22,7.081340312957764,7.083936171540509,6.922996405176047,7.00865775796907,2860600
2001-10-23,7.055380344390869,7.203340778460687,6.982697808747245,6.982697808747245,4635400
2001-10-24,6.956738471984863,6.977504836270133,6.858098365407123,6.969717759106393,395600
2001-10-25,7.133255958557129,7.133255958557129,6.917804648513316,6.917804648513316,92600
2001-10-26,7.270832538604736,7.2734283968322755,7.148830172566335,7.151425535684544,538200
2001-10-29,7.203341484069824,7.333131420719731,7.203341484069823,7.268236452394778,2189600
2001-10-30,6.961930751800537,7.094316520528304,6.961930751800537,7.073550154557823,152800
2001-10-31,6.972314834594727,7.099508899951469,6.910015730855257,7.0086558546654345,649800
2001-11-01,7.0787434577941895,7.081339316011477,6.865888035069852,6.9541452340203325,657000
2001-11-02,6.886656761169434,6.956742976570764,6.865890383437651,6.956742976570764,2228400
2001-11-05,6.845124244689941,6.969722515430743,6.832144948710994,6.969722515430743,767600
2001-11-06,6.803590297698975,6.839931827618326,6.684183757546799,6.800994933877811,460600
2001-11-07,6.832144737243652,6.894443870685782,6.728312848173438,6.800995418077339,4135600
2001-11-08,6.96452522277832,6.995675013086636,6.912609070634168,6.969716937014559,305600
2001-11-09,7.09951114654541,7.135852178116,7.042403245380858,7.060574256275575,1259800
2001-11-12,7.081340312957764,7.081340312957764,6.891846597292493,7.00865775796907,178800
2001-11-13,7.138444900512695,7.146232473188932,7.008654993230646,7.086528739556194,140200
2001-11-14,6.790609836578369,6.982698894458002,6.75167295236522,6.930783213876919,8383200
2001-11-15,6.447964191436768,6.676394265601896,6.229917054906301,6.671203044339227,9490400
2001-11-16,6.5673675537109375,6.580346838428079,6.312979514564017,6.453152818854618,8957800
2001-11-19,6.551797866821289,6.58035181970504,6.427199609871311,6.554393725729763,2116800
2001-11-20,6.793205738067627,6.839930197464235,6.689373881135912,6.7231190489727135,4105800
2001-11-21,6.704951286315918,6.9749147201886,6.637460427847747,6.795804384065746,1094800
2001-11-23,6.767248630523682,6.7880150049187415,6.56737196752785,6.619288151070208,101000
2001-11-26,6.6556267738342285,6.684180713959889,6.572561306315119,6.6582226315828565,615400
2001-11-27,6.660820484161377,6.743885976557532,6.556988618666184,6.6192877379633,829800
2001-11-28,6.505073070526123,6.629671816338236,6.505073070526123,6.580351489769055,1438200
2001-11-29,6.616691589355469,6.616691589355469,6.515455586824607,6.554392472789602,1604200
2001-11-30,6.582947254180908,6.642650519898082,6.538818645800947,6.601117770259227,740600
2001-12-03,6.671202659606934,6.730905909113759,6.507667069085619,6.549199807447697,288800
2001-12-04,6.764650821685791,6.775034253444639,6.627073816645994,6.69716000058111,992800
2001-12-05,6.904824256896973,6.938569420271586,6.85031222977271,6.904824256896972,2130800
2001-12-06,6.699758529663086,6.982700721477972,6.697162670688424,6.852910743401766,1747200
2001-12-07,6.7438836097717285,7.008655145194164,6.621881272520629,6.697159162919626,675800
2001-12-10,6.650436878204346,6.710140132987859,6.621882932390778,6.684182045440011,223800
2001-12-11,6.541413307189941,6.650436878813419,6.518051077905673,6.645245162281506,2426600
2001-12-12,6.556986331939697,6.556986331939697,6.473920868512338,6.541411681324371,607400
2001-12-13,6.450561046600342,6.554392914541495,6.411624158011084,6.466135703014165,118200
2001-12-14,6.515456676483154,6.813973512285187,6.43758239641994,6.463540489774345,521200
2001-12-17,6.499883651733398,6.603715556131305,6.4791167757442425,6.5154583136156905,110600
2001-12-18,6.585541248321533,6.595924185236754,6.515454567483959,6.515454567483959,268800
2001-12-19,6.736096382141113,6.736096382141114,6.544006883777111,6.588135472032214,460600
2001-12-20,6.704951286315918,6.790612665312144,6.6997595675623165,6.736101103727978,177400
2001-12-21,6.750821113586426,6.8264096978465085,6.750821113586426,6.8029512059829935,263600
2001-12-24,6.86290168762207,6.881147074068489,6.776887367839321,6.808165528282818,651400
2001-12-26,6.982800006866455,7.02450388508321,6.868114093195658,6.868114093195658,682400
2001-12-27,7.006259441375732,7.011472551510166,6.920245112755757,6.96716210966657,386800
2001-12-28,7.037538528442383,7.094881255996572,7.003654302421637,7.024506248545852,816400
2001-12-31,6.959342956542969,7.0505698983435225,6.959342956542969,7.0505698983435225,242000
2002-01-02,6.907212257385254,6.959342360074378,6.802952549156509,6.959342360074378,579800
2002-01-03,6.865505695343018,6.9593396447119495,6.831620992671209,6.922848388207749,619000
2002-01-04,6.896785259246826,6.933276525868655,6.842049105038255,6.933276525868655,1160600
2002-01-07,6.8941802978515625,7.298186872278603,6.8550824704590205,6.946309905792408,664200
2002-01-08,6.834232807159424,6.920247161240789,6.829020192631533,6.920247161240789,532000
2002-01-09,6.842050075531006,6.88896706987857,6.779494248784093,6.829017798056468,899600
2002-01-10,6.789918422698975,6.821196577513313,6.766459930875572,6.784705811187755,84400
2002-01-11,6.659594058990479,6.800345017748983,6.651774892714628,6.800345017748983,281800
2002-01-14,6.578793525695801,6.656988676426304,6.568367803888091,6.568367803888091,617400
2002-01-15,6.6856608390808105,6.729971282340938,6.664808895026019,6.6856608390808105,245800
2002-01-16,6.547516822814941,6.646563431678463,6.542303712572242,6.646563431678463,433000
2002-01-17,6.544910907745361,6.584008244089978,6.526665517261181,6.584008244089978,228400
2002-01-18,6.490174293518066,6.542304407180705,6.4849611827218805,6.529271630190241,371000
2002-01-22,6.443256855010986,6.552729688581177,6.0470699071303855,6.550123133359318,336000
2002-01-23,6.6257100105285645,6.633529674149072,6.482352990865392,6.482352990865392,600600
2002-01-24,6.716940879821777,6.743005941457794,6.59443523927741,6.633533080306285,265400
2002-01-25,6.789918422698975,6.79773808568991,6.714330335717547,6.763853873694664,940000
2002-01-28,6.6856608390808105,6.81598561371065,6.649170061272316,6.81598561371065,199600
2002-01-29,6.50320291519165,6.638740229241661,6.46149904976868,6.586610646037593,935400
2002-01-30,6.555336952209473,6.591828232109371,6.359849763790803,6.406766768555224,1155400
2002-01-31,6.711725234985352,6.711725234985351,6.612678634729411,6.63353057673853,780600
2002-02-01,6.748217105865479,6.763856437775997,6.670022434911256,6.716939436343627,517200
2002-02-04,6.568367004394531,6.711724017560322,6.5527276778623404,6.67262669552869,1271400
2002-02-05,6.524059772491455,6.5735828393446685,6.477142764188693,6.542305165242604,554600
2002-02-06,6.568367004394531,6.617890046964868,6.563153895550467,6.573579616089172,1516600
2002-02-07,6.492779731750488,6.557942114041962,6.471927789303198,6.542303281493875,1437000
2002-02-08,6.565762996673584,6.565762996673584,6.477142100548285,6.516239437744831,605800
2002-02-11,6.651777744293213,6.685661972696548,6.516239836380581,6.568369953931485,471800
2002-02-12,6.6204986572265625,6.683054491332296,6.604859822987523,6.643957157159909,151000
2002-02-13,6.659594058990479,6.675233385841046,6.563154029159148,6.568367138109337,319600
2002-02-14,6.714333534240723,6.758643984665492,6.651777691961573,6.651777691961573,1572800
2002-02-15,6.719543933868408,6.7768866418642295,6.690872331295776,6.6986919948563415,1111400
2002-02-19,6.659594058990479,6.740395756270108,6.620496736162927,6.698691878967463,1462800
2002-02-20,6.638745307922363,6.659597256585717,6.555337513268949,6.646564975102248,844400
2002-02-21,6.716940879821777,6.800348679337269,6.646565362549443,6.646565362549443,2423200
2002-02-22,6.901999950408936,6.938491225395166,6.761249452217818,6.769068620525926,3096800
2002-02-25,7.001047134399414,7.008866302793287,6.899393470932961,6.954130135437907,1593800
2002-02-26,6.964556217193604,7.011473218568009,6.920245771134399,6.998440939141604,1217600
2002-02-27,6.959342956542969,7.037537620129028,6.9228516826732,7.024505341914534,2418600
2002-02-28,6.94109582901001,7.029716697029692,6.941095829010009,7.011471311934368,827600
2002-03-01,7.040143013000488,7.066208062276152,6.964554419816012,7.03232334907295,897400
2002-03-04,7.19393253326416,7.19393253326416,7.089672742348717,7.128770101798271,1361600
2002-03-05,7.196535110473633,7.227812781876664,7.12355304861719,7.12355304861719,1382800
2002-03-06,7.334675788879394,7.384199326450585,7.175679953228833,7.246054930972799,690600
2002-03-07,7.389411926269531,7.4415415174108785,7.342494946237761,7.415476970414888,653400
2002-03-08,7.355530261993408,7.46760965017008,7.313826372971797,7.46760965017008,378200
2002-03-11,7.433721542358398,7.488457681666383,7.428508434667359,7.446753814436687,841800
2002-03-12,7.498887062072754,7.522345559434154,7.428511569988557,7.441543847567324,501400
2002-03-13,7.449364185333252,7.584902071853977,7.449364185333252,7.551017351649012,1234200
2002-03-14,7.44675874710083,7.480643472388208,7.37638323810364,7.480643472388208,236800
2002-03-15,7.500633239746094,7.545093079684785,7.453558056419744,7.479710991470577,3135800
2002-03-18,7.558166027069092,7.579088266290698,7.484938439206235,7.516321548625879,177200
2002-03-19,7.649705410003662,7.649705410003663,7.571247092508311,7.600014876216171,753400
2002-03-20,7.568630218505859,7.639242490444803,7.539861941788617,7.584321779067212,502000
2002-03-21,7.6104736328125,7.610473632812501,7.492785698235118,7.573859331596401,717600
2002-03-22,7.432634830474853,7.518939155612333,7.427404144387569,7.518939155612333,382000
2002-03-25,7.364640235900879,7.45617528227587,7.36464023590088,7.388177833506616,181200
2002-03-26,7.424787521362305,7.466632005195525,7.375097508576351,7.375097508576351,268000
2002-03-27,7.597396373748779,7.59739637374878,7.487554475627866,7.487554475627866,688600
2002-03-28,7.555551052093506,7.623548457575509,7.539859496620908,7.584319319481233,1387000
2002-04-01,7.607859134674072,7.6497036274308865,7.571245328218286,7.597397762072019,1032800
2002-04-02,7.702009201049805,7.720316103584262,7.647087994620752,7.654934023775097,988600
2002-04-03,7.534629821777344,7.662778622769007,7.503246706625633,7.662778622769007,1231000
2002-04-04,7.398635864257812,7.566013817036778,7.362021562968178,7.545091572939407,1313600
2002-04-05,7.314947128295898,7.427404388743887,7.299255568343484,7.427404388743887,708200
2002-04-08,7.427406787872314,7.490173546781979,7.372486060886056,7.45355972879114,482000
2002-04-09,7.320175170898437,7.568627191408266,7.280946035772021,7.369865674765506,1152800
2002-04-10,7.403867721557617,7.414329095379328,7.296641134013878,7.296641134013878,450600
2002-04-11,7.328028678894043,7.411717718958261,7.312336609762482,7.380334079521166,1214600
2002-04-12,7.087414741516113,7.218178849297497,7.069107846238796,7.218178849297497,1495800
2002-04-15,7.226024150848389,7.291406202697209,7.223409307740849,7.223409307740849,595000
2002-04-16,7.362020492553711,7.388173418579283,7.31756066795791,7.335867566528138,208800
2002-04-17,7.453557968139648,7.482326246237407,7.388175880699827,7.388175880699827,1371000
2002-04-18,7.49017333984375,7.524172311746658,7.453559522864476,7.524172311746658,243200
2002-04-19,7.524168968200684,7.532014497595124,7.409096381767872,7.432633967602438,236200
2002-04-22,7.450942039489746,7.537246368177824,7.414328233023804,7.50586324801436,996600
2002-04-23,7.432634830474853,7.474479321521772,7.328023602857558,7.354176534468301,667800
2002-04-24,7.299253463745117,7.398634478715784,7.299253463745116,7.343713286479246,670200
2002-04-25,7.351561546325684,7.393406039392669,7.246949814832512,7.304486366918897,1335800
2002-04-26,7.270485877990723,7.37509758751913,7.23910276419268,7.341098632274717,1270400
2002-04-29,7.22341251373291,7.294024781962366,7.202490267808314,7.270487192943984,204600
2002-04-30,7.283559799194336,7.322788925817562,7.262637565073588,7.262637565073588,120400
2002-05-01,7.328028678894043,7.343720249199577,7.210340654537468,7.231262914553523,556800
2002-05-02,7.382945537567139,7.385560881045531,7.304487228518429,7.35156241347796,655000
2002-05-03,7.40909481048584,7.453554629986147,7.359404306614788,7.443093261244655,101400
2002-05-06,7.155415058135986,7.380329076124582,7.142338342724873,7.364637516456933,606600
2002-05-07,7.1214141845703125,7.158028479063661,7.084800388902518,7.139721082404209,454400
2002-05-08,7.270485877990723,7.288793276336113,7.158029138251204,7.192027594670016,426000
2002-05-09,7.205106735229492,7.294026425147111,7.205106735229491,7.236490360599276,397600
2002-05-10,7.199872970581055,7.265255033703139,7.186796258661305,7.236486766305244,250600
2002-05-13,7.338483810424805,7.346329838843904,7.142337589378048,7.158029646216246,245800
2002-05-14,7.359406471252441,7.401250960875182,7.325408010493588,7.401250960875182,404800
2002-05-15,7.236489295959473,7.346331220354955,7.205105675206879,7.346331220354955,768000
2002-05-16,7.320175170898437,7.341097409554226,7.265254481486558,7.286176720142348,339800
2002-05-17,7.260027885437012,7.275719448558824,7.181569072176353,7.275719448558824,1022400
2002-05-20,7.210335254669189,7.24956440046707,7.194643696115168,7.2312574990164356,110600
2002-05-21,7.215566158294678,7.304485824161301,7.192028570340238,7.210335472343543,1359600
2002-05-22,7.335869312286377,7.338484655393879,7.1946442762610845,7.1946442762610845,1437200
2002-05-23,7.398635864257812,7.409096736893674,7.301870173541443,7.36986759156431,481400
2002-05-24,7.317564010620117,7.385561449817597,7.29402641632769,7.385561449817597,347800
2002-05-28,7.260027885437012,7.343716887187742,7.252181854463206,7.343716887187742,372400
2002-05-29,7.192028999328613,7.215566588687017,7.108340014421264,7.163260723707076,220200
2002-05-30,7.053417682647705,7.155414053227239,7.0037276675410185,7.108338882009857,505200
2002-05-31,7.155415058135986,7.218181795632271,7.082186948310812,7.082186948310812,656800
2002-06-03,6.930499076843262,7.126645277131278,6.930499076843261,7.126645277131278,143600
2002-06-04,6.930499076843262,6.982804929783632,6.8546556399622816,6.930499076843261,298600
2002-06-05,6.904348850250244,6.904348850250245,6.818044508328083,6.841582101472834,490000
2002-06-06,6.831122398376465,6.995885079838821,6.802354113190234,6.982808858659188,111400
2002-06-07,6.901732444763184,6.917424503662412,6.799736556046708,6.828504831869592,337400
2002-06-10,6.773581981658936,6.87819318817064,6.752659740356595,6.872963001964239,167000
2002-06-11,6.671586036682129,6.828503093957782,6.668970694197885,6.812811039052316,250600
2002-06-12,6.765735149383545,6.776196018606432,6.671584832250147,6.705583280756382,123600
2002-06-13,6.757892608642578,6.849427630971883,6.7029713957147,6.752661921920735,494800
2002-06-14,6.750045299530029,6.750045299530029,6.603589590849692,6.682047881507748,211000
2002-06-17,6.925269603729248,6.93311563269106,6.807582162256095,6.815427692392237,834800
2002-06-18,6.891273021697998,6.948809086630205,6.878196303195812,6.925271492152074,530400
2002-06-19,6.8232741355896,6.933116053595027,6.802351889246933,6.865118628274934,106600
2002-06-20,6.810200214385986,6.922657014620655,6.807584870358314,6.8677362865171565,1229200
2002-06-21,6.7670512199401855,6.851245127023311,6.698643952715804,6.788099571252896,525200
2002-06-24,6.827561378479004,6.8512408215541605,6.738105816157737,6.767046967380289,514200
2002-06-25,6.798619747161865,6.940695904235104,6.788095327169494,6.91964756608233,878400
2002-06-26,6.801249980926514,6.803881085587564,6.696008303643994,6.7617844146745565,249600
2002-06-27,6.835452079772949,6.835452079772948,6.73021042186044,6.835452079772948,563600
2002-06-28,6.893340110778809,6.951222936997481,6.853874022805187,6.853874022805187,538800
2002-07-01,6.827561378479004,6.932803068906387,6.827561378479004,6.909123625831231,120800
2002-07-02,6.693378448486328,6.8828135029581325,6.672330109100573,6.867027373876814,143000
2002-07-03,6.735473155975342,6.77756982242635,6.630231489847821,6.696007593906503,147000
2002-07-05,6.893340110778809,6.8986018209207565,6.78809787862536,6.78809787862536,70800
2002-07-08,6.809144496917725,6.903862281089003,6.7933583668331865,6.874920624407328,129600
2002-07-09,6.724950313568115,6.835454214342256,6.664436404100171,6.790726433032914,327800
2002-07-10,6.438167095184326,6.6907476824471575,6.414487649446186,6.6907476824471575,335200
2002-07-11,6.314510822296143,6.425014781759614,6.259259093480523,6.393442006841951,1210800
2002-07-12,6.2013750076293945,6.332927300542473,6.132967755094733,6.322403378062157,979000
2002-07-15,6.064557552337647,6.1355958763924505,5.804084199301959,6.090868098487418,358600
2002-07-16,5.972472190856934,6.067189467075701,5.880385517955581,5.954054454811067,560600
2002-07-17,6.038251876831055,6.204007584388325,5.988261853160774,6.204007584388325,548600
2002-07-18,5.998781681060791,6.159275567431842,5.977733343654091,6.051402775493513,208200
2002-07-19,5.630438804626465,5.956688475350111,5.630438804626465,5.906698958540882,1263200
2002-07-22,5.285768508911133,5.688318503269469,5.262089067958765,5.643590726118544,10565400
2002-07-23,5.209472179412842,5.417325106166861,5.164744366176682,5.314714447144273,2086200
2002-07-24,5.554135322570801,5.580445367159185,5.098964224445546,5.104226434095996,5555400
2002-07-25,5.530459403991699,5.643594474386065,5.4120621205947455,5.525197190989112,691400
2002-07-26,5.604122638702393,5.606753742508791,5.469939857398272,5.501512099411569,225000
2002-07-29,5.927746295928955,5.927746295928954,5.6909517753446135,5.735679573473639,358800
2002-07-30,5.835659980773926,5.911960052153894,5.764621619886508,5.877756675707465,285800
2002-07-31,5.938270568847656,5.956687810018391,5.7646215780490415,5.830397726134341,288400
2002-08-01,5.588340759277344,5.898804218431438,5.588340759277344,5.8356591846456745,291000
2002-08-02,5.525195598602295,5.659378980502489,5.435740010668832,5.643592847876616,349800
2002-08-05,5.319972991943359,5.577815792185889,5.293662942505899,5.512039664928187,257200
2002-08-06,5.512038707733154,5.6041248684370615,5.419952045197309,5.419952045197309,119800
2002-08-07,5.590972423553467,5.596234635685944,5.419954543905325,5.577817395054445,285800
2002-08-08,5.827765464782715,5.827765464782715,5.596233690223991,5.596233690223991,232600
2002-08-09,5.933003902435303,5.959314442283562,5.693578943296575,5.743568918825087,305200
2002-08-12,5.919850826263428,5.975102526429207,5.785667480648288,5.814609134162917,328600
2002-08-13,5.830397129058838,5.97773554516836,5.830397129058838,5.893542164534348,209400
2002-08-14,6.059296607971191,6.064558316398515,5.840919900529547,5.922482152220959,335600
2002-08-15,6.23031759262085,6.235579805554108,6.090871960882961,6.119813630183639,479800
2002-08-16,6.130335807800293,6.1829569184776245,6.093501331425423,6.1829569184776245,358400
2002-08-19,6.180323123931885,6.219788688853834,6.056664220021278,6.10402309866037,1369600
2002-08-20,6.025092124938965,6.143489334465952,5.933005462177081,6.143489334465952,614600
2002-08-21,6.038251876831055,6.064561940184822,5.91985458440994,6.030358556725551,230800
2002-08-22,6.209266662597656,6.251363344906898,6.038248827987355,6.098762746077886,388800
2002-08-23,6.109287261962891,6.196111740428169,6.0987633412745375,6.151383948380475,1290800
2002-08-26,6.1908488273620605,6.235576610713684,6.080344921542284,6.156644962652707,174200
2002-08-27,6.188217639923096,6.311876567858701,6.140858752082911,6.277673205436336,1660600
2002-08-28,6.040881156921387,6.1434922884609255,5.99352275217104,6.1434922884609255,316800
2002-08-29,5.988257884979248,6.03824787552314,5.888277903891463,5.988257884979247,413400
2002-08-30,6.0277252197265625,6.140860256883316,5.946162949477411,5.977735214552906,291000
2002-09-03,5.78830099105835,6.119812835311554,5.748835402849388,5.893542726892975,177800
2002-09-04,5.775146961212158,5.83829201363534,5.604128546338075,5.76988474805216,1249000
2002-09-05,5.785666942596436,5.814608593419568,5.688318574643596,5.72252193320845,516600
2002-09-06,5.880386352539063,5.9382691685452,5.827765245746525,5.880386352539062,421000
2002-09-09,5.872491836547852,5.904064594541233,5.809346822393054,5.867229626576961,206600
2002-09-10,5.998781681060791,5.99878168106079,5.8909088891224615,5.8909088891224615,228600
2002-09-11,5.96721076965332,6.077714691381422,5.9619485586586345,6.061928560229425,140800
2002-09-12,5.819875240325928,5.967213707901988,5.819875240325928,5.956689280730401,422800
2002-09-13,5.883017063140869,5.914589323631324,5.756726515682951,5.7830370673130185,258600
2002-09-16,5.925114154815674,5.943531391680906,5.848813599994495,5.859338022107237,195600
2002-09-17,5.733049392700195,5.830397812278742,5.712000543243004,5.830397812278742,271000
2002-09-18,5.748833179473877,5.801453776123952,5.667270928475468,5.735677653937368,272600
2002-09-19,5.585709095001221,5.748834125678898,5.585709095001221,5.6830579926661695,121000
2002-09-20,5.626713275909424,5.687556785542817,5.581741876492288,5.661102932138864,230000
2002-09-23,5.594965934753418,5.647873616822147,5.526186149890091,5.616128906667899,323400
2002-09-24,5.433602809906006,5.552644432944317,5.433602809906006,5.552644432944317,552000
2002-09-25,5.581742286682129,5.608196142030118,5.4256650951508485,5.502380720638161,889000
2002-09-26,5.817178249359131,5.819823684308904,5.629356909011331,5.629356909011331,718000
2002-09-27,5.708719730377197,5.883314455321033,5.687556748704165,5.793371657069326,648600
2002-09-30,5.5976104736328125,5.65051814723572,5.4970864992652535,5.608192210179382,744000
2002-10-01,5.774853706359863,5.788080379766339,5.592322686872051,5.60819530043812,232400
2002-10-02,5.711365699768066,5.91241429672842,5.687557280090832,5.698139024198639,673600
2002-10-03,5.748400688171387,5.838343493154689,5.671685063076994,5.714011029590863,505400
2002-10-04,5.650520324707031,5.793370291179257,5.6029035010279005,5.774852749651854,213400
2002-10-07,5.579097270965576,5.745755714451279,5.579097270965575,5.708720616913426,372000
2002-10-08,5.518250942230225,5.621420378300555,5.446825715151487,5.594966534430825,885200
2002-10-09,5.409790992736816,5.534123411177869,5.396563817648318,5.446826073854335,1238800
2002-10-10,5.536768913269043,5.536768913269043,5.341011260674071,5.415081423806408,1000600
2002-10-11,5.629356861114502,5.676973176109914,5.549995326991909,5.600257581479706,430600
2002-10-14,5.785437107086182,5.788082038873427,5.616132712475106,5.655813248633889,634600
2002-10-15,5.960029602050781,5.962675037396833,5.647875295129465,5.912412774952248,321600
2002-10-16,5.867444038391113,5.983840723464325,5.830408935917313,5.9441596798819045,359400
2002-10-17,5.9917731285095215,6.002354868677695,5.915057530550833,5.952092612009156,939000
2002-10-18,5.986484527587891,6.047328547487382,5.925641012253733,5.957385740225873,281600
2002-10-21,6.015582084655762,6.044681368191045,5.922993868051376,5.928284738615098,240200
2002-10-22,5.846281051635742,5.952095990554741,5.766919469022422,5.952095990554741,582400
2002-10-23,5.941510677337647,5.952092417159413,5.774852311665839,5.801306156655128,446000
2002-10-24,5.843634128570557,6.005002184726122,5.806599035511364,5.975902894713728,1095800
2002-10-25,5.753692150115967,5.780146008041069,5.706075306763858,5.780146008041069,282800
2002-10-28,5.743109226226807,5.846279200500377,5.676974847272199,5.748400097638839,1099000
2002-10-29,5.576450824737549,5.637294332405245,5.50238013851257,5.637294332405245,1181000
2002-10-30,5.761624813079834,5.796014453425974,5.669036621211693,5.679617854947023,1003200
2002-10-31,5.700783729553223,5.859506352917682,5.639940217042528,5.848925113794883,1243600
2002-11-01,5.851569652557373,5.851569652557373,5.700782855512236,5.700782855512236,755200
2002-11-04,5.753692150115967,5.875379190179914,5.740465473436102,5.867443385998144,315200
2002-11-05,5.872732639312744,5.872732639312744,5.7193009111285855,5.753690563753813,189200
2002-11-06,5.925639152526856,5.952093000107033,5.793370419191144,5.912412481019355,466800
2002-11-07,5.814534187316895,5.95209380979447,5.780144533980123,5.885959434130087,755600
2002-11-08,5.7801432609558105,5.859504292448423,5.7801432609558105,5.859504292448423,331400
2002-11-11,5.708719730377197,5.8330521846356005,5.700783423037829,5.753691129503051,312800
2002-11-12,5.690201282501221,5.774853195774744,5.674329174903736,5.761626523537707,75600
2002-11-13,5.563223361968994,5.727236316302727,5.50237935836274,5.700782467504164,595200
2002-11-14,5.743109226226807,5.7563364047568895,5.618776775435641,5.618776775435641,1208000
2002-11-15,5.788081169128418,5.788081169128418,5.703429236825784,5.7404648356321735,602600
2002-11-18,5.793370723724365,5.825115443402301,5.74310846113647,5.817179137341516,131400
2002-11-19,5.793370723724365,5.862150529222223,5.7616265086116325,5.803952465138745,124200
2002-11-20,5.907123565673828,5.917705310034214,5.772209352470958,5.772209352470958,318000
2002-11-21,5.95209550857544,5.9679676219866655,5.885961114035712,5.95209550857544,379600
2002-11-22,5.82511568069458,5.91241303265855,5.819824809771862,5.91241303265855,580600
2002-11-25,5.872732639312744,5.891250183385193,5.780144414385268,5.801307393977385,151000
2002-11-26,5.761624813079834,5.833049528347209,5.75104307477945,5.833049528347209,164000
2002-11-27,5.864796161651611,5.88595914062631,5.782789681195304,5.806598095612492,372800
2002-11-29,5.936221599578857,5.946802837130605,5.883313898124416,5.915058619910128,135000
2002-12-02,5.954740047454834,5.981193902196892,5.893896534743818,5.960030919316308,484200
2002-12-03,6.012935161590576,6.071133714261049,5.975900085938504,6.0102897269632765,788200
2002-12-04,5.960029602050781,5.997064687765107,5.930930317809411,5.975901709561892,962400
2002-12-05,5.9997100830078125,6.015582190412831,5.946802385570822,5.994419212351074,253600
2002-12-06,6.057907581329346,6.076425122335034,5.930929724805928,5.941510960566971,1423800
2002-12-09,5.95209550857544,6.1240448334656525,5.95209550857544,6.0314565801969575,525600
2002-12-10,6.044680118560791,6.04468011856079,5.92563807831281,5.965318590207109,810400
2002-12-11,6.012935161590576,6.044679872553113,5.944155374975967,5.978545520565803,827000
2002-12-12,6.065843105316162,6.089651513418513,6.010289984888981,6.010289984888981,315600
2002-12-13,6.049971580505371,6.102878766690617,6.023517735130181,6.057907380922334,347800
2002-12-16,6.153139591217041,6.158430459974441,6.060551406222601,6.060551406222601,1204800
2002-12-17,6.089652061462402,6.184885197877317,6.073779451588975,6.158431857218531,413200
2002-12-18,6.039392948150635,6.084364357059341,5.989130666531399,6.026166270939706,385600
2002-12-19,5.978546142578125,6.0579071713936505,5.9679644029679935,5.999709117233273,1681800
2002-12-20,6.099798679351807,6.099798679351807,5.9907787809404764,6.01471002763256,517200
2002-12-23,6.126388072967529,6.145001149288782,6.08650232980108,6.129046649154886,247800
2002-12-24,6.097138404846191,6.115751480378682,6.078525329313702,6.115751480378682,135600
2002-12-26,6.028005599975586,6.123730597235869,6.014710686875402,6.0944811798133545,394600
2002-12-27,5.897714138031006,6.054596563345764,5.892395969370188,6.043960226024129,947200
2002-12-30,5.926963806152344,5.98812122680174,5.903032553347189,5.942917805632948,496200
2002-12-31,5.9375996589660645,5.940258743417531,5.836556985652849,5.932281490063132,459000
2003-01-02,6.0625715255737305,6.070548776218067,5.961528886587111,5.969506137231448,151400
2003-01-03,6.051935195922852,6.08916134816805,6.030663036472983,6.08916134816805,86200
2003-01-06,6.1024556159973145,6.134363595581193,6.059911305106683,6.06256988076518,237600
2003-01-07,5.903031349182129,6.0492774134532,5.881759185157821,6.0492774134532,900400
2003-01-08,5.847190856933594,5.9030305973658415,5.828577779178955,5.9030305973658415,1420800
2003-01-09,5.921643257141113,5.953551243277316,5.868462604023048,5.903030180700279,1232600
2003-01-10,5.873784065246582,5.942918750208894,5.865806810654115,5.871124980382426,431200
2003-01-13,5.85250997543335,5.895054304979445,5.820601474689572,5.895054304979445,993600
2003-01-14,5.876441955566406,5.900373207310561,5.836556705048975,5.900373207310561,134200
2003-01-15,5.895055294036865,5.91898654681772,5.849851872913972,5.87112404125601,1504600
2003-01-16,5.953552722930908,5.990779392232924,5.924303812898123,5.924303812898123,1024200
2003-01-17,5.908350467681885,5.9615311444490455,5.889737382963935,5.932281721510255,355200
2003-01-21,5.770078659057617,5.841871876520862,5.764760492677151,5.841871876520862,418800
2003-01-22,5.754122734069824,5.801985205297385,5.650421051188867,5.714237510436236,332200
2003-01-23,5.770078659057617,5.788691734220986,5.716898009589481,5.751465076725987,391000
2003-01-24,5.669035911560059,5.775396710552422,5.639786501649048,5.738170557697168,469400
2003-01-27,5.490882396697998,5.626492630635549,5.440360817662035,5.605220466910152,1924400
2003-01-28,5.583949089050293,5.607880340005414,5.528109841600651,5.544063839847912,557200
2003-01-29,5.764760971069336,5.799328041074412,5.589265523296453,5.597242266360847,696600
2003-01-30,5.674354076385498,5.849849521455705,5.674354076385497,5.78337395871189,2020400
2003-01-31,5.788690567016602,5.79134964967067,5.615854251847452,5.639784981397747,1263400
2003-02-03,5.833897113800049,5.849851111187034,5.743490283326411,5.7966704436725065,1023800
2003-02-04,5.873784065246582,5.911010239007604,5.730196525593645,5.7886953782679145,782200
2003-02-05,5.831239223480225,5.926964241735852,5.825921054206349,5.926964241735852,667600
2003-02-06,5.80730676651001,5.849851097555118,5.756785183205782,5.8232607638598175,467600
2003-02-07,5.754122734069824,5.849847676524945,5.732850580987368,5.849847676524945,1319400
2003-02-10,5.828577041625977,5.828577041625976,5.754124232860409,5.775396391483676,690000
2003-02-11,5.791349411010742,5.887073846771618,5.764759092734001,5.871119858672829,1050600
2003-02-12,5.690309524536133,5.796670350690668,5.6743555274050586,5.796670350690668,254600
2003-02-13,5.663718700408936,5.695627199074439,5.599902210246309,5.684990863796477,726600
2003-02-14,5.708921909332275,5.738171323145035,5.634469593690144,5.66371850033454,686400
2003-02-18,5.801987648010254,5.825918893699402,5.743489329196974,5.75678424028279,172000
2003-02-19,5.796670913696289,5.841874332598432,5.775398746399308,5.8179430809932695,104600
2003-02-20,5.783376216888428,5.868464889277298,5.783376216888428,5.86048814322115,802200
2003-02-21,5.911005973815918,5.934937213156728,5.79135028428008,5.79135028428008,4496000
2003-02-24,5.961529731750488,6.004074060215116,5.911008151510592,5.9296212318178165,872800
2003-02-25,5.929618835449219,6.070547183514422,5.887074524178251,6.033321037944374,883000
2003-02-26,5.9455766677856445,6.004075001806431,5.916327247191012,5.9455766677856445,651600
2003-02-27,5.911005973815918,6.004071848233713,5.892392900366002,5.996094599397372,567600
2003-02-28,5.9588727951049805,6.004076223783752,5.921646621076081,5.921646621076081,445800
2003-03-03,5.98014497756958,6.009394404168875,5.945577888362891,5.945577888362891,253400
2003-03-04,5.950893878936768,5.998756379135387,5.937598965400903,5.9960972949945255,3145400
2003-03-05,6.004074096679688,6.004074096679688,5.940257603595168,5.961529767956675,826600
2003-03-06,6.0093913078308105,6.0226862182519705,5.95886973532742,6.004073140795017,306800
2003-03-07,6.0093913078308105,6.028004385287764,5.940256657870467,5.96684698588111,2526800
2003-03-10,5.948233604431152,6.030663160599974,5.93759727090315,5.982800674060562,807400
2003-03-11,5.889734745025635,6.00407279384649,5.879098918736968,5.982800634100863,106800
2003-03-12,5.796670913696289,5.823261249609633,5.703605498752293,5.823261249609633,6548800
2003-03-13,5.820602893829346,5.860488656275847,5.775399469269376,5.849852317711837,1700800
2003-03-14,5.796670913696289,5.841874332598432,5.775398746399308,5.804648166620834,1989800
2003-03-17,5.8711256980896,5.908351876401281,5.817945008642647,5.817945008642647,1367600
2003-03-18,5.9828033447265625,5.9828033447265625,5.801989651383418,5.876442497809573,973400
2003-03-19,5.990777969360352,6.014709212810433,5.934938232254063,6.004072879202263,834600
2003-03-20,6.04927921295166,6.0758695526840585,5.942918361190616,5.982803617204939,2105000
2003-03-21,5.9821858406066895,6.057030175093856,5.968821017586094,6.032973085788528,220200
2003-03-24,5.893977165222168,6.019608755167749,5.880612341108338,5.990205530314892,1154800
2003-03-25,5.947438716888428,6.019610005701069,5.931400822652996,5.944765649543278,772800
2003-03-26,5.960797309875488,5.987527445536688,5.926048490400381,5.987527445536688,720200
2003-03-27,6.008914947509766,6.054356051616606,5.936743692192684,5.947435956610872,1686600
2003-03-28,6.062375545501709,6.097124386884543,6.006242174239895,6.006242174239895,829600
2003-03-31,5.966147422790527,6.027626418978618,5.960801290121492,6.027626418978618,871200
2003-04-01,6.0784125328063965,6.089104796162262,5.97416551426259,5.97416551426259,661400
2003-04-02,6.065047740936279,6.065047740936279,6.01426050943608,6.059701609234115,651200
2003-04-03,5.952780246734619,6.073065125205754,5.934069299628114,6.0650464392087216,2745000
2003-04-04,5.984858512878418,5.995550778458712,5.96080142515804,5.968820624343261,284600
2003-04-07,5.939417362213135,6.040991845173028,5.918033341037675,6.040991845173028,545200
2003-04-08,5.867247104644775,5.901995950799801,5.8458630816643,5.880611927819325,447800
2003-04-09,5.864573001861572,5.928725059468302,5.8512076712131496,5.899321841877005,797200
2003-04-10,5.944763660430908,5.944763660430908,5.8832846615696806,5.907341749791082,1190800
2003-04-11,5.910013198852539,5.936742836374307,5.869917722899576,5.920704951894215,88600
2003-04-14,5.939417362213135,5.95545576047119,5.883284497815784,5.92337947379036,502600
2003-04-15,5.923379898071289,5.944763920778446,5.885957985792591,5.934072164342527,271800
2003-04-16,5.843189716339111,5.931398870353444,5.835170516943155,5.91268791493151,6234800
2003-04-17,5.960797309875488,5.963470374425101,5.829820205954037,5.861896470714463,798400
2003-04-21,5.958129405975342,5.995551319210971,5.9340723160852,5.968821162684666,847600
2003-04-22,6.040988922119141,6.067719063113369,5.920703542562628,5.958125943888562,391200
2003-04-23,6.040988922119141,6.081083878692966,5.98218250996483,6.073064683444188,980800
2003-04-24,6.019606590270996,6.067720755513537,5.99822257347822,6.011587392785514,382200
2003-04-25,5.944763660430908,5.987531703972223,5.91268788269257,5.987531703972223,715000
2003-04-28,5.971493721008301,6.03029965249216,5.955455832391847,5.95812889880047,807600
2003-04-29,5.88862943649292,5.971492438015748,5.864572353819328,5.971492438015748,461600
2003-04-30,5.9153594970703125,5.934070959245034,5.880610658416256,5.880610658416256,102200
2003-05-01,5.944763660430908,5.966147682201565,5.875265462217449,5.966147682201565,882200
2003-05-02,6.03831672668457,6.062373806060613,5.966145488556442,5.966145488556442,910800
2003-05-05,6.0757365226745605,6.086428780848975,6.024949825850888,6.062371709791474,853000
2003-05-06,6.067723751068115,6.107818738619536,6.027628253681267,6.091780845566054,1084400
2003-05-07,6.107815265655518,6.139891033523885,6.00891387675192,6.054354972761389,1107400
2003-05-08,6.115834712982178,6.161275814640562,6.067721055198479,6.075739743244828,328000
2003-05-09,6.155928134918213,6.174639080552442,6.089103037747375,6.131871059149908,644200
2003-05-12,6.185329914093018,6.228097929155765,6.126524020840479,6.147908028371853,3372800
2003-05-13,6.254829406738281,6.292251810315815,6.174639488765829,6.174639488765829,1070600
2003-05-14,6.281561374664307,6.286907506705323,6.21473625365724,6.260177356335454,518200
2003-05-15,6.284233570098877,6.308290651115492,6.257503423432067,6.308290651115492,1561800
2003-05-16,6.30561637878418,6.329673455197087,6.254829160819707,6.31630812950378,2015800
2003-05-19,6.241466045379639,6.297598899079164,6.236119913645823,6.294925833212256,348800
2003-05-20,6.217406749725342,6.25482863887377,6.185330480573117,6.252155573958167,529000
2003-05-21,6.401847839355469,6.4152126618001,6.1986993772182295,6.1986993772182295,2504400
2003-05-22,6.3884806632995605,6.41788387599406,6.375115844712142,6.401845991722128,479200
2003-05-23,6.447288513183594,6.471345089989094,6.359079365445889,6.393828207351843,1458200
2003-05-27,6.575592041015625,6.586283795314401,6.415211647852276,6.425903911986266,633000
2003-05-28,6.498074531555176,6.580938047506775,6.482036645495437,6.564899651611831,1008400
2003-05-29,6.436594486236572,6.527476675372809,6.4152104717242295,6.527476675372809,974200
2003-05-30,6.543518543243408,6.567575637947904,6.45263629876763,6.463328567452042,995800
2003-06-02,6.578264236450195,6.647762414617766,6.55420715516776,6.575591170770464,1196600
2003-06-03,6.62637996673584,6.62637996673584,6.535497751463941,6.5809388590998905,1142600
2003-06-04,6.669149875640869,6.682514701108923,6.591632460387008,6.639746647808659,1109600
2003-06-05,6.634398460388184,6.655782480420114,6.591630420324323,6.655782480420114,316800
2003-06-06,6.621035575866699,6.717263439241695,6.591632348533432,6.642419602153965,492600
2003-06-09,6.610343456268311,6.621035724569784,6.564902335657874,6.588959429500776,309800
2003-06-10,6.6504340171813965,6.655780147774539,6.59430117545863,6.60766599210641,140400
2003-06-11,6.842893600463867,6.845566666916953,6.661129160336398,6.695878004555922,2024400
2003-06-12,6.781414031982422,6.896352820799706,6.71458890577376,6.882987999492075,421200
2003-06-13,6.669149875640869,6.762704673588066,6.61301648703714,6.762704673588066,1439000
2003-06-16,6.66112756729126,6.682511583966545,6.58093763221773,6.682511583966545,877600
2003-06-17,6.596975326538086,6.666473506182274,6.57559131048104,6.621032408331657,192600
2003-06-18,6.556883811950684,6.61836282675016,6.527480583205096,6.575594772121357,360200
2003-06-19,6.591633796691895,6.642421061470209,6.548865734721372,6.572922833309231,415200
2003-06-20,6.566919326782227,6.620636149241572,6.5508038189866,6.620636149241572,2419400
2003-06-23,6.548116207122803,6.574974867547785,6.510514389899631,6.553488041665067,361400
2003-06-24,6.542750835418701,6.577666767126353,6.532007156562928,6.569609007984524,113600
2003-06-25,6.55349063873291,6.655553486336828,6.526631967664168,6.580349309801655,142000
2003-06-26,6.523946762084961,6.585721348840721,6.502459414740464,6.540061760306777,843200
2003-06-27,6.4997735023498535,6.553490329667492,6.480972074887838,6.521260335734212,180800
2003-06-30,6.459482669830322,6.534686812878284,6.459482669830323,6.526629061459687,185600
2003-07-01,6.45411491394043,6.475601750642531,6.360109811261261,6.416512565496805,446600
2003-07-02,6.446054935455322,6.467541764748717,6.40576719456601,6.424568106161928,280400
2003-07-03,6.435312747955322,6.459485500517826,6.392339079463435,6.446056421221563,319600
2003-07-07,6.392338275909424,6.459484688523122,6.381595116280199,6.459484688523122,1385400
2003-07-08,6.38159704208374,6.413827042984084,6.349366528896769,6.352052447686236,483200
2003-07-09,6.446054935455322,6.46485584705124,6.384280365272616,6.432625859254358,292800
2003-07-10,6.349367141723633,6.446058178330324,6.292964378560847,6.446058178330324,486800
2003-07-11,6.368168354034424,6.400398871806318,6.311765588291983,6.319823345806633,533200
2003-07-14,6.311762809753418,6.403081972239152,6.290275978126568,6.403081972239152,259400
2003-07-15,6.258044719696045,6.325191124466546,6.231186567616976,6.271474308021993,1077000
2003-07-16,6.1989569664001465,6.279532458888822,6.177470134250734,6.249988384862434,210600
2003-07-17,6.2392425537109375,6.284902120264901,6.164038923353568,6.19895482140716,370200
2003-07-18,6.38159704208374,6.408455717691779,6.258047339201416,6.258047339201416,323400
2003-07-21,6.346681118011475,6.438000315014805,6.317137033536281,6.424571232279415,330400
2003-07-22,6.330566883087158,6.378912406449283,6.284907279054789,6.325195044427649,252800
2003-07-23,6.295649528503418,6.378910959694975,6.225817178628153,6.378910959694975,1113600
2003-07-24,6.236557960510254,6.354735777670118,6.220442966625042,6.325191195308547,404000
2003-07-25,6.292962551116943,6.292962551116943,6.204329297395009,6.204329297395009,1789000
2003-07-28,6.266103267669678,6.301019177174084,6.239244599896647,6.2849041814248565,915400
2003-07-29,6.177472114562988,6.276849065290346,6.166728438900938,6.231189468299935,899000
2003-07-30,6.185525894165039,6.209698636575508,6.155981317377505,6.177468142599443,280200
2003-07-31,6.2311882972717285,6.335936553858102,6.204329625450809,6.24461737703891,1229800
2003-08-01,6.2150702476501465,6.244614825811422,6.166724760581275,6.244614825811422,857200
2003-08-04,6.1506123542785645,6.198957861668539,6.104952765330984,6.180156944858341,503600
2003-08-05,6.123752593994141,6.209700432018758,6.123752593994141,6.164040851184559,1512600
2003-08-06,6.2311882972717285,6.24461737703891,6.110324530220868,6.110324530220868,592400
2003-08-07,6.386966705322266,6.386966705322266,6.220443383071926,6.231187054572281,980000
2003-08-08,6.405770301818848,6.432628979535558,6.346681108384749,6.432628979535558,1307400
2003-08-11,6.435312747955322,6.48634417139689,6.4138259137093785,6.4326273419253,605400
2003-08-12,6.4809746742248535,6.48366059351096,6.408456902646876,6.448744667365024,2039000
2003-08-13,6.475600719451904,6.523946222404626,6.46754296486428,6.513202549621126,437000
2003-08-14,6.4997735023498535,6.534689414491992,6.459485241503479,6.534689414491992,1479400
2003-08-15,6.521263122558594,6.5266344489852015,6.480974844495256,6.513205364488579,472800
2003-08-18,6.521263122558594,6.545435884481903,6.499776279991957,6.5266344489852015,213600
2003-08-19,6.491714477539063,6.537374053582778,6.4621698953088895,6.521259059769236,524600
2003-08-20,6.521263122558594,6.548121291551839,6.472917598711977,6.47828943742532,749600
2003-08-21,6.58303165435791,6.607204393968291,6.54542984264677,6.566916665379745,806800
2003-08-22,6.4809746742248535,6.607210319238235,6.480974674224854,6.607210319238235,722200
2003-08-25,6.4809746742248535,6.507833354799194,6.459487832222727,6.505147435513088,229000
2003-08-26,6.486345291137695,6.499774885038854,6.4084556956574845,6.480973453577233,516000
2003-08-27,6.513199806213379,6.545430298701644,6.505142055019738,6.5158857232779255,319800
2003-08-28,6.620637893676758,6.623323812350393,6.472915952633033,6.502460033469815,1065400
2003-08-29,6.6286940574646,6.634065893521539,6.5669194796692425,6.601835389466384,301200
2003-09-02,6.671667098999023,6.671667098999023,6.569604272583751,6.609892526966137,778600
2003-09-03,6.674354076385498,6.695840909733645,6.639437652015687,6.644809488424352,346800
2003-09-04,6.663609504699707,6.68509633514945,6.639436756407941,6.68509633514945,432000
2003-09-05,6.634067535400391,6.660925697759303,6.612580698141294,6.6582402913527,143400
2003-09-08,6.725384712219238,6.728070117823419,6.63406555308339,6.652866466031396,555200
2003-09-09,6.652870655059815,6.720017107745633,6.634069730273669,6.720017107745633,2343200
2003-09-10,6.58303165435791,6.655549873189052,6.580345737480506,6.652863956311648,1348800
2003-09-11,6.56960391998291,6.634064918620431,6.561546679368025,6.628693083352903,213400
2003-09-12,6.57766580581665,6.593780809458337,6.5293202826048615,6.593780809458337,233400
2003-09-15,6.534691333770752,6.57497909416337,6.529319495775292,6.558864092463657,437600
2003-09-16,6.545433044433594,6.561548041294627,6.513202538425012,6.553490286720854,143400
2003-09-17,6.459482669830322,6.545430481436412,6.446053596418976,6.54274456429688,338800
2003-09-18,6.486345291137695,6.50246029153246,6.416512939711553,6.446057534007474,751200
2003-09-19,6.545997142791748,6.545997142791748,6.481212078214009,6.492009331544002,346400
2003-09-22,6.508209228515625,6.548699849705133,6.478515866039102,6.524405374018192,355400
2003-09-23,6.545997142791748,6.554095468938687,6.510905425886861,6.554095468938687,112600
2003-09-24,6.57839298248291,6.648576448832153,6.559496879379168,6.572994095881841,650400
2003-09-25,6.51900577545166,6.591889194554715,6.519005775451659,6.572993607720469,223000
2003-09-26,6.459622383117676,6.505511906057738,6.41913174872735,6.505511906057738,408000
2003-09-29,6.492011547088623,6.494710990058849,6.424527017431295,6.459619261178123,190000
2003-09-30,6.492011547088623,6.532502676775902,6.4110303174462695,6.5001098759993,215600
2003-10-01,6.586489200592041,6.597286971176207,6.478514069080573,6.478514069080573,311400
2003-10-02,6.6296820640563965,6.632381507846952,6.548700809804786,6.5864919931400365,227200
2003-10-03,6.667474269866943,6.732259381173712,6.6431797887686175,6.648578161894458,1257600
2003-10-06,6.707964420318604,6.721461124467361,6.680970497154827,6.694467201303585,153800
2003-10-07,6.740358829498291,6.74035882949829,6.635083062505783,6.672874257863827,1158000
2003-10-08,6.694466590881348,6.737656658058682,6.653975967260873,6.707963808665648,617000
2003-10-09,6.672870635986328,6.71606069720052,6.653975048563388,6.707962882514199,461400
2003-10-10,6.721458911895752,6.759250597831266,6.69176606956953,6.694464997617839,456600
2003-10-13,6.7484540939331055,6.770049126439043,6.71066291576426,6.761950796174497,1082000
2003-10-14,6.721458911895752,6.732256683553353,6.670170526254327,6.721458911895752,1348600
2003-10-15,6.624281883239746,6.745753731461347,6.602686338809825,6.734956474112504,1112400
2003-10-16,6.694466590881348,6.707963808665648,6.648577080147153,6.653975967260873,227600
2003-10-17,6.6485772132873535,6.707963942995089,6.624283250521544,6.667473318563776,201600
2003-10-20,6.645880222320557,6.656677485046223,6.589192919695092,6.656677485046223,276000
2003-10-21,6.667474269866943,6.69446768009504,6.640480344772548,6.667474269866943,310400
2003-10-22,6.57839298248291,6.635079747195644,6.559496879379168,6.62698141729404,908800
2003-10-23,6.567597389221191,6.586492983730663,6.502812273103146,6.5594990566315605,212600
2003-10-24,6.564896106719971,6.564896106719971,6.516307154520749,6.519006597961393,259400
2003-10-27,6.537899494171143,6.591887311013677,6.527102239722223,6.55949451793496,485000
2003-10-28,6.556797504425049,6.57299364825913,6.510908001173377,6.559496432675621,572400
2003-10-29,6.543300628662109,6.610785165486017,6.5352022988914245,6.570294546364903,480600
2003-10-30,6.454223155975342,6.572996123506897,6.413732523709179,6.532505491240735,688400
2003-10-31,6.554098606109619,6.581092009788172,6.470417407134356,6.483914623839804,303000
2003-11-03,6.513607501983643,6.586490927942808,6.486614098176107,6.564895895977075,557600
2003-11-04,6.492011547088623,6.529803233805677,6.481214290073824,6.494710990058849,307600
2003-11-05,6.510910511016846,6.521707772779681,6.473118807681102,6.505511622702264,748000
2003-11-06,6.51900577545166,6.543300248486012,6.473116272483009,6.50550907481752,273600
2003-11-07,6.535200595855713,6.564893949077485,6.521703897954556,6.54329892351602,438000
2003-11-10,6.524405002593994,6.5756933944429,6.5082088580134485,6.546000033656773,197400
2003-11-11,6.521707057952881,6.548700981700731,6.49201369034362,6.548700981700731,445400
2003-11-12,6.559496879577637,6.570294652780103,6.505509558163804,6.505509558163804,480800
2003-11-13,6.618881702423096,6.637777285237023,6.559494996589589,6.559494996589589,278400
2003-11-14,6.632381916046143,6.670173101707304,6.60808743530217,6.635081360002839,939000
2003-11-17,6.564896106719971,6.597288913141515,6.521706041402038,6.5864911393789365,289000
2003-11-18,6.51900577545166,6.575693050820522,6.502809631717467,6.572993607720469,531800
2003-11-19,6.535200595855713,6.54329892351602,6.492010544732784,6.513605570294248,790200
2003-11-20,6.51900577545166,6.554098020886224,6.483914044883222,6.483914044883222,555800
2003-11-21,6.4704179763793945,6.53250414895424,6.4515223861955695,6.505510228034683,697200
2003-11-24,6.505509853363037,6.516307112189283,6.475816490575032,6.478515933998141,372800
2003-11-25,6.543300628662109,6.581091804526327,6.494711679770311,6.505509452797891,631000
2003-11-26,6.605389595031738,6.632383526286115,6.556801136613558,6.58379455300152,782200
2003-11-28,6.605389595031738,6.632383526286115,6.581095108389441,6.632383526286115,288600
2003-12-01,6.672870635986328,6.680968965538793,6.613484430533351,6.637778904324601,382000
2003-12-02,6.7187604904174805,6.732257707041431,6.6620737251954,6.672870983628391,1800800
2003-12-03,6.68096923828125,6.740355446158598,6.680969238281251,6.718760414669911,499400
2003-12-04,6.842931747436523,6.864526777396397,6.6728704359946525,6.6728704359946525,891600
2003-12-05,6.891521453857422,6.899619269194423,6.842932502370686,6.867226978114054,1163800
2003-12-08,6.967105865478516,6.977903642268973,6.883425154817814,6.910419081927621,1115000
2003-12-09,6.972503662109375,7.015693732775771,6.969804218334444,6.983301437209102,2118000
2003-12-10,6.977900981903076,7.010293270192027,6.950907065084859,7.004894898721295,2366800
2003-12-11,7.012993812561035,7.023791586927197,6.950908154554269,6.96440485764575,1062200
2003-12-12,7.0912766456604,7.099374462155237,7.012994320435261,7.04538713101338,635800
2003-12-15,7.002197265625,7.072381261548515,6.99409893402627,7.064282929949784,1375600
2003-12-16,7.107470512390137,7.115568841152091,7.021090398393659,7.021090398393659,1183200
2003-12-17,7.174956321716309,7.174956321716309,7.077778418688553,7.107471781250631,1980800
2003-12-18,7.366613388061523,7.399005682254245,7.199251485178352,7.21274818861428,3413600
2003-12-19,7.353599071502685,7.391559961984679,7.321060795962159,7.378002131685149,2215400
2003-12-22,7.361733913421631,7.592211877421903,7.321061453228263,7.323773019531607,785400
2003-12-23,7.310214996337891,7.350887972643187,7.272254103443217,7.350887972643187,1505200
2003-12-24,7.388849258422852,7.424098586959581,7.30479276946726,7.30479276946726,347800
2003-12-26,7.418674945831299,7.43223225866087,7.380713538987504,7.380713538987504,676000
2003-12-29,7.505443572998047,7.51086670542306,7.402406125636293,7.429521270582986,1110400
2003-12-30,7.521714687347412,7.570521859313482,7.491887967328475,7.513579986293559,1018400
2003-12-31,7.470191955566406,7.562383116186721,7.443077334236637,7.54611423995321,1529600
2004-01-02,7.467480182647705,7.54069037718445,7.429518785548362,7.54069037718445,988000
2004-01-05,7.611187934875488,7.627456806134645,7.500016366444755,7.51086262540292,1648800
2004-01-06,7.603054046630859,7.627457095857476,7.554246913821399,7.619322918507975,1382200
2004-01-07,7.524420738220215,7.562381614285399,7.478325167064712,7.562381614285399,3353600
2004-01-08,7.54611873626709,7.559676055010029,7.467485356636637,7.532561417524151,2669800
2004-01-09,7.584073066711426,7.646438023519595,7.489170883438774,7.524420191914601,4739600
2004-01-12,7.605768203735352,7.630171780116911,7.578653578581017,7.60847976968645,1640000
2004-01-13,7.608475685119629,7.681686374961568,7.592206815325214,7.632879248400275,2006000
2004-01-14,7.589501857757568,7.605770741714618,7.540694688707922,7.605770741714618,1660400
2004-01-15,7.462055206298828,7.624745464142352,7.459343641663994,7.605764511698514,2048200
2004-01-16,7.532557487487793,7.551537930696476,7.451212065935641,7.510865478509544,711200
2004-01-20,7.722360610961914,7.730495306347337,7.578651279399941,7.605765896328351,1912400
2004-01-21,7.768456935882568,7.798283638005253,7.703380918033436,7.722361358592156,1496000
2004-01-22,7.730495929718018,7.822687082807576,7.681688787826109,7.809129256071929,850200
2004-01-23,7.798282146453857,7.836243020310647,7.741340318490553,7.741340318490553,3394600
2004-01-26,7.84437894821167,7.860647822825479,7.741341535575079,7.754899362068419,1367800
2004-01-27,7.828113555908203,7.893189600490501,7.809132590373906,7.863362886115037,1509000
2004-01-28,7.716940402984619,7.841669860236619,7.70880622169708,7.822689414327879,1881000
2004-01-29,7.711517333984375,7.78743911315089,7.673555927222784,7.768458668359261,6494200
2004-01-30,7.638306140899658,7.722362612961082,7.622037263089322,7.700670603487866,1227000
2004-02-02,7.681687831878662,7.719648707658013,7.597631385290893,7.657284263969609,1877800
2004-02-03,7.651863098144531,7.684401369435058,7.61119064691508,7.632882655382672,869000
2004-02-04,7.597631454467773,7.646438590730271,7.5542474482740305,7.632880765558383,1072000
2004-02-05,7.529847621917725,7.605769411895189,7.462060013907327,7.589500530782647,2080400
2004-02-06,7.58136510848999,7.58136510848999,7.497308627384764,7.540692650998968,1031800
2004-02-09,7.673555374145508,7.700670514969919,7.59221046885057,7.59221046885057,1478600
2004-02-10,7.776595115661621,7.792863998117165,7.676269219965802,7.687115486388463,1883600
2004-02-11,7.882341384887695,7.890476082390394,7.735920450087231,7.75490089374856,4028200
2004-02-12,7.906744480133057,7.936571185320288,7.841668455597681,7.876917774945825,1565800
2004-02-13,7.887767314910889,7.920305082108552,7.833537013343472,7.898613064917281,1720600
2004-02-17,7.955552577972412,7.969109890761267,7.923014303229496,7.944706313998663,1065400
2004-02-18,7.871492385864258,7.969106129666618,7.849800385332834,7.963683517417328,1508000
2004-02-19,7.863361358642578,7.925725824605566,7.863361358642578,7.89318806722415,841400
2004-02-20,7.860651016235352,7.931150191106598,7.819978554588436,7.931150191106598,645400
2004-02-23,7.923013210296631,7.93114790715481,7.87420658068234,7.890475457220437,1211000
2004-02-24,7.93657112121582,7.966397308983873,7.901321284974123,7.904032850621812,936200
2004-02-25,7.974534034729004,7.988091349238303,7.909457994163251,7.909457994163251,1959600
2004-02-26,8.001646041870117,8.020626481608444,7.950127336024518,7.985377167405578,1503600
2004-02-27,8.039605140686035,8.066720270240104,8.001644269617184,8.026047834498039,1030400
2004-03-01,8.194164276123047,8.205010539540451,8.077570047455799,8.099262057112298,3672800
2004-03-02,8.123666763305664,8.215857952341066,7.993514678965711,8.148070343766706,2509000
2004-03-03,8.112822532653809,8.139937684592072,8.031477594017524,8.12095723338884,1321200
2004-03-04,8.08841609954834,8.137223252415625,8.061300957157812,8.134511686458739,1287000
2004-03-05,8.158913612365723,8.205009189951108,8.080279767058444,8.107394903963652,1727800
2004-03-08,8.194164276123047,8.26466343680125,8.175183832320897,8.196875841977398,1130600
2004-03-09,8.139935493469238,8.18874265038441,8.09655146891761,8.167050638108597,1783600
2004-03-10,7.99893856048584,8.142648490299152,7.974534977740589,8.134513790324583,962800
2004-03-11,7.81998348236084,7.96911610810178,7.803714590885893,7.917597865567992,3188400
2004-03-12,7.933859825134277,7.950128702394911,7.847091790173189,7.876917978954636,1088400
2004-03-15,7.950128078460693,8.020627230628303,7.931147636949844,7.971820085498554,1742800
2004-03-16,7.9474196434021,7.985381058554943,7.890478296440502,7.985381058554943,1173000
2004-03-17,8.058588027954102,8.104683607066653,7.979954697219891,8.026050276332441,3172200
2004-03-18,8.139935493469238,8.150781241017961,8.045032745820665,8.080282071826973,1041000
2004-03-19,7.973010540008545,8.141837654174765,7.973010540008546,8.141837654174765,1168400
2004-03-22,7.89677095413208,7.973015826181711,7.883156039547649,7.973015826181711,1957600
2004-03-23,7.842306613922119,7.937612529866144,7.779677204926929,7.92399762160648,2405400
2004-03-24,7.67620325088501,7.872260752307526,7.651695998285257,7.82596933288305,2021600
2004-03-25,7.646249294281006,7.719771046960504,7.627188214558648,7.719771046960504,2029800
2004-03-26,7.733384609222412,7.798737093768613,7.665309039564864,7.665309039564864,1550000
2004-03-29,7.774229526519775,7.850474348366903,7.7578915359008755,7.787844951514989,2820800
2004-03-30,7.91582727432251,7.94850377676893,7.774229962680338,7.801460294823124,1630800
2004-03-31,7.989352226257324,8.024751308707248,7.894046285141322,7.929445886966841,4161200
2004-04-01,7.89677095413208,8.032922177479184,7.872263692379545,8.002968742142599,6629000
2004-04-02,7.932169437408447,7.943061783744031,7.880432350441399,7.896770350569117,2320200
2004-04-05,7.973010540008545,7.992071615539374,7.910380624067508,7.910380624067508,1083000
2004-04-06,7.973010540008545,8.0138557760568,7.943057124531325,7.973010540008546,1184000
2004-04-07,7.973010540008545,8.019301946029996,7.894042633523276,7.964841285048752,2812400
2004-04-08,8.04380989074707,8.100993122310244,8.019302643112738,8.046532456594974,2323600
2004-04-12,8.196303367614746,8.237148628841302,8.111889758496437,8.111889758496437,2562400
2004-04-13,8.125503540039062,8.264377824355735,8.114611194896295,8.23714748087442,2517600
2004-04-14,8.141841888427734,8.163626060274256,8.05470520104165,8.10099663113746,2885600
2004-04-15,8.250761985778809,8.261654330384074,8.141841136604036,8.141841136604036,1868200
2004-04-16,8.316117286682129,8.316117286682129,8.23714932484607,8.291610024000299,1464400
2004-04-19,8.297051429748535,8.351512101015118,8.2589292714872,8.318835594380078,1958000
2004-04-20,8.128226280212402,8.288884728597926,8.117333935533447,8.286161642428187,1379200
2004-04-21,8.100995063781738,8.128225403165352,8.030196389134549,8.073764724398123,2686000
2004-04-22,8.261652946472168,8.261652946472168,8.07376418850925,8.114609435185843,919000
2004-04-23,8.196303367614746,8.27799389006786,8.163626847008095,8.27799389006786,2653600
2004-04-26,8.242592811584473,8.305222231631893,8.209916298869203,8.250761550231626,2206800
2004-04-27,8.414137840270996,8.452260501283705,8.291602162418277,8.30521706461017,5102200
2004-04-28,8.294327735900879,8.414140892274402,8.277989743469394,8.400525985144066,2733600
2004-04-29,8.095548629760742,8.31611390418446,8.041088472133367,8.305221561033681,2135800
2004-04-30,8.125503540039062,8.20719405110741,8.114611194896295,8.14184153837761,2504400
2004-05-03,8.313392639160156,8.329730638089098,8.114611488126299,8.150011091743893,4479200
2004-05-04,8.318838119506836,8.386913719566223,8.264377951084693,8.386913719566223,1811000
2004-05-05,8.346064567565918,8.359679992847651,8.169068193906355,8.250758668095271,1378000
2004-05-06,8.305222511291504,8.386913016767094,8.226254572539608,8.386913016767094,1296200
2004-05-07,8.103718757629395,8.318837364210365,8.103718757629395,8.318837364210365,1331200
2004-05-10,7.869538307189941,8.035642917360693,7.8014627153987215,8.035642917360693,3769800
2004-05-11,8.005687713623047,8.019303140584187,7.923997229357933,7.93761213694364,2000600
2004-05-12,8.054702758789062,8.08737926633887,7.951228103736367,7.973012268977748,6504000
2004-05-13,8.032920837402344,8.114611350032462,8.019305925089196,8.032920837402344,3138000
2004-05-14,8.128226280212402,8.207193701632503,8.032920341773867,8.060150684095674,3114800
2004-05-17,8.128226280212402,8.19630187632913,8.109165196399811,8.114610849363707,3456800
2004-05-18,8.00840950012207,8.169067876578135,7.978456085041172,8.128222641070314,3787400
2004-05-19,7.973010540008545,8.087377512568874,7.953948945102361,8.019301946029996,6030200
2004-05-20,7.964843273162842,8.030195771027838,7.9512283642067745,7.992073610450461,2638000
2004-05-21,7.926722049713135,8.030196720388682,7.902214795194484,8.019304895811253,3207600
2004-05-24,8.106438636779785,8.122776627422128,7.918549926579089,7.923996096584989,5770000
2004-05-25,8.242592811584473,8.24531589759204,8.100995455444222,8.100995455444222,4566400
2004-05-26,8.174520492553711,8.27254903119849,8.152736315146454,8.264380289280618,4302200
2004-05-27,8.060150146484375,8.174517161107232,8.01930489541383,8.155456078566013,6510800
2004-05-28,8.100995063781738,8.114609973785782,8.032919475010463,8.046534385014507,4801400
2004-06-01,8.212640762329102,8.226255675274933,8.158180071794503,8.177241677044558,5863200
2004-06-02,8.196303367614746,8.264378976117566,8.179965366999257,8.20991828156504,3585800
2004-06-03,8.122780799865723,8.261655090099842,8.109165887232733,8.209917487218355,4334600
2004-06-04,8.081933975219727,8.125502310446612,8.043811811740085,8.114609966952127,1881800
2004-06-07,8.231696128845215,8.234419213417517,8.090098847337142,8.1282215119741,3925400
2004-06-08,8.196303367614746,8.288886236728635,8.158180673677707,8.264378976117566,3638200
2004-06-09,8.130948066711426,8.163624056774118,8.049257052803696,8.12822498097695,6429000
2004-06-10,8.23442268371582,8.25076067865981,8.177239441724108,8.196300522388011,3868000
2004-06-14,8.171794891357422,8.264377746698573,8.158179460056902,8.209917060247685,1798200
2004-06-15,8.288883209228516,8.318836112854052,8.22625327755588,8.264375957568676,2675400
2004-06-16,8.449542999267578,8.457711738229404,8.318837462747098,8.318837462747098,3869400
2004-06-17,8.512170791625977,8.533954956978407,8.441372124386708,8.465879375330127,1823200
2004-06-18,8.535136222839355,8.567942870252509,8.49959616613208,8.567942870252509,1731600
2004-06-21,8.515998840332031,8.570676409709744,8.291821744482515,8.543337625020888,953200
2004-06-22,8.573410987854004,8.576144918673771,8.46952370247876,8.474991564118296,2174000
2004-06-23,8.718307495117188,8.731977152075805,8.56521098728935,8.57341278146452,5333400
2004-06-24,8.666359901428223,8.745641785196257,8.64722239153845,8.726504796750312,7364600
2004-06-25,8.617154121398926,8.69370210997646,8.606218396491242,8.663629909368456,2848000
2004-06-28,8.49412727355957,8.611683673807653,8.455853290760254,8.611683673807653,6844000
2004-06-29,8.540604591369629,8.548806384070849,8.44765302653181,8.44765302653181,3332000
2004-06-30,8.606216430664062,8.625353423437184,8.529668459571575,8.54333759113982,4984600
2004-07-01,8.617154121398926,8.63902504977023,8.559742608521713,8.63902504977023,1904200
2004-07-02,8.649957656860352,8.680030369885786,8.58981275225339,8.625352804647525,726600
2004-07-06,8.671831130981445,8.731976574734468,8.652694133948778,8.707371715279878,1363400
2004-07-07,8.723771095275879,8.723771095275879,8.62261829042806,8.644489209431143,1155400
2004-07-08,8.680031776428223,8.75931420672651,8.641757787425734,8.745644552479913,3132800
2004-07-09,8.729239463806152,8.742908593437773,8.674561902391929,8.721037673160858,1035400
2004-07-12,8.680031776428223,8.729241488827988,8.639023856576415,8.729241488827988,1666800
2004-07-13,8.658163070678711,8.677300070085904,8.600751551013007,8.660897002228898,1552200
2004-07-14,8.762042999267578,8.772978716902646,8.63901930453536,8.63901930453536,2703800
2004-07-15,8.819456100463867,8.852263261359125,8.748376004299516,8.775714262157877,1666200
2004-07-16,8.926082611083984,8.942485157468147,8.852268023690511,8.876872886155002,2277600
2004-07-19,8.89600658416748,8.947949699921338,8.852264738562162,8.91240912446456,1434000
2004-07-20,8.868666648864746,8.898739361123633,8.83859497949365,8.898739361123633,1330600
2004-07-21,8.710104942321777,8.939749931036237,8.710104942321777,8.868668768185932,2030400
2004-07-22,8.737439155578613,8.775713128792388,8.67182640659338,8.693697322921793,3672600
2004-07-23,8.704633712768555,8.745641618864777,8.66909314509303,8.742907688932519,5472600
2004-07-26,8.628087043762207,8.742909517715715,8.567942137003293,8.693699811529365,3911800
2004-07-27,8.715570449829102,8.737441371704756,8.570675787944353,8.576143648774245,3541400
2004-07-28,8.775714874267578,8.792118455859363,8.680029922201562,8.69369905208417,3710400
2004-07-29,8.838597297668457,8.852266431492765,8.74564520617584,8.816725849239113,3148400
2004-07-30,8.871400833129883,8.89873909278388,8.852263842794535,8.88506996295688,2158800
2004-08-02,8.860466003417969,8.885070856736755,8.764781042115949,8.885070856736755,1776000
2004-08-03,8.967084884643555,8.980754013098373,8.88506907102699,8.88506907102699,3836000
2004-08-04,8.75931167602539,8.980754274958148,8.748375955787612,8.980754274958148,7684200
2004-08-05,8.628087043762207,8.803054945918555,8.625353113258084,8.74837737872396,4745600
2004-08-06,8.455854415893555,8.65269273833774,8.436717421947534,8.639023605931717,5498200
2004-08-09,8.592546463012695,8.658159226755037,8.458587005191593,8.474990065766205,4231600
2004-08-10,8.559739112854004,8.63902152172479,8.532400333193602,8.598013612956109,4610800
2004-08-11,8.515998840332031,8.573410340323024,8.43398300770941,8.537869763794326,9452400
2004-08-12,8.406645774841309,8.576145854045844,8.406645774841309,8.5433392020745,4030800
2004-08-13,8.510531425476074,8.537870211598827,8.420313796281768,8.420313796281768,3305600
2004-08-16,8.562474250793457,8.562474250793457,8.488659691731186,8.515998475248018,1780400
2004-08-17,8.365636825561523,8.551539947243064,8.354701102430148,8.543338154894535,10978800
2004-08-18,8.474990844726562,8.485926567077366,8.409378074953565,8.409378074953565,4382200
2004-08-19,8.502326011657715,8.562470894665346,8.477721168281022,8.515995137336448,4529000
2004-08-20,8.589816093444824,8.677299814699568,8.570679094600862,8.570679094600862,4408200
2004-08-23,8.483196258544922,8.619889717630082,8.480462326789919,8.60895399061007,3313800
2004-08-24,8.461321830749512,8.474990962433923,8.379305476311202,8.450386108246825,3781200
2004-08-25,8.515998840332031,8.526934562785152,8.47499092402072,8.47499092402072,4374400
2004-08-26,8.576146125793457,8.59528312278144,8.450387897603187,8.513266750976292,2624800
2004-08-27,8.630819320678711,8.649956309097165,8.598013203802452,8.598013203802452,2040800
2004-08-30,8.592546463012695,8.696433208577096,8.570675541765247,8.611683453923725,3941000
2004-08-31,8.734710693359375,8.748379828263408,8.614420324716413,8.63902518469893,2281600
2004-09-01,8.887804985046387,8.898740708048097,8.737442443880685,8.748378166882395,4444400
2004-09-02,8.958884239196777,8.958884239196777,8.885069688942115,8.917875808092724,2726400
2004-09-03,8.978025436401367,8.999895845121873,8.926082303162978,8.956153984792648,4538600
2004-09-07,8.967084884643555,8.97802060456247,8.88506907102699,8.953415756188736,2626400
2004-09-08,8.975286483764648,9.008092598030313,8.912406620664736,8.912406620664736,5696000
2004-09-09,9.103781700134276,9.11745083376194,8.98075741170921,8.98075741170921,3771400
2004-09-10,9.054572105407717,9.114717545636472,9.010830251483544,9.103781821433412,4516000
2004-09-13,9.117445945739746,9.133849523031529,9.084639834043674,9.090107693140936,3563600
2004-09-14,9.158456802368164,9.1885295139544,9.103779239746622,9.142053220715372,3050000
2004-09-15,9.128390312194824,9.265083790467616,9.11472117294524,9.265083790467616,5238200
2004-09-16,9.15572452545166,9.172127066244522,9.103780365239889,9.117449496863234,2206600
2004-09-17,9.310250282287598,9.321229602900331,9.197714863621178,9.211439537909916,4879800
2004-09-20,9.312997817993164,9.384361324605075,9.30476384912722,9.334955417317644,3253600
2004-09-21,9.543563842773438,9.565521454690346,9.329472153112762,9.332216461959945,7798200
2004-09-22,9.483174324035645,9.52434626760128,9.428278748296805,9.52434626760128,6675600
2004-09-23,9.395345687866213,9.455730950732136,9.332216116254768,9.455730950732136,6543800
2004-09-24,9.50238800048828,9.532580620710704,9.395342199369551,9.395342199369551,6473400
2004-09-27,9.496896743774414,9.56826129723786,9.436512560512137,9.538068682083775,4636200
2004-09-28,9.658839225769045,9.683542182235808,9.55728309231501,9.56551706212193,4997200
2004-09-29,9.529836654663086,9.661585418228729,9.472195719878162,9.63962676744474,6433600
2004-09-30,9.587472915649414,9.62589949293928,9.549046338359547,9.565514273171948,1727000
2004-10-01,9.724713325500488,9.738436956398582,9.57649559889087,9.62041184599232,2359200
2004-10-04,9.71373462677002,9.752161214574722,9.675308038965316,9.730203613134602,4483000
2004-10-05,9.818037033081056,9.845484299214911,9.75765179113126,9.790588719901107,5673600
2004-10-06,9.999192237854004,9.999192237854004,9.826271520385808,9.826271520385808,6013200
2004-10-07,9.92233943939209,10.108983797954956,9.88940146055428,10.045853195372242,7361200
2004-10-08,9.933317184448242,9.9964467365899,9.864697969462162,9.977233440157487,4492800
2004-10-11,9.84822940826416,9.982722474827918,9.796078138046896,9.982722474827918,4842000
2004-10-12,9.735692977905272,9.89488898638339,9.732947623405364,9.839993413890744,6093400
2004-10-13,9.53258228302002,9.702757661985643,9.428280771439558,9.702757661985643,14263800
2004-10-14,9.609429359436035,9.69451751827025,9.571002786751416,9.592961426597242,9593400
2004-10-15,9.650605201721191,9.702755421948584,9.598454981493798,9.69726680680549,3535000
2004-10-18,9.521596908569336,9.689027872987907,9.518852602107238,9.647856993782971,3382000
2004-10-19,9.494153022766112,9.557282564238362,9.44474711256245,9.510622008515984,3410600
2004-10-20,9.702757835388184,9.710992854243184,9.51062484620922,9.527092789826694,4951000
2004-10-21,9.757652282714844,9.818037527706805,9.455728151847325,9.732949323131418,4937200
2004-10-22,9.738436698913574,9.856461806199242,9.73020273000161,9.782352944853876,2859800
2004-10-25,9.746675491333008,9.796081423346962,9.67805625765212,9.757654820013087,5146000
2004-10-26,9.853718757629396,9.86195272759317,9.71648034065431,9.71648034065431,3654800
2004-10-27,9.683545112609863,9.916851115852255,9.614925884664393,9.86744518796781,10602800
2004-10-28,9.51336669921875,9.686287391898071,9.455726817340974,9.645115449387664,15395600
2004-10-29,9.64511489868164,9.64786025311678,9.45572627744845,9.45572627744845,9065800
2004-11-01,9.587472915649414,9.749414239260776,9.527087695882082,9.70275264751901,7991800
2004-11-02,9.444744110107422,9.58747213342899,9.42004116285858,9.551789865837195,13847200
2004-11-03,9.634135246276855,9.67530718503152,9.496896846489175,9.634135246276855,6939600
2004-11-04,9.749417304992676,9.77137490732907,9.658839446859211,9.658839446859211,7200400
2004-11-05,9.807059288024902,9.856465212663515,9.749419391628605,9.798825316267218,12255800
2004-11-08,9.64511489868164,9.804311950449836,9.620411943995055,9.804311950449836,7066600
2004-11-09,9.55728244781494,9.64237063591717,9.543558816713531,9.579241095213945,11947200
2004-11-10,9.669818878173828,9.689032173072288,9.494153869361586,9.620412963564627,10157400
2004-11-11,9.650605201721191,9.694521452187942,9.61492292101508,9.639625877343002,6057000
2004-11-12,9.853718757629396,9.867442389917697,9.606689188255832,9.634136452832438,5758800
2004-11-15,9.63962745666504,9.812548179291213,9.58198756480504,9.812548179291213,8223800
2004-11-16,9.63962745666504,9.724715663967544,9.63962745666504,9.661586109019042,4883800
2004-11-17,9.790589332580566,9.804314013552451,9.65884056221046,9.65884056221046,7941000
2004-11-18,9.867445945739746,9.881169582973484,9.77961341098814,9.823529678363943,4390000
2004-11-19,9.985466957092283,10.021148189648809,9.875675810798148,9.922337414439246,7872800
2004-11-22,10.144658088684082,10.1556374074425,9.985462154868896,9.999185779794184,7439600
2004-11-23,10.207793235778809,10.262688812828326,10.147409043365778,10.155643013457093,3691800
2004-11-24,10.29288101196289,10.29288101196289,10.125449979974269,10.237985437156556,7098400
2004-11-26,10.336795806884766,10.40267069678579,10.320326822648044,10.325816484060285,2064200
2004-11-29,10.281903266906738,10.388949078346174,10.169367792438848,10.388949078346174,5403800
2004-11-30,10.295625686645508,10.325818306217876,10.265434114119175,10.281902054216078,6979600
2004-12-01,10.048598289489746,10.301116505077635,10.02938499252311,10.265435266165971,14345400
2004-12-02,9.782357215881348,9.988214904926144,9.705504013692789,9.963511940358917,12799200
2004-12-03,9.87842082977295,9.90037843005832,9.749416394316356,9.7521607017098,7960200
2004-12-06,9.883905410766602,10.040358091536277,9.809797623882949,10.040358091536277,2995400
2004-12-07,9.67805004119873,9.971741135990504,9.67805004119873,9.894886931641723,6882200
2004-12-08,9.743925094604492,9.76862804517687,9.54081182911542,9.606686712990344,9152800
2004-12-09,9.82627010345459,9.82627010345459,9.691777045853328,9.771374529169057,6512000
2004-12-10,9.757652282714844,9.88391138856518,9.727459660218864,9.834506516444469,5593800
2004-12-13,9.930563926696776,9.930563926696776,9.771366988822075,9.771366988822075,6084200
2004-12-14,9.960770606994627,9.979983913280476,9.88391633480458,9.922343994422937,4825800
2004-12-15,10.034872055053713,10.059575008615813,9.90861193293303,9.985466147929507,10615600
2004-12-16,9.933317184448242,10.037618684399998,9.88665662083985,10.037618684399998,5357800
2004-12-17,9.93083667755127,9.97766780016274,9.89502476624248,9.89502476624248,6285200
2004-12-20,10.052045822143556,10.06581931074006,9.950119694659808,9.983177328311204,3894600
2004-12-21,10.137442588806152,10.14295219469019,10.021744017790995,10.021744017790995,5824600
2004-12-22,9.999707221984863,10.17050082879192,9.906046008410016,10.137444238956691,7979600
2004-12-23,10.057555198669434,10.068574410786908,9.996951633723144,10.02449861316692,4261200
2004-12-27,9.881254196166992,10.054803147470968,9.878499917952706,9.917066118053558,8936000
2004-12-28,9.950119972229004,9.980422278496524,9.889516410543813,9.889516410543813,4389600
2004-12-29,10.024497985839844,10.030007591553792,9.875741784112746,9.875741784112746,4213600
2004-12-30,9.980422973632812,10.016234888156893,9.969403761340798,10.010725282010888,2311000
2004-12-31,10.005216598510742,10.041028516337274,9.95012158281993,9.96665040278218,1264400
2005-01-03,9.63608169555664,9.972160357226702,9.63608169555664,9.944612322995518,7963200
2005-01-04,9.586495399475098,9.738005895779382,9.580985793137677,9.696685424523643,12666600
2005-01-05,9.545175552368164,9.655364533771891,9.52038284765357,9.5864960263258,7948000
2005-01-06,9.710455894470217,9.782078652878283,9.514869659154302,9.517623936041304,10057600
2005-01-07,9.63332462310791,9.751778508815567,9.547927318038512,9.751778508815567,9445800
2005-01-10,9.704946517944336,9.806871578753183,9.669134612473789,9.738003095613488,9003600
2005-01-11,9.718725204467772,9.749027521398633,9.64159279835302,9.70219743221474,3295800
2005-01-12,9.889516830444336,9.889516830444336,9.699439101550208,9.751779833089122,7048000
2005-01-13,9.955632209777832,10.035519938174309,9.903292517475034,9.958387538812262,7199600
2005-01-14,10.043784141540527,10.046539470662186,9.930839817106204,9.985934840187616,3292000
2005-01-18,10.142950057983398,10.167742753813815,10.07959117993892,10.109893480492724,8216000
2005-01-19,10.107141494750977,10.181519606836224,10.096123332510569,10.096123332510569,5354000
2005-01-20,10.005216598510742,10.082348989967867,9.93083848495565,10.082348989967867,7888400
2005-01-21,10.02725601196289,10.148464217731409,10.024500682939673,10.068576489660051,8703600
2005-01-24,10.115407943725586,10.198049952570695,10.104388728986194,10.137445322354209,7715000
2005-01-25,10.156728744506836,10.206314161554891,10.082350618934752,10.178767174683834,4257000
2005-01-26,10.25589656829834,10.27242538607956,10.140197996379444,10.173254581092005,7096400
2005-01-27,10.346809387207031,10.388129878936764,10.22009048035794,10.233865028451664,5924600
2005-01-28,10.2228364944458,10.288949641305944,10.187024593567669,10.288949641305944,9997800
2005-01-31,10.344048500061035,10.385370020441872,10.151216489700328,10.192538010081163,11261400
2005-02-01,10.520350456237791,10.523105784392792,10.388123077742204,10.401896565967824,8331000
2005-02-02,10.666354179382324,10.671863785775184,10.528617172110756,10.564428037389384,6205200
2005-02-03,10.718695640563965,10.726959526098089,10.569939395848934,10.605751317913697,5870200
2005-02-04,10.757257461547852,10.773786276737312,10.685634697426297,10.743483974314827,8835600
2005-02-07,10.68563747406006,10.798581780078676,10.608504033982715,10.784808289266646,7347600
2005-02-08,10.762765884399414,10.782048974577483,10.622274648694958,10.638802411219247,4345200
2005-02-09,10.743484497070312,10.848164896664317,10.65808719071076,10.77103147287674,11826400
2005-02-10,11.03823471069336,11.0520081900603,10.812346286358387,10.859176326375804,11408400
2005-02-11,11.134663581848145,11.192513946504182,11.005191458214124,11.027228841680396,8490400
2005-02-14,11.148432731628418,11.192508528073716,11.12364003044982,11.148432731628418,5754200
2005-02-15,11.173224449157717,11.20628103086904,11.090581418604724,11.198017148153657,5439200
2005-02-16,11.487264633178713,11.501038121357686,11.18148836169647,11.206281060758537,10859600
2005-02-17,11.333000183105469,11.567153713434456,11.313717087188364,11.51481298093096,10380200
2005-02-18,11.583684921264648,11.641534226197368,11.349532372241612,11.35779625841765,13099400
2005-02-22,11.501038551330566,11.782022134255472,11.49277466828419,11.7076440342886,13194600
2005-02-23,11.64704132080078,11.666324418284226,11.487266934387952,11.487266934387952,6509400
2005-02-24,11.875686645507812,11.886705859880593,11.638778790743638,11.69387381175742,10095200
2005-02-25,12.167686462402344,12.228291080600934,11.894967782208578,11.92251476274433,13596200
2005-02-28,12.0795316696167,12.327458632281786,11.682849580202229,12.25859014830256,18948400
2005-03-01,11.845381736755373,12.120855730633403,11.828852918816729,12.051987232163896,14922400
2005-03-02,12.018932342529297,12.040969718706194,11.76825101477313,11.79579799770676,12231400
2005-03-03,12.217272758483888,12.24206546311302,12.05198876152301,12.065762252794745,19723400
2005-03-04,12.374289512634276,12.421120631268863,12.153910559544348,12.231043981263127,11982000
2005-03-07,12.288891792297363,12.38530724437304,12.148399504016105,12.327457973127634,14403600
2005-03-08,12.275117874145508,12.377042927157644,12.231042090341647,12.244815575746058,11586800
2005-03-09,11.936291694641112,12.434899077816416,11.914253265118369,12.366030561833073,30848600
2005-03-10,11.69387149810791,11.996892477455384,11.583681477881605,11.92802397752642,39681400
2005-03-11,11.790287971496582,11.900478001011036,11.622248649369538,11.655306288733875,21890600
2005-03-14,11.875686645507812,11.911498566794288,11.60572219847542,11.817837346325897,20316400
2005-03-15,11.710399627685549,12.029949435203868,11.707645349977176,11.900477365911495,22709200
2005-03-16,11.748966217041016,11.914250192434254,11.597454680272348,11.707644697767764,23806400
2005-03-17,11.952816009521484,11.969344826883884,11.817834345703046,11.817834345703046,23589200
2005-03-18,12.1004056930542,12.11975299157819,11.951155255061794,12.11975299157819,16131400
2005-03-21,11.995375633239746,12.133571200192511,11.895874656337991,12.078292762541706,17719400
2005-03-22,11.851654052734377,12.177795728357216,11.835070202426058,11.953918493763975,19579800
2005-03-23,11.625018119812012,11.771505167164248,11.525517086007056,11.71899120125568,48613000
2005-03-24,11.616724967956545,11.793615215521054,11.506169090403244,11.691350738838269,21760800
2005-03-28,11.630547523498535,11.69964535511338,11.525518524226182,11.636074422200393,21631200
2005-03-29,11.442596435546877,11.779792992426536,11.426012583497531,11.636069437711932,18394800
2005-03-30,11.613962173461914,11.630546030486334,11.271236508734278,11.470238575630912,48348400
2005-03-31,11.848896980285645,11.884828151309744,11.718993761635854,11.799146452513613,24952200
2005-04-01,12.141868591308594,12.158452447095906,11.843365513231136,12.003672956128073,17830400
2005-04-04,12.036840438842772,12.293884422254598,11.945631861630018,12.188855437096764,28208400
2005-04-05,11.8848237991333,12.092117237490278,11.8019066346603,11.929046357142164,17903600
2005-04-06,12.07277011871338,12.128048580656271,11.801906814977054,11.882060532076803,20893000
2005-04-07,12.02578353881836,12.216494187444177,11.89035240869902,12.161215723286706,38581400
2005-04-08,11.80743408203125,12.047894165040065,11.804669579202455,11.940101750392971,23421400
2005-04-11,11.895878791809082,11.920754044682129,11.691348817703052,11.78808638080884,23246400
2005-04-12,11.70793628692627,11.895882465712274,11.652657812986408,11.854423346670082,29360800
2005-04-13,11.420485496520996,11.774265932205648,11.414957545419815,11.61119506494184,36177400
2005-04-14,11.414958953857422,11.61396100065839,11.379027794440804,11.484056769624535,39069800
2005-04-15,10.9810209274292,11.401135627371763,10.964437077860245,11.345857183157204,80558200
2005-04-18,11.180026054382324,11.20213680568778,10.892578906968916,10.9699681180614,58074600
2005-04-19,11.442596435546877,11.51169423756262,11.265705176733588,11.320983629215942,40263000
2005-04-20,11.20766258239746,11.555916073437349,11.20766258239746,11.517220421050578,40722000
2005-04-21,11.594611167907717,11.594611167907717,11.207663062262291,11.23806626326499,29369000
2005-04-22,11.619491577148438,11.743867884494192,11.456420652928282,11.63607438189505,22903800
2005-04-25,11.782559394836426,11.854420656606695,11.69411427834273,11.71898953325339,25917000
2005-04-26,11.589086532592772,11.829546652590226,11.589086532592772,11.746629478903078,28130000
2005-04-27,11.2905855178833,11.60843597219501,11.282294115294924,11.583560710080622,57888600
2005-04-28,11.063940048217772,11.249122711351962,11.047357250027334,11.207663607178226,43846200
2005-04-29,11.20766258239746,11.26846898179938,11.05841108623751,11.166204536363288,29798800
2005-05-02,11.409429550170898,11.423249955044806,11.1026351185101,11.191081281437894,45705600
2005-05-03,11.141332626342772,11.3873206913267,11.099873513533534,11.3873206913267,23528800
2005-05-04,11.271234512329102,11.282290415053785,10.878759454743127,11.141331345535292,35418000
2005-05-05,11.392847061157228,11.456416918780585,11.262942843120996,11.373499759026156,26727600
2005-05-06,11.359681129455566,11.54486383439106,11.345861776394484,11.442599356520178,17781600
2005-05-09,11.51169204711914,11.519983444391734,11.376259917024829,11.414954510095034,18524800
2005-05-10,11.31822395324707,11.522752924944866,11.285057292443213,11.522752924944866,30573800
2005-05-11,11.387325286865234,11.398381195322694,11.193851106257556,11.238073685737929,21360400
2005-05-12,10.889812469482422,11.345857265268569,10.878756569689772,11.290578820653952,46778600
2005-05-13,10.723979949951172,10.972732488823182,10.668701490829736,10.972732488823182,44202800
2005-05-16,10.676995277404783,10.696342582359298,10.48628462235453,10.665939373331051,48238600
2005-05-17,10.867704391479492,10.887051695567685,10.654882992160385,10.688049648547429,37085800
2005-05-18,10.845596313476562,11.05012530837932,10.779261929993696,10.961680166635004,55853800
2005-05-19,11.041830062866213,11.052885965323709,10.8068968802144,10.900869942405349,31536400
2005-05-20,10.958917617797852,11.110932651766117,10.956153113819708,10.986556331483229,23633000
2005-05-23,11.141332626342772,11.182790684802976,10.994844534272756,11.02801224625976,19972200
2005-05-24,11.188315391540527,11.227009989952654,11.133036941945177,11.157912191545648,24069000
2005-05-25,11.359681129455566,11.414959596048956,11.141332820652718,11.213194089179783,31210800
2005-05-26,11.417723655700684,11.448125809514345,11.309930175574197,11.379027992544271,17919800
2005-05-27,11.608437538146973,11.611200987932795,11.442603137913206,11.464713899247988,20082400
2005-05-31,11.519989013671877,11.63330940002533,11.434307334487908,11.63330940002533,16916800
2005-06-01,11.738335609436035,11.774265709390471,11.555917443944594,11.586319592902464,27831800
2005-06-02,11.716228485107422,11.790854271844642,11.608436033492303,11.713465035679793,31970200
2005-06-03,11.782559394836426,11.843364753457744,11.705169127142725,11.738336836589578,18222200
2005-06-06,11.818490982055664,11.857186647934244,11.716226500963574,11.857186647934244,12931600
2005-06-07,11.70517349243164,11.906940109924832,11.696882089152238,11.829549813369448,18602200
2005-06-08,11.738335609436035,11.923517223251338,11.647125999515891,11.694113055812316,33232400
2005-06-09,12.078302383422852,12.089358290629214,11.746632547677386,11.774271261343948,32937200
2005-06-10,12.064481735229492,12.100411848280263,11.92904952232133,12.05618927853766,23413200
2005-06-13,12.11146640777588,12.147397571181129,11.96497935948011,11.998146019512356,21866600
2005-06-14,12.186091423034668,12.20820217689312,12.064479640940569,12.064479640940569,21126200
2005-06-15,12.332575798034668,12.33257579803467,12.161213538841391,12.161213538841391,22493600
2005-06-16,12.50670337677002,12.50670337677002,12.324285203945784,12.3657443109122,19638600
2005-06-17,12.709380149841309,12.728787931886083,12.548571604161976,12.698289686488636,38455400
2005-06-20,12.72324275970459,12.795329714189236,12.62343070435342,12.756513092273378,19233600
2005-06-21,12.454300880432127,12.70383093949373,12.445983564344898,12.54579558796954,33293000
2005-06-22,12.526390075683594,12.606794337871808,12.36003737801009,12.476484054852612,47478400
2005-06-23,12.53747272491455,12.764821763631296,12.520837042455764,12.534699582349418,29875000
2005-06-24,12.45984935760498,12.642837762724996,12.44321472109527,12.587387564166304,17967400
2005-06-27,12.65115737915039,12.687199800218778,12.518074985799425,12.559662638796375,22184200
2005-06-28,12.415487289428713,12.651154839685294,12.412715202843293,12.601248819990706,23333000
2005-06-29,12.404396057128906,12.487572391812115,12.296265658631809,12.387760367134474,25027000
2005-06-30,12.323988914489746,12.55965531702298,12.31289845709791,12.42102777255773,29436600
2005-07-01,12.598481178283691,12.6040264115211,12.340633649792167,12.340633649792167,16233000
2005-07-05,12.975545883178713,12.983864260130243,12.653929825701152,12.70383585683085,33487000
2005-07-06,12.742648124694824,13.114170117114394,12.709377798437064,13.114170117114394,29358200
2005-07-07,12.906230926513672,12.909004071133747,12.573524434304776,12.573524434304776,31388400
2005-07-08,12.820280075073242,13.017131000366868,12.72046804037659,12.958907666008685,29977400
2005-07-11,12.914546966552734,12.92563637009268,12.662243734005171,12.69828720403262,19920600
2005-07-12,13.03099536895752,13.09476394278186,12.88127729599008,12.97831725779256,27570400
2005-07-13,12.956133842468262,13.086444109560162,12.906227827737087,13.036538094828988,23530200
2005-07-14,12.645617485046388,13.039319599355792,12.573530497191376,12.950597966338313,60506800
2005-07-15,12.579071998596191,12.753743124485167,12.52916596262791,12.753743124485167,42729200
2005-07-18,12.526390075683594,12.60124910693007,12.437668495905104,12.482029285794347,25366600
2005-07-19,12.795323371887209,12.795323371887209,12.518068270070753,12.587382045524866,24609200
2005-07-20,12.809192657470703,12.850780310045952,12.628976323376794,12.789784874739954,22040600
2005-07-21,12.68442153930664,12.85354732905382,12.60956253117374,12.762052633232166,23705200
2005-07-22,13.139122009277344,13.158529786081589,12.809188745960672,12.814733976139673,48244400
2005-07-25,13.261116981506348,13.366473198050643,13.080900674944528,13.080900674944528,34083400
2005-07-26,13.230616569519045,13.322110222315365,13.155757549425056,13.247251202221374,15805200
2005-07-27,13.297163963317873,13.30548234153473,13.103085041363364,13.252803157526415,24545000
2005-07-28,13.335973739624023,13.391424987172408,13.1890288326187,13.355381517619271,16556400
2005-07-29,13.197347640991213,13.441332523189775,13.194575554240584,13.441332523189775,17639000
2005-08-01,13.335973739624023,13.402515448210998,13.247252166604442,13.258342627643032,14161200
2005-08-02,13.557782173156738,13.568871579367183,13.369248518196128,13.388656301120468,15673600
2005-08-03,13.491235733032228,13.668678862128392,13.449647036930854,13.665906775955724,21247200
2005-08-04,13.518959999084473,13.654815481420524,13.474599219521677,13.474599219521677,21083200
2005-08-05,13.416377067565918,13.585502884948603,13.32211027054825,13.53005164123624,18391600
2005-08-08,13.610454559326172,13.751854212187943,13.524505087103902,13.524505087103902,22965600
2005-08-09,13.579957008361816,13.682541116877418,13.51618845130377,13.64649870917795,17855200
2005-08-10,13.801759719848633,13.826712723288328,13.613226151114132,13.654814842728412,23931400
2005-08-11,13.934847831726074,13.976436540589075,13.78235766196973,13.851671471644869,25603600
2005-08-12,13.909894943237305,14.015252231033116,13.84058113293779,14.001389680502175,18358200
2005-08-15,13.774039268493652,13.890485951992272,13.724133244810035,13.848898304019071,20461000
2005-08-16,13.471831321716309,13.785130019703592,13.466286090341477,13.74354131321471,33384800
2005-08-17,13.16130542755127,13.6132306676321,13.100308941651768,13.460740510528058,56127400
2005-08-18,13.133574485778809,13.216750808650952,12.994946928443795,13.072579079749548,32587800
2005-08-19,13.358153343200684,13.396968895359937,13.21120845069938,13.21120845069938,24550800
2005-08-22,13.391430854797363,13.555011525035516,13.25557634930426,13.4357916607444,26200400
2005-08-23,13.366475105285645,13.474604481593628,13.211212845005392,13.391428119637087,33849800
2005-08-24,13.493999481201172,13.58549413303144,13.360917216611185,13.474591717051204,29120800
2005-08-25,13.457971572875977,13.549465265489877,13.383112520203715,13.549465265489877,25794600
2005-08-26,13.305477142333984,13.513418536535438,13.294386680808527,13.394198719248369,20387800
2005-08-29,13.41360855102539,13.599369050606263,13.308251265698075,13.585506500400118,30181600
2005-08-30,13.66313362121582,13.701949173469018,13.460737486149528,13.469055859949838,30198200
2005-08-31,14.040203094482422,14.109516894165012,13.649273306578396,13.674226316769916,42814800
2005-09-01,14.406179428100586,14.425587206801865,14.140014699359122,14.223191044885253,39612800
2005-09-02,14.126154899597168,14.292507623013051,14.092884566442956,14.292507623013051,28966000
2005-09-06,14.225971221923828,14.256468419499356,13.984758325712267,14.128931222799425,24194600
2005-09-07,14.248151779174805,14.403415150608197,14.162203300512104,14.192700499545364,26198200
2005-09-08,14.26755142211914,14.381226004514891,14.209328087692075,14.209328087692075,31804200
2005-09-09,14.639073371887209,14.64461860243464,14.328547864743104,14.328547864743104,26980000
2005-09-12,14.339640617370604,14.611350611747625,14.317459691636277,14.580852367685296,27957000
2005-09-13,14.217642784118652,14.458855509675487,14.21487069817123,14.347953034179628,21725800
2005-09-14,14.395094871520996,14.458864522148753,14.234287345226576,14.295283850533966,23563600
2005-09-15,14.395094871520996,14.533722523477763,14.220424791559909,14.52263311513146,29921000
2005-09-16,14.536335945129396,14.550239181082054,14.411215306899354,14.444580739716166,27790400
2005-09-19,14.920042991638184,15.000677097854847,14.68092174460562,14.711507168389048,32382600
2005-09-20,14.778233528137209,14.92837845817448,14.686477291372764,14.861647613861836,30426600
2005-09-21,14.98678207397461,15.10078166932857,14.867221393399898,15.070196230948731,39852000
2005-09-22,14.875555992126465,15.19531135828053,14.583606039928627,15.19531135828053,51834200
2005-09-23,14.614192008972168,14.847752191558532,14.530776824666368,14.79214242224404,32064000
2005-09-26,14.881115913391112,14.906140253664434,14.5140929631611,14.5140929631611,23424000
2005-09-27,14.89223575592041,14.89779683741044,14.708724309420822,14.783796257866609,14196000
2005-09-28,15.0145845413208,15.042388903241063,14.761561029440095,14.986780179400538,34448200
2005-09-29,15.159159660339355,15.170281822113886,14.975648233730498,15.106330982911922,26904600
2005-09-30,14.922822952270508,15.150823094068723,14.900579682746317,15.120237670388423,20336600
2005-10-03,14.883893966674805,15.097990836261843,14.828285271752762,15.028478906941425,13257400
2005-10-04,14.347265243530272,14.819946688905288,14.32224090052018,14.753215814657125,35211400
2005-10-05,13.79672908782959,14.405654340473076,13.796729087829592,14.3750689182001,63111800
2005-10-06,13.46863079071045,13.76892282886394,13.25175391471149,13.45750968833531,101702200
2005-10-07,13.77170467376709,13.79394900281614,13.554827768878786,13.632680799214487,43041600
2005-10-10,13.563166618347168,13.79672673138723,13.468630356862672,13.76336130400088,32451000
2005-10-11,13.888486862182615,13.971900984283524,13.693853203501762,13.752242982905589,34082600
2005-10-12,13.621562957763672,13.938537297953047,13.540928836650728,13.930195142227689,41327000
2005-10-13,13.251757621765137,13.5409275777682,12.987612009275184,13.4575134529472,78428400
2005-10-14,13.440837860107422,13.490886575643223,12.957033963484246,13.151667739382509,62164000
2005-10-17,13.60765266418457,13.735555399208476,13.529799655562128,13.735555399208476,29973200
2005-10-18,12.97649383544922,13.565956094962711,12.97371382338942,13.435273254114309,62569400
2005-10-19,13.268433570861816,13.29345790060684,12.692875047393809,12.984824853974056,92579600
2005-10-20,12.66507625579834,13.240635079586369,12.495466939100476,13.179465288811157,95887800
2005-10-21,12.79575538635254,13.015413325716535,12.612243945272349,12.729023471110738,62963400
2005-10-24,13.251757621765137,13.25453763296964,12.731808551735035,12.73458856293954,60696800
2005-10-25,13.527024269104004,13.593755139112645,13.221171089448898,13.299025185349718,67175400
2005-10-26,13.44639492034912,13.885709995476777,13.388005123262834,13.524247983130834,61851800
2005-10-27,13.06546401977539,13.588193017315842,13.059902937588625,13.49921782366351,54528600
2005-10-28,13.421366691589355,13.482537543622756,12.87639328826601,13.08214805492142,56558800
2005-10-31,13.57429313659668,13.76058570900384,13.390781636086963,13.499220105387955,45360800
2005-11-01,13.657708168029783,13.693854680416973,13.485318822339558,13.502002072826311,41405000
2005-11-02,13.924630165100098,13.932971257189562,13.610435948159882,13.641021366711744,41859400
2005-11-03,14.188776969909668,14.261069982077462,13.988583302319864,14.035850912787389,37997400
2005-11-04,13.7633638381958,14.166533294074531,13.73277841551515,14.110923531079532,58942200
2005-11-07,13.524243354797363,13.782827865592193,13.451951401335656,13.679950487742357,43073400
2005-11-08,13.638245582580566,13.735562957577862,13.424148630388448,13.488099502757272,26947800
2005-11-09,13.513120651245115,13.85790033879574,13.388000008339608,13.596535827406155,64432000
2005-11-10,13.093274116516112,13.415809600229611,12.993176714558745,13.410248515602152,80092400
2005-11-11,13.198928833007812,13.271220791178685,12.99873408627596,12.99873408627596,31180400
2005-11-14,13.268433570861816,13.401896309279428,13.154434082171717,13.387994139569429,30897200
2005-11-15,13.29068088531494,13.607655118350577,13.229511107794234,13.246193292269025,50381200
2005-11-16,13.635464668273926,13.635464668273926,13.274002732409452,13.290684921950945,45751000
2005-11-17,13.629900932312012,13.79116807694822,13.51868140722856,13.788388066121732,36924000
2005-11-18,13.635464668273926,13.732780976159985,13.476977503620516,13.679952274831582,48028800
2005-11-21,13.974684715270996,13.974684715270996,13.699417932998868,13.771709908551314,35605400
2005-11-22,14.197115898132324,14.227700254072904,14.019164479744292,14.110920729569424,28823000
2005-11-23,14.144291877746582,14.274974688599864,13.994146865604854,14.085902091876564,24430200
2005-11-25,14.180435180664062,14.241606024778722,14.127606490262847,14.138727594100798,7350000
2005-11-28,13.702197074890137,14.0998055668551,13.68551488348941,14.0998055668551,44192200
2005-11-29,13.72443962097168,13.891267877230312,13.679952015258165,13.81897591569642,29985000
2005-11-30,13.777271270751951,13.930197381838996,13.693857124765238,13.693857124765238,35525800
2005-12-01,14.213797569274902,14.213797569274902,13.885701211295718,13.88848228216056,37357000
2005-12-02,14.227702140808104,14.333360577466282,14.077557169488312,14.333360577466282,30877800
2005-12-05,14.327801704406738,14.458484499877112,14.252728676838744,14.375070378357597,40542800
2005-12-06,14.388975143432615,14.514096878552646,14.24439014514595,14.294438839193962,28030000
2005-12-07,14.336143493652344,14.608630182694434,14.244387219851724,14.483508473269984,66806000
2005-12-08,14.589165687561035,14.603067862837529,14.34726338294454,14.369507711921315,32613200
2005-12-09,14.40843391418457,14.55579887811876,14.344483060766564,14.46126260335563,28286800
2005-12-12,14.59472942352295,14.60585052936547,14.44180228567128,14.60028944611012,27012400
2005-12-13,14.533552169799805,14.789355522916114,14.514088917309117,14.63921058379762,37813200
2005-12-14,14.70872688293457,14.725409069655615,14.480727805290712,14.541897591047926,31727200
2005-12-15,14.591948509216309,14.722631315458507,14.486290047559462,14.625313948440718,30722400
2005-12-16,14.237068176269531,14.660807167349562,14.217553971580168,14.59390056309718,45466600
2005-12-19,14.119973182678224,14.384808938427453,14.117184833397095,14.306752173654514,38872400
2005-12-20,14.312333106994627,14.356937141011466,14.161794093396288,14.161794093396288,29189000
2005-12-21,14.342999458312988,14.487962843608004,14.276092871467547,14.356938020401252,35378400
2005-12-22,14.326276779174805,14.45730164109958,14.28167272924533,14.426636157377237,16832200
2005-12-23,14.287243843078612,14.337423516285927,14.05307238925917,14.18688449666398,27793000
2005-12-27,13.866292953491213,14.161794284039209,13.78823509532791,14.161794284039209,51304200
2005-12-28,14.075377464294434,14.15622156257212,13.933201343549683,13.949928258767974,38797800
2005-12-29,13.96665382385254,14.209189304040004,13.952715259845554,14.050287334782986,25124200
2005-12-30,14.02519989013672,14.133922196786356,13.838419697513547,13.88302374802223,24225600
2006-01-03,14.691472053527832,14.691472053527834,14.114406736126403,14.114406736126403,48380400
2006-01-04,14.733295440673828,14.76117364896982,14.49354922999774,14.60784722539904,39995800
2006-01-05,14.546504974365234,14.775100788278165,14.407117231079592,14.761162226638415,47122000
2006-01-06,14.90333366394043,14.942362052500291,14.710979007419468,14.783460148538664,36291800
2006-01-09,14.886613845825195,14.96745794195081,14.741650441458464,14.900552409747249,30470400
2006-01-10,15.048299789428713,15.126356580967522,14.858732384168148,14.8866105693206,34982600
2006-01-11,15.112415313720703,15.17932188266066,14.802974426330591,14.984178875316603,39429000
2006-01-12,15.00369358062744,15.34379994605318,14.967452476907352,15.235077698336788,44637600
2006-01-13,15.182114601135254,15.21278007856139,14.87267360302675,14.87267360302675,35416000
2006-01-17,15.516644477844238,15.530583040326432,15.368893801333533,15.416285126461815,30796000
2006-01-18,15.388415336608888,15.513864585634122,15.106851348413953,15.474835103258204,43220200
2006-01-19,15.656038284301758,15.695066699723233,15.2267235877764,15.2267235877764,52820200
2006-01-20,15.72572422027588,16.032376811900484,15.611426320112813,15.862324668492237,57437800
2006-01-23,15.898557662963867,15.973827134095975,15.58632957279789,15.639296505767794,43304200
2006-01-24,15.803788185119627,15.945964334884916,15.75360849266653,15.756396844160871,39394200
2006-01-25,15.472041130065918,15.973836845919758,15.318714809033384,15.948747006954855,74196800
2006-01-26,15.522218704223633,15.541732902613273,15.207202116235925,15.433010636315547,54059400
2006-01-27,15.792631149291992,15.865112305175687,15.6142139512628,15.64209213694426,45753000
2006-01-30,16.15504264831543,16.247038022912957,15.94596099470508,15.976626474052347,57694400
2006-01-31,16.07419776916504,16.155042931873353,15.965475477530417,16.099287610576436,35137400
2006-02-01,15.69227123260498,16.188491221663952,15.68390724548506,16.026802004413593,64991200
2006-02-02,15.536163330078123,15.77591050495945,15.332657279257676,15.608645578199882,71964400
2006-02-03,15.3939847946167,15.577976598146432,15.315926924658104,15.541735482217238,41721800
2006-02-06,15.695060729980469,15.7926327948664,15.5277958522391,15.544521701946742,43949800
2006-02-07,15.039935111999512,15.52779212912266,14.97581688879088,15.52779212912266,73028600
2006-02-08,15.042729377746582,15.123574547605598,14.719349761754913,15.078970499311726,88577400
2006-02-09,14.699832916259766,15.318714905668648,14.669167439170971,15.193265710052763,62496200
2006-02-10,14.64686393737793,14.822491723653965,14.382027019359011,14.747223280075126,86765000
2006-02-13,14.588327407836914,14.858739012049174,14.515845157553173,14.677535513228824,46839200
2006-02-14,14.42384910583496,14.566024184988189,14.295611529672785,14.35694249812233,61700000
2006-02-15,14.345787048339844,14.635713825053209,14.24264041057526,14.510264636721066,104064400
2006-02-16,14.674741744995115,14.697044294833011,14.479598687689991,14.485174325149464,54272800
2006-02-17,14.777896881103516,15.048309604513705,14.691477109374691,14.973040050674436,47213200
2006-02-21,15.06782341003418,15.193272663060316,14.945162508989013,15.02600770132193,41752400
2006-02-22,14.786248207092283,14.956301379706307,14.71655435362384,14.94236175825757,48568000
2006-02-23,14.769527435302734,14.967457806155206,14.524204671412145,14.750013233300052,57958600
2006-02-24,14.95073413848877,15.090121923690376,14.9312199336361,15.053880801773524,33029400
2006-02-27,14.691472053527832,14.914492286240693,14.691472053527834,14.872675527350127,32065200
2006-02-28,14.591114044189451,14.649656661342355,14.460089179990089,14.649656661342355,47670000
2006-03-01,14.839221954345703,14.847584880292988,14.65801849034064,14.702622534466656,26790800
2006-03-02,15.087326049804688,15.115204231011385,14.828064813523724,14.88660846233585,42100600
2006-03-03,15.09011173248291,15.198833961362777,14.928421500394306,14.94793569206794,45045200
2006-03-06,14.566025733947754,14.99255208020894,14.557662805886023,14.95631201631174,47172200
2006-03-07,14.351359367370604,14.513049631263666,14.262151312617158,14.501898358558512,47732200
2006-03-08,14.351359367370604,14.521412554070585,14.11997630768007,14.209184362433517,81573200
2006-03-09,14.248221397399902,14.557662490310689,14.239858469519463,14.496331516668684,45627000
2006-03-10,14.326276779174805,14.426636157377237,14.092105251183948,14.189677341522724,47799400
2006-03-13,14.607844352722168,14.624570210965665,14.370884414307206,14.40991283480163,23997000
2006-03-14,14.878251075744627,14.900553630602651,14.340214169404842,14.66359377073573,33197600
2006-03-15,14.956307411193848,14.95909469854135,14.75001305381885,14.80298002097529,43330400
2006-03-16,15.193267822265623,15.212782026136106,14.858736941930538,14.90891662715302,54604800
2006-03-17,15.000622749328612,15.280224283768325,14.98664181933046,15.1823631067573,46593600
2006-03-20,14.667890548706056,15.06772067312447,14.651115145770463,14.958676287663955,45785400
2006-03-21,14.642735481262209,14.860825454367031,14.544875347981195,14.623163454606004,50832800
2006-03-22,14.74059009552002,14.936310274640595,14.631545690982849,14.64272893936475,43925600
2006-03-23,14.958681106567385,14.983845285672142,14.82447250687371,14.863616548459971,34714000
2006-03-24,15.059328079223633,15.182352282694303,14.93630280915851,14.94469157449578,42517000
2006-03-27,15.137619018554688,15.176763042330451,14.89716165353825,14.944694444262144,38741200
2006-03-28,15.255057334899902,15.403245779952965,15.204728982505465,15.224301001037189,45004800
2006-03-29,15.434009552001951,15.445193872723056,15.21032847055754,15.21032847055754,36419200
2006-03-30,15.42560863494873,15.57379810135809,15.358504896638,15.461957115380615,46860200
2006-03-31,15.210321426391602,15.308181520891708,15.11525687747934,15.294201659762413,51697800
2006-04-03,15.29420566558838,15.568215068551677,15.249469458300398,15.308185530379252,36763000
2006-04-04,15.49551486968994,15.523475660101084,15.168381621342755,15.168381621342755,27552000
2006-04-05,15.749955177307127,15.755546269473912,15.408840958991217,15.489925661147494,40829600
2006-04-06,15.7835054397583,15.898142016099635,15.62133605212684,15.870181225165704,42543600
2006-04-07,15.47593593597412,15.77510932685242,15.450771769143488,15.713597748617795,43387400
2006-04-10,15.769524574279783,15.811464158119676,15.601763039135076,15.649295847401012,34570400
2006-04-11,15.65768337249756,15.970836741300902,15.582190842531611,15.909325139050711,27590200
2006-04-12,15.554234504699709,15.75275134895588,15.48153750450192,15.61015502794525,32700200
2006-04-13,15.60456085205078,15.618540714406434,15.319367180295917,15.3948597169306,22807200
2006-04-17,15.89254665374756,15.89254665374756,15.71080528240157,15.845013852040726,27431400
2006-04-18,16.281198501586914,16.309159297184788,15.99320923979822,16.0211689688008,58448800
2006-04-19,16.5328369140625,16.53842907202699,16.160966408886935,16.188927198709386,48529200
2006-04-20,16.362276077270508,16.546812981403097,16.077082486048358,16.440564137631355,52530000
2006-04-21,16.703393936157227,16.734149204953795,16.36227976777008,16.48250849706735,39209200
2006-04-24,16.448957443237305,16.664249668615906,16.362280590646808,16.636289944087423,59635400
2006-04-25,16.2364559173584,16.70059427601127,16.05191900528183,16.622306212280265,67672600
2006-04-26,15.979223251342772,16.53283399286872,15.959651235222784,16.27000794795189,58854200
2006-04-27,15.797480583190918,16.10504172542928,15.447978800376958,15.61573922948974,89759000
2006-04-28,15.976432800292969,16.177746262693464,15.90094025189278,15.90094025189278,38107800
2006-05-01,16.239259719848633,16.393040370240577,16.057518272461117,16.091070162260458,39191600
2006-05-02,16.599943161010742,16.619515183518324,16.320341620507836,16.42099834574412,38083000
2006-05-03,16.34270477294922,16.59714204678266,16.219679453780387,16.535629387198245,51569400
2006-05-04,16.2672176361084,16.418202723260414,15.973636233265193,16.202909410083333,55618400
2006-05-05,16.457340240478516,16.53842491066869,16.323131682885197,16.46293239703592,31436800
2006-05-08,16.3846435546875,16.415399882986797,16.10504212155908,16.250434994777237,34185400
2006-05-09,16.48250961303711,16.56638985467848,16.311952517295747,16.328728992262075,26333400
2006-05-10,16.63629150390625,16.63908704998316,16.37626198834951,16.432182509244708,41188800
2006-05-11,16.42099952697754,16.81803429768161,16.37067116073906,16.77888918325533,43551400
2006-05-12,15.864593505859377,16.370671663495123,15.845020414747475,16.370671663495123,70278200
2006-05-15,15.531867027282717,15.797488732565272,15.358514352226926,15.554235664887512,58166600
2006-05-16,15.587780952453612,15.8030741985327,15.445184681203772,15.629721596900865,41205200
2006-05-17,15.190744400024414,15.632514052336706,15.07610680340616,15.447977173113529,72929200
2006-05-18,15.006214141845703,15.364104838378433,14.9866421193707,15.19913988709251,49518600
2006-05-19,15.104076385498049,15.224305141516671,14.704246069732909,14.925131557915527,80607600
2006-05-22,15.0173978805542,15.137626623463474,14.60917990381792,14.846840777050568,75077600
2006-05-23,15.020198822021484,15.489929611883642,14.95868612654569,15.29700381847156,58351800
2006-05-24,14.83565616607666,15.14042184768678,14.58121884044583,14.846839415609209,76549600
2006-05-25,15.355713844299316,15.408838811838054,14.961475772572488,15.03976491773613,64495800
2006-05-26,15.406044006347656,15.46755668477712,15.269039852785015,15.347327940535097,28766600
2006-05-30,15.16278839111328,15.629723425309445,15.146011918052846,15.545842126602274,38809200
2006-05-31,15.531867027282717,15.531867027282717,15.104076965746769,15.109669125147969,39841400
2006-06-01,15.573808670043944,15.654893386573526,15.26904289635984,15.378087345060456,39707800
2006-06-02,15.805869102478027,15.833829886506736,15.543044132177256,15.72758104038734,35372600
2006-06-05,15.308187484741213,15.987619452953252,15.29700316484251,15.9820272930039,73397400
2006-06-06,15.29420566558838,15.478742653975717,15.151608271573664,15.277429187882143,49843400
2006-06-07,14.707039833068848,15.263447338812108,14.707039833068848,15.187954798841204,92812800
2006-06-08,14.913946151733398,14.944702491717424,14.245698643335835,14.600792726305109,150771000
2006-06-09,14.762958526611328,15.045356630103978,14.62595439317414,15.045356630103978,62874000
2006-06-12,14.460989952087402,14.941903807826268,14.43862132007416,14.852431412963451,43478000
2006-06-13,14.033198356628418,14.5001333981438,13.982870003253227,14.273655807955436,75171200
2006-06-14,14.393879890441896,14.421840670294657,14.03599044108408,14.086318778224362,79172400
2006-06-15,14.941902160644531,15.03696670303083,14.55046074292063,14.572828305873012,76566600
2006-06-16,14.901772499084473,15.00560859912295,14.626749323053122,14.887740911942956,59343200
2006-06-19,14.34050178527832,14.84564753377207,14.323664307356246,14.84564753377207,93441400
2006-06-20,14.27314567565918,14.612714944098736,14.23666269962826,14.48923550208652,44635400
2006-06-21,14.5930757522583,14.7670698172451,14.309633790416228,14.32085841969092,78507000
2006-06-22,14.654812812805176,14.733390553182227,14.478011826415392,14.593072547913824,35386800
2006-06-23,14.980356216430664,15.084191279908088,14.929841629756927,14.955098923093797,53731800
2006-06-26,15.14592170715332,15.16556613689859,14.840028496138377,14.957895074609995,33053200
2006-06-27,15.173986434936523,15.373237711751988,15.143116307717545,15.246952384825244,48294800
2006-06-28,15.434983253479004,15.471466240920696,15.210474620263996,15.218893359465309,44248000
2006-06-29,15.87277603149414,15.878388881191844,15.530399693725617,15.530399693725617,60785200
2006-06-30,15.926097869873049,16.021514181871048,15.788585716786452,15.934516609874082,22692400
2006-07-03,16.097280502319336,16.1449881065954,15.962575356047624,16.010282960323686,7662000
2006-07-05,16.170246124267578,16.209534993233692,15.827870930033304,16.004670840380818,32829800
2006-07-06,16.12814712524414,16.29372236559103,16.069212766751033,16.150597442803477,33697200
2006-07-07,15.909252166748049,16.33581895386985,15.858737608369069,16.19269508549023,39374600
2006-07-10,15.95696258544922,16.11973090319991,15.83909491279958,15.917673718079786,29220400
2006-07-11,16.24882698059082,16.293728703716997,15.999060008251083,16.01028570666801,25975000
2006-07-12,16.192699432373047,16.34424314819145,16.119733463775365,16.31617890236868,30260400
2006-07-13,16.03835105895996,16.29653571710846,16.010286810981906,16.262859690076393,37032600
2006-07-14,16.226369857788086,16.254433023385932,15.872769046765942,16.164629608823446,35258000
2006-07-17,15.701581001281738,16.139372380978845,15.62019632204122,16.05798877227948,64838800
2006-07-18,15.721237182617188,15.912069849424832,15.507953110047728,15.84191081223208,37958000
2006-07-19,15.883999824523926,15.94012724800588,15.61458947646042,15.670716899942374,45156400
2006-07-20,15.499524116516112,15.937316604430796,15.499524116516117,15.926090908974748,37870600
2006-07-21,15.289051055908203,15.578105829339036,15.224504896333428,15.578105829339036,60833000
2006-07-24,15.749290466308594,15.777354705864402,15.29466049091729,15.29466049091729,45137000
2006-07-25,16.024316787719727,16.049574073088397,15.75490645748158,15.858741488201003,38077800
2006-07-26,16.347049713134766,16.436853162396215,15.90645120565154,15.928901532696122,39309400
2006-07-27,16.206727981567383,16.551910111411132,16.16743911532292,16.5322656782889,34664600
2006-07-28,16.21234130859375,16.257243024276868,15.95696259991952,16.119730917817815,29452600
2006-07-31,16.45930290222168,16.54349349360702,16.209535946669085,16.33301647987294,31043000
2006-08-01,16.478944778442383,16.521039532326405,16.274080645357873,16.428430217348527,22086000
2006-08-02,16.51262092590332,16.80448259884963,16.397560218180047,16.658551762376476,35554600
2006-08-03,16.36949920654297,16.54349323542952,16.262857221497015,16.276888808085353,23421000
2006-08-04,16.23198699951172,16.509817122816944,16.088863104230587,16.41720672486806,33659400
2006-08-07,16.40317726135254,16.50139945018528,16.2207634014728,16.349855726950565,38116200
2006-08-08,16.307756423950195,16.509814665369,16.285305032440874,16.375108457395616,40603600
2006-08-09,16.44526481628418,16.655741760539733,16.405975957976384,16.473329051176243,37053200
2006-08-10,16.310564041137695,16.389142849206472,16.178665848936912,16.349852909901394,35670800
2006-08-11,16.318979263305664,16.366686856100547,16.184273078910632,16.290915028831247,16322600
2006-08-14,15.982226371765137,16.198316300781435,15.67633297491632,16.198316300781435,33443400
2006-08-15,16.06360626220703,16.187085725661063,15.92890003047714,16.122539569500447,33198800
2006-08-16,15.996257781982422,16.24883070149359,15.881197023214394,16.007483482969977,44679200
2006-08-17,15.883999824523926,15.92048281036843,15.752101610464129,15.839098099846677,69987200
2006-08-18,16.130956649780273,16.13656949807065,15.799806094437429,15.996251502435252,27279600
2006-08-21,16.23760223388672,16.310567136790283,16.173056070018525,16.2600525614949,24737000
2006-08-22,16.347049713134766,16.347049713134766,16.195505991052983,16.220763278066613,13917800
2006-08-23,16.004667282104492,16.316173346138616,15.987829810886096,16.271271638654312,24303600
2006-08-24,16.21234130859375,16.243211438852395,15.985025770768464,16.052378879563815,21704600
2006-08-25,16.33863067626953,16.487367435669082,16.29372895245788,16.361081002904587,26378800
2006-08-28,16.102901458740234,16.234799712032206,16.072031313115982,16.136577494629474,35186400
2006-08-29,16.001867294311523,16.018705842280152,15.841904835504964,16.018705842280152,26977000
2006-08-30,15.732460975646973,16.004677278940477,15.594948808404087,15.942938061674248,39981000
2006-08-31,15.623010635375977,15.799811672041956,15.5865287144218,15.710008208776443,21933000
2006-09-01,15.855937004089355,15.855937004089355,15.662298512797218,15.715618977504494,17497000
2006-09-05,16.06360626220703,16.0720250002371,15.782970242095766,15.799807718155908,33220400
2006-09-06,15.519166946411133,15.912057682488836,15.502329475506262,15.892413252739065,34454000
2006-09-07,15.53320598602295,15.60055911359998,15.364824772892836,15.434983790120658,50465600
2006-09-08,15.140313148498535,15.592137301701166,15.140313148498535,15.46585088146729,33601600
2006-09-11,14.671650886535645,14.999995588933684,14.62955612556354,14.95509386823856,88824200
2006-09-12,14.579045295715332,14.82881124805965,14.497660571534766,14.699718901764658,50193000
2006-09-13,14.882125854492188,14.977542131652935,14.696906148302656,14.70532595577126,45052000
2006-09-14,14.550980567932127,14.960710065331238,14.506078837188054,14.873712493652596,61271400
2006-09-15,14.600818634033203,14.674034528869862,14.47973171690274,14.609267282950285,61135400
2006-09-18,14.952811241149902,15.028842615838771,14.628975098076678,14.685294754239704,66620800
2006-09-19,14.7275390625,15.026032597092344,14.564213181683858,14.95281669511286,52592800
2006-09-20,14.333304405212402,14.71909244326455,14.291064376386949,14.586741355539452,58647400
2006-09-21,14.51634120941162,14.66840401560375,14.372727053035828,14.403702929209242,47660800
2006-09-22,14.454388618469238,14.654322425592468,14.350196853454298,14.617714479122128,48575000
2006-09-25,14.474099159240724,14.575473267462993,14.127733594533645,14.276980868315604,69880800
2006-09-26,14.79230785369873,14.80638857999636,14.361464269364545,14.361464269364545,62279800
2006-09-27,15.037293434143066,15.085164450559777,14.721903743765656,14.96407754829507,70352200
2006-09-28,14.989428520202637,15.197811055607444,14.950005058582237,15.034484058370058,48496200
2006-09-29,15.051379203796388,15.135858197498829,14.859892911826218,14.89650086964046,33727800
2006-10-02,14.879603385925291,15.155568648316589,14.87115580953032,14.98661067516554,29895400
2006-10-03,14.333304405212402,14.693748640810991,14.333304405212402,14.64306103590387,68121000
2006-10-04,14.544495582580566,14.603630735847272,14.136179434114538,14.412144556900556,75332400
2006-10-05,14.823283195495604,14.8767873753865,14.651508653293682,14.812019044549253,62842800
2006-10-06,14.837361335754396,14.842993410653897,14.575475761074191,14.699379260446255,51216400
2006-10-09,14.614900588989258,14.99224102142715,14.61208401437677,14.964080646344636,40557200
2006-10-10,14.888047218322754,14.921839663821826,14.530418560020015,14.530418560020015,53543600
2006-10-11,14.651503562927246,14.871150133235162,14.620527695690988,14.806382899108527,43451400
2006-10-12,14.9950532913208,14.9950532913208,14.735984341625915,14.741615341220816,46280400
2006-10-13,15.200624465942385,15.316079333753724,15.05701029347798,15.102065825448047,54467400
2006-10-16,15.558247566223145,15.558247566223145,15.152747925872742,15.178091720532656,56224600
2006-10-17,15.389293670654297,15.524460252740418,15.28228639034126,15.516011602841688,45572600
2006-10-18,15.290736198425291,15.516013868125247,15.172465824661066,15.369584188476775,57421600
2006-10-19,15.606120109558104,15.606120109558107,15.29073146951725,15.36394736090694,37268800
2006-10-20,15.403376579284668,15.670894299541786,15.347056889618631,15.670894299541786,55108600
2006-10-23,15.431535720825195,15.499119562538349,15.225969768835409,15.304816688993483,38240800
2006-10-24,15.713129043579102,15.752552493501073,15.347052770321383,15.406187945204335,35451000
2006-10-25,15.98346996307373,16.090477289320454,15.61739351184006,15.676528715472866,59867600
2006-10-26,15.946853637695312,16.17776331224376,15.83139880042109,16.169314663715564,40829800
2006-10-27,15.817319869995115,16.051046145274434,15.76663334412392,15.93277579456089,42041200
2006-10-30,15.532907485961914,15.744105467229094,15.501931610169368,15.600491312619145,77003400
2006-10-31,15.693418502807615,15.732841955704387,15.332974277227372,15.530092615919765,61219400
2006-11-01,15.532907485961914,15.775081343021638,15.414637132072365,15.662441989995749,55034800
2006-11-02,15.594862937927246,15.693421589554733,15.409008713280604,15.442800097523063,36178000
2006-11-03,15.938406944274902,15.977831469089768,15.693417591071936,15.696234165662942,63797000
2006-11-06,16.053857803344727,16.10736196518351,15.825764731785927,15.882084393307084,38969600
2006-11-07,15.92995834350586,16.093285284600107,15.817318999702348,16.053860762323005,62714000
2006-11-08,16.197479248046875,16.222823051806643,15.828586343145476,15.828586343145476,46124400
2006-11-09,16.332651138305664,16.501609168673518,16.231275890401367,16.32420355904996,41382200
2006-11-10,16.177764892578125,16.318563540774264,16.076389694003556,16.296035241442834,34595600
2006-11-13,16.14961051940918,16.298857872417294,15.997548739251483,16.053867360090493,37889000
2006-11-14,16.245349884033203,16.27632576278441,16.121447443236953,16.256614035253385,33182600
2006-11-15,16.39741325378418,16.470629164966617,16.205926973442054,16.329830492609677,34606200
2006-11-16,15.946853637695312,16.507231601218372,15.910245691962023,16.507231601218372,69076600
2006-11-17,16.07920265197754,16.107363021689295,15.746917808836676,15.777893678415476,50567000
2006-11-20,16.036968231201172,16.177766896840854,15.91306471794477,16.005992352887073,52260200
2006-11-21,16.332651138305664,16.349547371026034,16.070765439289218,16.070765439289218,27773000
2006-11-22,16.236906051635742,16.37207267481896,16.065131465650147,16.25098570680317,37745000
2006-11-24,16.203107833862305,16.34390647459964,16.143972662562636,16.174947461189813,9024000
2006-11-27,16.129898071289062,16.332648534777945,16.0594987241564,16.259433686411843,26066000
2006-11-28,16.388967514038086,16.459366858106797,16.186217059373394,16.18903363469304,35626600
2006-11-29,16.909921646118164,16.988769639212368,16.439654559610066,16.45936628933144,56393200
2006-11-30,17.039461135864258,17.129573307655395,16.83952720524199,16.909926567366085,52887400
2006-12-01,17.09858512878418,17.109848202231127,16.74940407093086,16.926810636771318,44489400
2006-12-04,17.0732479095459,17.0845109873309,16.904288852266944,16.980320266911175,36796400
2006-12-05,17.14082908630371,17.25346844739559,16.966239043398996,17.177437039789854,45401600
2006-12-06,17.092952728271484,17.290071011637032,17.028185491804333,17.07887308107571,40079000
2006-12-07,16.991580963134766,17.115483387239635,16.904285414251156,17.022556837713093,34637400
2006-12-08,16.97186851501465,17.168986829578852,16.94370814195782,17.070427135192553,28623800
2006-12-11,16.929630279541016,17.0535337856529,16.839519224664286,16.898654403013044,36886000
2006-12-12,16.969053268432617,17.095772271583105,16.853598415386276,16.980317418536764,37962000
2006-12-13,17.14082908630371,17.194333266216205,16.954974892448096,16.980318694983342,39544600
2006-12-14,17.388635635375977,17.495642924679775,17.152093828298874,17.233757314194104,45614200
2006-12-15,17.231599807739258,17.477322469158253,17.211829167498983,17.477322469158253,36120600
2006-12-18,16.734500885009766,17.257012296021514,16.72885197904948,17.257012296021514,71225000
2006-12-19,17.019760131835938,17.045179664719118,16.5226683611874,16.644117120804985,40950200
2006-12-20,16.788166046142578,17.056483188145727,16.754273683417388,17.056483188145727,35164400
2006-12-21,16.709083557128906,16.89549316880141,16.55091740157514,16.80511281631891,48419600
2006-12-22,16.548093795776367,16.77686967331552,16.548093795776367,16.610230693299822,23659000
2006-12-26,16.5678653717041,16.717557639781145,16.43511874760929,16.52267519205336,20251600
2006-12-27,16.762746810913086,16.762746810913086,16.491605749321646,16.54809373984123,18653800
2006-12-28,16.726032257080078,16.84748107212012,16.672368175716063,16.805114805508417,24348400
2006-12-29,16.55939292907715,16.720383015109764,16.55939292907715,16.66389501989752,16129400
2007-01-03,15.980386734008787,16.49160023768288,15.861761885821256,16.469005695477623,94931000
2007-01-04,15.689477920532228,15.884361416810194,15.616044293509797,15.782683258303203,101763800
2007-01-05,15.793980598449709,15.839171850556005,15.587800359099116,15.697952419980084,76607000
2007-01-08,15.793980598449709,16.01428364279289,15.644288346813234,15.952146748565486,65947600
2007-01-09,15.658413887023926,15.77138988996047,15.47765314426067,15.573682423531029,74036200
2007-01-10,15.356203079223633,15.58215398944742,15.299715082312954,15.562383352141522,76061200
2007-01-11,15.26864528656006,15.740317669525046,15.220630119702651,15.407039725757492,97682800
2007-01-12,15.658413887023926,15.70360407271474,15.308190217274868,15.322311948287185,63076600
2007-01-16,15.497416496276855,15.712070585442136,15.415510063950228,15.548255565951868,62727000
2007-01-17,15.66970443725586,15.737490223071468,15.469173148571564,15.471997062497064,72263600
2007-01-18,15.553906440734863,15.8419941795669,15.452228288509598,15.745964933289557,62343000
2007-01-19,15.980386734008787,15.98603456149627,15.62733825802682,15.661230610043924,62563400
2007-01-22,15.870244979858398,16.073601378463547,15.78833849923723,16.070777462891424,63137800
2007-01-23,16.282594680786133,16.35602828313061,15.99450702097008,15.99450702097008,72533000
2007-01-24,16.353214263916016,16.358862094313356,16.042530798531224,16.237414347228512,43948600
2007-01-25,16.017107009887695,16.327790392987048,15.90978102205982,16.29672194693524,44287400
2007-01-26,16.05664825439453,16.178097046563504,15.97756572085891,16.12725796717097,27642800
2007-01-29,15.97757339477539,16.18375372581931,15.909788641307948,16.06230487531931,39899600
2007-01-30,16.30238151550293,16.344746724484565,16.008644659251484,16.04536203563777,43022200
2007-01-31,16.40687370300293,16.457712784871816,16.183746741180457,16.274127091743196,55691600
2007-02-01,16.466188430786133,16.573515519523173,16.3164961515032,16.409700432639326,46168400
2007-02-02,16.55939292907715,16.644124383186067,16.37015830672896,16.55939292907715,36886000
2007-02-05,16.542442321777344,16.692134558123826,16.49160324576936,16.59328139778533,26218800
2007-02-06,16.49160385131836,16.646944999305045,16.39275068735011,16.641296093161333,38592800
2007-02-07,16.392757415771484,16.62435727563062,16.29955204227204,16.548098627518105,39181600
2007-02-08,16.55939292907715,16.590461380314828,16.305197489331494,16.389928943440413,49711600
2007-02-09,16.49160385131836,16.638472178798818,16.415345234506272,16.579160280417867,38082400
2007-02-12,16.26283073425293,16.39275235653144,16.195044931044826,16.324966553323335,37392800
2007-02-13,16.500080108642578,16.502905101012193,16.322144376437315,16.327793283757643,30053600
2007-02-14,16.502906799316406,16.67519471935029,16.415350342969298,16.4690144293255,47036000
2007-02-15,16.37863540649414,16.497259249940324,16.24588875342132,16.454892975898627,49922200
2007-02-16,16.38144874572754,16.40404436460662,16.308015139207342,16.38144874572754,32549200
2007-02-20,16.197874069213867,16.24306426011935,16.132913237125926,16.203522977754442,32566800
2007-02-21,16.375810623168945,16.401230172435444,16.10184448967655,16.197873778303435,40853400
2007-02-22,16.522674560546875,16.5819864670555,16.296723670929147,16.378631205108956,43117200
2007-02-23,16.565038681030273,16.672364666329294,16.525496337720504,16.666715760142182,33278800
2007-02-26,16.663894653320312,16.813586921533727,16.62152838848839,16.71190874787221,42328000
2007-02-27,16.000160217285156,16.635647587438992,15.943672235565533,16.415344566474324,104771600
2007-02-28,16.070772171020508,16.291074145354425,16.022757002752034,16.070772171020508,65250400
2007-03-01,16.019933700561523,16.231762861648278,15.548260208283898,15.906957717014391,63812400
2007-03-02,15.830703735351562,16.082074241220404,15.7374994373798,16.045357951598966,67580200
2007-03-05,15.647107124328612,15.890003543417992,15.517184480960973,15.576497437084202,72762400
2007-03-06,15.943671226501465,15.986036402045942,15.7826811891116,15.875885437244303,43864200
2007-03-07,16.141382217407227,16.446415643664842,15.906957432831588,15.98039214405094,88860200
2007-03-08,16.282594680786133,16.370150005417813,16.172442661141897,16.36167718752916,46413800
2007-03-09,16.211997985839844,16.392758761799776,16.16680779184986,16.29955338064713,43495600
2007-03-12,16.18939971923828,16.260009453211726,16.08489761463491,16.09901934594579,42803200
2007-03-13,15.971918106079102,16.38710359555157,15.943674649652168,16.183747261537494,62941200
2007-03-14,16.1555118560791,16.20352597141609,15.87307284138338,16.042535819233077,75853600
2007-03-15,16.152681350708008,16.27130625665923,16.090545521323055,16.152681350708008,41611800
2007-03-16,15.978974342346191,16.256672297841824,15.94213653858001,16.24533850364339,56097000
2007-03-19,16.234010696411133,16.31335269510982,16.10082855777806,16.137666377582587,43157600
2007-03-20,16.350189208984375,16.404028263664845,16.197171582898523,16.251010637578993,48250600
2007-03-21,16.644882202148438,16.741226470565653,16.395520375488626,16.472029154609924,48850800
2007-03-22,16.979257583618164,17.05293320742077,16.732729939870673,16.732729939870673,67233000
2007-03-23,17.06426239013672,17.120934597590242,16.95091581332353,17.055760694256236,29860400
2007-03-26,17.183277130126953,17.285288843796952,16.936749542726577,17.200279442723012,38024600
2007-03-27,17.21445083618164,17.21445083618164,17.05009835872343,17.140776295876734,34342000
2007-03-28,17.211618423461914,17.324963958280318,17.084103750956952,17.324963958280318,37145200
2007-03-29,17.319297790527344,17.330632669127127,17.140778316871593,17.265458738608654,46594200
2007-03-30,17.081268310546875,17.271123716700735,16.97359022205407,17.245620783962256,42370600
2007-04-02,17.248451232910156,17.299457090314686,17.055762678482655,17.075598169589615,35790800
2007-04-03,17.35613441467285,17.373136731405975,17.123774824087384,17.18044813224435,32316200
2007-04-04,17.384471893310547,17.421309708648113,17.177615221105572,17.242789152269864,31624800
2007-04-05,17.49782371520996,17.51765921837033,17.35897411213354,17.429815503693096,24371800
2007-04-09,17.43265151977539,17.65651059907021,17.404314311726324,17.466655088480312,39235200
2007-04-10,17.6961727142334,17.74151114336815,17.44397763461176,17.469480568559643,34376800
2007-04-11,17.588489532470703,17.786845520101046,17.540317935407153,17.701836119960376,49695000
2007-04-12,17.857690811157227,17.863358249878758,17.562990483358043,17.611163172014354,33672200
2007-04-13,17.866193771362305,17.9001973271966,17.76701628311496,17.888863529220867,26788600
2007-04-16,17.971038818359375,17.99937601587067,17.733012844985822,17.905864885513726,28336000
2007-04-17,17.869022369384766,18.06171092631082,17.77551126927953,18.013538246602703,29040600
2007-04-18,17.80668067932129,17.818015554049907,17.68483347837152,17.78684518902278,31142400
2007-04-19,17.55731964111328,17.699002338825853,17.52331609632916,17.67066623166462,32242400
2007-04-20,17.88035774230957,17.954033357554984,17.721673797387087,17.721673797387087,36407800
2007-04-23,17.900196075439453,18.07588344369689,17.85202446478896,17.886028018245398,40033600
2007-04-24,17.846355438232422,17.922864237418814,17.752845404306864,17.883193248422916,42760600
2007-04-25,18.18073272705078,18.29691146558695,17.9087010074312,17.917201627091487,57692600
2007-04-26,18.175052642822266,18.2657294646879,18.033369973538083,18.16655202857017,38278600
2007-04-27,18.17222785949707,18.302575723776005,18.04471425541533,18.132557945318204,28250400
2007-04-30,17.956865310668945,18.34790987002519,17.956865310668945,18.175056800999847,35122000
2007-05-01,18.03621482849121,18.09572132512178,17.846359378015226,17.976707250907026,53459200
2007-05-02,18.18638801574707,18.25156299664811,18.04470534256796,18.09571119138868,33324400
2007-05-03,18.333740234375,18.427251333800008,18.09571433973651,18.112715571666,34106600
2007-05-04,18.31957626342773,18.62844355758937,18.28557163209064,18.418753735777496,40888800
2007-05-07,18.367752075195312,18.401756714318093,18.234569941015152,18.254405440026627,22546800
2007-05-08,18.37058448791504,18.413089742066592,18.135390621929208,18.305409476628387,30772400
2007-05-09,18.36208724975586,18.4414292524278,18.149563101781403,18.350752369101663,44234400
2007-05-10,18.06454086303711,18.45558426343316,18.03903793858058,18.43574877562841,41594400
2007-05-11,18.47826194763184,18.48959682580446,18.07304924106513,18.09288473739048,42647800
2007-05-14,18.483936309814453,18.597280803551104,18.418761280199003,18.47260142805926,33049600
2007-05-15,18.546260833740234,18.702112637145515,18.46125252798772,18.51225837620163,32117600
2007-05-16,18.617111206054688,18.631280344844004,18.32807936715324,18.526434338761387,34880800
2007-05-17,18.91464614868164,19.01098937599323,18.52076829696503,18.67378591849557,37547000
2007-05-18,19.220685958862305,19.226352318677066,18.96849078990714,18.98549203125903,42464600
2007-05-21,19.38220596313477,19.55789123783347,19.246189534486543,19.28869480355835,90720000
2007-05-22,19.200841903686523,19.512543440434296,19.200841903686523,19.36236011030443,50212000
2007-05-23,19.240524291992188,19.4927194980536,19.240524291992188,19.27452677969886,49737000
2007-05-24,18.889142990112305,19.455873921777386,18.86930533207337,19.28585291275231,56356600
2007-05-25,19.18384552001953,19.22351652127476,19.047831276260872,19.096002897512587,26041600
2007-05-29,19.05632972717285,19.203678834790644,18.923147597300844,19.098834984224563,41121800
2007-05-30,19.455873489379883,19.48137534302272,18.93447991964413,18.97698517095574,38506000
2007-05-31,19.35386085510254,19.572051297605302,19.2801852337,19.50687629369021,33403000
2007-06-01,19.52953720092773,19.603212788953527,19.441694644143087,19.45019525777956,23829800
2007-06-04,19.8355770111084,19.85541250164325,19.450199913368643,19.4757039222885,35336000
2007-06-05,19.76473426818848,19.82424073558869,19.611716711199566,19.719394771937168,30652000
2007-06-06,19.512540817260746,19.696728752093367,19.410529104489022,19.696728752093367,37970800
2007-06-07,19.16683959960937,19.623058164546325,19.101666754279467,19.47854117417386,40308600
2007-06-08,19.24618530273437,19.28585630197,18.925983048359065,19.03082906742881,41979200
2007-06-11,19.393535614013672,19.546553244248933,19.19801272617297,19.285855339825595,27590200
2007-06-12,19.155502319335938,19.467203854808,19.155502319335938,19.36802638832689,41113800
2007-06-13,19.53804588317871,19.5777168711357,19.212177362375822,19.25184835033281,50487400
2007-06-14,19.86675071716309,19.957427569413785,19.583385283641327,19.58905164107282,38401000
2007-06-15,20.17168426513672,20.23136354137807,20.012537360308706,20.038115431946096,32450400
2007-06-18,20.194425582885746,20.296733573109684,20.146114078664787,20.19726807377676,23275600
2007-06-19,20.21714973449707,20.305247388604307,20.06937281455744,20.171680746894125,22868400
2007-06-20,19.62888526916504,20.271151417074982,19.55215538421895,20.208629645838005,59250800
2007-06-21,20.02106666564941,20.04095976170846,19.68572435480776,19.75961392653487,45713400
2007-06-22,19.82213020324707,20.04379668871799,19.60898901826592,19.97843460617361,39709200
2007-06-25,19.66299629211425,19.93297440761765,19.566371107663745,19.694257189890703,49853400
2007-06-26,19.239547729492188,19.72551164784144,19.21397182230788,19.67435766528808,51648000
2007-06-27,19.53795051574707,19.620365403559354,19.02641058042434,19.168504765993408,47399800
2007-06-28,19.53795051574707,19.80224578763295,19.46974591376577,19.66583441548515,34510600
2007-06-29,19.606151580810547,19.85055370935441,19.50384361220219,19.651622752718623,36467200
2007-07-02,19.952861785888672,19.952861785888672,19.6402550659766,19.6402550659766,32160000
2007-07-03,20.106321334838867,20.114846636551885,19.93012381609313,19.96706968109562,10600800
2007-07-05,20.05801582336425,20.222845599548204,19.85339984854077,20.12053761213646,33578600
2007-07-06,20.330835342407227,20.336518155552056,20.134744682041514,20.1773733692756,23052400
2007-07-09,20.521238327026367,20.58660259462772,20.262628083282365,20.31378206760978,38314400
2007-07-10,20.339353561401367,20.651960211919057,20.29104207785081,20.40755813630711,58750800
2007-07-11,20.416088104248047,20.47008457949183,20.19726404931797,20.26262831767544,55289800
2007-07-12,20.811111450195312,20.85942294381912,20.575234626241706,20.575234626241706,62177400
2007-07-13,21.01572608947754,21.1208765518902,20.751430856438056,20.79405953948021,50968000
2007-07-16,20.74574089050293,21.05266470075401,20.51270662750136,21.05266470075401,52113000
2007-07-17,20.47576904296875,20.95888831308111,20.47008406246308,20.83952974067944,49148800
2007-07-18,20.939001083374023,20.984470099232816,20.424620780940224,20.484300083859168,74638400
2007-07-19,21.129392623901367,21.16633847821669,20.99582382054213,21.03276967485746,37691800
2007-07-20,21.02992820739746,21.237386561282225,20.867941009284056,21.115185540376743,40165600
2007-07-23,21.115190505981445,21.2118134824421,20.859420615078896,21.04414343451877,30433600
2007-07-24,20.50418281555176,20.930465193554145,20.396189892153203,20.930465193554145,50225400
2007-07-25,20.83100128173828,20.862262165228387,20.188735177556733,20.634910679515706,65361000
2007-07-26,20.04664421081543,20.56386686282,19.6601479249016,20.51839569121376,79532200
2007-07-27,19.46689796447754,20.17452620310189,19.46689796447754,20.077903224736747,85094800
2007-07-30,19.80224227905273,19.924443343717844,19.35606670214708,19.66299060895965,64797800
2007-07-31,19.60899353027344,20.17168734209997,19.60899353027344,20.07790467876476,45528200
2007-08-01,19.55783462524414,19.94148831629724,19.10029138456659,19.51520595553064,86169000
2007-08-02,19.42426872253418,19.75108568184185,19.17702630379527,19.60614905032228,68290800
2007-08-03,18.790531158447266,19.657304171701583,18.7592702720226,19.407219248488943,68139400
2007-08-06,18.89852523803711,18.958204531238177,18.253418638800262,18.67117369120776,109071600
2007-08-07,19.34184837341309,19.506678051270534,18.6882168084017,18.75357888081088,62339200
2007-08-08,19.70845603942871,19.91875475158824,19.3702734733767,19.50952511822165,60435200
2007-08-09,19.14292526245117,19.67719851942413,19.125874657200534,19.21112985163851,65071200
2007-08-10,19.245237350463867,19.44985333001614,18.651282511586555,19.009360475803035,55367600
2007-08-13,19.267967224121094,19.72835087332796,19.202602962419643,19.512369330715813,39376800
2007-08-14,19.14008140563965,19.48963396561432,19.0406159351378,19.43563749526276,40611000
2007-08-15,18.61433982849121,19.316285509391307,18.58307893166029,19.15145572031651,52163800
2007-08-16,18.50065803527832,18.600123507388243,17.827132062766893,18.281833996636497,84094800
2007-08-17,19.18270492553711,19.23101640276317,18.705268627329712,19.083239481782247,61897400
2007-08-20,19.14008140563965,19.29922832662725,18.742217355447604,19.094612405489364,65976200
2007-08-21,18.87010383605957,19.20828644375547,18.75642808072129,19.057666989410745,40832600
2007-08-22,19.097455978393555,19.174188045974933,18.938311198498862,19.097455978393555,36239000
2007-08-23,19.267967224121094,19.34185461955885,19.02356511752637,19.19407766049872,35967000
2007-08-24,19.680042266845703,19.751089350841536,19.3105965627934,19.353225246827883,31269000
2007-08-27,19.4384880065918,19.59479033382558,19.373123717184026,19.586265028290985,21383400
2007-08-28,18.969572067260746,19.39585458562615,18.969572067260746,19.32480749923192,39279000
2007-08-29,19.597620010375977,19.68003485696268,19.08608249911991,19.10881590961849,54728000
2007-08-30,19.58625030517578,19.714136296618523,19.387319431621165,19.483942379295147,33744400
2007-08-31,19.84486961364746,19.9784384622589,19.58909970866648,19.819291539057023,26635400
2007-09-04,20.205785751342773,20.342197076213,19.72550904494005,19.77950334237696,31791600
2007-09-05,20.09779930114746,20.200107274708667,20.001174140257465,20.177371687653974,32728600
2007-09-06,20.40472412109375,20.53260800958881,20.185897880371964,20.29104834899536,36015000
2007-09-07,19.967077255249023,20.19726916155789,19.91592325738201,20.166008264628868,40178600
2007-09-10,19.9358139038086,20.069382780026565,19.546475069746126,20.04380470014956,61778000
2007-09-11,20.276836395263672,20.32230756763393,19.802242416619425,19.950019390453114,54152400
2007-09-12,20.418933868408203,20.54397744452252,20.220002877485594,20.220002877485594,48045600
2007-09-13,20.54681205749512,20.671853417482417,20.424611019014005,20.45018692167583,30474800
2007-09-14,20.60365295410156,20.734379319559203,20.40472199974967,20.41040481208053,28053400
2007-09-17,20.64628219604492,20.788376358208776,20.504188033881068,20.56102483147267,26959800
2007-09-18,21.27149200439453,21.314120679390207,20.53828573265924,20.71448324415527,37287000
2007-09-19,21.45621109008789,21.606830503148583,21.31695946626364,21.405057122615943,38740600
2007-09-20,21.442007064819336,21.52442193468085,21.294230098016264,21.41074617734825,32586000
2007-09-21,21.569656372070312,21.74061972736378,21.55541087505544,21.67793345360809,24444400
2007-09-24,21.52975845336914,21.635185531431404,21.38444269239114,21.598144642652656,35679600
2007-09-25,21.17644691467285,21.26762636270814,21.051074358415768,21.250530895542,34937800
2007-09-26,21.23628044128418,21.46138014966725,20.996935236758937,21.381598414825497,41332000
2007-09-27,21.512670516967773,21.535465921368218,21.33316159856545,21.44428647765585,25186200
2007-09-28,21.31322288513184,21.683638540961525,21.261934295999712,21.60670674420839,34826000
2007-10-01,21.683631896972656,21.695029599275266,21.27902324773259,21.2989686832898,38886800
2007-10-02,21.344560623168945,21.53831505090855,21.15935175524718,21.518369614294794,43783000
2007-10-03,21.21919059753418,21.32746552723264,21.068174820308244,21.202095128079108,43850800
2007-10-04,21.29897117614746,21.3816028970956,20.94280108958981,21.128009969377725,31124600
2007-10-05,21.40154457092285,21.449983172441875,21.10806081903908,21.40154457092285,32311200
2007-10-08,21.184999465942383,21.318919786237394,21.125163143363974,21.23628805299388,26189000
2007-10-09,21.61239051818848,21.615240486264646,21.27616602352693,21.28471375386676,35899200
2007-10-10,21.891632080078125,21.94007067542036,21.29326695098083,21.29326695098083,43909800
2007-10-11,21.78335762023925,22.250652513996705,21.563957843759805,22.05404814060037,64721400
2007-10-12,21.98851585388184,22.05974987090793,21.794759240615267,21.80900691357636,27868600
2007-10-15,22.168025970458984,22.341837138091883,22.0796943150768,22.18227146888931,37512800
2007-10-16,22.225017547607425,22.336142461434253,22.108192693954035,22.139535841329817,40045600
2007-10-17,22.08254814147949,22.367484246530843,21.89164147282868,22.336141101064,46440800
2007-10-18,22.25350952148437,22.273454962018384,22.01416423507627,22.08254829206573,42443800
2007-10-19,21.199234008789062,22.071137274656447,21.199234008789062,22.06828730661628,66866800
2007-10-22,20.9570541381836,21.073876826117395,20.706308941640376,20.96844967085352,62531000
2007-10-23,21.2562313079834,21.341713002242106,20.891513470407176,21.116613236324643,42582400
2007-10-24,21.39584922790528,21.48133092155776,20.996940454566417,21.21064251480785,46342600
2007-10-25,21.598159790039062,21.729230150589423,21.35311454130443,21.55256896520928,40123200
2007-10-26,21.92582893371582,22.062599198941616,21.77481316983271,21.91158343505851,31556000
2007-10-29,22.031259536743164,22.12528897306316,21.94008007016044,21.94008007016044,19328800
2007-10-30,21.28188133239746,21.88594456756258,21.28188133239746,21.88594456756258,49539800
2007-10-31,21.85459327697754,21.920129522324658,21.39014831695911,21.512670900433715,58567800
2007-11-01,21.21348762512207,21.87169136559266,21.196392158111497,21.53261677728628,44493000
2007-11-02,21.61239051818848,21.6209382485283,21.130850259972497,21.298961420358925,56069200
2007-11-05,21.438589096069336,21.59815477201055,21.196393873629773,21.36165731440582,47670600
2007-11-06,22.15378189086914,22.15378189086914,21.65799368296524,21.65799368296524,36266200
2007-11-07,21.24198341369629,22.139530232787774,21.24198341369629,22.139530232787774,59806600
2007-11-08,21.61239051818848,21.9856580761742,21.261920530923447,21.58959512135648,74325400
2007-11-09,21.21348762512207,21.569657680439025,21.196392158111497,21.33886018023828,56925800
2007-11-12,20.18771743774414,21.01688233454965,20.18771743774414,20.874414318512088,63528400
2007-11-13,20.90005874633789,20.90005874633789,20.136430048538543,20.35867981879761,56002800
2007-11-14,20.868711471557617,21.23627916256519,20.69775031092108,21.113756598896,44226400
2007-11-15,20.17347717285156,20.825978942519733,20.11363867757285,20.674963154173387,58108600
2007-11-16,20.703458786010746,20.75474519885143,20.364384119630643,20.427070411622594,50881800
2007-11-19,20.358680725097656,20.73479623933091,20.29314664832931,20.61512361523161,35531000
2007-11-20,21.014034271240234,21.14510459701444,20.51539616988877,20.626521058564503,56381200
2007-11-21,20.55813980102539,21.00263941600219,20.552439861716003,20.8316781928488,39537400
2007-11-23,21.099515914916992,21.099515914916992,20.586630142165337,20.586630142165337,13740200
2007-11-26,20.370079040527344,21.159353171996067,20.370079040527344,21.096666888758588,50628600
2007-11-27,20.144983291625977,20.321644472811045,19.8344039569364,20.11649011372906,57528000
2007-11-28,20.64361953735352,20.70345803126624,20.27605388205486,20.50115148761639,45945800
2007-11-29,20.87156867980957,20.99978905129,20.649318876502235,20.7291006342136,39496800
2007-11-30,20.934255599975582,21.014037360096616,20.615126385601545,20.848773900480243,34133800
2007-12-03,21.014034271240234,21.122309190647723,20.76613911825382,20.76613911825382,39093200
2007-12-04,20.800329208374023,20.985538053911377,20.800329208374023,20.971290383528007,29133400
2007-12-05,21.259082794189453,21.384455375009445,21.048230686902148,21.08527159764899,48980200
2007-12-06,21.840347290039062,21.840347290039062,21.179295782680143,21.26762525696549,42270000
2007-12-07,21.70643615722656,21.85745197004002,21.5725158178968,21.740629278084267,24755400
2007-12-10,21.92582893371582,21.968569777466985,21.749169967915783,21.826101747556184,22776400
2007-12-11,21.38445281982422,22.102490756246485,21.37305511621248,21.92298181561334,40003600
2007-12-12,22.08254814147949,22.15378216774233,21.73777571523416,21.868846062690984,48037600
2007-12-13,22.136682510375977,22.159475742312832,21.774812508022816,21.942925908630624,30835600
2007-12-14,21.78335762023925,22.091089040193467,21.76341218601385,22.07969133865191,30176200
2007-12-17,21.39299774169922,21.78335871310784,21.236282055002,21.740620047544407,54364400
2007-12-18,21.598159790039062,21.73207794672365,21.250537359327595,21.61810523242955,41742800
2007-12-19,21.806150436401367,21.93437293311556,21.615243849478915,21.615243849478915,33666200
2007-12-20,22.08254814147949,22.082548141479496,21.69218489495876,21.991368674818663,26022400
2007-12-21,22.65359687805176,22.65359687805176,22.11653671279292,22.15653027665444,33735800
2007-12-24,22.756437301635746,22.756437301635746,22.51076131532968,22.736438340915168,38001600
2007-12-26,23.01069450378418,23.02497668065573,22.69931340696417,22.779300571802548,27990600
2007-12-27,22.76787757873535,23.022123474903005,22.71074450209727,23.022123474903005,21799600
2007-12-28,22.959266662597656,22.98497588058541,22.753584200751256,22.89356169526324,20981400
2007-12-31,22.667877197265625,22.97925812417277,22.582177644340103,22.97925812417277,22609800
2008-01-02,22.710729598999023,22.93926611455683,22.64502464244329,22.8392800268217,38591400
2008-01-03,22.97926139831543,23.067818269468614,22.81071521508819,22.873562870546284,29210800
2008-01-04,22.13939476013184,22.77929407584597,22.13939476013184,22.76501190304726,53756000
2008-01-07,22.053695678710938,22.456490923520025,21.77659795437603,22.282232266054784,64817600
2008-01-08,21.66803550720215,22.336503405292188,21.66803550720215,22.24794436038939,45215800
2008-01-09,21.953706741333008,22.09368422498512,21.60518950574186,21.66803716192858,50178400
2008-01-10,21.86229705810547,21.9965621367489,21.230967419355327,21.810876436060887,46105600
2008-01-11,21.59661865234375,22.005126216985943,21.528058567081555,21.708029608202,57543200
2008-01-14,22.025131225585938,22.06226967773355,21.796596796193786,21.83373306885477,40291200
2008-01-15,21.113845825195312,21.73660359783627,21.113845825195312,21.73660359783627,53263200
2008-01-16,20.411088943481445,21.182398053849514,20.29967799078701,20.99671240619688,87574800
2008-01-17,19.63978385925293,20.89958776823245,19.59693298584464,20.60534626655471,76335400
2008-01-18,19.68263816833496,19.99973163562574,19.179859003520143,19.78262210408288,83086200
2008-01-22,19.12557601928711,19.471238102107,17.997182137985497,18.225717566233563,80178400
2008-01-23,19.302690505981445,19.31982998074658,17.988611073171445,18.579946926910225,109372800
2008-01-24,19.98258399963379,20.093994948932643,19.4198168211564,19.4369562965914,65186400
2008-01-25,19.6254997253418,20.445372223403343,19.56836667982284,20.27682821348223,62751800
2008-01-28,20.07114601135254,20.125421751422863,19.468383001862524,19.59407613946024,44986000
2008-01-29,20.29682350158692,20.38252306354972,20.045432889063385,20.119707586353137,37258000
2008-01-30,20.04258155822754,20.628202970743214,19.93116840145099,20.19398610790483,49692600
2008-01-31,19.88260269165039,20.22255019543334,19.56836658386508,19.716913809177527,47823800
2008-02-01,20.38253402709961,20.45680876434096,20.05972802904938,20.1454276371091,47327200
2008-02-04,20.396806716918945,20.51107497511874,20.128276637072297,20.41680349864248,34515600
2008-02-05,19.5540828704834,20.11113988741449,19.5540828704834,20.076858751461707,55389400
2008-02-06,19.285552978515625,19.868319153714857,19.239844801879222,19.768333062194177,56930600
2008-02-07,19.66549301147461,19.762621802849043,19.1198652422787,19.145574458548253,51201000
2008-02-08,19.954025268554688,19.954025268554688,19.582656019112928,19.6483588202472,34556400
2008-02-11,20.46822738647461,20.46822738647461,19.756910688887903,19.96830558377384,61999400
2008-02-12,20.45680809020996,20.78532869233034,20.153998895301104,20.531082825003672,52058800
2008-02-13,20.9538631439209,20.9538631439209,20.453941381621217,20.57963669357777,41427000
2008-02-14,20.773889541625977,21.190966813388663,20.771032235936428,20.9967114367266,50669400
2008-02-15,20.8110294342041,20.91958527451976,20.45108513642121,20.91958527451976,42606400
2008-02-19,21.496631622314453,21.522340833251224,21.110978201864384,21.1538290662445,57454200
2008-02-20,21.75374412536621,21.77659822027693,21.110987417535547,21.19954431095655,37282200
2008-02-21,21.15669631958008,21.750889791555,21.139556835797624,21.705183774972863,57236000
2008-02-22,21.39665412902832,21.470928837551654,20.902444746968744,21.365230297710223,33638000
2008-02-25,22.00798988342285,22.04227102570446,21.37380291787501,21.382372658573807,41729200
2008-02-26,22.38220596313477,22.38220596313477,21.759446336071623,21.82800858859109,33266000
2008-02-27,22.090829849243164,22.38506917731257,22.03940923602325,22.259373860667,31695400
2008-02-28,22.47077178955078,22.57361084045744,22.025125731353533,22.025125731353533,30196200
2008-02-29,21.72517776489257,22.39650100682277,21.639475998056184,22.32508359428793,41564600
2008-03-03,21.996559143066406,22.205098909500524,21.61661805297315,21.73945606783465,47872000
2008-03-04,21.56804847717285,21.98512570936536,21.23667079216526,21.865145035615207,67485000
2008-03-05,22.110828399658203,22.110828399658203,21.66803962936464,21.713747813427588,44337600
2008-03-06,21.66803550720215,22.096539843585127,21.545197510259595,22.013695410346124,46552600
2008-03-07,21.07099151611328,21.50806568049149,20.89387556932862,21.42522123019639,60823600
2008-03-10,20.8110294342041,21.233821391225312,20.785320216962624,21.11384068512636,58049200
2008-03-11,21.88228416442871,21.88228416442871,21.14811360640137,21.28237862564324,67791600
2008-03-12,21.39665412902832,21.83658558799552,21.39665412902832,21.710890262723137,43799400
2008-03-13,21.75374412536621,21.83944371205176,21.033855392083453,21.176690216045824,50412400
2008-03-14,21.356653213500977,21.98512526475576,21.025275535194904,21.9508441388838,56320400
2008-03-17,20.611068725585938,21.085279281246336,20.33396877546821,20.653919615308013,63273000
2008-03-18,21.510921478271484,21.510921478271488,21.00528507218872,21.025281856755004,55044000
2008-03-19,20.196836471557617,21.468067286716035,20.196836471557617,21.345229292073505,87022600
2008-03-20,20.28650283813477,20.48418306647152,19.724978641541,20.017201777844114,75077400
2008-03-24,20.64175605773925,20.9368425621318,20.386778271278057,20.449804695340745,31195600
2008-03-25,20.84803581237793,20.97695861000181,20.56440915482453,20.701926368470943,43855200
2008-03-26,21.30070304870605,21.449680275593344,20.89101895341033,20.896750023701404,46397800
2008-03-27,21.085826873779297,21.581459374209107,21.085826873779297,21.375184626880216,45120400
2008-03-28,21.02853202819824,21.415296136657627,21.008477657708124,21.25199563816311,35051000
2008-03-31,21.217607498168945,21.47545086507892,20.97408961277237,21.094415788743163,43855600
2008-04-01,21.61583709716797,21.64448806774122,21.014203873086565,21.14312668337969,72571000
2008-04-02,21.916654586791992,22.06849511198508,21.389509957007533,21.61010800222421,42384000
2008-04-03,21.96821975708008,22.191683300711432,21.71610743350451,21.77340499339293,37203800
2008-04-04,22.14871025085449,22.409419189876267,21.98254644377365,21.98254644377365,38562000
2008-04-07,22.26616859436035,22.641472583548644,22.168760133997303,22.423737953703142,35357600
2008-04-08,22.518281936645508,22.55839066168702,22.097138137948047,22.140112396424406,45450200
2008-04-09,22.56125259399414,22.79044714544397,22.44092643807553,22.495358450079912,38980200
2008-04-10,22.518281936645508,22.681582370246403,22.332061607089013,22.552661780578912,29849600
2008-04-11,22.2031478881836,22.56412871102427,22.2031478881836,22.39796269256847,33016600
2008-04-14,22.71309471130371,22.75034008544243,22.23178786677786,22.23178786677786,29866200
2008-04-15,22.833425521850582,22.93369953192372,22.587042075964625,22.873534251575105,28587400
2008-04-16,23.60696029663086,23.60696029663086,22.89645860126068,22.97667607630393,44378200
2008-04-17,23.58690452575684,23.690041897756423,23.32046667905158,23.38349531591379,33158800
2008-04-18,23.94789123535156,24.30314327485992,23.43793527132268,23.48950397475048,47077400
2008-04-21,24.22005081176757,24.25443066258722,23.87625886085719,23.99658724584494,31648600
2008-04-22,24.231504440307617,24.434913586625427,24.096852791929003,24.116907153234663,52607600
2008-04-23,24.04242897033692,24.194269512324983,23.850479688418503,24.18281174585551,43527000
2008-04-24,23.412147521972656,23.85048032415404,23.27749581186205,23.784586143504978,51476000
2008-04-25,23.744483947753903,23.79605265550577,23.452262727668693,23.69291524000204,75227000
2008-04-28,23.784582138061523,24.005182362170725,23.664255935326736,23.83615082291388,26412600
2008-04-29,23.24884605407715,23.695773255587014,23.2058717802945,23.56398708554596,46405400
2008-04-30,23.42073631286621,23.69576855039559,23.23165042007368,23.377762047616823,48948400
2008-05-01,22.90790748596192,23.15429086071648,22.469574933547293,23.12564208857876,112186000
2008-05-02,23.34051513671875,23.45511243056432,23.102726134497484,23.102726134497484,35185800
2008-05-05,23.67858123779297,23.830421757089063,23.380629081579368,23.386357963957945,25992800
2008-05-06,24.30599975585937,24.3088652901742,23.678583258172456,23.76452961575692,42192400
2008-05-07,23.85334587097168,24.35184178490808,23.853345870971683,24.33465294897448,46247000
2008-05-08,24.33178329467773,24.38048644541842,23.85334183225837,23.97080250085425,49814600
2008-05-09,24.28593635559082,24.38334481420978,23.92495785360672,24.36901933372535,39830000
2008-05-12,24.151296615600582,24.21718860652621,23.847613356022737,24.09686239076108,36915400
2008-05-13,24.54665184020996,24.54665184020996,23.91923322131481,24.151293390169773,39394000
2008-05-14,24.265893936157227,24.644063637980683,24.15129877893271,24.43779104351904,49692600
2008-05-15,24.58675575256348,24.69562198059489,24.142692054301826,24.46642957646113,57307000
2008-05-16,25.48347854614257,25.48347854614257,24.93054855110712,24.976388349089813,55097600
2008-05-19,25.64104080200196,25.80720673066462,25.345954313443706,25.48920035144372,45504000
2008-05-20,25.89603042602539,25.89603042602539,25.52358968247449,25.675432388284182,51403800
2008-05-21,25.512136459350582,26.191121712192626,25.44910781284353,25.790032113680624,90144400
2008-05-22,25.139694213867188,25.69262432788188,25.088125522921068,25.46629519460516,74709200
2008-05-23,24.712825775146484,25.40900213369238,24.57244297800368,25.34883901452949,49994000
2008-05-27,24.552379608154297,24.735734433395724,24.360430367004984,24.61254489103339,51455400
2008-05-28,25.0709285736084,25.07665745485388,24.271615215523948,24.420590171284307,52428400
2008-05-29,24.38622093200684,24.953474358912253,24.38622093200684,24.81595930392529,71883800
2008-05-30,24.638324737548828,24.7500565004512,24.457835471113064,24.57529611524254,53572600
2008-06-02,24.78444480895996,25.022231711917254,24.492221494066246,24.518006932797988,50623800
2008-06-03,24.251564025878903,24.99644327367264,24.23723854224825,24.666976822024857,77687800
2008-06-04,23.890588760375977,24.477898752287803,23.890588760375977,24.21146087004054,63250600
2008-06-05,25.136812210083008,25.136812210083008,24.10544125266549,24.10830678521901,69828600
2008-06-06,24.64406013488769,25.70408267463501,24.62687130089987,25.297264241333675,93650000
2008-06-09,25.36888313293457,25.477749373257137,24.81022207665162,24.81022207665162,53569800
2008-06-10,24.74433326721192,25.328777645051456,24.42059566706467,25.265749008358647,55989800
2008-06-11,24.89618492126465,25.156891815514115,24.661261288591927,24.973536891758,61922800
2008-06-12,24.51801300048828,24.77012545244042,24.449253270695312,24.72428781834136,70576000
2008-06-13,24.81023025512696,24.87898778821906,24.36616854611067,24.44638603234522,33191600
2008-06-16,24.899044036865234,25.09099333165581,24.838878737172625,24.953476081413843,32483800
2008-06-17,25.311580657958984,25.394663642577285,24.798759454408405,24.798759454408405,40344000
2008-06-18,25.408992767333984,25.454830380662944,25.00790326833645,25.254286724045137,42916400
2008-06-19,24.79875373840332,25.66968992365046,24.798753738403324,25.598066903670546,80901400
2008-06-20,24.6315860748291,25.12565439105721,24.476471450557405,25.048095983154084,65453200
2008-06-23,25.60536003112793,25.60823313300156,24.59137203166385,24.59998914575013,65764200
2008-06-24,25.119911193847656,25.444503798712635,25.105550066189668,25.40141603266904,66276000
2008-06-25,25.025115966796875,25.335343001782523,24.436255056728328,25.200337908172028,80067600
2008-06-26,24.84415054321289,25.22044799848667,24.47359929176386,25.10267492696043,64154200
2008-06-27,25.06245231628418,25.177352249450724,24.821164429014985,24.887230411300337,46935600
2008-06-30,25.415786743164062,25.56802832812882,25.20896715923629,25.29226961340361,59832000
2008-07-01,25.52205467224121,25.576632643886786,25.06820105595596,25.32672540646872,63893000
2008-07-02,24.75223159790039,25.898356028007253,24.568392518734647,25.611107192868936,73395400
2008-07-03,24.387428283691406,24.90160399830384,24.01113079253542,24.78095781336089,65181800
2008-07-07,23.775577545166016,24.60572843043957,23.56876029064805,24.209323761661985,79041400
2008-07-08,23.38204765319824,23.6175915301095,22.870745251478724,23.55439645726166,99812800
2008-07-09,22.93680953979492,23.896221391062618,22.859253350731183,23.61184358425008,64659600
2008-07-10,23.640575408935547,23.703768299481887,22.6725462339088,23.02299009523997,75233200
2008-07-11,23.49695205688477,23.830159515931324,23.097676411418067,23.698025334625417,67957800
2008-07-14,23.652063369750977,23.91920482141732,23.34758036583197,23.55439983699743,43191000
2008-07-15,22.655317306518555,23.65494206481924,22.60073932440661,23.56014941953053,65259400
2008-07-16,22.072185516357425,22.68402655181829,21.80791728070608,22.603597279362088,98724200
2008-07-17,21.710262298583984,22.52030373247298,21.2707720364734,22.287630741358896,106995000
2008-07-18,22.08943748474121,22.31349124197884,21.713139992796226,21.83378617799213,79220000
2008-07-21,22.750104904174805,22.750104904174805,21.97166089107388,22.261782803170668,68166200
2008-07-22,21.99464607238769,22.65244625317929,21.925706956640298,22.4800973680433,97812400
2008-07-23,21.19608497619629,22.15262381487615,21.081185040867062,21.98027281611532,111284200
2008-07-24,21.144386291503903,21.489084006649563,20.6388277432936,21.3023740226742,104924400
2008-07-25,21.201833724975582,21.60398249273341,21.038101992789084,21.098423979222588,74391600
2008-07-28,21.285137176513672,21.707393293607065,21.213324971335467,21.36556649566773,48087600
2008-07-29,21.0323543548584,21.25928113605238,20.765212922975262,21.18746894674545,57967800
2008-07-30,22.28475952148437,22.287630431204896,20.894474371338823,21.04097185384842,88865200
2008-07-31,21.371299743652344,22.029099407298183,21.19033169372741,21.997501880852028,66341000
2008-08-01,21.36843681335449,21.937190368536704,21.302370820457817,21.3856710390607,59539800
2008-08-04,20.36306571960449,21.41439730018297,20.190716890920847,21.40003398465339,96359600
2008-08-05,20.51530265808105,20.61871237059583,20.05857825408562,20.233800145206,87812400
2008-08-06,20.98352813720703,21.0007623659041,20.47796957725776,20.53254755684472,77053000
2008-08-07,20.73936080932617,21.247792371545373,20.641697277146,21.18747039139864,67407000
2008-08-08,20.3889217376709,20.592868132183387,20.02698761918805,20.477968168526267,75292400
2008-08-11,20.38029861450196,20.68478378988374,20.00974964321351,20.5928642744844,66751800
2008-08-12,20.39179420471192,20.635955276414705,20.28551353823106,20.56414306758831,62058200
2008-08-13,21.1127872467041,21.11566034839453,20.328597041837067,20.328597041837067,88254600
2008-08-14,20.725000381469727,21.07257115010345,20.4980735771814,20.966288310160515,72349800
2008-08-15,20.337215423583984,20.644571544471454,20.153376371363503,20.635952239791497,83507400
2008-08-18,20.078689575195312,20.70776289482023,19.633453102556206,20.489455406286588,64136800
2008-08-19,20.79969024658203,20.82266848897818,20.067204803660346,20.08443903334115,88471200
2008-08-20,21.400035858154297,21.471848059020587,20.78819669572591,21.032357740364407,93456200
2008-08-21,21.93719482421875,22.0348583784362,21.51781177842344,21.67579732639897,66346200
2008-08-22,21.434505462646484,21.782076234976888,21.24492020962935,21.7389884782426,49947400
2008-08-25,21.15587043762207,21.64419242589423,21.07544113993339,21.491950942192933,44783600
2008-08-26,21.586753845214844,21.71601496504938,21.29088784843377,21.38567831359608,53910600
2008-08-27,21.928571701049805,22.02049341824419,21.71600820887369,21.85101549158499,48113000
2008-08-28,21.54365921020508,22.09230545002812,21.28513486137575,22.04921769330084,56840400
2008-08-29,21.44312858581543,21.825170108919604,21.35695304819337,21.80506277567912,44765800
2008-09-02,20.26540184020996,20.73648965326848,20.26540184020996,20.7106361240644,100913400
2008-09-03,20.187843322753903,20.55552139985389,19.897721449731424,20.170609097744286,100350400
2008-09-04,19.73398971557617,20.397535867652888,19.49270179957315,20.19646041278284,108092200
2008-09-05,19.653564453125,19.85751085975728,19.191093660784684,19.846020643555285,101422400
2008-09-08,19.518552780151367,20.19071603243243,19.3088624081546,20.124647851953483,100427600
2008-09-09,18.16849136352539,19.33759419838649,18.16849136352539,19.33472109600357,130110200
2008-09-10,18.88373374938965,19.03884835000732,18.30061909004229,18.42126304890018,120754000
2008-09-11,19.15374565124512,19.231301845071087,18.297744556290247,18.67404079192254,103951200
2008-09-12,19.800058364868164,19.81442168038888,19.17385594086107,19.176729042272065,106758000
2008-09-15,18.28338432312012,19.30598922481325,18.28338432312012,18.84926474058541,108897800
2008-09-16,19.05608558654785,19.05608558654785,17.53941326975298,17.80942676493873,122460000
2008-09-17,18.65680503845215,19.418014648043386,18.31497942770997,18.794685399789948,133010400
2008-09-18,19.21406364440918,19.42950015008714,18.271888343556245,19.23991716468793,126511000
2008-09-19,20.53247261047364,22.506471291900684,19.71405651192508,20.56417204232176,92288400
2008-09-22,20.172264099121094,20.915756646438965,20.172264099121094,20.56418254893505,68529600
2008-09-23,19.506568908691406,20.48924463910071,19.506568908691406,20.22124176742525,64386200
2008-09-24,19.5642032623291,19.892722631581208,19.48639696902248,19.797624340850053,59170400
2008-09-25,20.04257774353028,20.15784601693725,19.56708842062168,19.572850954851464,55444400
2008-09-26,19.50944900512696,19.7371075467849,19.025314858009008,19.47774957536439,69241400
2008-09-29,17.189647674560547,19.016677021057085,17.03979646867768,19.016677021057085,91723400
2008-09-30,18.241474151611328,18.526767836373818,17.70258730183795,17.843792412012164,66400600
2008-10-01,17.9417781829834,18.27894356412838,17.29050305172726,18.0685759089151,93231000
2008-10-02,16.91876220703125,17.69971657266658,16.604651260432043,17.66513586366785,93994200
2008-10-03,16.71703338623047,20.149198027498567,16.567183334612004,16.858239637829303,97079200
2008-10-06,15.817926406860352,16.11762868647053,14.691162141512889,16.068638362255193,139090000
2008-10-07,14.950523376464844,16.506668140376483,14.852543805828503,16.293419197950772,96050600
2008-10-08,15.232929229736328,15.74876269459731,14.166681611101422,14.500964535393958,160996400
2008-10-09,13.039920806884766,15.570097354212416,13.039920806884766,15.3453211705329,110524800
2008-10-10,12.506794929504396,13.18112444596708,11.192716587364194,12.388643228296418,186766400
2008-10-13,14.56724452972412,14.87847402533189,12.80073165386958,13.065853198198452,100972600
2008-10-14,14.584538459777832,16.411568195902806,13.94190827410697,15.19546921622673,125450200
2008-10-15,12.477983474731444,14.07447403112805,12.091828739056112,13.890042115456414,119568000
2008-10-16,12.95347023010254,13.279108382435632,11.60192838421334,12.61630481059112,154834800
2008-10-17,13.238763809204102,14.307894274632927,12.567316392213185,12.832436958770758,126661000
2008-10-20,14.780497550964355,14.780497550964355,13.722894619340275,13.754594048524991,90005200
2008-10-21,14.109049797058104,14.71421804503446,13.800702589962269,14.345353243630605,87792200
2008-10-22,12.73733901977539,13.544229040633862,12.22150535205525,13.544229040633862,124200400
2008-10-23,13.41454792022705,13.48947404639223,12.192686363677035,12.82955293957837,174627800
2008-10-24,12.578838348388672,13.117725254541291,11.87280942575111,11.89298158645787,108626800
2008-10-27,11.774835586547852,13.106204333987078,11.75178104926884,12.449165411747092,93196800
2008-10-28,13.570161819458008,13.57016181945801,11.832466789917945,12.526968548428858,125925600
2008-10-29,13.869869232177734,14.541316709446129,13.57016683492877,13.682554959071911,127611400
2008-10-30,14.509617805480955,14.587425224908571,13.647974755684269,14.23296993593893,105421200
2008-10-31,14.812203407287598,15.166658716035055,14.086001884743672,14.258906538029905,95992600
2008-11-03,14.354005813598633,14.766096400388848,14.091766449214044,14.581663365604271,62059000
2008-11-04,15.27904987335205,15.359738580941986,14.679644904680565,14.685408540837155,67894200
2008-11-05,14.596063613891602,15.359726674184138,14.526901132927955,14.884238602522824,85242200
2008-11-06,13.717129707336426,14.584537082243816,13.544225145202931,14.451976844654776,104532600
2008-11-07,14.365520477294922,14.388575000412589,13.780525694436262,13.898677377163876,67146600
2008-11-10,14.41451644897461,14.959167129528751,14.12922265952689,14.789143802328727,81374200
2008-11-11,13.999544143676758,14.281955554446824,13.688314568970634,14.0456521066739,73709600
2008-11-12,12.852609634399414,13.699845172434271,12.820911295297456,13.601865589780608,79129000
2008-11-13,14.36264705657959,14.408755028699396,12.394410591994882,13.068740371310046,127985200
2008-11-14,13.76612377166748,14.55284161204617,13.509648125085866,13.976491449192856,111201000
2008-11-17,13.480833053588867,14.109054963330635,13.449133611463218,13.627802994480344,89162400
2008-11-18,13.858335494995115,13.97648719847412,13.23299518684988,13.567279234966474,104807000
2008-11-19,13.140785217285156,14.086000371717152,13.091795973859854,13.82376105279719,98284600
2008-11-20,11.51547908782959,12.875666189852248,11.47513474146468,12.766159321646782,132242400
2008-11-21,12.800738334655762,12.950589529345535,11.676856023433734,11.895868631487495,150731800
2008-11-24,13.72577667236328,14.14074831031163,12.9160044608601,13.146544259720294,110990200
2008-11-25,13.944790840148926,14.077351102610995,13.48659245529038,13.892919241915838,93198000
2008-11-26,14.725747108459473,14.826609052616504,13.67390865745566,13.789178037391288,78718000
2008-11-28,14.489439010620115,14.581654924982503,14.172446942411964,14.54131059986151,31942400
2008-12-01,12.94770050048828,13.9044412398233,12.933291972949538,13.9044412398233,74521200
2008-12-02,13.385730743408203,13.431838705545282,12.890069325959209,13.281987553774645,75605800
2008-12-03,13.394375801086426,13.43760249704482,12.849725148373508,13.048565531320918,95997200
2008-12-04,12.466449737548828,13.333857083761176,12.218620166502804,13.166715059834411,98205400
2008-12-05,12.725810050964355,12.745982216341089,11.67973432095415,12.20709518543304,104990800
2008-12-08,13.290635108947754,13.596101106208536,13.11773049120814,13.241645870331803,98376200
2008-12-09,13.423194885253906,13.79493987892435,13.189772689813807,13.264697722072013,86006600
2008-12-10,14.117694854736328,14.23008293777267,13.679668688037928,13.685432320411646,82922400
2008-12-11,14.051414489746094,14.636410569429602,13.884273537908332,14.23296507304791,82029200
2008-12-12,13.913098335266112,14.042777395415678,13.41743773768499,13.54999806614848,81449000
2008-12-15,13.832406044006348,14.316540343490638,13.587457626697416,14.189743683835555,71277000
2008-12-16,14.2617826461792,14.385696897095311,13.890036595529375,14.261782646179196,81836800
2008-12-17,14.169573783874512,14.564374591779874,14.097529985259811,14.232972678431809,82104800
2008-12-18,13.345388412475586,14.16380568744536,13.19553723826414,14.120578985524498,99837200
2008-12-19,13.324817657470703,13.736148454756323,13.28136672310812,13.368268591833283,87478600
2008-12-22,12.927971839904783,13.458067341951557,12.722305309162149,13.408823974522408,63606600
2008-12-23,12.956937789916992,13.177087588712403,12.791825993322062,13.017768219188124,55987600
2008-12-24,12.90769386291504,12.95983454430723,12.751271818738472,12.84975964970114,12669200
2008-12-26,13.081501007080078,13.165505597012388,12.904802078258207,13.017773234717126,11565600
2008-12-29,13.368273735046388,13.463864280416455,13.197368355138842,13.397240299097051,29313200
2008-12-30,13.692703247070312,13.715876276216257,13.28426852521582,13.403033200223057,32908800
2008-12-31,13.837538719177246,14.022927378370166,13.542075129212188,13.655046274345152,46827600
2009-01-02,14.526949882507324,14.67757729911866,13.927333114639442,13.962093202703343,68567400
2009-01-05,14.868760108947754,15.117875355254082,14.460324389937934,14.495085581983394,95289000
2009-01-06,15.030977249145508,15.407548056353145,14.938282930602195,15.094705007520323,96745000
2009-01-07,14.393705368041992,14.802140122188376,14.251767652666857,14.802140122188376,78427000
2009-01-08,14.57909107208252,14.602264096593345,14.240176610459802,14.31549032137412,66533600
2009-01-09,14.089550018310549,14.587782821245357,14.03451311066214,14.573299540811927,79913600
2009-01-12,13.533387184143066,13.921545155417832,13.463865875181796,13.89547480268282,68882200
2009-01-13,13.872295379638672,13.941816662113778,13.521794963626444,13.556555052362349,93531800
2009-01-14,13.208954811096191,13.663736734699484,13.08150037750796,13.649253452133216,81218200
2009-01-15,13.374064445495604,13.403032110827969,12.745481025329855,13.185779593350755,88215400
2009-01-16,13.481242179870604,13.721667707313893,13.15970830033514,13.617386329626347,87339600
2009-01-20,12.762853622436523,13.57392895815362,12.733885975266384,13.249499044867331,89839400
2009-01-21,13.620283126831056,13.657940535110123,12.870037804981893,12.942455302824465,84770200
2009-01-22,13.246611595153809,13.524694585116826,12.965631285814164,13.310339361396672,107140400
2009-01-23,13.631874084472656,13.81726275508962,12.846867343886224,12.927975716033874,88452600
2009-01-26,13.883883476257324,14.23728123718546,13.66373365289104,13.730358726675345,86314400
2009-01-27,13.907059669494627,14.03161788884575,13.65794433579602,13.817262654383564,77673600
2009-01-28,14.28652286529541,14.393700445044288,13.909952124418435,14.15037762547708,78603600
2009-01-29,13.782501220703123,14.086654545831392,13.71587613819558,13.99396022017332,87422800
2009-01-30,13.591317176818848,14.092447297420776,13.49283042814956,14.014236257297991,85838800
2009-02-02,13.374064445495604,13.498622643916152,13.214746153679672,13.30744047273634,61179600
2009-02-03,13.605796813964844,13.692697570995085,13.316126887195336,13.446477470239152,62642000
2009-02-04,13.73325538635254,13.92154133836992,13.5913165926005,13.730359172399949,72235400
2009-02-05,14.069279670715332,14.118524172825111,13.481249595842138,13.637671748420535,85168400
2009-02-06,14.329975128173828,14.425565652735395,13.860708936678796,13.907056092072995,77044000
2009-02-09,14.382110595703123,14.706540565701015,14.257552453605168,14.399490082040456,68026600
2009-02-10,13.712973594665527,14.584879538267767,13.588415444864776,14.451631644760967,113454600
2009-02-11,13.556556701660156,13.94181835828272,13.290060813924024,13.817260161405006,85024800
2009-02-12,13.579724311828612,13.611588175494845,13.130736217902506,13.30164038665246,90264600
2009-02-13,13.611591339111328,13.823050268494868,13.521793257454007,13.565244191643748,74918600
2009-02-17,12.670171737670898,13.211854561334468,12.64699759729838,13.136539710127613,103792600
2009-02-18,12.59774684906006,12.81210199729703,12.452911871331173,12.745478040142125,85612800
2009-02-19,12.600645065307615,12.855554976029724,12.53691731137625,12.73389300079742,67991000
2009-02-20,12.276216506958008,12.452915406753135,11.983649150083073,12.34573669720309,89403000
2009-02-23,11.70267391204834,12.54561396185403,11.667912700197888,12.499266784390633,68967000
2009-02-24,12.253046035766602,12.322567351793918,11.746123318288046,11.82723170448722,67763200
2009-02-25,12.180624008178713,12.48767462436116,11.922817869545971,12.247247979566678,87614800
2009-02-26,12.20958423614502,12.67015932738401,12.19509986009757,12.40366249915002,64285400
2009-02-27,11.9141263961792,12.32545723079648,11.783774686264124,11.943092951714434,86158200
2009-03-02,11.04222011566162,11.71425442878667,11.007460024983668,11.641836928622304,93377800
2009-03-03,11.09726333618164,11.441970401096832,10.978498624319778,11.244994619715614,90922200
2009-03-04,11.627358436584473,11.867785166515691,11.3695522066608,11.482523376627013,92007600
2009-03-05,11.11464023590088,11.525972308400302,11.007462619793378,11.372446420458616,90310000
2009-03-06,11.236295700073242,11.566519209680466,10.833654715376612,11.288436370537855,95548400
2009-03-09,11.256574630737305,11.62445560627386,11.033528632734676,11.108842334850916,84001400
2009-03-10,11.827224731445312,11.972059708190889,11.485414097925496,11.55203805462808,83388200
2009-03-11,11.777982711791992,12.058962978657036,11.5636264154716,11.89964469213692,76690000
2009-03-12,12.131375312805176,12.18351598144927,11.682387203928096,11.890948773501531,63845200
2009-03-13,12.021310806274414,12.26463376799916,11.864888665521958,12.215389269612398,59145800
2009-03-16,12.174833297729492,12.464503382224631,11.966271588295497,12.015514972257902,56123000
2009-03-17,12.594852447509766,12.991700068990838,12.029995682552894,12.15455388064607,55410200
2009-03-18,12.722310066223145,12.87004243375653,12.137177445612249,12.42395022140622,84792400
2009-03-19,13.029358863830566,13.33061598444023,12.985909018841047,13.151020860809052,79527000
2009-03-20,12.51982879638672,13.166201708269805,12.479066740805392,13.125439652688476,75273200
2009-03-23,13.550532341003418,13.56217896087579,12.790607609914556,12.819723048912683,93572200
2009-03-24,13.294312477111816,13.486477265453138,13.122528718542846,13.349632256396363,59595400
2009-03-25,13.230257987976074,13.483566991836,12.875044939694163,13.256462329386313,66918400
2009-03-26,13.343805313110352,13.582555386149403,13.18657933017758,13.44279821642088,68444800
2009-03-27,12.947834014892578,13.110882255018131,12.872132094248997,13.05847357478268,57336600
2009-03-30,12.46742057800293,12.63338101647453,12.254874772779347,12.621734397115846,54638200
2009-03-31,12.362604141235352,12.68579063294972,12.35678083112449,12.662498503189113,78684000
2009-04-01,12.62464714050293,12.71490566763794,12.074357125415128,12.083091534961664,66401200
2009-04-02,13.142909049987791,13.361278166531276,13.046827216263695,13.096323682885826,70610200
2009-04-03,13.399129867553713,13.492300606925228,13.05265124993357,13.093413309573254,55045400
2009-04-06,13.12834930419922,13.241901049561884,12.933272345982326,13.224431123089708,52423400
2009-04-07,12.7352933883667,12.883783969140897,12.665414749324947,12.848845204961666,44630200
2009-04-08,12.898332595825195,13.029354257421804,12.505268721717874,12.761488736542072,47116600
2009-04-09,13.276844024658203,13.34089933146194,13.110883557651198,13.253551892618718,40653400
2009-04-13,13.131269454956056,13.253556803191586,12.816818336476638,13.006071005643102,35503600
2009-04-14,13.09632682800293,13.311784896769064,12.921631937087811,13.04683034949409,42165000
2009-04-15,13.113792419433594,13.174935499941308,12.90124663194298,13.041002720538891,42437000
2009-04-16,13.17493724822998,13.282665705898356,12.909982753521618,13.238992547175783,35525800
2009-04-17,13.329246520996094,13.39621289670449,13.12252408589421,13.206960385532703,44136600
2009-04-20,12.682875633239746,13.026443049353412,12.61008594526113,12.997326507752469,36891800
2009-04-21,12.933272361755373,12.965300004985458,12.487799787656218,12.54020845645407,16007400
2009-04-22,12.79643440246582,13.078857791795604,12.732379086417591,12.793522191363753,42870200
2009-04-23,13.03518009185791,13.055561119757824,12.778960027381228,12.985682516470469,38427600
2009-04-24,13.413689613342283,13.521418088758969,13.2302592065754,13.25355245027792,47660400
2009-04-27,13.160375595092772,13.294308352236056,13.017707320269729,13.125436856421151,36723800
2009-04-28,13.189492225646973,13.352541538754483,12.956565428838084,12.971123145385656,31412400
2009-04-29,13.553441047668455,13.902831807372454,13.291398810902416,13.320514244759996,42310600
2009-04-30,13.329246520996094,13.716488171328365,13.142905108471442,13.710664863351663,59166600
2009-05-01,13.760161399841309,13.86789093204981,13.31760109771195,13.381655264485117,43703400
2009-05-04,14.310457229614258,14.3279260489323,13.862072355737558,13.914481035057316,56332400
2009-05-05,14.118295669555664,14.304637189428291,13.894103181370449,14.255139598452898,35813400
2009-05-06,14.665667533874512,14.750103847192577,14.322100082364722,14.37450875196334,43682200
2009-05-07,14.476418495178224,15.026708548445349,14.28134148653626,15.000504207304871,46984200
2009-05-08,15.093670845031738,15.242161330642906,14.69187142708008,14.697694735825186,56479600
2009-05-11,14.633639335632324,14.875301648588769,14.50261877728324,14.849097314782435,36681600
2009-05-12,14.72681713104248,14.852014431418596,14.415276098147109,14.825810086994988,46931000
2009-05-13,14.240570068359377,14.589960683776196,14.13284167475559,14.522994325012649,60138400
2009-05-14,14.281342506408691,14.415275321498823,14.001830254738074,14.129939759083037,35979000
2009-05-15,13.975629806518556,14.34248960023903,13.856254679681872,14.211468959349531,60101200
2009-05-18,14.458946228027344,14.476416156192633,14.179434041478896,14.191080660255755,33953800
2009-05-19,14.528825759887695,14.677316271406989,14.39198075720791,14.485151492020558,32915400
2009-05-20,14.578323364257812,14.997591703626725,14.537561303432303,14.735549408027223,44500400
2009-05-21,14.147409439086914,14.371601900705722,13.987272283840031,14.35995527942302,51213600
2009-05-22,14.153228759765623,14.400713283498089,14.121201115608637,14.23766507423722,27292000
2009-05-26,14.453129768371582,14.493891842726152,13.873724093160371,14.06006563917168,53813800
2009-05-27,14.2958984375,14.703521253147512,14.275517407785904,14.514267565021992,41742600
2009-05-28,14.770487785339355,14.910243894930238,14.284253056805424,14.424009166396305,51813800
2009-05-29,15.04708194732666,15.108225008748182,14.84035953355924,15.00631990637898,44477400
2009-06-01,15.60029411315918,15.708022593220775,15.306223007491877,15.33825066362228,59445800
2009-06-02,15.559532165527344,15.667261764792324,15.440157053670928,15.521682305909716,40510200
2009-06-03,14.959741592407228,15.36445220452219,14.738460250808718,15.36445220452219,56498000
2009-06-04,15.297487258911133,15.335337112226744,15.000505078956278,15.137350102939784,62122000
2009-06-05,15.172284126281738,16.80277284170945,14.983030475972004,15.460530695032295,46431000
2009-06-08,15.13735008239746,15.256725174215878,14.846191213505424,15.035443811875483,36661600
2009-06-09,15.285840034484863,15.419772842508834,15.12279067427118,15.309133276236633,29609000
2009-06-10,15.422677993774414,15.59154947644699,15.172281312969398,15.54787633417692,50113800
2009-06-11,15.731310844421388,15.961326581055092,15.445975331287569,15.472179669773467,49884800
2009-06-12,15.579911231994627,15.579911231994627,15.373188693069972,15.556619099072195,39909000
2009-06-15,15.166464805603027,15.320778643377498,14.968476695293232,15.312044233143588,38825600
2009-06-16,14.84327220916748,15.36153440317162,14.799599065232346,15.300391335252971,46876600
2009-06-17,14.601614952087402,14.761752077494185,14.403626869906487,14.732635529713033,72678600
2009-06-18,14.546293258666992,14.750104639083382,14.461856940815784,14.578320904105912,46122600
2009-06-19,14.40113925933838,14.737683303856748,14.287007261251096,14.702566023604865,49653600
2009-06-22,13.681233406066896,14.17873302592286,13.654895158063974,14.17873302592286,64228800
2009-06-23,13.76317310333252,13.88901126595704,13.552468251322802,13.757320035726904,50627800
2009-06-24,13.81877613067627,14.058746311046162,13.728055260981913,13.862672461412156,36044600
2009-06-25,14.10849666595459,14.172879295030302,13.754394438755238,13.777806709822231,53431000
2009-06-26,14.01484489440918,14.1172718698319,13.953389378970432,14.064595394782074,24620000
2009-06-29,14.146539688110352,14.28115688472694,14.067524955394068,14.105569334040815,27624400
2009-06-30,14.061673164367676,14.313349495188367,13.83340910448776,14.146540971990191,45739400
2009-07-01,14.073382377624512,14.374808175577048,14.04997010156358,14.216779777600816,40023400
2009-07-02,13.50856590270996,13.83340378066812,13.499786862665069,13.83340378066812,47966800
2009-07-06,13.37102508544922,13.3739521771206,13.037408081848008,13.204216583648613,63343800
2009-07-07,13.028626441955566,13.35931740431194,12.993509163409184,13.347611272677096,43153800
2009-07-08,13.0315523147583,13.17787560997493,12.776950093661648,12.990581970714947,68756200
2009-07-09,13.16616916656494,13.356388759897245,13.052036070935928,13.166169166564943,49091200
2009-07-10,13.072525024414062,13.104716333804385,12.870599242363433,12.958393012108996,50377600
2009-07-13,13.271519660949709,13.289078854601502,12.817917763678537,13.069593957564686,44888200
2009-07-14,13.450037956237791,13.508567501633737,13.277376411316784,13.420773741718934,54760600
2009-07-15,13.92705249786377,13.979728978043992,13.698788494654966,13.704641560937018,59843600
2009-07-16,14.096787452697754,14.181655242248809,13.777803701741975,13.848038266891736,32160800
2009-07-17,14.178732872009276,14.257747615160318,13.962173822296217,14.088011992904327,37788600
2009-07-20,14.421623229980469,14.474299704145016,14.178727146984489,14.366020781188164,39242000
2009-07-21,14.547457695007324,14.638178514689534,14.313340711070149,14.582576079866278,36666800
2009-07-22,14.415767669677734,14.594282232747576,14.295782636257368,14.330901023861813,43119200
2009-07-23,14.825485229492188,14.881087713550263,14.360176823489768,14.398221215928888,43464400
2009-07-24,14.980587005615234,15.003999281897226,14.7054994574545,14.7640290318007,30936600
2009-07-27,15.030327796936035,15.12104751785782,14.860592252933372,15.015695691918785,26397200
2009-07-28,14.810847282409668,14.922053323095945,14.518200629499328,14.8605966775524,38322000
2009-07-29,14.468448638916016,14.58258175962448,14.292861111663148,14.57087562677875,44510600
2009-07-30,14.670379638671877,14.825482035134089,14.486011901885654,14.605997006317637,41371800
2009-07-31,14.813773155212402,14.88108175095292,14.494788261093548,14.597215258718284,35830400
2009-08-03,15.194210052490234,15.299563000980475,15.044960786367806,15.068373048858136,41977800
2009-08-04,15.167879104614258,15.246892731780084,15.009849617565465,15.118128584754343,28837000
2009-08-05,15.015704154968262,15.162027520326662,14.924983266556929,15.162027520326662,32381600
2009-08-06,14.892788887023926,15.071303534692982,14.775730888608372,15.071303534692982,33406200
2009-08-07,14.875228881835938,15.106418873327431,14.796214157012905,15.068375614839471,37257400
2009-08-10,14.939613342285156,15.030334218323544,14.79914306466214,14.834260354978262,28121400
2009-08-11,14.72304916381836,14.922048918364773,14.66159253641575,14.886930526603834,41350400
2009-08-12,14.881081581115724,15.015699887418744,14.682081771476508,14.690861930026545,31199200
2009-08-13,15.062520027160645,15.080078107721476,14.79913765516697,15.001063396123373,33626200
2009-08-14,14.840109825134276,15.077153989109206,14.676228432482407,15.05959479002868,33078000
2009-08-17,14.360173225402832,14.515275616421553,14.263600396619388,14.48308541773277,37469800
2009-08-18,14.503569602966309,14.567951112289624,14.336761087662111,14.395289529527224,25840200
2009-08-19,14.772798538208008,14.886930520489027,14.31041754379284,14.357240949763463,41163600
2009-08-20,14.898641586303713,14.93961194055484,14.76695036452621,14.775730523550328,20052600
2009-08-21,15.320045471191406,15.37857500073896,15.071296366061713,15.07714943065226,43980200
2009-08-24,15.51612949371338,15.630261537847836,15.457599925440702,15.463452993903836,38163200
2009-08-25,15.279081344604492,15.644889657488292,15.226404858240556,15.565874927942389,42513200
2009-08-26,15.349312782287598,15.38735714887495,15.094710579589613,15.162019156562272,32536200
2009-08-27,15.302495002746582,15.407847985046008,14.960097810273448,15.261524646598687,36828200
2009-08-28,15.270304679870604,15.437113207208537,15.170804758620038,15.413700935686732,21096600
2009-08-31,14.974730491638184,15.077157502270603,14.878157665088295,15.027406984795766,26625400
2009-09-01,14.714269638061523,15.126901269886266,14.679152361154213,14.930828597765837,40933200
2009-09-02,14.60599422454834,14.804994035416977,14.60599422454834,14.632332467644437,28713200
2009-09-03,14.708417892456056,14.778653568931755,14.61477106806059,14.72305111580889,18870200
2009-09-04,14.913270950317385,14.957168388280149,14.664521778816972,14.679153886018488,23645600
2009-09-08,15.322978019714355,15.94631566616666,15.164948568553209,15.21762505227359,38221600
2009-09-09,15.35810089111328,15.51320330718814,15.255674977923984,15.3639539599182,26240800
2009-09-10,15.624402046203612,15.653667376488324,15.320049309391829,15.431255331757326,34983000
2009-09-11,15.685855865478516,15.896561755262647,15.557091775253811,15.715121192591912,42355800
2009-09-14,15.802921295166016,15.811700338650825,15.454672135180132,15.507348628806032,31227000
2009-09-15,15.960952758789062,16.00484909802464,15.74146771353517,15.879010916103717,36972000
2009-09-16,16.35601806640625,16.36479710704873,16.057518404622122,16.08093066814629,45770000
2009-09-17,16.277006149291992,16.47015289113237,16.159948160625365,16.338462793427208,34738800
2009-09-18,16.219974517822266,16.390462973669962,16.078880275332576,16.378705961117177,36729600
2009-09-21,16.081825256347656,16.137675852438086,15.867244278977646,15.952489099407831,31133000
2009-09-22,16.33462142944336,16.393411005944294,16.21704227644149,16.340500499225243,27074000
2009-09-23,15.99364185333252,16.38165145496333,15.984823810078394,16.34637816062902,67976400
2009-09-24,15.764365196228027,16.03479567965641,15.640906972819224,16.023037540033112,45889600
2009-09-25,15.743789672851562,15.940733473871155,15.614452374206614,15.708515252502234,40207200
2009-09-28,15.996586799621582,16.04949732153604,15.723217264821184,15.75261150085445,28126000
2009-09-29,15.95249366760254,16.06419377045233,15.823157473625692,15.984827996426278,35139000
2009-09-30,15.84960651397705,16.04361242453812,15.640904613080906,16.04067232941691,50769600
2009-10-01,15.35577392578125,15.84960328020349,15.35577392578125,15.843725333795827,47306800
2009-10-02,15.276423454284668,15.385183512555614,15.091236560555176,15.152965151358796,37126800
2009-10-05,15.614450454711914,15.67911909608463,15.241137961791113,15.296988559819482,33735400
2009-10-06,15.984821319580078,16.099460349293718,15.823150864309104,15.840786948069582,43871200
2009-10-07,16.1082820892334,16.1082820892334,15.858427793846824,15.937793552942274,41166000
2009-10-08,16.522747039794922,16.569778476340993,16.158253686892348,16.19352698397243,73616400
2009-10-09,16.508052825927734,16.581539528522022,16.38459570380202,16.458082406396304,26629200
2009-10-12,16.731449127197266,16.85784632435412,16.634447278982652,16.637386253217922,27144000
2009-10-13,16.757902145385742,16.790236464250437,16.472774587243286,16.778479447559622,41277000
2009-10-14,17.03715705871582,17.045976225626124,16.866668489797394,16.972489522176193,45796000
2009-10-15,17.3928279876709,17.395768082995374,16.90487644636509,16.934271793020752,46201200
2009-10-16,17.339914321899414,17.416339961684898,17.181182853132405,17.313459077104913,44899800
2009-10-19,17.566255569458008,17.63386430210874,17.298764097958937,17.369311804442514,43175800
2009-10-20,17.454557418823242,17.633865106384327,17.195883978342437,17.62210696788115,36996600
2009-10-21,17.40752410888672,17.801412735723336,17.292885074138052,17.3164002272907,52015600
2009-10-22,17.475126266479492,17.539793758471298,17.101813935561204,17.284060520602843,36697200
2009-10-23,17.1370906829834,17.58976882512123,16.99011734758677,17.57213162119931,42302400
2009-10-26,16.854902267456055,17.536858458818664,16.813749912664488,17.1488489403302,53872800
2009-10-27,17.004812240600586,17.1694227584652,16.828444709637896,16.896052300550842,50598400
2009-10-28,16.443378448486328,16.916632827968286,16.40516618377964,16.916632827968286,47924600
2009-10-29,16.881357192993164,16.91663047910077,16.490407587245983,16.55507621287455,43452600
2009-10-30,16.24056053161621,16.89900185016937,16.1318005307129,16.834333196018083,59776600
2009-11-02,16.343433380126953,16.61974395026897,16.08182103961865,16.355191515306927,58815200
2009-11-03,16.555084228515625,16.660905259392422,16.075950614853728,16.137680297077253,40061600
2009-11-04,16.540382385253906,16.849026222892444,16.502168996954197,16.75496336039913,52054000
2009-11-05,16.82257080078125,16.872542326711283,16.552140354206642,16.628566008707104,37093800
2009-11-06,16.778472900390625,16.94896134971718,16.605044357050314,16.655014742111042,43677600
2009-11-09,17.098876953125,17.12239322454134,16.963661756433673,17.010693177948813,33857400
2009-11-10,17.110637664794922,17.190003410797058,16.922511950412538,17.048909125010272,35903800
2009-11-11,17.104755401611328,17.33109445986886,17.0165716296283,17.266426958450637,36047200
2009-11-12,16.728498458862305,17.125325860977085,16.660890885533266,17.01950604271237,50834400
2009-11-13,16.83432388305664,16.969539065735628,16.605045867095104,16.76671629171715,38712800
2009-11-16,17.275251388549805,17.381072402594615,16.998941835124505,17.03715410694898,41948200
2009-11-17,17.245853424072266,17.29582494926746,17.10475913384931,17.23409640754199,33699200
2009-11-18,17.17824363708496,17.33697511397001,17.06066563745417,17.32815707236004,34286600
2009-11-19,16.793176651000977,17.06654719394357,16.687355650982195,17.04890998683452,44870400
2009-11-20,16.637380599975586,16.728504468756533,16.502165404740005,16.699110251120114,33801600
2009-11-23,16.851961135864258,17.113573461806553,16.801989624790405,16.95190191537711,35071200
2009-11-24,16.94896697998047,16.95484604864363,16.631505121393456,16.875480303667455,31882400
2009-11-25,17.081247329711914,17.14591597924208,16.819634878529637,16.981305381037092,29218200
2009-11-27,16.760841369628906,16.790235591805214,16.49040981607255,16.58447267261797,25622400
2009-11-30,16.702049255371094,16.85196268102079,16.566834059884428,16.666775969878383,38884600
2009-12-01,16.922508239746094,17.06066352152829,16.88723495636334,16.925448334129843,31061400
2009-12-02,16.82257080078125,17.004817454834477,16.74614514628079,16.922512731323554,31288600
2009-12-03,16.552139282226562,16.863722070377335,16.537441049993447,16.81669064265735,39432200
2009-12-04,16.431623458862305,16.940151192065876,16.325802451477912,16.760843498588752,60389000
2009-12-07,16.393407821655273,16.593291670141863,16.2993449660519,16.2993449660519,27159400
2009-12-08,16.114152908325195,16.31697566350979,16.017151111086413,16.308157624120078,40475400
2009-12-09,16.114152908325195,16.261126211846086,15.923087165221109,16.1700023599889,50632600
2009-12-10,16.314048767089844,16.38459649838157,16.16707535477372,16.246441131982603,30380000
2009-12-11,16.322864532470703,16.44044369442338,16.21704351097689,16.39929132413534,31250600
2009-12-14,16.490406036376953,16.607985140767774,16.47276995564054,16.575650830994427,31263000
2009-12-15,16.543319702148438,16.64620171860178,16.443377780594773,16.481591165067023,26852400
2009-12-16,16.64914321899414,16.828450910287533,16.60505188066618,16.652083314340036,37594200
2009-12-17,16.508052825927734,16.666784372647736,16.463960355843927,16.54920519996964,30876400
2009-12-18,16.594942092895508,16.745670363301997,16.515144375355316,16.683605847688785,41544400
2009-12-21,16.792953491210938,16.866840122596916,16.704289759031873,16.71315579402362,32098200
2009-12-22,16.872756958007812,16.949598584860055,16.772271059865087,16.828424513048613,20155200
2009-12-23,17.005754470825195,17.053041889615027,16.89049145798879,16.928911710653598,26062400
2009-12-24,17.08554458618164,17.123964821722062,17.02347896065386,17.06485642014588,5590600
2009-12-28,17.115100860595703,17.218541703307167,17.04416919172168,17.21558673383854,11669200
2009-12-29,17.002790451049805,17.188985069029805,16.958459150763453,17.1860300999789,17026800
2009-12-30,16.985061645507812,17.00574981510068,16.8816196701228,16.940729209282708,14507200
2009-12-31,16.849109649658203,17.061903543232702,16.831377576807466,17.020527203353375,11897800
2010-01-04,17.381088256835938,17.381088256835938,17.079630723008112,17.118050952255548,33856800
2010-01-05,17.5229549407959,17.55842021055287,17.324938169193217,17.404735871711853,34736200
2010-01-06,17.732789993286133,17.785988453459627,17.49339692250542,17.53181828316859,48703800
2010-01-07,17.706193923950195,17.735748128246588,17.52591034644858,17.655951551162207,34899000
2010-01-08,17.821455001831055,17.836232102406086,17.582063041222213,17.644127540089652,26688600
2010-01-11,17.797805786132812,17.98991028282061,17.65298754416252,17.936711836988266,38919800
2010-01-12,17.540693283081055,17.647090257811428,17.449074542835124,17.525916176017613,43021200
2010-01-13,17.605709075927734,17.673684651703358,17.295385403066607,17.531822433464576,44275000
2010-01-14,17.65595054626465,17.700281850186098,17.534776511673126,17.602752079622462,31090800
2010-01-15,17.514087677001953,17.6736830811208,17.392913639227405,17.6352617147765,38110400
2010-01-19,17.673675537109375,17.70323085530491,17.43428366053616,17.466792819421084,29226200
2010-01-20,17.39882469177246,17.48453345992705,17.26582852177751,17.48453345992705,31283400
2010-01-21,17.04416847229004,17.46680011596446,17.002792136951943,17.413601648409596,50413200
2010-01-22,16.63926887512207,17.05894552040135,16.591981476948963,16.96141462749528,46057200
2010-01-25,16.74862289428711,16.911174403061406,16.69542555109447,16.751578991221542,31802400
2010-01-26,16.642229080200195,16.934819576310115,16.526964961740916,16.60971877453892,43030600
2010-01-27,16.57720184326172,16.74270827528694,16.30825459585844,16.594935037649527,53233400
2010-01-28,16.402835845947266,16.733847713106584,16.195953006189903,16.698382437766135,68861400
2010-01-29,16.10728645324707,16.686557401902174,16.02453378270222,16.524007030151687,65605400
2010-02-01,16.63926887512207,16.642224971681923,16.287568921673355,16.29939105307176,43626600
2010-02-02,16.85797691345215,16.887531119992403,16.56538530805249,16.701336462010804,44501600
2010-02-03,16.713153839111328,16.949590806406672,16.674732479606963,16.810684722294628,39498600
2010-02-04,16.027490615844727,16.586073461820046,16.0186245793755,16.580162395033657,74346400
2010-02-05,16.030445098876953,16.10137563833032,15.56643598594177,16.02453403268574,92756800
2010-02-08,15.882673263549805,16.222551144644974,15.879717166476407,16.03340151909276,48230200
2010-02-09,16.216646194458008,16.420574127452646,16.0511407733854,16.101383168376405,67116200
2010-02-10,16.14866828918457,16.24915419225459,15.894497997453296,16.222554949458967,48364600
2010-02-11,16.423521041870117,16.458986310785622,16.04522183364989,16.116152371480897,45889000
2010-02-12,16.429431915283203,16.43829795055298,16.119108279214956,16.225505212134482,39667800
2010-02-16,16.816606521606445,16.87571495559447,16.621545758151072,16.639277837379037,39669800
2010-02-17,16.792953491210938,16.899350420794025,16.680645495826507,16.863885153406507,36275600
2010-02-18,16.887531280517578,16.928907621035524,16.692470584203885,16.775223265239777,33145400
2010-02-19,16.952547073364258,17.011656597638353,16.745664302115117,16.825461990772087,32996600
2010-02-22,16.719066619873047,16.996879944025753,16.683601352994522,16.993924974877753,34699400
2010-02-23,16.441247940063477,16.680639822788404,16.36440523820055,16.63926350367151,42202400
2010-02-24,16.544694900512695,16.606759402306157,16.38509950096903,16.43534299819747,35260600
2010-02-25,16.553560256958008,16.562427419293847,16.172306099132367,16.308257229129744,41896200
2010-02-26,16.591976165771484,16.651085676421733,16.44715904846952,16.591976165771484,34493600
2010-03-01,16.745664596557617,16.787040926050896,16.654044775950776,16.66882300284445,27932000
2010-03-02,16.88457489013672,17.011659998132178,16.819554287696075,16.855019558381596,33492600
2010-03-03,16.958463668823242,17.10623696398833,16.949596504467213,16.949596504467213,33534600
2010-03-04,16.869802474975586,17.038263966811932,16.798870786476677,16.98506548229299,32662000
2010-03-05,17.186038970947266,17.22445922554284,17.017577462578817,17.03530954087799,30670400
2010-03-08,17.15943145751953,17.29242649036166,17.085544827087013,17.23331808795205,25224000
2010-03-09,17.15943145751953,17.254006254279513,17.044167367011575,17.067811629911827,33407600
2010-03-10,17.310163497924805,17.333807766029736,17.097369594663476,17.177167308386476,34744400
2010-03-11,17.280611038208008,17.31312134643044,17.191946151266524,17.245144632463067,26066600
2010-03-12,17.289478302001953,17.392919174207943,17.21559164259169,17.392919174207943,27319600
2010-03-15,17.112154006958008,17.248105215405513,16.931870343510973,17.224460938760124,36747200
2010-03-16,17.26582908630371,17.283562285356375,17.061902370590897,17.19785351439944,38322600
2010-03-17,17.454975128173828,17.561370911584863,17.327890054394185,17.351533186012084,43343600
2010-03-18,17.19489860534668,17.481579123558518,17.100323798241448,17.454979888596384,39453800
2010-03-19,16.98818016052246,17.275864445515626,16.8339577155451,16.98818016052246,44824800
2010-03-22,16.94369888305664,17.02080956374622,16.706433944740475,16.774647543795844,39713000
2010-03-23,17.008943557739258,17.035635930124343,16.872516379490285,16.982251185354173,34841400
2010-03-24,16.91107177734375,17.0593624792166,16.857687034160065,16.89624293343012,41494000
2010-03-25,16.62635040283203,17.074187730454014,16.59965803685668,17.03266652368525,44246000
2010-03-26,16.632280349731445,16.739048670609275,16.52551089748571,16.68269862919865,42987800
2010-03-29,16.95555305480957,16.988177180130787,16.727186440296897,16.739048832930862,38952000
2010-03-30,16.982250213623047,17.014874348156752,16.878447177714197,16.99411374097498,26115600
2010-03-31,17.05936050415039,17.136471162394663,16.943693951099917,17.014872846191835,30335400
2010-04-01,17.36187171936035,17.400426478540638,17.21358105103244,17.228409891591625,35980200
2010-04-05,17.67032241821289,17.702945425672564,17.40933043895681,17.468646952156153,34911400
2010-04-06,17.67032241821289,17.729637800043847,17.57541531827291,17.6465953603858,27071600
2010-04-07,17.49533462524414,17.640658855594722,17.394496919312516,17.6287953298691,39071600
2010-04-08,17.557621002197266,17.613971066989542,17.28180017990386,17.364842618833187,38919400
2010-04-09,17.744464874267578,17.774122560331715,17.646592473793167,17.673284843798168,34977200
2010-04-12,17.785985946655273,17.907584268745772,17.72370299622399,17.72963475966355,30055600
2010-04-13,17.72370719909668,17.806750775574685,17.53686169760021,17.762263104912595,27711000
2010-04-14,17.89275360107422,17.90758244247673,17.65548761316169,17.812676499858952,29171200
2010-04-15,17.889789581298828,17.95503784996461,17.815644232857977,17.87199429038046,27894400
2010-04-16,17.587276458740234,17.869029009647324,17.471609895962267,17.78895189740837,73328400
2010-04-19,17.611007690429688,17.616939455487827,17.373742744946615,17.427126367732864,42298200
2010-04-20,17.955036163330078,18.020283294498537,17.72963369167722,17.744463665066895,39333200
2010-04-21,17.937240600585938,18.070702439481213,17.80674520887062,17.960967652553148,37143200
2010-04-22,17.981735229492188,17.98470054645379,17.65252960969527,17.78599150033842,21374000
2010-04-23,18.414737701416016,18.414737701416016,17.96393387363436,17.98766092679726,52021800
2010-04-26,18.35245704650879,18.4770206894004,18.32279822817633,18.44736300243618,34525600
2010-04-27,17.78894805908203,18.36135011718155,17.744461538349192,18.2249229767454,82804800
2010-04-28,17.969865798950195,18.017318774335696,17.726669158678494,17.91054929687628,46190000
2010-04-29,17.99062728881836,18.20713157036168,17.869028962708597,18.06180732107764,57721400
2010-04-30,17.768184661865234,18.041040031190523,17.655483457272105,18.03214182334909,45833000
2010-05-03,17.969865798950195,18.11222472510669,17.643626734595916,17.845301031458153,33379800
2010-05-04,17.48940658569336,17.74743210263213,17.305525291904058,17.732603258002236,61168800
2010-05-05,17.21358299255371,17.45381317826498,17.05936054433376,17.169095334490365,70413000
2010-05-06,16.62635040283203,17.255102529690507,15.50823861021478,17.0593588896606,94401400
2010-05-07,16.309011459350586,16.795404767637717,16.101404255934114,16.57890048438153,98981800
2010-05-10,17.0059757232666,17.07122398640595,16.762779091488472,16.943693907379842,59433800
2010-05-11,16.893272399902344,17.151298973338157,16.813195304494815,16.828025276189837,45673200
2010-05-12,17.127573013305664,17.18392306268031,16.928864051272903,16.928864051272903,37616200
2010-05-13,17.01784324645996,17.234347560655046,16.937766122354645,17.100885687146185,42234600
2010-05-14,16.679733276367188,16.911066334800314,16.418741408283722,16.86064692407869,56791400
2010-05-17,16.507719039916992,16.780574489140356,16.15182116897563,16.733120383737905,63878600
2010-05-18,16.380191802978516,16.863619837671312,16.285285838438234,16.747953264098367,61329800
2010-05-19,16.19333267211914,16.406871492943537,15.914546758217543,16.28527324916686,60211200
2010-05-20,15.469685554504396,15.828548771774113,15.42223257644698,15.778130477561712,89767600
2010-05-21,15.73957347869873,15.77516292691103,15.12861543898545,15.164206018565908,80312000
2010-05-24,15.380709648132324,15.7484699042542,15.3569825960635,15.706948694501872,54698400
2010-05-25,15.416299819946287,15.422231583242484,14.87355648907824,14.968462439081048,86228000
2010-05-26,15.383678436279297,15.742542825928505,15.333260136305062,15.597217427625155,59695200
2010-05-27,16.036157608032227,16.056918217335927,15.7158502563692,15.772200319998046,60610400
2010-05-28,15.733640670776367,16.0183585003068,15.615008807489394,15.997597895947376,52657400
2010-06-01,14.986250877380373,15.582379850372984,14.959558518419987,15.472643968331562,72695200
2010-06-02,15.635774612426758,15.659500540428343,15.063372315861695,15.090064691968768,55296400
2010-06-03,15.84633731842041,15.878961439081216,15.460781894379826,15.798884360559535,67379800
2010-06-04,15.28876781463623,15.849306364894158,15.179033035878316,15.508238503520088,59718800
2010-06-07,15.15530776977539,15.529000934850886,15.12565008490128,15.35105143150174,48249600
2010-06-08,15.407400131225586,15.45485309819016,15.03370702643258,15.179032374156076,70188800
2010-06-09,15.247246742248535,15.801853534833915,15.167169644169142,15.561623371963774,61359800
2010-06-10,16.012428283691406,16.045051283267135,15.61797452790582,15.653563974677231,51986800
2010-06-11,16.11029815673828,16.11919523482234,15.787024453723989,15.787024453723989,30326200
2010-06-14,16.02725601196289,16.427640371584193,16.018357802362214,16.309008513466196,47629000
2010-06-15,16.4958553314209,16.519582383860133,16.151820990628938,16.193342201029466,34142400
2010-06-16,16.48399543762207,16.596695559703587,16.31197767544244,16.38019126450282,28992600
2010-06-17,16.466190338134766,16.53440388656635,16.2882409179341,16.53440388656635,34826000
2010-06-18,16.56809425354004,16.594908333643314,16.344643964855056,16.46381677023755,27196400
2010-06-21,16.532339096069336,16.892838547598423,16.407206369369575,16.8421892350093,33251400
2010-06-22,16.049686431884766,16.529359820851393,15.99605828053901,16.52042217446935,43145200
2010-06-23,15.927536010742188,16.043729976869603,15.835177287167532,16.02883351853759,35639200
2010-06-24,15.593847274780272,15.93051261725556,15.522342698762095,15.8321939672964,33908000
2010-06-25,15.638537406921388,15.778565446165937,15.42402482046792,15.617681006325832,40874800
2010-06-28,15.427009582519531,15.710046879135447,15.409134284466733,15.710046879135447,31908800
2010-06-29,14.917537689208984,15.212492501290503,14.807302557493404,15.20951252835062,44985200
2010-06-30,14.801344871520996,15.120133808683413,14.76857198585494,14.89370471871382,33385600
2010-07-01,14.747710227966309,14.935408676367777,14.46765310955438,14.851986512341425,51605200
2010-07-02,14.71196174621582,14.9056179077222,14.586829041010713,14.840073287401914,22839200
2010-07-06,14.85496711730957,15.123106632784856,14.69110389065362,14.9681821855465,34598000
2010-07-07,15.379337310791016,15.38827609464964,14.896685033919546,14.932436759773427,37817400
2010-07-08,15.596827507019045,15.641518013095745,15.31677026031516,15.558096947381136,29743000
2010-07-09,15.677270889282228,15.701106130683629,15.516387555930228,15.581932196730351,18225800
2010-07-12,15.6355619430542,15.751755915382532,15.489575052471878,15.617685510185618,16413800
2010-07-13,15.82325553894043,15.942428311041374,15.766647420905356,15.844110802471262,28330200
2010-07-14,15.80538272857666,15.891783775277244,15.641519419110404,15.751754571074702,23880200
2010-07-15,15.78750705718994,15.850072860607582,15.519366276075964,15.784527083773751,29824600
2010-07-16,15.412109375,15.710043059735806,15.298894256572888,15.650456095483284,36261600
2010-07-19,15.51042366027832,15.599803513175454,15.346559270686,15.474670809898273,25082600
2010-07-20,15.864970207214355,15.885825476189009,15.286979213509664,15.289958050565934,33496400
2010-07-21,15.605764389038086,15.9662638208475,15.48957045122568,15.9662638208475,45027600
2010-07-22,15.95136260986328,16.09437057810856,15.778560604571291,15.8232510918782,45984400
2010-07-23,16.022876739501953,16.02585671346235,15.730901800371502,15.915620407468918,36051600
2010-07-26,16.16291046142578,16.189724551892006,15.98415061600253,16.03181998388389,23881600
2010-07-27,16.085439682006836,16.261220596468494,15.945410490470342,16.23440652014293,32817800
2010-07-28,16.049686431884766,16.16588038095832,15.999038253684192,16.046707595266337,21551400
2010-07-29,16.073524475097656,16.302933576648638,15.915618830130878,16.15694555328821,29114600
2010-07-30,16.040748596191406,16.124169658843943,15.859008878389746,15.909658192519316,23632200
2010-08-02,16.60087013244629,16.65151832813165,16.317832821861614,16.34166693261733,55158000
2010-08-03,16.594907760620117,16.702164077329652,16.457858527725445,16.53234195471519,28509000
2010-08-04,16.723020553588867,16.764731093870875,16.559157229683702,16.63959833649787,26215400
2010-08-05,16.77664566040039,16.77664566040039,16.535318974328124,16.612781229811755,17817400
2010-08-06,16.577028274536133,16.660449333705003,16.33570274293284,16.568090628632806,36234800
2010-08-09,16.645557403564453,16.705144377681354,16.544259888523825,16.654496188424538,13428400
2010-08-10,16.508514404296875,16.5889566793092,16.341671040953454,16.451907382559654,24521000
2010-08-11,16.01691436767578,16.228448147286247,15.963287350107183,16.204612907009704,37659400
2010-08-12,15.92158031463623,16.046713089462493,15.760696942041236,15.78155221509109,30510800
2010-08-13,15.89475917816162,16.040747161270986,15.847089841406312,15.885821532684574,18199400
2010-08-16,15.8917818069458,15.93647231150443,15.716000898356198,15.808360744064885,20571400
2010-08-17,16.156946182250977,16.240367263688977,15.975206423523623,16.05266983045348,36034800
2010-08-18,16.002017974853516,16.136088360628978,15.85603110541887,16.112254256783793,37387800
2010-08-19,15.742815971374512,15.954348615099343,15.653436093120186,15.924555701190174,32998200
2010-08-20,15.54915714263916,15.668331059995875,15.424025552288644,15.656413440954864,24849400
2010-08-23,15.555113792419434,15.707060572778625,15.543196175033115,15.578949027192072,16351600
2010-08-24,15.313796043395996,15.519369933006187,15.260167874536446,15.343588965417023,29477600
2010-08-25,15.266121864318848,15.313791206412022,15.021815207498715,15.22739016870353,38673400
2010-08-26,15.129072189331056,15.403171771045322,15.04267228427742,15.352522453505232,21953600
2010-08-27,15.522348403930664,15.552142461775023,14.995006650147092,15.218456969607862,39417400
2010-08-30,15.295921325683594,15.564062200088031,15.292942487757877,15.492557588071096,18313200
2010-08-31,15.254202842712402,15.373375618729272,15.13800890307212,15.22738876921644,35157400
2010-09-01,15.82325553894043,15.861987229723384,15.483611376836476,15.507445476646016,38265800
2010-09-02,15.954347610473633,15.984141659033524,15.754732599492709,15.844112472118894,19697400
2010-09-03,16.14800453186035,16.219507973506744,16.013934158114978,16.097355218878004,26494200
2010-09-07,15.9066801071167,16.043729336746242,15.856031923503254,16.025854042071792,22814000
2010-09-08,16.043733596801758,16.12417585377706,15.91562198049226,15.924560766729854,18584400
2010-09-09,16.076494216918945,16.270151480615745,16.0169072791256,16.240357443455917,15673400
2010-09-10,16.243345260620117,16.27611814906137,16.142047758404814,16.171840673427667,15190600
2010-09-13,16.374433517456055,16.407206401573337,16.258239573059665,16.38635113650356,18263200
2010-09-14,16.31781768798828,16.454866823177802,16.249293120393517,16.341651776639196,27955800
2010-09-15,16.28505516052246,16.288033997297717,16.11523305116267,16.20759290257092,28226000
2010-09-16,16.210569381713867,16.279093982846756,16.11225187105421,16.20461057250318,33517600
2010-09-17,16.12946128845215,16.28509920547702,16.07558658095308,16.258161851727486,28705800
2010-09-20,16.401826858520508,16.464680301438786,16.10850964981662,16.180342971546025,38781800
2010-09-21,16.413799285888672,16.512568818896714,16.273126315807,16.42277802295706,33533000
2010-09-22,16.29407501220703,16.572427236971325,16.282103745167426,16.3808732633167,32318000
2010-09-23,16.192310333251953,16.32999073819906,16.108505762915865,16.150408048083907,24716800
2010-09-24,16.542505264282227,16.623317349625474,16.303062682757208,16.371902353586133,49249000
2010-09-27,16.47964859008789,16.641271587534142,16.47964859008789,16.584404342298615,21783000
2010-09-28,16.596376419067383,16.656237337014606,16.327002859180897,16.494613201082714,33159200
2010-09-29,16.772960662841797,16.850779034509117,16.53651073309032,16.569434285555932,42985800
2010-09-30,16.778945922851562,16.985464819761685,16.611335638709665,16.90465277964425,46339600
2010-10-01,17.00343132019043,17.045333625228483,16.838813490752113,16.94057672088117,40019800
2010-10-04,16.79092025756836,17.027370217226462,16.665213377801887,16.922614484087738,29505400
2010-10-05,17.185997009277344,17.248851577583928,16.94056836503752,16.97349191468582,43231600
2010-10-06,17.338642120361328,17.392516811480913,17.18001171970456,17.18599678160531,28210200
2010-10-07,17.251846313476562,17.431429023123286,17.123145771176194,17.410476736508837,27125600
2010-10-08,17.467344284057617,17.533191388662562,17.19797080317531,17.236880559692022,31677600
2010-10-11,17.51523780822754,17.605028613735048,17.449390684704415,17.479321714374944,16092000
2010-10-12,17.488298416137695,17.566116800716156,17.24885591541332,17.44040991599282,33330200
2010-10-13,17.700809478759766,17.790600303815328,17.557143930320407,17.593060031992177,29362800
2010-10-14,17.673864364624023,17.796578704781545,17.53019887920193,17.643934483318006,23005600
2010-10-15,17.721752166748047,17.799571681903384,17.527205662363194,17.77263433308065,30153600
2010-10-18,17.76964569091797,17.901339941003748,17.622987638279618,17.67686235117797,21854400
2010-10-19,17.416458129882812,17.61699192899676,17.26980015635681,17.584068384235408,38568400
2010-10-20,17.640939712524414,17.751682778320216,17.410475987201732,17.47632309208013,25257200
2010-10-21,17.6319580078125,17.83249181992141,17.44040407142588,17.6918188983712,26826000
2010-10-22,17.748689651489258,17.805558022634823,17.664885073066426,17.721752302460242,13117600
2010-10-25,17.79657554626465,18.04499785567165,17.766645670270556,17.886366315998515,22706400
2010-10-26,17.83249855041504,17.853449698755416,17.69182557577083,17.74570028343236,21375800
2010-10-27,17.75766944885254,17.775626920289668,17.49128849110043,17.670871197733934,25804800
2010-10-28,17.718761444091797,17.919294173323653,17.649921799351674,17.874399348537587,23175600
2010-10-29,17.730735778808594,17.74869325397163,17.587069126992404,17.62597889276562,18718400
2010-11-01,17.751686096191406,18.009086076071704,17.67985277364793,17.90732401024233,24041200
2010-11-02,17.94622802734375,18.030033739098137,17.820521172339625,17.883374599841687,20455000
2010-11-03,17.98513412475586,18.021050198633286,17.71576071629665,18.006085262996976,45454800
2010-11-04,18.55681228637696,18.562798491866666,18.248530125044542,18.248530125044542,38657000
2010-11-05,18.649600982666016,18.649600982666016,18.481990616249,18.53885786865281,29371800
2010-11-08,18.706462860107425,18.730407680609265,18.529873805037933,18.541846215288853,23977400
2010-11-09,18.670549392700195,18.93393560469208,18.5598062949572,18.793263760623155,40127600
2010-11-10,18.909984588623047,18.918963323213763,18.53585542398861,18.73040304629916,35556600
2010-11-11,19.1195068359375,19.122499368400018,18.81122347169796,18.82319588505238,36081400
2010-11-12,18.838153839111328,18.999777934152988,18.670544681365985,18.909987150824875,35748600
2010-11-15,18.74237632751465,18.96386131916889,18.73938379624644,18.954882583612545,21502600
2010-11-16,18.39219284057617,18.559802001846027,18.24553368271328,18.553816939016485,47399600
2010-11-17,18.46702003479004,18.58674070991033,18.293423514500603,18.347298217917885,33635600
2010-11-18,18.87407493591309,18.933934709238045,18.646603686971066,18.646603686971066,32105000
2010-11-19,19.03270721435547,19.038693420612045,18.67952903748222,18.82020203013149,22721600
2010-11-22,18.972841262817383,18.984813672156,18.60170570733457,18.927946440425256,36263000
2010-11-23,18.60169792175293,18.70944613544801,18.43109515621323,18.700467403077923,45070000
2010-11-24,18.93692398071289,18.95787512485654,18.718432661963607,18.730405070546183,45245200
2010-11-26,18.709457397460938,18.868088995911343,18.66156889307545,18.75136083783124,13178800
2010-11-29,18.83515930175781,18.87706158673143,18.446065187607854,18.61666800028708,29468800
2010-11-30,18.76931381225586,18.921959168332748,18.53286387903981,18.5897322493143,38537600
2010-12-01,19.32601547241211,19.370911427557257,19.07759430806323,19.07759430806323,39947600
2010-12-02,19.613353729248047,19.62532614066795,19.317043967993385,19.32003764172436,35355200
2010-12-03,19.70014953613281,19.73606676590148,19.48764439788486,19.496623134451102,20023400
2010-12-06,19.76599884033203,19.81388620182896,19.670221833834216,19.685185635269026,23980400
2010-12-07,19.69116973876953,20.053326556288035,19.643280101657872,20.02339667484504,45864800
2010-12-08,19.598388671875,19.801915085964858,19.475673175311712,19.7121231478208,25520400
2010-12-09,19.643280029296875,19.7390570196638,19.46669213098119,19.69715472909724,21904800
2010-12-10,19.724092483520508,19.74504362802069,19.601377006088363,19.68817525716156,17352200
2010-12-13,19.89170265197754,20.04434801739314,19.81987047910697,19.846806687619587,25768800
2010-12-14,19.79891395568848,19.96951674710608,19.73306686364958,19.91564206121089,23029200
2010-12-15,19.69116973876953,19.86775763773572,19.63430136557533,19.715114557325364,22232200
2010-12-16,19.80191230773925,19.807897370474027,19.52954514148513,19.68518189112783,22051600
2010-12-17,19.80882453918457,19.835882860816035,19.71863319196133,19.796798873310724,22644800
2010-12-20,19.938098907470703,20.001231937265043,19.772748857775003,19.88398455426678,20469400
2010-12-21,20.1395263671875,20.163577703765025,19.986204257244605,20.04933729551433,17402000
2010-12-22,20.208675384521484,20.22971973269211,20.139528358439765,20.19965670582864,15711000
2010-12-23,20.265792846679688,20.289841887351844,20.17560148975928,20.18762715692609,9052000
2010-12-27,20.19364356994629,20.22972057989048,20.11548015556025,20.169592229983497,8286400
2010-12-28,20.268802642822266,20.30187266243601,20.17861355687192,20.22070225571449,10298200
2010-12-29,20.47022247314453,20.52133213243239,20.301867718769948,20.33794472056229,11065400
2010-12-30,20.488264083862305,20.58446713753097,20.41611236702624,20.488264083862305,11953400
2010-12-31,20.51832771301269,20.59348642258417,20.42212465650768,20.482250706700142,8889000
2011-01-03,20.671655654907227,20.80092874920539,20.62355297160457,20.71374435596596,20391600
2011-01-04,20.494274139404297,20.80092292544902,20.29886105710702,20.80092292544902,29084000
2011-01-05,20.575443267822266,20.61151797030669,20.313890206504457,20.39205588465596,22572400
2011-01-06,20.380029678344727,20.65360610412195,20.292845326886184,20.644587428740216,22898400
2011-01-07,20.52734375,20.575446418894217,20.32291199452257,20.38905201742137,22160600
2011-01-10,20.44617462158203,20.485256322217563,20.28984323171664,20.46421197669664,21608400
2011-01-11,20.785888671875,20.809940004946,20.5513939085862,20.578449938045047,22730600
2011-01-12,21.07149314880371,21.083518816681007,20.873075362982394,20.969278412339133,22053200
2011-01-13,21.011369705200195,21.1496614624232,20.9362109919054,21.104565775713933,23043800
2011-01-14,21.239856719970703,21.245868408922405,20.888114427906864,20.984317506770367,28010800
2011-01-18,21.372127532958984,21.38415320059332,21.158677093188093,21.224817118346145,25070400
2011-01-19,21.11358642578125,21.41722597142196,21.07750941823201,21.40820729295012,30234000
2011-01-20,20.96327209472656,21.026405147006937,20.662637201774963,20.951246423769035,46345000
2011-01-21,21.07450294494629,21.230834354502715,20.95725553460993,21.17671998868117,29148000
2011-01-24,21.152660369873047,21.200760735296384,20.96025432085764,21.04142469098622,26197000
2011-01-25,21.09254264831543,21.137636041893632,20.852033845476,21.104566024161663,31635400
2011-01-26,21.59760475158692,21.65472610237357,21.14965950405312,21.16469216278488,48443200
2011-01-27,21.471342086791992,21.63067820255254,21.36010865168628,21.5855848065162,29977200
2011-01-28,21.378149032592773,21.54049216226221,21.29998331230844,21.43527040053083,47383200
2011-01-31,21.99143409729004,21.99143409729004,21.49237927329768,21.56152628027855,50229800
2011-02-01,22.349197387695312,22.370244032632417,21.411217966688422,22.07862781235088,40886400
2011-02-02,22.33115577697754,22.49650585813613,22.195871015056387,22.246978387901105,27115200
2011-02-03,22.343175888061523,22.379252885975177,22.06057847189106,22.337164201906543,29031000
2011-02-04,22.286052703857425,22.41833272493288,22.16580064141908,22.394281394980784,26557200
2011-02-07,22.415342330932617,22.61376250945025,22.376260611071302,22.379267602956872,32347200
2011-02-08,22.340166091918945,22.41532477455214,22.14174836247102,22.379250074831223,31192000
2011-02-09,22.05757713317871,22.32213494383188,21.901245745417874,22.240964553247228,32643400
2011-02-10,22.28305435180664,22.319129063344125,21.92529817131512,21.94934950811459,33611400
2011-02-11,22.28004264831543,22.40029701321323,22.132732255487777,22.19285829110606,37725400
2011-02-14,22.77008628845215,22.79714462168675,22.24097052507521,22.24097052507521,30430800
2011-02-15,22.53257369995117,22.776089408274583,22.43637067124968,22.73400072657149,22887200
2011-02-16,22.83321189880371,22.857263233025737,22.57767278026375,22.652831479461472,31806600
2011-02-17,23.05868530273437,23.10979495540104,22.7911205483397,22.83020453530016,21592800
2011-02-18,23.1549015045166,23.20901588414249,22.95046965855905,23.10980809954712,24816400
2011-02-22,22.92941093444824,23.467547401888304,22.82118453668779,23.26011098804794,49665600
2011-02-23,23.395402908325195,23.560752986032,23.013597674795555,23.055686368455145,64379400
2011-02-24,23.0647087097168,23.467558354056923,22.923409946992017,23.45553268343544,44766600
2011-02-25,23.43148231506348,23.449519673147897,23.091763446726745,23.14888480554344,23537400
2011-02-28,23.611852645874023,23.65694831539812,23.35931827273569,23.521661306825827,31746200
2011-03-01,23.16992378234864,23.774200368351337,23.139860761291004,23.750149034040643,40399200
2011-03-02,23.30220413208008,23.347299811086906,22.93542930686145,23.10679105215818,30085800
2011-03-03,23.702037811279297,23.72308444145148,23.377354089910213,23.44950577314105,22657600
2011-03-04,23.551727294921875,23.72309131947717,23.365335201396583,23.69603299688269,28247000
2011-03-07,23.386383056640625,23.816290943443057,23.25710999155565,23.70806222413184,29327200
2011-03-08,23.193986892700195,23.392404767350367,22.962496696335243,23.37436740429016,32348400
2011-03-09,23.034645080566406,23.27214690842045,22.95948636138457,23.12182947005678,27189800
2011-03-10,22.19587135314941,22.731001014996696,22.12973131967852,22.727994024294784,72320600
2011-03-11,22.580684661865234,22.74302776253832,21.95536359860492,22.04254798379946,48341000
2011-03-14,22.70393753051757,22.782103215384826,22.355202379126062,22.47244975959627,32830400
2011-03-15,22.53257369995117,22.730993736832385,21.91627383577824,22.000451199184408,43619000
2011-03-16,22.171817779541016,22.791124769309693,21.94032997939286,22.59871866969881,63229400
2011-03-17,22.84824562072754,22.96549301344624,22.46042643955738,22.60773685462367,41830600
2011-03-18,22.74115943908692,23.18458074703631,22.71099520958613,23.13028421338163,48328600
2011-03-21,23.43193244934082,23.43796437503218,23.09107226388757,23.13631746003108,34325600
2011-03-22,23.380651473999023,23.51639165618508,23.30523975025495,23.43796281910396,20025000
2011-03-23,23.440975189208984,23.5194040104202,23.223789100551905,23.374612517521243,20190800
2011-03-24,23.52544593811035,23.56767632870859,23.27206359452092,23.534494978755163,30706200
2011-03-25,23.736597061157227,23.799942638698045,23.465114370708445,23.54957514076287,23273800
2011-03-28,23.679292678833008,23.950775475555083,23.6310280476894,23.679292678833008,28291000
2011-03-29,23.968849182128903,24.0171137641812,23.56765847400147,23.64910438086924,33912800
2011-03-30,24.134769439697266,24.24336250927614,23.92964945286865,24.12572040079624,38082400
2011-03-31,24.056339263916016,24.42434883466995,24.04729022551766,24.261459239350184,37701000
2011-04-01,24.128738403320312,24.33989264492548,24.065392821253823,24.267495721377884,25823800
2011-04-04,24.14381599426269,24.29765654390017,24.11063465411769,24.240342901580075,14951200
2011-04-05,24.21620750427246,24.351949960620548,24.098565422933746,24.12269772202443,38580800
2011-04-06,23.96283531188965,24.40323959866611,23.85424222184793,24.342908825652003,32947400
2011-04-07,23.96283531188965,24.0623770599415,23.74866624580283,23.917587807474987,29621400
2011-04-08,24.047292709350582,24.246378478827246,23.91155021520512,24.13778540406421,38279600
2011-04-11,23.573707580566406,24.10158969778339,23.48924681003304,24.05634219888811,35365400
2011-04-12,22.843721389770508,23.31730694398672,22.714013127080296,23.3052407914826,75875600
2011-04-13,22.937238693237305,23.12727547918875,22.759265762350434,23.051863727423,53669400
2011-04-14,23.094087600708008,23.16045029173725,22.72607798782465,22.81054105910584,41344800
2011-04-15,23.28412437438965,23.317305716683663,22.976443255187487,23.15441611852661,30527800
2011-04-18,22.937238693237305,23.04281468543256,22.68083919751055,22.937238693237305,40069400
2011-04-19,23.16950035095215,23.22681400506971,22.910083802629003,22.92214995620025,30109200
2011-04-20,23.715484619140625,23.727550773602587,23.50433036813173,23.61594057086716,44828000
2011-04-21,23.824073791503903,23.88741936597818,23.652135146107096,23.76374302911179,25276600
2011-04-25,23.70039176940918,23.857247111235832,23.55258546442486,23.8361319248095,14150800
2011-04-26,23.93568420410156,23.9718826653624,23.670235725672686,23.7727945805031,18399000
2011-04-27,23.92362594604492,24.041268107239567,23.522437132901672,24.032219064283712,37414200
2011-04-28,23.92060852050781,23.99300315763339,23.69437326577937,23.842179654481093,29992400
2011-04-29,24.27653694152832,24.285585977853174,23.914559378856023,23.926625527750023,19857200
2011-05-02,23.95377349853516,24.373062366527336,23.80596490950356,24.32781488623976,35524000
2011-05-03,23.353500366210938,23.82105394013202,23.14838040042003,23.769774524030048,57490400
2011-05-04,22.940244674682617,23.3082519115412,22.74115664197509,23.305237099930167,59484200
2011-05-05,22.463647842407227,22.81959132132357,22.19518225168206,22.59637323157778,89000000
2011-05-06,22.563194274902344,23.06090993425893,22.3158438515758,22.72306680076925,70404600
2011-05-09,22.95833778381348,23.066930814276628,22.62954158008272,22.66875713637255,48448600
2011-05-10,23.06693458557129,23.1755276337887,22.7773538907858,22.95532442451929,35520600
2011-05-11,22.40029525756836,22.94929242104752,22.234388572980105,22.92516012121963,82325600
2011-05-12,22.36712074279785,22.54810844394412,21.95386361238404,22.291709008871617,77901800
2011-05-13,22.258525848388672,22.57827083774296,22.059437782379423,22.4726948791244,71863800
2011-05-16,22.08960151672364,22.542071826107392,22.0322878744258,22.16501323495426,56288200
2011-05-17,22.08960151672364,22.19517746196991,21.803035606617453,21.98704038321082,60198400
2011-05-18,22.53603744506836,22.6959099183978,22.10468232769695,22.189143083313787,51692600
2011-05-19,22.5390567779541,22.732110610200905,22.34901775771698,22.638600807470382,39321800
2011-05-20,22.51191520690918,22.7049691064466,22.237417628441666,22.51794943579824,54092800
2011-05-23,22.16200065612793,22.28265989026012,22.020226228626377,22.11977026938919,40600000
2011-05-24,22.475709915161133,22.72306026736879,22.382197816413903,22.38823204285337,49661600
2011-05-25,22.855791091918945,22.97343553360501,22.358075406663744,22.361090219524105,49835400
2011-05-26,22.97041702270508,23.02471356888041,22.66575294131104,22.780377960399537,37491000
2011-05-27,23.027719497680664,23.26300597459164,22.9130945228134,23.09709928601009,33394200
2011-05-31,23.259994506835938,23.425901235682627,23.000577967939325,23.329372010620265,38622400
2011-06-01,22.70496368408203,23.302225625340256,22.644635217903147,23.20268158489997,55227800
2011-06-02,22.695911407470703,22.891982346664232,22.451578162493785,22.71401178584972,48210600
2011-06-03,22.70194435119629,22.91913046840644,22.31281960809193,22.355049986284683,44755000
2011-06-06,22.18915367126465,22.747202489727258,22.140891345618503,22.65369035020221,46875200
2011-06-07,22.18915367126465,22.49683491512214,22.15295750237606,22.38220757661739,38331600
2011-06-08,22.25550842285156,22.526991099338105,22.20724611446688,22.258525536307875,50113200
2011-06-09,22.557167053222656,22.677826338968625,22.321882711779462,22.367130231607263,34544000
2011-06-10,22.11976432800293,22.42744310608293,22.08356587707117,22.382195617763937,41937000
2011-06-13,21.769847869873047,22.291697819302865,21.56171315365297,22.13182539185037,55501200
2011-06-14,22.2343978881836,22.342990981521886,22.047375938237927,22.05341016641436,45755400
2011-06-15,21.724618911743164,22.165025617460564,21.603961936275464,21.96895458024912,71279800
2011-06-16,21.75779151916504,21.95687959110283,21.53759055625812,21.73366151460745,50527800
2011-06-17,21.701780319213867,21.98637471648049,21.56251135945154,21.95004277963705,54247600
2011-06-20,21.762317657470703,22.34361673488087,21.538276628080755,21.58671918030995,34722600
2011-06-21,22.19528007507324,22.301247661408315,21.89857730097044,21.913713877682746,46391000
2011-06-22,22.13170051574707,22.42840559444498,22.059038943158303,22.125646347143736,37099800
2011-06-23,21.88949012756348,21.92279382289794,21.329383784139846,21.662420737484474,90907200
2011-06-24,21.47471046447754,21.94095991652452,21.4444350060058,21.88949140613561,34131400
2011-06-27,21.58976173400879,21.72297654536168,21.34755571594058,21.39902423491972,39388400
2011-06-28,22.219497680664062,22.228580087157496,21.75930470933131,21.77746952231818,31715600
2011-06-29,22.47987174987793,22.63427959653954,22.186194941276835,22.29216020472323,42642800
2011-06-30,22.812917709350582,22.83411077252301,22.55254447044893,22.55557271086517,38834800
2011-07-01,23.02786636352539,23.052087656366552,22.57070158796399,22.76446731095404,29776800
2011-07-05,23.17016220092773,23.27310153447816,23.00061778080877,23.058142770436056,31367000
2011-07-06,23.12778091430664,23.16108461946409,22.92190451418327,23.11869850560369,21930600
2011-07-07,23.4759464263916,23.509250120033503,23.26401362050047,23.43961449427248,35648000
2011-07-08,23.27915382385254,23.27915382385254,23.03391962027434,23.06722331580585,34260000
2011-07-11,22.72813606262207,22.949151324244635,22.637307366641355,22.94612308508003,38289000
2011-07-12,22.643367767333984,22.955209469085887,22.616118229871635,22.63428535813657,41091400
2011-07-13,22.812917709350582,23.139898378185773,22.72209128569902,22.74631027941705,40326000
2011-07-14,22.66153144836425,23.097505546919937,22.63125598260233,23.049062953804874,45265800
2011-07-15,23.270076751708984,23.297323976188,22.90373832675997,22.91887490373615,54734200
2011-07-18,23.19136047363281,23.23374658820333,23.00667712734556,23.17016741634756,40723800
2011-07-19,23.61521339416504,23.63337820377171,23.33970146249601,23.35786858197165,39114600
2011-07-20,23.554664611816406,23.724209009743184,23.50925027383768,23.71512660412128,21035600
2011-07-21,24.01789283752441,24.048168301786617,23.67880163212613,23.693940519192164,34714000
2011-07-22,24.13900184631348,24.16927731664842,23.8967934638933,24.03909071532488,22999200
2011-07-25,24.04210662841797,24.211651023260867,23.80292660862509,23.839256230451912,30966400
2011-07-26,23.92705535888672,24.14807055568941,23.842283166097413,24.026966433189404,33937800
2011-07-27,23.4759464263916,23.81200929141869,23.40328487202252,23.76356671525986,47569000
2011-07-28,23.37906837463379,23.669716961537134,23.333654027646155,23.38209661373153,39108000
2011-07-29,23.145952224731445,23.34880275210512,22.997600784603744,23.067236453977504,34671200
2011-08-01,23.112638473510746,23.56980555686311,22.897679697729465,23.55466898130842,43970000
2011-08-02,22.46776390075684,23.22163379439316,22.46170973203609,22.98245601707219,54402400
2011-08-03,22.340600967407227,22.51317361377688,21.81380062215291,22.50106296895997,71128000
2011-08-04,20.80864524841309,21.94701841889596,20.66937395417148,21.922799433256863,109053800
2011-08-05,20.608821868896484,21.24158989681146,19.51888904071841,21.06296073979317,132818800
2011-08-08,18.85583877563477,20.097150781473708,18.771066586436337,19.7731985956832,111986400
2011-08-09,19.815593719482425,19.82770436772468,18.49859132891368,19.24943535084405,100798200
2011-08-10,19.1313591003418,19.91550570686119,19.05264219319132,19.558249652620848,98747400
2011-08-11,20.124406814575195,20.42413781186985,19.137411057074708,19.255486974489862,84065200
2011-08-12,20.27275657653809,20.542212090670468,20.142570022866416,20.424136182674008,53101000
2011-08-15,20.95699882507324,20.99635670197441,20.53616358869647,20.542217758269683,58621200
2011-08-16,20.608821868896484,20.905526947558336,20.372670025609374,20.68753991994877,59890400
2011-08-17,20.69056510925293,21.07204239392495,20.55735261593276,20.8389187982124,43327800
2011-08-18,19.491641998291016,20.09110640082662,19.273656097758543,20.04569204595922,74495400
2011-08-19,19.14649200439453,19.82467310952246,19.073829289406486,19.19190519069421,54637400
2011-08-22,18.992090225219727,19.736878960374742,18.92245572673753,19.730822481014943,49050800
2011-08-23,19.848892211914062,19.864031095708565,18.98602896262259,19.116215509699504,71707000
2011-08-24,19.966964721679688,20.00329665069233,19.55824033723048,19.733841195988173,37735600
2011-08-25,19.54614448547364,20.227353078339533,19.44320740684517,20.10927710703244,53585400
2011-08-26,19.9245834350586,20.01238388562879,19.10713446886227,19.352368696747263,47672200
2011-08-29,20.505884170532227,20.533131393167544,20.08202077609313,20.239454563237533,71086400
2011-08-30,20.62698745727539,20.7692846783994,20.1970698644236,20.366614310084625,39676600
2011-08-31,20.781396865844727,21.08415614688544,20.584602871194264,20.814700571548805,48969600
2011-09-01,20.62396049499512,21.087181767886104,20.575517907306526,20.81469798681208,42588400
2011-09-02,20.04870986938477,20.25458616926771,19.87613725844383,20.07595708222704,41702000
2011-09-06,19.830724716186523,19.861000169809945,19.2463994527652,19.409889674174533,38711000
2011-09-07,20.557348251342773,20.56945889541329,20.16678864207768,20.19706409731941,37051400
2011-09-08,20.318164825439453,20.757164627597472,20.20311719084042,20.45743374412316,36978200
2011-09-09,19.64604949951172,20.148631013179816,19.50375226829557,20.05174813594946,70078800
2011-09-12,19.739904403686523,19.782290518680185,19.17677310528285,19.30393145026384,51513800
2011-09-13,19.79439353942871,19.93063655072403,19.434111700817787,19.82769723264296,56409000
2011-09-14,20.03963851928711,20.32120475665124,19.521920400882763,19.912477859606128,51431800
2011-09-15,20.43624496459961,20.457438015131093,20.118346896758133,20.287893610879244,34662400
2011-09-16,20.39187240600586,20.595519350361315,20.15783344109992,20.519532342166737,46072800
2011-09-19,20.06967735290528,20.25204560991668,19.68062445289741,19.893387032921023,41719800
2011-09-20,19.945068359375,20.416186362450127,19.914671704582453,20.163908968882744,40268800
2011-09-21,19.11528778076172,19.963302901233675,19.09705164449533,19.89035603722913,53565800
2011-09-22,18.036273956298828,18.44964341241544,17.70800956721697,18.44052418418344,76132000
2011-09-23,17.841745376586914,18.109219904429665,17.741441993844838,17.805271946257722,65590600
2011-09-26,18.49219512939453,18.53170869140287,17.61378565366844,17.972444362434526,68786400
2011-09-27,18.76270866394043,19.24902612756193,18.656327334741416,19.0393012793274,64972400
2011-09-28,18.148731231689453,18.969390902151368,18.112257803515632,18.796140668989,46186600
2011-09-29,18.32198715209961,18.64113351596084,17.951171338378803,18.61681711665076,45739000
2011-09-30,17.78399658203125,18.22472140431461,17.78399658203125,18.00283950828938,59458800
2011-10-03,17.179141998291016,17.78399790064614,17.163944829389518,17.58035328653281,70130600
2011-10-04,17.741437911987305,17.793109655912282,16.492211905800918,16.86910779738644,82731000
2011-10-05,18.394927978515625,18.44963869604329,17.60770283127776,17.872137193015323,75130000
2011-10-06,18.741436004638672,18.777909444601512,18.15177722744879,18.35846198635447,47634400
2011-10-07,18.51042938232422,18.899482361305964,18.32502095969406,18.884285196714988,48779200
2011-10-10,19.34933853149414,19.358456604656848,18.850863767783604,18.853902739014465,35816000
2011-10-11,19.388845443725582,19.556015471722286,19.12137084809744,19.170002487350764,44856000
2011-10-12,19.4921875,19.787017477841086,19.40404344720207,19.543860430598023,37262400
2011-10-13,19.464832305908203,19.562095583682225,19.081857135137,19.29462099006881,30318400
2011-10-14,20.24293708801269,20.249017346844468,19.793095329912024,19.79613314038861,33232000
2011-10-17,19.875164031982425,20.25509911795692,19.829571357877537,20.18823017179505,37612800
2011-10-18,20.513452529907227,20.650230539001623,19.63200275185484,19.85084571125428,48910600
2011-10-19,20.300683975219727,20.74140757767224,20.20646085223968,20.42226361970489,48058000
2011-10-20,20.45874214172364,20.549927482687288,20.03625454520849,20.28853197879366,43755000
2011-10-21,20.835634231567383,20.92073929197577,20.580316731403244,20.680620117858403,48340200
2011-10-24,21.10918426513672,21.163894989063287,20.841710903128394,20.89946175586723,45945000
2011-10-25,20.6684684753418,21.097036361230387,20.51649444243488,21.05752162855317,43836600
2011-10-26,21.11527442932129,21.188221322467943,20.51345618377661,20.98457665634108,36364800
2011-10-27,22.05143165588379,22.2459582197293,21.635021998215347,21.692772868992456,62364800
2011-10-28,22.200368881225582,22.239881298301853,21.762682887408904,21.82347389707228,35022400
2011-10-31,21.18822288513184,21.8386716677659,21.15478840686129,21.82347565333208,43910200
2011-11-01,20.50433158874512,20.81435984413076,20.163908997463032,20.358437848866497,83484400
2011-11-02,21.121347427368164,21.179098293685023,20.80220339521036,21.011925953788523,40618800
2011-11-03,21.67757797241211,21.750524865672595,21.14566880788537,21.428340628077176,39424400
2011-11-04,21.65933990478516,21.72012859061225,21.27636469104326,21.4891274103778,25105800
2011-11-07,21.777877807617188,21.929851829555982,21.3979427527702,21.665416196564244,26937800
2011-11-08,22.13349342346192,22.15780982017895,21.66237309256104,21.954165215287027,38305400
2011-11-09,21.15478134155273,21.686690366830696,21.100070606195143,21.48000562425083,50543200
2011-11-10,21.52255821228028,21.680612478775817,21.109188726130984,21.498244133460386,40707200
2011-11-11,21.963281631469727,22.05142682373118,21.73228051792037,21.76267485205972,28803000
2011-11-14,21.674530029296875,21.878176941274223,21.47392556540609,21.829544150670948,30765000
2011-11-15,21.65022087097168,21.829549109444283,21.4769705732356,21.60766601005756,33349400
2011-11-16,21.324995040893555,21.87818036644557,21.2976385121616,21.48000686759665,43882200
2011-11-17,20.83867073059082,21.4283304962356,20.641106418046093,21.31586891980617,51071800
2011-11-18,20.71405601501465,21.06967460733111,20.58639841555835,20.95721301603534,53903400
2011-11-21,20.343238830566406,20.47089642835958,20.05448917094769,20.34019870139825,40016600
2011-11-22,20.151750564575195,20.45569852290098,20.02409065968481,20.32196067917719,37392600
2011-11-23,19.540821075439453,19.908597950138724,19.53778094553327,19.86300527730467,43575200
2011-11-25,19.400999069213867,19.735341365318536,19.400999069213867,19.45570979540837,14299600
2011-11-28,20.12744140625,20.297651582034696,19.94203289951036,20.109205264255845,43699600
2011-11-29,20.41619110107422,20.63503408031488,20.1456775069961,20.215586582730094,28954200
2011-11-30,21.540790557861328,21.601579216071222,21.16389345635624,21.16997371354043,65999200
2011-12-01,21.422258377075195,21.698849881139207,21.30371651083124,21.483047056073595,32664600
2011-12-02,21.404014587402344,21.74443713425132,21.361462058913585,21.628937745344523,29879400
2011-12-05,21.66844940185547,21.935922760174726,21.48304096882479,21.7930668541735,29724000
2011-12-06,21.66541290283203,21.841703298025585,21.48912250763848,21.65325470465256,27718800
2011-12-07,21.458724975585938,21.62589727698096,21.27635666793428,21.580304620333333,34288600
2011-12-08,20.859947204589844,21.416172515792265,20.79915854149248,21.3037109382294,34289800
2011-12-09,21.33411026000977,21.422255455795003,20.94505720201916,20.990647545581226,31036600
2011-12-12,20.835634231567383,21.090949412792547,20.543842140254373,21.07575108674577,38629800
2011-12-13,20.64110374450684,21.26419557055505,20.51040605004838,20.996722243752448,37277600
2011-12-14,20.06057548522949,20.49218124972972,19.97243025406704,20.397958076632648,53368600
2011-12-15,19.975461959838867,20.36147488073797,19.92379135889646,20.34019861452997,35498600
2011-12-16,20.18821144104004,20.301149054446377,19.980651869411,20.136322130321435,43941200
2011-12-19,19.83413887023925,20.27367496747489,19.779196566990503,20.27367496747489,25074800
2011-12-20,20.649120330810547,20.68879998887346,20.209581779168623,20.234001105094308,25326600
2011-12-21,20.878040313720703,20.93298261699712,20.520916506801232,20.652167435252974,24051600
2011-12-22,21.12223052978516,21.1680161793395,20.923829929641126,20.994032574036897,21976200
2011-12-23,21.244325637817383,21.26874496235486,21.076448021320896,21.20159298425428,10428200
2011-12-27,21.29926300048828,21.39693794716884,21.198535056761777,21.198535056761777,11260600
2011-12-28,20.89330673217773,21.35726461259605,20.865836736908875,21.305375291251472,22641400
2011-12-29,21.110021591186523,21.13443858417088,20.923828338246985,20.942141665173924,15404200
2011-12-30,21.100866317749023,21.20159429110871,21.03982033139745,21.061186659496016,13160000
2012-01-03,21.68691062927246,21.793742230998312,21.51597773775684,21.54955371669272,48509600
2012-01-04,21.73269844055176,21.769327423912543,21.47630254329048,21.60450049192112,28037000
2012-01-05,21.62891960144043,21.644182259879337,21.366417711823367,21.59229061843989,25349400
2012-01-06,21.50072288513184,21.67775715788405,21.454937235948304,21.668600493798312,17786200
2012-01-09,21.6044979095459,21.653336548189287,21.48240364169189,21.546502608345488,24086400
2012-01-10,21.79680252075196,21.970786138562136,21.73575420737248,21.943313815352614,27266800
2012-01-11,21.503772735595703,21.69912265783957,21.41830743570836,21.696071989097,26944000
2012-01-12,21.30231666564941,21.48240390818337,21.20769471304713,21.38778195558109,39409600
2012-01-13,21.195486068725582,21.22600905534149,20.98182050490504,21.16801375064305,32434800
2012-01-17,21.34505271911621,21.534298983295205,21.27790074380254,21.4335710203247,25054000
2012-01-18,21.69607353210449,21.70523019649296,21.229065018253383,21.332843652995884,30723600
2012-01-19,21.784591674804688,21.863950984754894,21.68386370976606,21.809008670075183,26608800
2012-01-20,21.78763961791992,21.86700124669622,21.616709028636784,21.78153595205465,30786600
2012-01-23,21.96162414550781,22.02267245054941,21.80290320990909,21.86394918619597,25974000
2012-01-24,21.89752769470215,21.91279035490972,21.68081142653364,21.76932973247655,21234400
2012-01-25,22.16613006591797,22.23938569332991,21.583131057388066,21.86394623642919,39276200
2012-01-26,21.86395072937012,22.330961563070147,21.77848542503439,22.303489241673727,33958400
2012-01-27,21.81816673278809,21.912788698408065,21.73269910234364,21.766275089258112,18448200
2012-01-30,21.71438980102539,21.72965246290936,21.40610219526013,21.567878493462366,27251600
2012-01-31,21.577028274536133,21.891419447489447,21.470194332946207,21.87005312492236,29361800
2012-02-01,21.66249656677246,21.84868983012576,21.61671091813963,21.772381191989314,25553000
2012-02-02,21.827322006225582,21.909734305103488,21.628919094939576,21.696071064490656,30942200
2012-02-03,22.21191596984864,22.23328229403547,21.986043067194288,22.111190343684804,29993000
2012-02-06,22.47747611999512,22.480529118095777,22.053200205456985,22.086776198298583,26769200
2012-02-07,22.59345817565918,22.63008715645932,22.190548701875954,22.42252758943435,35097400
2012-02-08,22.51715469360352,22.678930982558075,22.370643394415573,22.64840566053507,22055600
2012-02-09,22.520198822021484,22.605664101013307,22.34011160253932,22.550721803267965,19210800
2012-02-10,22.29433250427246,22.33401215865382,22.147818891067267,22.25770351878244,29674000
2012-02-13,22.47136688232422,22.53546585401784,22.300433962386588,22.52020319605308,19828600
2012-02-14,22.511049270629883,22.55072892590769,22.32790899655202,22.44695029114038,29095800
2012-02-15,22.474414825439453,22.64839839286732,22.40115919935256,22.584299428946984,29478800
2012-02-16,22.767454147338867,22.807136146986053,22.38286011906817,22.52021479648544,36203200
2012-02-17,22.85290908813477,22.97500103172807,22.71860515567667,22.94753104304594,26986000
2012-02-21,23.00857925415039,23.13372653589439,22.94448027889912,23.00552858539184,28764600
2012-02-22,23.06047248840332,23.21919343872916,23.00247717542132,23.057419490679287,24684600
2012-02-23,23.17646026611328,23.20393025874906,22.90785469129228,23.075732302272325,28176200
2012-02-24,23.26803207397461,23.35044438243692,23.2100367610258,23.228350089849663,24549800
2012-02-27,23.19476318359375,23.292438105937823,23.017728987863386,23.17644986338981,22366400
2012-02-28,23.118471145629883,23.27108846671307,22.98722015634812,23.16425680770594,33212600
2012-02-29,22.85595703125,23.240553128222373,22.79185806988032,23.14287818774177,34488600
2012-03-01,23.07572555541992,23.124564188610663,22.90174199999777,22.95668429796025,28015000
2012-03-02,22.813230514526367,23.08183841952127,22.72166154316848,22.99026711940848,29042600
2012-03-05,22.666717529296875,22.73386950051053,22.44694828850844,22.715553844608344,25370400
2012-03-06,22.297378540039062,22.382843817409523,22.153917969272587,22.32179552732052,27735600
2012-03-07,22.48357391357422,22.544619880784857,22.22717572802992,22.379792974810886,28964400
2012-03-08,22.666717529296875,22.74302616408426,22.486627940246183,22.599565558083217,20596200
2012-03-09,22.64534950256348,22.852909066734096,22.608720522267056,22.715552137188432,29306400
2012-03-12,22.520198822021484,22.657555730761946,22.42252388478024,22.623979752764555,24517400
2012-03-13,22.7918643951416,22.822387385871192,22.41642718453333,22.64230011043818,35585600
2012-03-14,22.57209587097168,22.868173781076187,22.51715355436718,22.80712779762897,27712800
2012-03-15,22.60871696472168,22.71249789485404,22.45609973063317,22.59956030327704,30353200
2012-03-16,22.91973304748535,22.990206850455785,22.68379331954154,22.717498994962085,47180800
2012-03-19,23.023910522460938,23.12502753992392,22.84006288745976,22.90747423243508,28405400
2012-03-20,22.67766189575196,22.84618790402861,22.6316994070404,22.81861181345125,26568200
2012-03-21,22.408021926879883,22.65315370041516,22.37431624957504,22.65008891036476,33163800
2012-03-22,21.90244483947754,22.193536820162628,21.801327791881587,22.159831137630643,40430600
2012-03-23,22.14144325256348,22.21191705825252,21.83809216207648,21.951466014478168,26443800
2012-03-26,22.30690574645996,22.3681875168858,22.1812750780124,22.337546631672883,20377200
2012-03-27,22.083223342895508,22.35286641172653,22.07709610081401,22.34673916964504,25545800
2012-03-28,21.807451248168945,22.05871025938802,21.62973083254453,21.982106873799893,30570400
2012-03-29,21.807451248168945,21.84422171484118,21.501037705816422,21.65730926698616,32660600
2012-03-30,21.98516845703125,22.040322980119843,21.767615154223314,21.969846847048515,25506600
2012-04-02,22.199657440185547,22.36512101295364,21.86260305317625,21.93001439812801,35776400
2012-04-03,22.00661849975586,22.18740368879176,21.782935605745266,22.15369801520455,27989600
2012-04-04,21.72471809387207,21.841154384835164,21.611344254796496,21.740037366558266,31660600
2012-04-05,21.60215377807617,21.905502516985624,21.574577682607,21.64811627494117,19157800
2012-04-09,21.329439163208008,21.491837907935302,21.24977101641292,21.271219863117484,28859200
2012-04-10,20.90966033935547,21.33557499380025,20.86676262867397,21.298806863358912,43906000
2012-04-11,20.9157943725586,21.20382158591952,20.872896652744192,21.14253979697048,25650000
2012-04-12,21.372344970703125,21.424434712797563,20.918851891101927,20.93417350360022,30117800
2012-04-13,21.050609588623047,21.34476864879448,21.00771187937925,21.28041974717897,26215000
2012-04-16,20.90966033935547,21.203817071635687,20.8208001278724,21.136408053243265,30250800
2012-04-17,21.24977684020996,21.35702110312458,21.084313261249,21.102699661855507,25510600
2012-04-18,21.206876754760746,21.33863464519565,21.142530204234298,21.18542790458526,21588600
2012-04-19,21.17930793762207,21.387669269924057,21.09963975057274,21.21914086227166,41945800
2012-04-20,21.13028335571289,21.485724283779184,21.124156111806773,21.381542435371657,30190600
2012-04-23,21.108827590942383,21.167046908884565,20.738067505507264,20.777900422244205,34055200
2012-04-24,21.26509475708008,21.33556854428912,21.08430959864325,21.18542660229016,19830600
2012-04-25,21.47652053833008,21.48877735854353,21.25283999824549,21.39685471356677,29285600
2012-04-26,21.70326805114746,21.71246008180476,21.338635250078745,21.372340920988428,22459600
2012-04-27,21.694076538085938,21.770679912390264,21.583767492067743,21.755358302429617,13670000
2012-04-30,21.82889747619629,21.84421908657036,21.61134416783173,21.67262827157849,15218000
2012-05-01,22.14144325256348,22.2977124761782,21.835029709828994,21.871797838797256,28510400
2012-05-02,21.779869079589844,21.9575894456686,21.718584985554504,21.951459867390486,24164400
2012-05-03,21.41830062866211,21.80131744127141,21.35395408467364,21.77373901513401,32080800
2012-05-04,20.92804718017578,21.234460741597097,20.82693014384676,21.20075506282076,44377000
2012-05-07,20.86675262451172,20.99851048350752,20.66452099079071,20.805470877989904,30416000
2012-05-08,20.799352645874023,20.836123116493148,20.355053896872352,20.70130039530641,50350400
2012-05-09,20.69823265075684,20.82079617931764,20.37343275437223,20.48067701073766,43909800
2012-05-10,20.78709602355957,21.01690620721611,20.74419830963036,20.90353467943893,24600000
2012-05-11,20.63388061523437,20.94029406544753,20.597112497368222,20.64001019337813,20606800
2012-05-14,20.29069900512696,20.413264852508167,20.247801309205894,20.379559186034605,27105800
2012-05-15,19.95364761352539,20.37956218407593,19.89236351194472,20.30295881041217,33951000
2012-05-16,19.84027862548828,20.318283045837028,19.84027862548828,20.00267744328625,33026600
2012-05-17,19.714645385742188,20.042510106876723,19.71158293362389,19.8862385521046,38364400
2012-05-18,19.592079162597656,19.965905183018428,19.509347375671503,19.85559613378356,36966800
2012-05-21,20.04250907897949,20.06089314174524,19.607401281151745,19.61965693337065,27340800
2012-05-22,19.99347877502441,20.35198197130986,19.858656101105414,20.07008214197853,42672000
2012-05-23,20.067026138305664,20.094604578112907,19.54305915947064,19.824959112221016,37762000
2012-05-24,20.051700592041016,20.171201672428523,19.800441610489138,20.171201672428523,37363000
2012-05-25,19.956707000732425,20.165068238611784,19.91380930508806,20.030247911336254,16028600
2012-05-29,20.29069900512696,20.4347137004687,20.082337765903624,20.18651721664074,28107400
2012-05-30,19.668682098388672,20.021055731427328,19.604334379017832,20.00880124940368,46467400
2012-05-31,19.497095108032227,19.70852004318122,19.163104281597604,19.65643029915356,53377000
2012-06-01,19.0098876953125,19.221312521393937,18.985374062151216,19.104875101626565,39020600
2012-06-04,18.994571685791016,19.141650012412867,18.724927502546965,19.08343070452374,38069800
2012-06-05,19.15697288513184,19.28260237813045,18.942483193240967,18.95167522454886,31604600
2012-06-06,19.74835205078125,19.76673845316103,19.35920787703169,19.35920787703169,41568000
2012-06-07,19.76061248779297,20.186527206461964,19.720779561225093,20.005744303865164,29372000
2012-06-08,19.76367378234864,19.79124987945989,19.44806820296505,19.616594251172387,31168000
2012-06-11,19.494028091430664,20.05782902297718,19.46645082748478,19.965906368324017,32296600
2012-06-12,19.7697982788086,19.81882556164112,19.4940268261242,19.601272254008208,29032600
2012-06-13,19.518539428710938,19.85253017754568,19.429679236618508,19.65642573215183,24344800
2012-06-14,19.824954986572266,19.910752740978644,19.487900562099973,19.564503946650483,29129400
2012-06-15,20.20397186279297,20.22552431334824,19.86220989753011,19.960735721360063,31002000
2012-06-18,20.02231979370117,20.080820327529125,19.88684586232767,20.003846929983577,28074000
2012-06-19,20.31173515319824,20.41334057488117,20.07465583593806,20.179340850440763,30745800
2012-06-20,20.23167991638184,20.453363593746428,20.04386470911688,20.30249644905584,35247000
2012-06-21,19.4034481048584,20.23784036503144,19.369579632643934,20.23784036503144,37929000
2012-06-22,19.53276824951172,19.622057669400785,19.295690052489444,19.53276824951172,40126000
2012-06-25,19.095552444458008,19.249499173767227,18.926211277121933,19.243341163652417,31107600
2012-06-26,19.30184555053711,19.372660923614,18.98779399959572,19.12634632714643,28524000
2012-06-27,19.702104568481445,19.77599952146993,19.406525931047906,19.406525931047906,23315600
2012-06-28,19.83757781982422,19.87144629192948,19.49889544781261,19.588183668020463,33047000
2012-06-29,20.43489456176757,20.4749198752674,20.157789913196314,20.36407801583889,43491000
2012-07-02,20.44412612915039,20.524179086150287,20.219362870703225,20.434889701235143,29112600
2012-07-03,20.933671951293945,21.152275986991228,20.588832841029053,20.607305693638885,31383200
2012-07-05,20.65965843200684,20.82284165106275,20.585764631669388,20.81052562616625,24282000
2012-07-06,20.41026496887207,20.50263163013801,20.25015899754469,20.342528007852145,22381200
2012-07-09,20.3178939819336,20.431815437024373,20.173183642749475,20.394867366687592,19127800
2012-07-10,20.000757217407227,20.50262266984141,19.902231412357555,20.44104492257556,37602200
2012-07-11,20.271711349487305,20.373316790496315,20.05310719852464,20.10545089025265,41929800
2012-07-12,20.20397186279297,20.308654522906885,19.95765612869761,20.03154990930985,38736800
2012-07-13,20.55804443359375,20.576519637771213,20.259389763038303,20.287099045743627,20419200
2012-07-16,20.62578392028809,20.72123249806857,20.373311356330984,20.49338962766175,22669600
2012-07-17,20.884424209594727,20.90597666841512,20.41334736034763,20.74279343034044,35969200
2012-07-18,21.06607437133789,21.090706417054697,20.767417276884835,20.81052218236866,31036000
2012-07-19,21.130735397338867,21.19539276678753,21.00142065844153,21.15228785382176,27978800
2012-07-20,21.17999839782715,21.18615523548483,20.96755108849469,21.06299968999962,27328800
2012-07-23,20.976783752441406,21.01988865542864,20.607312484253395,20.73970678601162,25441000
2012-07-24,20.64118194580078,21.007575987769304,20.370236492764576,20.986023535244165,25317800
2012-07-25,20.65657424926757,20.80744375894999,20.4779978005464,20.72123395286921,18999000
2012-07-26,21.2446517944336,21.315468333993085,20.961390334277656,20.973706356333263,28081000
2012-07-27,21.62027740478516,21.703407598746693,21.213858164109933,21.358568454561954,30720600
2012-07-30,21.681861877441406,21.76191485318935,21.52175827498674,21.58949522761645,19466600
2012-07-31,21.444786071777344,21.72189073457588,21.423233617395308,21.6326013238385,24031200
2012-08-01,21.549463272094727,21.65722551660918,21.29391347768637,21.524833579806245,32289200
2012-08-02,21.189228057861328,21.404752542631503,20.98601959351241,21.28159703650038,30882600
2012-08-03,21.68801689147949,21.82041117823085,21.558699848134825,21.58333188963293,28752000
2012-08-06,21.74651527404785,21.866593541266653,21.70648996798852,21.728042417257512,11872400
2012-08-07,22.072885513305664,22.168331745516863,21.89122712888972,21.909702336025493,24501800
2012-08-08,22.091358184814453,22.168331558280705,21.93741143788195,21.97743674642966,18998000
2012-08-09,22.24222755432129,22.325360121407464,22.01438700390056,22.04517588654533,23966000
2012-08-10,22.28226089477539,22.30997019150536,21.95589207824684,22.091366015260267,22631000
2012-08-13,22.199121475219727,22.309963326114023,22.09135921713945,22.279174445096952,16578000
2012-08-14,22.159099578857425,22.331519218350586,22.0882830274705,22.30688717012544,14242600
2012-08-15,22.156015396118164,22.220672747534817,22.06672600157871,22.16525182502898,13064200
2012-08-16,22.35306930541992,22.393096966805984,22.131385592959504,22.19296570699916,13767800
2012-08-17,22.343826293945312,22.40848363286052,22.26685293585,22.399247205735552,24208200
2012-08-20,22.2668514251709,22.34690436989021,22.189878072297788,22.285324278167543,11135600
2012-08-21,22.196043014526367,22.4854636787392,22.159097295037864,22.368464985290327,17460400
2012-08-22,22.279170989990234,22.300723438263883,22.05748732258087,22.12522425973825,17077600
2012-08-23,22.032861709594727,22.288413920134765,21.98975680047248,22.226836149686225,14657200
2012-08-24,22.16217613220215,22.223753895277085,21.87891231455062,21.99591335305052,14983200
2012-08-27,22.17141532897949,22.322282511671617,22.097519185217266,22.18680859714892,12135600
2012-08-28,22.18680191040039,22.254538847246906,22.08519885417129,22.12522415819847,13641600
2012-08-29,22.039018630981445,22.2175974355865,22.017466178635395,22.19912222711765,12703800
2012-08-30,21.80501365661621,21.95280354362921,21.7403563151232,21.95280354362921,15570800
2012-08-31,22.02360916137696,22.13445094629999,21.854269242050947,21.986663465762373,20299800
2012-09-04,21.854286193847656,22.017469406828056,21.67570736305944,22.00207378902024,17550000
2012-09-05,21.771154403686523,21.922021597686324,21.73420632903611,21.841970959506096,14450000
2012-09-06,22.22991180419922,22.377701731365043,21.940493484938003,21.94357072891141,27044200
2012-09-07,22.61477279663086,22.620931981048315,22.26069721096633,22.282249658346267,26845200
2012-09-10,22.516246795654297,22.73177361665961,22.50701036814732,22.58398372942624,11684200
2012-09-11,22.756406784057617,22.81798453651689,22.58398484889842,22.58398484889842,15011000
2012-09-12,22.89495658874512,22.953457094555308,22.799510373194217,22.891876996586543,16683400
2012-09-13,23.26750946044922,23.40298333909661,22.76872119282623,22.947299969399484,28348400
2012-09-14,23.575401306152344,23.81555782062959,23.40605896951295,23.430691009213337,30480600
2012-09-17,23.39681625366211,23.64928872013402,23.319842912066527,23.47994877804772,20367000
2012-09-18,23.23056411743164,23.329089945514472,23.048908076201844,23.319853516169367,19840400
2012-09-19,23.00579833984375,23.23055923682374,22.98424589288621,23.2090067898662,29613600
2012-09-20,23.070459365844727,23.1166438592854,22.716381381520787,22.808750368402134,23487600
2012-09-21,23.096439361572266,23.27890875881324,23.0407702919878,23.269630973808948,25396400
2012-09-24,22.97891616821289,23.04076963952909,22.89231800498805,22.895411386421465,14781000
2012-09-25,22.728403091430664,23.08406643332364,22.70675414155328,23.04076853356887,26986600
2012-09-26,22.51191520690918,22.66345786691749,22.43459718615165,22.63562451203297,31606200
2012-09-27,22.818090438842773,22.8830372832566,22.58922979287619,22.685103368978734,16654600
2012-09-28,22.709850311279297,22.77479716888599,22.5737698327364,22.753148216350425,16897200
2012-10-01,22.82427978515625,23.05004707564857,22.79335069040725,22.867577686334467,22242800
2012-10-02,22.864479064941406,22.97891055443517,22.725307608700376,22.97891055443517,17582200
2012-10-03,22.583045959472656,22.852113515130988,22.474801204745287,22.82118677943156,25151600
2012-10-04,22.80881690979004,22.86757936265036,22.663458648225355,22.70984993419093,22754600
2012-10-05,22.756242752075195,22.966547884325603,22.68201574570989,22.93871216704887,27778400
2012-10-08,22.79334831237793,22.8211840228362,22.607785561036952,22.629434509367428,10885600
2012-10-09,22.82427978515625,23.003655793083723,22.787166287192644,22.81499964099636,20581200
2012-10-10,22.39748764038086,22.72840873325536,22.33563415667988,22.69129758685844,30383600
2012-10-11,22.564498901367188,22.75315512772178,22.55212773050923,22.613983584799016,16543400
2012-10-12,22.44078254699707,22.598511976748085,22.279962095166177,22.558307453680072,21523600
2012-10-15,22.55521011352539,22.58923022690416,22.23975366894588,22.400574092552244,16188000
2012-10-16,22.913963317871094,22.957263572388104,22.688196059809048,22.688196059809048,26698600
2012-10-17,23.20159339904785,23.21705794886803,22.932528164825307,22.97891945472682,20691400
2012-10-18,23.19849967956543,23.254168749063098,23.080974777537715,23.09643932555992,28824800
2012-10-19,22.83356475830078,23.22633937394604,22.750059951483053,23.179948076776125,28185200
2012-10-22,22.7191219329834,22.91705583376848,22.49026130261782,22.84283121086363,21687800
2012-10-23,22.19026565551757,22.357272816071927,22.029445256219727,22.33562387079033,30857000
2012-10-24,22.020170211791992,22.344906825747405,21.979965692550085,22.301608925161165,21391000
2012-10-25,22.22739028930664,22.279965988558228,21.964507073930207,22.23976145846453,19586400
2012-10-26,22.25521278381348,22.39129321854776,22.143874675314173,22.184081545335538,22016800
2012-10-31,22.24903106689453,22.412944868754582,22.06655933833975,22.34490464317681,22251600
2012-11-01,22.34490776062012,22.388205663017867,22.12532486715761,22.16243836616656,18981600
2012-11-02,21.97687721252441,22.48099230394202,21.90265256061696,22.419136461053192,22529800
2012-11-05,22.143882751464844,22.2026452078148,21.908835285624,21.93357762088282,14834800
2012-11-06,22.499547958374023,22.595421565749405,22.24285151846539,22.255222687087883,21038400
2012-11-07,21.91193008422852,22.218108834287023,21.757294018200707,22.168626520128864,38087200
2012-11-08,21.51605796813965,21.979966076430333,21.503686802104856,21.89646365514382,30026600
2012-11-09,21.509870529174805,21.76347349819992,21.38616124584487,21.448014707730675,24455400
2012-11-12,21.55317497253418,21.618121835113453,21.46348577386022,21.593379499018766,11166800
2012-11-13,21.463483810424805,21.74492018918976,21.339774500827083,21.361423453039773,22601200
2012-11-14,21.20368766784668,21.57172210469141,21.148018613194186,21.53151759393721,38484200
2012-11-15,21.23152732849121,21.423274495009995,21.089262464456496,21.21296940044595,29302200
2012-11-16,21.315031051635746,21.34595778752715,20.9593676899878,21.26245536466448,42955400
2012-11-19,21.80677604675293,21.840796165917133,21.590284164839023,21.6057487133896,22916200
2012-11-20,21.720184326171875,21.831520130369054,21.568639272439377,21.74801768733135,15425000
2012-11-21,21.83770179748535,21.86553515214805,21.698530305054422,21.788217132006707,11737000
2012-11-23,22.146970748901367,22.146970748901364,21.88718101096166,21.93975905049364,9004800
2012-11-26,21.93048858642578,21.97069311519628,21.77894353889869,21.95522856436807,18781000
2012-11-27,21.74801445007324,21.96141295876797,21.707809925641023,21.86553700118512,15576000
2012-11-28,21.945947647094727,21.979967766416458,21.4727617177855,21.540801956428965,23175800
2012-11-29,21.995424270629883,22.177893607931,21.91810627491423,22.09129783025874,21902200
2012-11-30,21.97687721252441,22.097493156708705,21.896468156107648,22.02017512276702,16730200
2012-12-03,21.856258392333984,22.174808272727127,21.831516058434232,22.14388153513185,19533000
2012-12-04,21.775848388671875,21.96759556906376,21.76347722226616,21.8655352158856,22791600
2012-12-05,21.92738914489746,22.04800505743693,21.78512428291651,21.84388436879566,25062200
2012-12-06,21.998523712158203,21.998523712158203,21.843887661535405,21.881001163126072,16213600
2012-12-07,22.13150978088379,22.13460316242888,21.96450257083052,22.07274968887971,20768800
2012-12-10,22.10676956176757,22.20882755603477,22.06037827734136,22.122231750203824,11671600
2012-12-11,22.236661911010746,22.320164330225776,22.15315713223711,22.19645503250544,15749400
2012-12-12,22.317073822021484,22.521192162332387,22.242846825946017,22.304702656008907,18386600
2012-12-13,22.109867095947266,22.29233890588653,22.02017788218857,22.289245523464665,21534600
2012-12-14,22.026351928710938,22.06964981937855,21.930478365026666,21.96140509270952,18883400
2012-12-17,22.22739028930664,22.236668076285245,22.060383045014028,22.100587575107728,18989000
2012-12-18,22.63562393188477,22.68510623693081,22.18099360395321,22.22429150570301,22374000
2012-12-19,22.480987548828125,22.697477054249937,22.46861638286708,22.672734722327835,16181200
2012-12-20,22.632530212402344,22.65108578157262,22.43768965743853,22.484078580364216,18014800
2012-12-21,22.402816772460938,22.46809457226317,22.26915202860432,22.35618909500729,30420400
2012-12-24,22.231847763061523,22.37794670150629,22.194547521131465,22.356187436519747,7179600
2012-12-26,22.13237571716309,22.37483913905765,22.10129139279156,22.36551170732245,13040200
2012-12-27,22.09196281433105,22.16034974000646,21.818417483211,22.13548133583694,23321600
2012-12-28,21.70651626586914,21.970736589808304,21.687863773316508,21.958302385300552,23604800
2012-12-31,22.20076560974121,22.20698389839264,21.625697231761333,21.66921576599232,32769600
2013-01-02,22.6919002532959,22.69811616877348,22.38105230462061,22.67635690722948,29091600
2013-01-03,22.685686111450195,22.887735396620613,22.55512816039713,22.657708560659604,19572000
2013-01-04,22.937471389770508,22.968555711639524,22.70744456204169,22.719876393523908,18585400
2013-01-07,22.76028823852539,22.83178194195541,22.673251188307063,22.83178194195541,15946800
2013-01-08,22.685686111450195,22.704336230922703,22.542693956888183,22.69811794337732,14751400
2013-01-09,22.64838409423828,22.778939677129657,22.552021978996823,22.750964497188026,14745000
2013-01-10,22.853546142578125,22.89395790432697,22.710556333239893,22.83489601966773,16733600
2013-01-11,22.88152313232422,22.91571660453532,22.79759283813981,22.87841398805533,12732800
2013-01-14,22.88462448120117,22.949902259118343,22.80380335881646,22.86908113673363,16794200
2013-01-15,22.987213134765625,23.005865631079367,22.750970316228173,22.797595628056293,19279000
2013-01-16,23.08979225158692,23.09290139605957,22.91571810643588,22.94991158088803,17170400
2013-01-17,23.23588180541992,23.381980705923745,23.139519710015865,23.204797488023264,21004000
2013-01-18,23.465913772583008,23.465913772583008,23.20480260299736,23.254537047478564,26813000
2013-01-22,23.68972969055176,23.72081402134633,23.36023151528085,23.4255093214242,20299600
2013-01-23,23.60890007019043,23.67418022451536,23.518756254674525,23.63376847454454,14338600
2013-01-24,23.677291870117188,23.87001848616012,23.61201407393701,23.63688248341005,17641600
2013-01-25,23.901105880737305,23.9508427060688,23.75190014790753,23.79230953980261,15590600
2013-01-28,23.86069297790528,23.99124856781655,23.72080995593004,23.99124856781655,14902400
2013-01-29,24.246152877807617,24.292780569196907,23.91665463606701,23.925979700028293,23292000
2013-01-30,24.12491226196289,24.4295419586263,24.08450287775544,24.29587960203657,19886000
2013-01-31,24.04408836364746,24.16531887394428,23.957051317442737,24.0471975071781,21030600
2013-02-01,24.267894744873047,24.298979059643184,23.985024397409216,24.17153265761125,23636600
2013-02-04,24.037872314453125,24.14666862160384,24.02232896846804,24.059631575883262,21348000
2013-02-05,24.246152877807617,24.31143069711946,24.10937894882115,24.202634331599725,23370200
2013-02-06,24.26169204711914,24.27412388253448,24.044096982030755,24.115593079372687,22772800
2013-02-07,24.19951438903809,24.298985646214287,24.037874485469946,24.24303291582881,23861800
2013-02-08,24.426437377929688,24.4357624388464,24.23371075651664,24.23371075651664,18895400
2013-02-11,24.30520248413086,24.4295397694987,24.271009019180195,24.4295397694987,13922000
2013-02-12,24.370479583740234,24.413998106709105,24.230596584270327,24.361154524758568,14405400
2013-02-13,24.4575138092041,24.47927306817923,24.37980183120988,24.39534517544127,11385800
2013-02-14,24.66888999938965,24.71551765958607,24.33628283497443,24.40777652523847,14621400
2013-02-15,24.38602828979492,24.647141881976072,24.25547267949554,24.637816820037887,28675600
2013-02-19,24.66888999938965,24.69064925793714,24.469947529360805,24.476163443982383,15394000
2013-02-20,24.15288543701172,24.66267589944035,24.1311261747708,24.65956912739288,25535400
2013-02-21,23.98502922058105,24.07517304006721,23.804736838445404,24.031654516321588,24524800
2013-02-22,24.2368106842041,24.24613574157479,23.944612904822723,24.13733945294807,13129200
2013-02-25,23.602691650390625,24.46995796210972,23.587148299837818,24.395355096937354,27616000
2013-02-26,23.83582305908203,23.89488493383593,23.456588146291075,23.733242657114275,33703000
2013-02-27,24.19951438903809,24.26479217922417,23.764326749549,23.764326749549,21989200
2013-02-28,24.1497802734375,24.39224131786565,24.13734606967428,24.17464630938207,19879800
2013-03-01,24.18086814880371,24.224386682576167,23.94462298576593,24.05341932019707,26525400
2013-03-04,24.128023147583008,24.16221661806608,23.888668854201548,24.096936449629617,20843400
2013-03-05,24.28343772888184,24.376690671812987,24.187073271464136,24.28965364311145,19969800
2013-03-06,24.311412811279297,24.432643296752765,24.22126664000241,24.38601563966732,16400200
2013-03-07,24.435754776000977,24.47616415116204,24.25857155940034,24.367367855281188,16932400
2013-03-08,24.55388069152832,24.59429244577852,24.39845670522897,24.535230572078586,15633400
2013-03-11,24.56631851196289,24.60673027216298,24.367375969935622,24.47306552940258,16334200
2013-03-12,24.59429931640625,24.72485493218989,24.51658730154706,24.588081027131324,17046600
2013-03-13,24.53833770751953,24.63159066871781,24.476166695139053,24.55698782544286,15565400
2013-03-14,24.874059677124023,24.91136229653321,24.578754981110777,24.578754981110777,21982200
2013-03-15,24.854389190673828,24.96367309090877,24.748228368219984,24.86687911958787,22493200
2013-03-18,24.65454864501953,24.80442537058321,24.52028492206801,24.539018619434824,16094000
2013-03-19,24.38290023803711,24.695141259697987,24.164332475758474,24.695141259697987,24704200
2013-03-20,24.520288467407227,24.601471804751096,24.37978095242099,24.5608813271842,13646000
2013-03-21,24.395395278930664,24.592108688429665,24.376661576010928,24.40164143471087,16555000
2013-03-22,24.588985443115234,24.62957592656843,24.44847790775303,24.46408853267637,15809600
2013-03-25,24.495311737060547,24.78881911413585,24.392273991292107,24.685778986157025,19679000
2013-03-26,24.754467010498047,24.785690635205988,24.588979655557083,24.62644943453253,13862400
2013-03-27,24.835649490356445,24.87623996286633,24.55150903615792,24.617079360463013,11389400
2013-03-28,24.763839721679688,24.938696349413224,24.75134979239797,24.83565621949692,13790600
2013-04-01,24.71386909484864,24.83564286208844,24.54525871354526,24.76382640289641,14815600
2013-04-02,24.57336807250977,24.77320214084341,24.495307815122874,24.75446844137776,16816200
2013-04-03,24.114377975463867,24.59835018639801,24.03943840629672,24.582739562812527,31487000
2013-04-04,24.083152770996094,24.229906454437284,23.9301553143535,24.095642699609204,27505400
2013-04-05,24.13623237609864,24.16433292510989,23.72719501021381,23.77090856348242,33239600
2013-04-08,24.29859733581543,24.311087263125565,24.08939641334333,24.17370044492416,17807200
2013-04-09,24.50467300415039,24.60771071642176,24.23926626705521,24.35479628652264,19159600
2013-04-10,24.635818481445312,24.73261244133772,24.52965528931583,24.567125071633896,18383600
2013-04-11,24.74197769165039,24.86063080354761,24.58273648706717,24.74822384607126,22622600
2013-04-12,24.354808807373047,24.62333637710813,24.220545022505508,24.57649972988256,38874200
2013-04-15,23.36186981201172,24.09563563177609,23.343136115692246,24.08314570682658,49586400
2013-04-16,23.649133682250977,23.683480384293567,23.32440274252732,23.59605328171602,32920800
2013-04-17,23.13081169128418,23.46490943479065,22.95595512771335,23.43992958539345,41253400
2013-04-18,23.327526092529297,23.474279751662344,22.98406145029595,23.19638543712909,41071200
2013-04-19,23.280685424804688,23.552335920044783,23.140177944424,23.50549929918139,26833000
2013-04-22,23.53048515319824,23.62727911406528,23.19326425557038,23.39622140963586,26696000
2013-04-23,23.80213165283203,23.82398842678576,23.51174743761273,23.624154384291792,27895200
2013-04-24,24.120615005493164,24.23302194561009,23.86457750460673,23.889557354012616,27430200
2013-04-25,24.139354705810547,24.4297389763072,24.023827042438967,24.17994756674448,27277600
2013-04-26,24.09875869750977,24.158085245440343,23.90829151098385,24.086268772565983,22324800
2013-04-29,24.34229850769043,24.442215493134988,24.1362207674274,24.24550459803725,24429400
2013-04-30,24.43910217285156,24.44847140396568,24.15184102280675,24.370411153483293,20071000
2013-05-01,24.05817031860352,24.29547176652662,24.03006738948563,24.229901441531304,30648000
2013-05-02,24.3735294342041,24.442222828978338,24.07065531117745,24.15496170738567,27194200
2013-05-03,24.81379127502441,24.879361595522827,24.539017685648616,24.545263839339693,28098000
2013-05-06,24.982398986816406,25.082315995169267,24.826278512376977,24.826278512376977,24014400
2013-05-07,25.175987243652344,25.285273483234057,25.001133071856685,25.09480631086689,19401200
2013-05-08,25.216588973999023,25.263425610000848,25.060468442133125,25.157262409582696,14340800
2013-05-09,25.19471740722656,25.316491160032164,25.05733065751404,25.22594101883153,16271200
2013-05-10,25.063589096069336,25.10418195890181,24.845021304703167,25.05422224532653,26442200
2013-05-13,25.060466766357425,25.07295669393673,24.91995686774775,25.00114020590822,14846200
2013-05-14,25.41642189025879,25.41642189025879,25.06671105743617,25.082324062785723,19200600
2013-05-15,25.344602584838867,25.4257859156584,25.13227859961001,25.29776595620414,26097200
2013-05-16,25.219709396362305,25.41329971137549,25.16350591021075,25.27279218710172,24110800
2013-05-17,25.64122772216797,25.669328264262884,25.32898677155213,25.35708731364705,29314200
2013-05-20,26.003437042236328,26.05964053253207,25.628748695071646,25.628748695071646,20384400
2013-05-21,25.950345993041992,26.17515986207632,25.862918906686293,26.0658760041317,21676600
2013-05-22,25.650606155395508,26.21263869103716,25.525709242293868,25.987827106106785,39678800
2013-05-23,25.663084030151367,25.663084030151367,25.24467992513031,25.328986314311948,25583400
2013-05-24,25.51321220397949,25.51633528104473,25.2915213765441,25.43515195281732,17330000
2013-05-28,25.78173446655273,25.987814631580555,25.650593842740125,25.87228462553077,21416800
2013-05-29,25.72553825378418,25.82233221071174,25.538194112352453,25.58815143836958,25506000
2013-05-30,25.66621398925781,25.79423396637174,25.488236681662755,25.653726443295195,24149600
2013-05-31,25.13539695739746,25.64122816370073,25.132273880818893,25.56004484812404,30014400
2013-06-03,25.378955841064453,25.38520199700741,25.113551386540937,25.229081449380576,36730800
2013-06-04,25.179113388061523,25.413294131910465,24.99176926942432,25.254050559074464,31962000
2013-06-05,24.88561248779297,25.19473286429269,24.870001863517736,25.104182667539163,35592200
2013-06-06,25.07294654846192,25.085434088778182,24.69825601932704,24.90121309149896,36648400
2013-06-07,25.38831329345703,25.41017006674452,25.091685315668443,25.238438957259927,21164000
2013-06-10,25.316499710083008,25.50384382519277,25.23219330984733,25.49760005364664,15888000
2013-06-11,24.93244361877441,25.172870525176545,24.90121999490928,25.007380792492704,21191800
2013-06-12,24.779441833496094,25.225946484598165,24.723238367545857,25.18223294243791,18689400
2013-06-13,25.19471740722656,25.260287706259664,24.74196670122342,24.77319031282839,24786000
2013-06-14,24.951171875,25.23530985994921,24.891845340712216,25.21033001580604,20796800
2013-06-17,25.31024742126465,25.375817726548703,25.1072927353798,25.11978027544515,22195000
2013-06-18,25.45388984680176,25.53195011083198,25.26654568957127,25.275912540101267,15483400
2013-06-19,25.219709396362305,25.57254331917327,25.19473192201401,25.43203341268926,30107200
2013-06-20,24.48281478881836,24.901216531275164,24.407875243313985,24.888726607024434,50979600
2013-06-21,24.524858474731445,24.71310048582977,24.236220564805546,24.688003306343152,41108400
2013-06-24,24.160924911499023,24.43073934591224,23.85032307123424,24.25818276798736,37809600
2013-06-25,24.47152709960937,24.54996148133889,24.26445918290231,24.42760403733104,25080600
2013-06-26,24.622116088867188,24.69741240652836,24.411910178555125,24.59074042901715,22405600
2013-06-27,24.66917991638184,24.89193326455852,24.65663012855997,24.74761429504802,16327000
2013-06-28,24.565649032592773,24.760164765123225,24.48721465176537,24.575060775311684,21635400
2013-07-01,24.741334915161133,24.948400382593203,24.669174250166687,24.719373389923994,23921400
2013-07-02,24.79467010498047,25.00487362043708,24.672312691886216,24.747609009107272,17383600
2013-07-03,24.778987884521484,24.819772896303608,24.581331734928145,24.72878873744156,10511600
2013-07-05,25.08645439147949,25.095866135066885,24.7350674712423,24.92331191750039,20617000
2013-07-08,25.249595642089844,25.40018830517089,25.193122795027644,25.208808234217173,23158400
2013-07-09,25.50686264038086,25.541373960839348,25.340579735613844,25.39077889032708,18514600
2013-07-10,25.34998893737793,25.600977481201024,25.296651747471586,25.600977481201024,21623000
2013-07-11,25.55392074584961,25.688827978886533,25.41587786093855,25.67000449313216,28972400
2013-07-12,25.6982364654541,25.7139219022584,25.51626816441086,25.522541860407205,17555600
2013-07-15,25.6762638092041,25.764112278651066,25.62920512117579,25.7139131532528,20790200
2013-07-16,25.51940155029297,25.742157233232927,25.356259138974288,25.691958095210783,13447600
2013-07-17,25.632349014282227,25.707647726594583,25.55391465084363,25.59470205175286,15846000
2013-07-18,25.90530014038086,25.9774608042622,25.70764641629552,25.72019620104125,18839000
2013-07-19,26.26610565185547,26.26610565185547,25.939818342646586,25.99942923762174,21369600
2013-07-22,26.1813907623291,26.30061253215945,26.15629358403101,26.228451861281773,13604600
2013-07-23,26.225318908691406,26.34140265616499,26.19394563450669,26.24728283361084,12019400
2013-07-24,25.93353843688965,26.27237305943408,25.801766890405244,26.25354957863348,18677200
2013-07-25,26.10610008239746,26.14061140284643,25.83628560995685,25.91158194837849,19242200
2013-07-26,26.040206909179688,26.0590303891776,25.814315574698107,25.98687212010116,13660200
2013-07-29,25.82373046875,25.98059920422996,25.720198922489704,25.95863767700784,16587200
2013-07-30,25.77353477478028,25.883342415392896,25.626077774403164,25.83000761761349,15870400
2013-07-31,25.85824012756348,26.04648211936979,25.801767290658905,25.82059316537829,22495000
2013-08-01,26.27865600585937,26.30689123442788,26.05903830016348,26.068450043019645,21293400
2013-08-02,26.162574768066406,26.19708609093389,25.993156199524456,26.18139825558409,16371000
2013-08-05,26.099824905395508,26.11864839052704,25.96805332859285,26.06844923867321,10382000
2013-08-06,25.939807891845703,26.16569919902999,25.86764723786269,26.037065718250908,12988800
2013-08-07,25.84882926940918,25.94608711654336,25.742159681407426,25.867652751144345,14067200
2013-08-08,25.99001693725586,26.04648979079328,25.76412791673369,25.974331496267823,13478600
2013-08-09,25.911571502685547,26.04334303383686,25.78607845378178,25.98373216006904,19630000
2013-08-12,25.80176544189453,25.902161323239387,25.726469129292543,25.73588086916446,12627000
2013-08-13,25.84882926940918,25.90844015307303,25.682548797743568,25.82686774284253,13832600
2013-08-14,25.729612350463867,25.89903088312448,25.71078647330573,25.789220846187845,12425000
2013-08-15,25.588422775268555,25.70136843604316,25.47547711449395,25.56959929634829,21638000
2013-08-16,25.48489570617676,25.579015510870896,25.384499811660184,25.538230501532794,17900800
2013-08-19,25.080171585083008,25.45038185804304,25.06448375571644,25.42214424390856,21694800
2013-08-20,25.23390769958496,26.040212994140365,25.0519393716614,25.092726779356774,18071200
2013-08-21,25.09586334228516,25.31548104060369,25.045666584196,25.164885979081628,18975800
2013-08-22,25.46920585632324,25.56960174288151,25.155468411625307,25.20880320275354,16674400
2013-08-23,25.65117454528809,25.69195955202373,25.39704558348772,25.550778657177688,14785000
2013-08-26,25.607255935668945,25.823733185741176,25.557056786092826,25.72333728021613,14524000
2013-08-27,25.44725227355957,25.632356274765343,25.39705311779885,25.41901465003729,20401000
2013-08-28,25.87079811096192,25.971194031314592,25.51941119291376,25.528825330070067,23796400
2013-08-29,25.600980758666992,25.83942194040736,25.5570576980342,25.823734107198245,22817600
2013-08-30,25.59156608581543,25.729611342641423,25.528819547418347,25.69823807344288,17082600
2013-09-03,25.77980613708496,25.93981290956277,25.654310676193084,25.84882876025684,17268800
2013-09-04,25.917848587036133,25.99628294242757,25.691957260528547,25.748430092155445,14980000
2013-09-05,26.00569725036621,26.124916620629502,25.95550050264417,25.96804789435458,12230200
2013-09-06,26.00257110595703,26.206501022170315,25.82374077190524,26.10924313332941,16046200
2013-09-09,26.29434394836425,26.325719619040505,26.059040780058044,26.09669014869297,16869800
2013-09-10,26.303756713867188,26.341406083964586,26.07786767416591,26.32258259572973,18304400
2013-09-11,26.504541397094727,26.504541397094723,26.181389806024224,26.30061157149987,21400400
2013-09-12,26.347675323486328,26.52964124756348,26.328849446519875,26.451206875479976,21404800
2013-09-13,26.33826446533203,26.44179842383498,26.291205751128302,26.369640132971018,11958000
2013-09-16,26.331981658935547,26.56101102788399,26.294332306969263,26.542185155087573,16112600
2013-09-17,26.45120048522949,26.52649918765001,26.303743518355773,26.338254825225217,10843800
2013-09-18,26.771217346191406,26.88102497563553,26.36649574598865,26.44493010896685,22313200
2013-09-19,26.70534324645996,26.8998590110437,26.658282131483084,26.81201287302165,18277000
2013-09-20,26.48879623413086,26.78822835348944,26.438364245123744,26.7220381714648,27947800
2013-09-23,26.359569549560547,26.47934433691724,26.28392396078205,26.41945694323889,17040200
2013-09-24,26.38479232788086,26.58021275423608,26.27762791663255,26.3532735248508,11080800
2013-09-25,26.378475189208984,26.5423743187042,26.372169989192308,26.46042355159198,22387400
2013-09-26,26.42576026916504,26.485647664041853,26.29968508692117,26.44467347028559,15440400
2013-09-27,26.334362030029297,26.36903343386788,26.23034781851355,26.315448824925227,14342000
2013-09-30,26.132627487182617,26.224031252537365,25.96872593919396,26.016005324372586,20866400
2013-10-01,26.2996768951416,26.36901966661493,26.047521799734785,26.06012979497805,21688200
2013-10-02,26.359569549560547,26.39109074922068,26.050681992622568,26.189365171261496,15428400
2013-10-03,26.129470825195312,26.350104715426426,26.00339328589365,26.334346525969373,20280200
2013-10-04,26.39423370361328,26.46357647627212,26.072738235966,26.18620779036604,18626200
2013-10-07,26.176761627197266,26.343813417667565,26.08850562785872,26.12002682998753,15857400
2013-10-08,25.896238327026367,26.242949882229745,25.87102232908032,26.18621508921611,21146800
2013-10-09,25.804832458496094,25.918302045932577,25.62832287541159,25.89623864863826,26219400
2013-10-10,26.283924102783203,26.28707670371223,25.978186740375538,25.98449194223359,25655200
2013-10-11,26.567596435546875,26.64954722155617,26.14208671601327,26.16730030770632,23850800
2013-10-14,26.747257232666016,26.763017832220164,26.350113690254187,26.41000108288411,16739800
2013-10-15,26.64954376220703,26.82289830446898,26.548682194338244,26.64954376220703,22783600
2013-10-16,27.049848556518555,27.13179936558888,26.81660653579736,26.82921453755668,25208800
2013-10-17,27.10657119750977,27.11917919361101,26.94582225313054,27.021470229738043,24574000
2013-10-18,27.40286064147949,27.41861883739922,27.19483225560685,27.317757245538854,25901200
2013-10-21,27.279926300048828,27.49740760513717,27.22003892378505,27.390243252590626,15707000
2013-10-22,27.43121910095215,27.607726235747577,27.311446745873727,27.4123083092896,28575800
2013-10-23,27.002546310424805,27.22948534067036,26.923748169630013,27.2042693584812,33670600
2013-10-24,27.13179397583008,27.179073371852795,26.857575402682297,27.03093238652227,15746600
2013-10-25,27.295679092407227,27.36817444958569,27.11286680450392,27.1916649556972,17492200
2013-10-28,27.3177547454834,27.37764213679569,27.169613769961305,27.31145194863833,15322400
2013-10-29,27.5100212097168,27.52893200408584,27.365032841851527,27.38709623685864,12934000
2013-10-30,27.32405471801757,27.617184012177784,27.10972359535496,27.500561852658784,22793200
2013-10-31,27.229496002197266,27.478498513171484,27.14124243470855,27.346118161938413,18169600
2013-11-01,27.13179397583008,27.24526356439261,26.80399320939721,27.22004756588316,24695200
2013-11-04,27.46904754638672,27.49111094181636,27.204284396501315,27.26417178612308,14466400
2013-11-05,27.220048904418945,27.424924694105428,27.194832904669514,27.349276694857128,16054600
2013-11-06,27.3019962310791,27.50686958999551,27.207437446402466,27.38394461275375,18167400
2013-11-07,26.87964057922364,27.412317160523475,26.791386983329488,27.374493160255927,41767000
2013-11-08,27.279926300048828,27.30513988582324,26.85441427567029,26.89223826142571,26485800
2013-11-11,27.330352783203125,27.41860633524843,27.242099231157823,27.32720018356467,10358200
2013-11-12,27.07820701599121,27.324056946356617,26.999408838067453,27.27993015909768,17361400
2013-11-13,27.314605712890625,27.317755909082432,26.9552837544414,26.95843635536312,21806800
2013-11-14,27.47850608825684,27.497416885152088,27.28623830405507,27.30199890462112,19336200
2013-11-15,27.62979316711425,27.63609596301752,27.42491743168116,27.582513781286703,14739600
2013-11-18,27.41861724853516,27.771634001954705,27.330363661362743,27.746418004268328,20932400
2013-11-19,27.46590042114257,27.557306621781827,27.23265842228428,27.36503882125276,18912800
2013-11-20,27.39970016479492,27.67076606589294,27.31774939348569,27.57935989880367,26525600
2013-11-21,27.66131401062012,27.70544079940881,27.45959086052049,27.494262252387266,14242800
2013-11-22,27.80945205688477,27.81260225237509,27.51001755897672,27.755867472067308,15119000
2013-11-25,27.55729484558105,27.78108134955694,27.418609303223924,27.78108134955694,19505200
2013-11-26,27.48794937133789,27.66130628223702,27.377632430187973,27.52892354812816,13549200
2013-11-27,27.3019962310791,27.53839078804092,27.144399859771227,27.41231321004866,18638600
2013-11-29,27.24526596069336,27.481660556868565,27.16961795851156,27.29884815869116,9953400
2013-12-02,27.264175415039062,27.45013800059375,27.10973162647482,27.27363081366319,19238800
2013-12-03,27.330352783203125,27.41545614033891,27.14439028492608,27.201125054773627,21690200
2013-12-04,27.24210929870605,27.387097674180566,27.024625533129377,27.295691488716887,20068600
2013-12-05,27.15070343017578,27.28938901039196,27.09712123953948,27.17276682659837,20142200
2013-12-06,27.23580551147461,27.43437606973949,27.150702125982708,27.387096678325065,23346000
2013-12-09,27.273622512817383,27.37763667548576,27.150697558656336,27.295685904468616,26144200
2013-12-10,27.19166755676269,27.355569073571097,27.156998579271768,27.2105807500738,21122800
2013-12-11,26.80714225769043,27.220043958459083,26.750407470928124,27.220043958459083,29365400
2013-12-12,26.92061424255371,27.04038662323368,26.753560063152097,26.80399205800463,21967200
2013-12-13,26.83235549926757,26.87333209206461,26.709430530335737,26.857571494107347,24326800
2013-12-16,27.06560516357422,27.153858758128035,26.90170356963419,26.977349164290302,24321600
2013-12-17,26.911148071289062,27.09080778880434,26.822894512471613,27.043530814244367,19712400
2013-12-18,27.3177547454834,27.327210143115902,26.73149604496989,26.98995400075425,30528000
2013-12-19,27.396543502807617,27.409151496888185,27.16330162413959,27.22318899484004,22421200
2013-12-20,27.44500160217285,27.55266757222049,27.372170942842523,27.388002539425543,31388600
2013-12-23,27.47349739074707,27.657158856786896,27.438664502237813,27.54632803695321,19535800
2013-12-24,27.6254997253418,27.65083318036181,27.46083709957417,27.49566999624389,11188800
2013-12-26,27.82181739807129,27.85981756287301,27.657152433193968,27.701487166761027,17715200
2013-12-27,27.957988739013672,27.995988913470587,27.824991752310567,27.916823695300064,11731800
2013-12-30,27.75849151611328,28.02131818783021,27.72999078307736,27.99281987072488,14091400
2013-12-31,28.027666091918945,28.03716553547341,27.723671818517687,27.82500324298477,16150800
2014-01-02,27.62866401672364,27.942157636842403,27.5178331829373,27.8598275408474,22267200
2014-01-03,27.527341842651367,27.76800488799494,27.470342763910303,27.657171601158804,19428600
2014-01-06,27.565332412719727,27.657161948038123,27.410166831678968,27.60966474560825,18513200
2014-01-07,27.77432632446289,27.793325204732504,27.50199776625441,27.64449661606909,13302000
2014-01-08,27.5811710357666,27.78700115715405,27.476672331933216,27.77750171424767,21883000
2014-01-09,27.49567031860352,27.6571656604042,27.26767405261283,27.60966845159886,24445400
2014-01-10,27.51782989501953,27.552662783752005,27.33733329701068,27.514662609880936,20940200
2014-01-13,26.97000503540039,27.48299650155039,26.94467158661827,27.44183145922743,33435200
2014-01-14,27.321508407592773,27.334175136444813,27.07768052100262,27.07768052100262,26444200
2014-01-15,27.24233627319336,27.38483512478472,27.201171226785664,27.359501673488804,23335800
2014-01-16,27.280336380004883,27.28666853484714,27.065006876404947,27.191671716628008,22594200
2014-01-17,27.236003875732425,27.495665709375423,27.201170984493533,27.346834704251226,25265800
2014-01-21,27.460838317871094,27.52416954229957,27.22967475843758,27.429172705656853,25451600
2014-01-22,27.58749389648437,27.61915949803972,27.413329464034195,27.52732756237785,21115200
2014-01-23,27.274003982543945,27.495668074580184,27.1441742625198,27.43866901273442,29801600
2014-01-24,26.704002380371094,27.109327765252427,26.688168376052666,27.109327765252427,34852200
2014-01-27,26.609020233154297,26.805350899203017,26.42219142534184,26.751519115521265,32109000
2014-01-28,26.811668395996094,26.85283584471712,26.5995062474173,26.672339291818275,18225600
2014-01-29,26.66285514831543,26.846519107551376,26.438026128946607,26.57735774159894,40249800
2014-01-30,26.748348236083984,26.88767981365447,26.596349931831536,26.843345062302063,24531400
2014-01-31,26.40318489074707,26.637515695493867,26.29235405927544,26.438017782914,31966400
2014-02-03,25.931360244750977,26.48868409096281,25.89652735336705,26.377853261982555,50345600
2014-02-04,26.19736289978028,26.263861413032064,25.98203334528004,26.07703018595484,40679600
2014-02-05,25.94086265563965,26.203691805841963,25.906029760266755,26.197359650288327,54541800
2014-02-06,26.32718849182129,26.39051970895883,26.0010281332939,26.010527574271425,26056600
2014-02-07,26.61218643188477,26.65335148550095,26.327191094726874,26.488688855104897,24804600
2014-02-10,26.48235511779785,26.64068559721632,26.3715242653912,26.605852698469743,15922000
2014-02-11,26.827510833740234,26.919342781226124,26.482349209332508,26.510849945553367,21739400
2014-02-12,26.7641830444336,26.963680993702194,26.73568471792744,26.90984921079187,13624800
2014-02-13,26.890846252441406,26.960512045291605,26.564685873125672,26.63751895181394,19598000
2014-02-14,27.24233627319336,27.29616804524901,26.871843607731424,26.913008654139123,25236600
2014-02-18,27.3658390045166,27.400671902654302,27.23600926994717,27.28350889612871,17708000
2014-02-19,27.40066337585449,27.679326474239083,27.28033312078061,27.28033312078061,47644000
2014-02-20,27.5811710357666,27.63500282285717,27.353174742287056,27.39117492984417,18873800
2014-02-21,27.362659454345703,27.647652226673173,27.34682544880304,27.64132007401414,23165600
2014-02-24,27.77432632446289,28.018156562266945,27.429167114600315,27.444998709514707,37227800
2014-02-25,27.761661529541016,27.815493304669,27.536832572302643,27.72049648078391,19166600
2014-02-26,27.58749389648437,27.8059882383676,27.501994114761363,27.774322636812258,20096600
2014-02-27,27.615997314453125,27.660329648005973,27.41650181346532,27.59699843319647,18666800
2014-02-28,27.75532531738281,27.862988851901825,27.59066031456109,27.63499264241371,20949000
2014-03-03,27.57799530029297,27.89465618512406,27.4893306390892,27.5874971562198,24927200
2014-03-04,27.878826141357425,27.961158652454348,27.710996249609394,27.818659796794563,21049000
2014-03-05,27.61916160583496,27.818657085195863,27.546328542361834,27.793323635646026,21730800
2014-03-06,27.81866455078125,27.84716529315613,27.62233630390892,27.6381679021782,15576600
2014-03-07,27.87249565124512,27.951660888447616,27.76483208829676,27.93266200461704,19705600
2014-03-10,27.91682815551757,27.93582703781609,27.682497332824124,27.843995080154777,17729000
2014-03-11,27.60016632080078,27.970659008973545,27.508334366172043,27.951657711371404,24536000
2014-03-12,27.60332489013672,27.67299066160462,27.37849598326426,27.406996715196804,18737400
2014-03-13,27.327836990356445,27.65399733503233,27.223338312179425,27.64449789445824,22545600
2014-03-14,27.353166580200195,27.460832538185763,27.25816976355147,27.296167523838623,21306800
2014-03-17,27.498828887939453,27.584328676061578,27.391165351407253,27.460831129601367,20838400
2014-03-18,27.729995727539062,27.81549311003048,27.514666212602865,27.600166011025287,13990400
2014-03-19,27.5210018157959,27.74899564963352,27.350004628469367,27.73949620854833,18645200
2014-03-20,27.62866401672364,27.67299635023817,27.2930042298476,27.3848361823937,17426800
2014-03-21,27.704078674316406,27.91092101197275,27.69771537787408,27.72317341926831,28260400
2014-03-24,27.64680862426757,27.917296156683232,27.59589495211118,27.790008334572327,20088000
2014-03-25,27.895008087158203,27.91728326365428,27.780449342946337,27.78999550032864,14337600
2014-03-26,27.76454162597656,28.06366755048021,27.745449308348675,27.99047628655245,17128800
2014-03-27,27.99048614501953,28.07640646023186,27.70727200399724,27.77409756704385,22772600
2014-03-28,28.340517044067383,28.400979289482844,28.066849150246235,28.0827610341385,19911200
2014-03-31,28.340517044067383,28.509172330949863,28.25459918336196,28.48053385331893,16903200
2014-04-01,28.509172439575195,28.5123553019283,28.337336717509626,28.350063311296783,20494600
2014-04-02,28.611003875732425,28.661917533008086,28.42643670900645,28.448711889279405,20017200
2014-04-03,28.795568466186523,28.9133100914866,28.626913183873285,28.67464640644426,21584000
2014-04-04,28.6905574798584,29.05332607665536,28.639641396470235,29.011956151949352,27995600
2014-04-07,28.21005249023437,28.68101420981214,28.21005249023437,28.623734819289123,22489600
2014-04-08,28.493257522583008,28.553719756641005,28.225952975842752,28.28005191422672,23288800
2014-04-09,28.623722076416016,28.6428168166316,28.334144817774654,28.58235459027064,14449000
2014-04-10,28.22595596313477,28.70010287273859,28.16549615049017,28.51553571710002,24596600
2014-04-11,28.14639663696289,28.31187144771009,28.073207816211323,28.08593683456204,26911800
2014-04-14,28.53144264221192,28.58871958282441,28.229133920266865,28.36278497065335,19922800
2014-04-15,28.913311004638672,28.922857163891848,28.42325459787041,28.512355321316893,44885800
2014-04-16,29.26016426086425,29.266529984818067,29.040595340704627,29.08196283515503,26073400
2014-04-17,29.52747917175293,29.616579915822665,29.247447914989028,29.29836158539465,37082000
2014-04-21,29.72794532775879,29.75022050589496,29.502010684431227,29.55610719878874,17012800
2014-04-22,29.680212020874023,29.762949437052267,29.50201059631688,29.64521025060372,12690400
2014-04-23,29.83614730834961,29.91888231505372,29.677038164639274,29.677038164639274,17123400
2014-04-24,29.845701217651367,29.992081376533434,29.791604677419333,29.92207294667386,17753000
2014-04-25,29.6674861907959,29.855233778232712,29.575202614190346,29.76295020162716,17744200
2014-04-28,29.718402862548828,29.794774564532634,29.470193010241985,29.76931894907979,22334000
2014-04-29,29.8552303314209,30.12253487207514,29.845684174221127,29.86159362695005,16545200
2014-04-30,29.82979393005371,29.874344314507688,29.63886336413467,29.78842640957897,21643200
2014-05-01,29.76296043395996,29.867973067008226,29.67704255189252,29.788418483392245,21430600
2014-05-02,29.82341194152832,30.046163724214253,29.667485693648167,29.7088531882006,17422000
2014-05-05,29.96342086791992,30.0143345072464,29.65792932071423,29.71202824900148,16074600
2014-05-06,30.00797843933105,30.167087545737235,29.966608517865577,29.99206655756552,14953400
2014-05-07,30.268932342529297,30.310299856772403,29.972989160201028,30.14164450848672,19261800
2014-05-08,29.83614730834961,30.259375785481325,29.810689262680867,30.208462121956707,21932600
2014-05-09,29.80751037597656,29.9284348951265,29.69295158299935,29.87433593391108,17421600
2014-05-12,30.017528533935547,30.033437989975248,29.85205368199692,29.944337267152573,10427800
2014-05-13,30.128910064697266,30.17346043442936,30.030263164263783,30.07481353399588,9977600
2014-05-14,30.14162826538086,30.23709226860781,30.100258345618208,30.16072058046381,9969200
2014-05-15,29.797964096069336,30.09072437570804,29.578392672433715,30.08117821430009,22897600
2014-05-16,29.72159194946289,29.829785014280954,29.57202894872121,29.74386713503209,29622000
2014-05-19,29.81386375427246,29.89341830379048,29.638842774207948,29.638842774207948,10064400
2014-05-20,29.72794532775879,29.86796212050749,29.67066595143544,29.75022050589496,9351200
2014-05-21,30.049346923828125,30.090714418845355,29.823412276618875,29.864779771636105,11714800
2014-05-22,30.02070426940918,30.179813371776994,29.98251963864073,30.049345170297748,13738400
2014-05-23,29.960248947143555,30.12890423245496,29.9538832225209,30.01434546737314,10561200
2014-05-27,30.042993545532227,30.112999538407696,29.931615188356748,30.046173980790314,10114600
2014-05-28,30.093896865844727,30.1957265987856,29.976155250833088,30.039800351303843,15071000
2014-05-29,30.351655960083008,30.3675678437862,30.068441910416787,30.15117933561074,14556600
2014-05-30,30.329383850097656,30.364388055538395,30.18300373089675,30.26892402709233,11916000
2014-06-02,30.29119873046875,30.46621732708985,30.20527843563291,30.35802427766729,10151400
2014-06-03,30.39621925354004,30.43440633398734,30.21801773374656,30.221200597403907,11997200
2014-06-04,30.38028717041016,30.412108499849325,30.25299942484168,30.34528297968353,7373200
2014-06-05,30.555334091186523,30.6062502078548,30.288031762120315,30.348494043710367,12349600
2014-06-06,30.80670738220215,30.851257742075628,30.625323080485103,30.625323080485103,10840000
2014-06-09,30.85445022583008,31.016742260442008,30.778078503347583,30.84808692721208,11304000
2014-06-10,30.803524017333984,30.883078570655805,30.72714989812018,30.85762053091787,7532200
2014-06-11,30.9212703704834,30.962640301600807,30.64442201454556,30.71124756348961,11303400
2014-06-12,31.023094177246094,31.2299365097372,30.96581479944568,31.05809837633593,23739200
2014-06-13,31.319047927856445,31.3222307909921,30.9212750093626,31.10584222621892,19473200
2014-06-16,31.50678825378418,31.576796654215585,31.373134749409463,31.43041412905221,26773800
2014-06-17,31.48451232910156,31.49087562543903,31.28403329119117,31.44314240556454,20091000
2014-06-18,31.723175048828125,31.751813523206096,31.39222780952389,31.497240404534462,29727200
2014-06-19,31.949108123779297,31.955471419613275,31.653165097348666,31.74226580589772,17354000
2014-06-20,32.266883850097656,32.286064809659536,32.007931139674774,32.113428856349486,18192400
2014-06-23,32.38197708129883,32.45550572490283,32.28287219683928,32.36599132099296,15918400
2014-06-24,31.701038360595703,32.378791931110314,31.63070489065501,32.353215680389056,35497000
2014-06-25,31.940807342529297,31.97277643350492,31.534792325974472,31.569959057773247,27720600
2014-06-26,31.975976943969727,32.001553196630574,31.68505499698113,31.959993615370973,16160000
2014-06-27,31.975976943969727,31.99196271165418,31.790555209892844,31.899250625072888,16444200
2014-06-30,32.00153732299805,32.03990168295955,31.828901361798017,31.95358248281729,12589000
2014-07-01,32.02072525024414,32.180573114059456,31.940801318336487,32.08146577991627,13771600
2014-07-02,31.972776412963867,32.087867091670404,31.905640590232604,31.99515502054096,11852800
2014-07-03,32.094261169433594,32.12623026161907,31.91523230192664,32.12623026161907,7337600
2014-07-07,31.84809875488281,32.065492012014914,31.790553409198267,32.06229437084201,13864800
2014-07-08,31.79694366455078,31.87686761376967,31.67226249889616,31.80014130546344,20784600
2014-07-09,32.0079460144043,32.02712698287996,31.796945604830025,31.84809810621246,12816000
2014-07-10,31.701038360595703,31.819324251781847,31.537992811104605,31.71702168798235,29817400
2014-07-11,31.45806121826172,31.66905913776371,31.374939643144,31.662666296178465,21610400
2014-07-14,31.72980499267578,31.76816936292901,31.566759467955976,31.611516680375505,13740600
2014-07-15,31.592330932617188,31.723407348494,31.38772586707492,31.64348341854514,19908400
2014-07-16,32.071868896484375,32.08465701572715,31.7138088749398,31.72340179368513,16334800
2014-07-17,31.5539665222168,32.14540555424474,31.531587919427103,32.04629822267486,22035600
2014-07-18,31.646671295166016,31.726595206616945,31.490021111665776,31.633883176643764,16635600
2014-07-21,31.69463539123535,31.717013995417418,31.51880175902988,31.56675660773,18793400
2014-07-22,31.92160987854004,32.020717187728934,31.80332405011426,31.835293127010843,11955800
2014-07-23,32.12622833251953,32.12942597327169,31.86407788980351,32.00154717312321,13402400
2014-07-24,32.15500259399414,32.27968375483629,32.04630475892762,32.17738120134824,11494400
2014-07-25,31.91840934753418,32.06866667832847,31.87684979524206,32.03989524345331,9605800
2014-07-28,31.841697692871094,31.947197880657416,31.64668308117581,31.89285018601057,14957200
2014-07-29,31.76178359985352,31.944010144765898,31.74580027010541,31.78416221276957,13657600
2014-07-30,31.573150634765625,32.01113221909354,31.470848099840328,31.912027324377263,21560600
2014-07-31,30.89219093322754,31.387720184836763,30.869812334456533,31.371734426107043,34569600
2014-08-01,30.64283561706543,30.90498602139044,30.377487572456552,30.805881124354425,35666600
2014-08-04,31.157543182373047,31.234269468791283,30.543728012857805,30.63644006019365,25793000
2014-08-05,30.476598739624023,31.090414040702697,30.29756744749552,31.02647586149728,32879800
2014-08-06,30.56610870361328,30.92097115629074,30.35830599290628,30.41265368120485,23094000
2014-08-07,30.374298095703125,30.77711304033082,30.20805491679949,30.72276534068689,26513400
2014-08-08,30.88261032104492,30.914579409634587,30.39347619227619,30.467007291209026,23170000
2014-08-11,30.885814666748047,31.1959200154685,30.86343605596851,31.08402696157082,22407200
2014-08-12,30.658823013305664,30.84104949383953,30.53094422506953,30.84104949383953,19996200
2014-08-13,30.75791931152344,30.92416242145173,30.6460263177742,30.82505510777298,12978000
2014-08-14,30.58210182189941,30.85064512685403,30.537342165321554,30.802690268373443,15234800
2014-08-15,30.8090763092041,30.85383351327167,30.5629092477478,30.64283317488055,22150600
2014-08-18,30.89219093322754,30.98490296787436,30.761116980164324,30.92096481112416,17195000
2014-08-19,31.12876892089844,31.18631424027253,30.93375436296872,30.956132962776167,11995400
2014-08-20,31.19591522216797,31.237474796062656,30.96253622639559,31.090415027952293,11895800
2014-08-21,31.22148704528809,31.25345613137498,31.080820139603844,31.23747036878907,11134400
2014-08-22,31.01367950439453,31.176722549809583,30.88580074084749,31.176722549809583,14766800
2014-08-25,31.288612365722656,31.31099096238772,31.090400195914924,31.099990674616503,8758000
2014-08-26,31.448474884033203,31.60832277468057,31.31739844294145,31.378141421894725,11193000
2014-08-27,31.384531021118164,31.51240980823841,31.30141188271225,31.477243080803216,7720200
2014-08-28,31.390928268432617,31.42289735744411,31.23747322645825,31.28862572014476,6209000
2014-08-29,31.56676483154297,31.582750598302617,31.349371574673786,31.4612670638202,10734800
2014-09-02,31.167142868041992,31.55077929160383,31.03287121738377,31.522005401271134,17284600
2014-09-03,31.25024604797364,31.47083680058384,31.231065091775857,31.374927141427065,14381800
2014-09-04,30.828266143798828,31.33658129589913,30.684404009189223,31.323795610272608,24573000
2014-09-05,31.03606605529785,31.04565653818079,30.633248700618367,30.84424908038363,17549800
2014-09-08,30.55332946777344,30.908192023657048,30.412662526245366,30.882615772636388,21956200
2014-09-09,30.4190616607666,30.725969394624187,30.240030320035284,30.537347568316985,19996600
2014-09-10,30.345516204833984,30.390273409102807,29.990653771642123,30.390273409102807,20865400
2014-09-11,30.36471366882324,30.409470893820483,29.97468433177373,30.10256316280263,25011400
2014-09-12,29.91073608398437,30.30396296247606,29.818024016062186,30.27518907425217,30880400
2014-09-15,30.121728897094727,30.201652821173585,29.728502117429507,29.8787594849513,26782600
2014-09-16,30.486188888549805,30.67800586314944,30.035416681109744,30.08017389388016,26910800
2014-09-17,30.31995010375977,30.617267311037487,30.23043566528226,30.55972196643259,22138600
2014-09-18,30.16328811645508,30.43502896741539,30.083364193285306,30.419045646232178,24569200
2014-09-19,30.138547897338867,30.36348543168849,30.12569397371385,30.22530881726365,18949200
2014-09-22,29.69510078430176,30.106416564506503,29.579417914664745,30.09034854586536,21259200
2014-09-23,29.60834312438965,29.90397609205172,29.60191738667348,29.650116548634536,18280200
2014-09-24,29.63403511047364,29.80434526256964,29.16487805606221,29.58904761564203,49479800
2014-09-25,29.18095970153809,29.6308373494524,29.164894131177256,29.617983422182164,26872800
2014-09-26,29.556930541992188,29.68225326922156,29.08134503616165,29.184174003417446,22969600
2014-09-29,29.489444732666016,29.544074533012143,29.11026248294497,29.180957852634016,30908600
2014-09-30,29.119903564453125,29.5312193875168,28.939951053136003,29.46052402074604,43464200
2014-10-01,28.52541732788086,29.261287940327808,28.43544231005073,29.11668558333444,37954600
2014-10-02,28.37760734558105,28.563985611648462,27.885956277769647,28.358327680689914,58485400
2014-10-03,28.33261489868164,28.535061151371966,28.09160932291545,28.51899313233336,40196000
2014-10-06,28.364770889282227,28.65397829896173,28.15590118661572,28.47724220811796,40244400
2014-10-07,27.995206832885746,28.57683280192117,27.985564551077378,28.21371863947046,35798600
2014-10-08,28.268341064453125,28.294048908202736,27.46498933453976,27.91486679361823,71977200
2014-10-09,27.23042297363281,28.10125638393077,27.15330185600288,28.05305721768464,73334800
2014-10-10,26.84802627563477,27.445720392156584,26.55560495500236,27.15008497689199,120948600
2014-10-13,26.01895904541016,27.117943742849103,25.983611369325697,26.79017728018028,95098600
2014-10-14,25.69119453430176,26.4431332388583,25.553017900008303,26.23747533455673,111991200
2014-10-15,25.8872184753418,25.9546997606461,24.90713033929036,25.35700802628854,138939200
2014-10-16,26.34994506835937,26.61344442097754,25.22525229105135,25.33129534130439,119592600
2014-10-17,26.57487678527832,27.603168568846883,26.34993926005388,26.83516443776393,76000000
2014-10-20,26.806245803833008,26.88658099441148,26.42063786971051,26.55238630740877,53005200
2014-10-21,27.622446060180664,27.68350157722283,27.1018732476934,27.11151552799081,62716400
2014-10-22,27.098669052124023,27.863459239660667,27.082601032181422,27.693149015465856,72285000
2014-10-23,27.603168487548828,27.895587269479368,27.33645510011456,27.48105744424221,53116000
2014-10-24,27.50677490234375,27.66423122455867,27.14366064248273,27.61603206076349,50494800
2014-10-27,26.92835235595703,27.085808616681778,26.65199915048541,27.06974060060097,47002800
2014-10-28,27.54212188720703,27.61603135586644,26.88980040304539,27.069750480983515,47250000
2014-10-29,27.632089614868164,28.07554140621769,27.368590305478204,27.844175680580594,53445000
2014-10-30,27.53247833251953,27.65458694723572,27.21435164441973,27.4200095490131,37592000
2014-10-31,28.091611862182617,28.123745451528976,27.33324738575712,27.59032100379942,40528600
2014-11-03,27.648162841796875,28.40974142357,27.56461354698953,28.11089438025505,53211200
2014-11-04,27.079389572143555,27.33003746879873,26.84159805400164,27.31396944729304,46878200
2014-11-05,27.55497169494629,27.67386866531504,27.14044179740913,27.35252788753141,54890200
2014-11-06,27.90201759338379,27.90844332959111,27.2914696850044,27.38144470171888,46052600
2014-11-07,28.21050453186035,28.43223043227372,27.91165753846486,27.966284877175724,36084000
2014-11-10,27.95663452148437,28.58646185558835,27.873085272088964,28.45471347349792,45906800
2014-11-11,28.040197372436523,28.10767864257735,27.709216758663864,27.982355933510725,34761800
2014-11-12,27.79276657104492,28.15266916861133,27.76063297967768,27.863461943034384,35249200
2014-11-13,27.4232234954834,27.68029712363965,26.976559966579657,27.64494943847728,63176600
2014-11-14,27.70279121398925,27.73492480498465,27.371810568628547,27.55818882869204,35924600
2014-11-17,27.55818748474121,27.72206952631634,27.429650675392224,27.53247963254427,24430200
2014-11-18,27.580671310424805,27.808822900332583,27.448920454087087,27.54853773256812,39360600
2014-11-19,27.72528076171875,27.82168397169832,27.38787443006119,27.63209164584129,29492400
2014-11-20,28.07233238220215,28.114105803461605,27.70600406766312,27.779911078478754,33834600
2014-11-21,28.43866539001465,28.67003119561892,28.23300744095221,28.55756238779355,57370400
2014-11-24,28.22014617919922,28.499713530260102,28.09803756981168,28.345468882728287,33356200
2014-11-25,27.76062774658203,28.39688352291212,27.72206597322901,28.37438976803171,45108000
2014-11-26,27.41035842895508,27.702777145640304,27.36215684112236,27.63208181037025,41746400
2014-11-28,25.6494197845459,26.34994275086605,25.57229868734276,26.26639346544196,85076600
2014-12-01,25.7393856048584,25.81972076745261,25.279868376754127,25.511234037287,103189000
2014-12-02,26.01895904541016,26.269604420092527,25.546587784677136,25.556227614221044,66469800
2014-12-03,26.337093353271484,26.545965376918016,26.096087737903,26.186062775378826,63098400
2014-12-04,26.108936309814453,26.27603242347769,25.874356480249777,26.083228461055374,47159000
2014-12-05,25.7972412109375,26.12822187063508,25.694412244316545,26.05110075857835,46886600
2014-12-08,24.75287628173828,25.54658828486296,24.69824894549644,25.450185084265986,82385400
2014-12-09,25.02280616760254,25.125635113985616,24.614702024531702,24.69825130960404,67337800
2014-12-10,24.25159072875977,24.659692468740875,24.090920327696445,24.63077297333464,89067600
2014-12-11,24.23551750183105,24.852491120986056,24.18089016559692,24.21945193615732,71103400
2014-12-12,23.78564071655273,24.222664323134385,23.743867302554232,23.94631108804201,100108600
2014-12-15,23.57355117797852,24.20659267485076,23.522135495235634,23.98165274030269,94962200
2014-12-16,23.782426834106445,24.515083266823066,23.30041576504182,23.358257191394976,114568800
2014-12-17,24.768943786621094,25.009949331492283,23.87240286550404,23.91739037108251,124940400
2014-12-18,25.24453353881836,25.498393075828307,24.60506600603696,25.40520394566244,104527000
2014-12-19,26.051254272460938,26.08358746950765,25.24937766463238,25.53068165935492,93485600
2014-12-22,25.786115646362305,25.92191654110443,25.517745449468656,25.85725015318853,66476200
2014-12-23,26.099756240844727,26.18705612269944,25.789353097667565,25.97365504101853,53058400
2014-12-24,25.90898704528809,26.00922317002124,25.6082836048186,25.94778836455881,28095600
2014-12-26,25.902523040771484,26.12885791709365,25.7893556026104,26.009224825408424,28929200
2014-12-29,25.99628448486328,26.19028611082986,25.84108170397131,25.96071723230188,36448200
2014-12-30,25.789350509643555,26.01891940082434,25.708516288796886,25.96395272269612,38296200
2014-12-31,25.595355987548828,25.866957860993903,25.44338721541704,25.637388906001423,43083800
2015-01-02,25.714984893798828,25.79905318385471,25.34314694183447,25.4563168375064,55498200
2015-01-05,24.651206970214844,25.365781292903936,24.52510576426177,25.35608157965601,90790400
2015-01-06,24.28906440734864,24.809636919208383,24.1176938092878,24.609167189524445,83753200
2015-01-07,24.340803146362305,24.690007614928827,24.179134685010943,24.583305838389343,62384800
2015-01-08,24.88724899291992,24.9454497509122,24.437810765538387,24.53804444496627,56373800
2015-01-09,24.69000625610352,24.9454427070044,24.46690300232044,24.903407330572914,49904200
2015-01-12,23.978668212890625,24.376371260321854,23.84933294589952,24.376371260321854,57881200
2015-01-13,23.78789520263672,24.26320083170952,23.564791956288737,24.075664841065265,68102800
2015-01-14,23.86227035522461,23.89783762073824,23.18326071677557,23.561566862069167,104305000
2015-01-15,23.558324813842773,24.204998561207407,23.538925390818505,24.143563765811106,82692000
2015-01-16,24.32464027404785,24.356973476259853,23.67796636234701,23.69736579030117,85483800
2015-01-20,24.35373306274414,24.366666833627907,23.90429500870759,24.19853027900349,56171600
2015-01-21,24.848432540893555,24.85490065832549,24.353727632502306,24.5315638589206,56661600
2015-01-22,24.964841842651367,25.04244200820797,24.508938094783417,25.00687475173104,66037600
2015-01-23,24.787004470825195,25.1426745177002,24.748203160181504,24.851670855033586,42294800
2015-01-26,25.14268112182617,25.207347523020225,24.651207592037103,24.871076809707983,36724200
2015-01-27,25.12651252746582,25.2461480796048,24.88400983003155,24.945444636111706,43204600
2015-01-28,24.137107849121094,25.05861781742088,24.08860680513361,25.05861781742088,77666800
2015-01-29,24.217937469482425,24.3634381067584,23.67149724764734,24.331104905904304,60247400
2015-01-30,24.428102493286133,24.706172409968524,23.875194252608264,24.036862694081066,87696200
2015-02-02,25.17501640319824,25.18471611749255,24.560675673617723,24.72881227760327,70931400
2015-02-03,25.86371612548828,25.996285429281333,25.456313436217304,25.46601314783834,94055800
2015-02-04,25.436914443969727,25.67295147671826,25.223513363401835,25.527448385232763,82264400
2015-02-05,25.802291870117188,25.9477925236908,25.58242262607049,25.73762299430029,63572400
2015-02-06,25.80875015258789,26.05125281718883,25.679414904761124,26.00598585047916,52269200
2015-02-09,25.83461570739746,26.132085027701702,25.776414973697545,25.918683982045,40407600
2015-02-10,25.821683883666992,25.9025181050742,25.352846386251063,25.87988462175477,43942600
2015-02-11,25.640613555908203,25.75701502091056,25.362543663609745,25.491876431955085,52393200
2015-02-12,25.976890563964844,26.09652612899405,25.80229077384098,25.9898243385787,52844600
2015-02-13,26.52655792236328,26.55565705745854,26.164419728812977,26.232320177566542,62375800
2015-02-17,26.607398986816406,26.65266596429658,26.24526070010975,26.400463527802675,44251800
2015-02-18,26.290531158447266,26.497466644859184,26.21939662245587,26.39076730773768,38762800
2015-02-19,26.16765594482422,26.316390625808086,25.627683902952715,25.744085386655712,47744000
2015-02-20,26.041553497314453,26.229089486143067,25.82491837239073,26.09652017673724,51283600
2015-02-23,25.934858322143555,26.145027848078755,25.721457202619668,25.78612361050804,39359000
2015-02-24,26.005998611450195,26.11593202258451,25.837864433578343,26.09329852812357,30861400
2015-02-25,26.14825439453125,26.19028730089352,25.896049555763767,26.02538480123987,32051400
2015-02-26,25.663249969482425,26.00598628511653,25.52744660021907,25.993052513431223,38698200
2015-02-27,25.55008125305176,25.782884220310244,25.524216175362348,25.763484795326978,26724400
2015-03-02,25.372238159179688,25.52097278569535,25.12650150947976,25.49833930920088,35957000
2015-03-03,25.466014862060547,25.6179835993253,25.275244808835183,25.388412230139327,24699400
2015-03-04,25.43045234680176,25.49188469161124,25.14914830408968,25.47248526344669,33205600
2015-03-05,25.27848052978516,25.398116078377267,25.239679211274627,25.36578041285269,22489000
2015-03-06,24.8258056640625,25.22997677077585,24.76437086644537,25.100641523254644,38352600
2015-03-09,24.6479721069336,25.068308582055067,24.6479721069336,24.783773008117542,34882200
2015-03-10,24.305234909057617,24.59300456132907,24.29230113664639,24.45073799853528,38061200
2015-03-11,24.376365661621094,24.476599298756906,24.201763461315043,24.347266528335656,26102000
2015-03-12,24.221172332763672,24.53157551161265,24.211470152007145,24.41517401118614,38490000
2015-03-13,24.13063621520996,24.159737824112728,23.868734069411087,24.06273575025711,42023800
2015-03-16,24.457204818725582,24.476604244836,23.92369839890464,23.998066977102816,33897000
2015-03-17,24.36342430114746,24.453958198983653,24.185590563787432,24.30845764415601,27872600
2015-03-18,25.0715446472168,25.20411149939662,24.16620029983968,24.20500161765237,55507400
2015-03-19,24.673843383789062,24.874313193199523,24.60270885571228,24.767611401084345,46481800
2015-03-20,25.03681373596192,25.183302999236275,24.848003475668204,24.94566215664225,45221200
2015-03-23,24.94891929626465,25.26143155975289,24.94891929626465,25.09215501505677,24320200
2015-03-24,24.78289222717285,25.053085930962336,24.766617024112527,25.014020973090247,29561800
2015-03-25,25.10517692565918,25.29398471261404,24.91311062044641,24.9391539302425,31797000
2015-03-26,25.07587242126465,25.47302412123794,24.98472333936117,25.394896691553,30637200
2015-03-27,24.870790481567383,25.03030139731128,24.81870386537461,24.98147081553719,23934600
2015-03-30,25.404661178588867,25.45349175132745,25.10191460796096,25.11168022578345,36375600
2015-03-31,25.254919052124023,25.391642685900845,25.06610880531237,25.212598058126623,18807400
2015-04-01,25.248403549194336,25.466513107075706,25.196319426870808,25.33629907582777,26586600
2015-04-02,25.300493240356445,25.446982491107377,25.072618036978312,25.13121423400396,27715400
2015-04-06,25.75624084472656,25.896220509020644,25.32978978357408,25.446982176175,31086600
2015-04-07,25.772520065307617,25.94830868160914,25.66183972372521,25.73345758410288,28284200
2015-04-08,25.56418228149414,25.95482453589616,25.55441665976883,25.892972286799743,24091400
2015-04-09,25.974353790283203,26.03294999977497,25.60975487748698,25.632542154310062,27750200
2015-04-10,26.08828353881836,26.13060204683265,25.932028675668487,26.042708996764127,17701000
2015-04-13,25.827852249145508,26.23802556034122,25.78553374638462,26.202216641225867,19880600
2015-04-14,26.293376922607425,26.355229169923803,25.964589410391028,25.99714230974759,27440200
2015-04-15,26.921649932861328,26.97699257806513,26.39103062128496,26.44311723238823,40013800
2015-04-16,26.85979461669922,27.0941793508061,26.64819714931796,26.820729666472804,42555000
2015-04-17,26.66448402404785,26.76865477693341,26.45288648372907,26.732845847789,33834800
2015-04-20,26.76540184020996,27.05838289274351,26.68401835248548,26.6937839736321,25420800
2015-04-21,26.482187271118164,26.85004223713194,26.37150691634989,26.833764545606243,23640800
2015-04-22,26.65796661376953,26.75888131188817,26.37475127190688,26.5505398478603,20259000
2015-04-23,26.84026336669922,27.0127983833378,26.68726455240815,26.716561405051326,25151600
2015-04-24,26.68726348876953,26.784922143980555,26.56030301483112,26.758878842473912,23015200
2015-04-27,26.65796661376953,26.879329729752413,26.612392073740068,26.797946267753208,22651200
2015-04-28,26.79143524169922,26.84026332936993,26.56681610390984,26.65145559524911,22250800
2015-04-29,26.9997787475586,27.038841220665446,26.612392665074186,26.6970321628494,31806200
2015-04-30,26.91514587402344,27.1430186353172,26.762144527028983,27.10070011782745,33104200
2015-05-01,26.97698974609375,27.02256428421166,26.762136223287,26.94118082562596,22709200
2015-05-04,26.90862846374512,27.13324512495688,26.77190236309862,27.04209604694328,28868400
2015-05-05,26.57658576965332,27.23416559821137,26.566820150631656,27.11046113426653,32152600
2015-05-06,26.472410202026367,26.92164598052177,26.348708244256144,26.814221707238183,32777200
2015-05-07,26.18594551086425,26.426839881211148,25.990623200372152,26.420330296553708,34793200
2015-05-08,26.615646362304688,26.64494321456269,26.09479273639017,26.39428326083777,29030400
2015-05-11,26.114330291748047,26.654715283292017,26.088286983242494,26.64169362903924,36288800
2015-05-12,26.234771728515625,26.371497832806536,26.02968629751851,26.07526083774009,19703000
2015-05-13,26.166412353515625,26.49520226739453,26.068753679791413,26.462649376153127,25069400
2015-05-14,26.15665054321289,26.41707867831824,26.140375337035533,26.24129005966614,19235800
2015-05-15,26.26081085205078,26.36498156792081,25.98085158747025,26.04595983715513,19561200
2015-05-18,26.28360366821289,26.316156558115857,26.098049463777063,26.208732269798706,14459600
2015-05-19,25.90924835205078,26.133867593670285,25.8701858638576,26.10782427912338,27839600
2015-05-20,25.958066940307617,26.042706431625685,25.80832167636089,26.000387927779663,25247600
2015-05-21,26.202220916748047,26.241285875873537,26.01015712254038,26.10456224437388,20174600
2015-05-22,26.10782241821289,26.22501484169356,25.974354787020847,26.02318537740896,12721400
2015-05-26,25.69438743591309,25.951559481013845,25.59672628534907,25.896219321386475,26367200
2015-05-27,25.64881134033203,25.88644965074368,25.508831690940184,25.67810819355015,22750000
2015-05-28,25.547897338867188,25.59347187863849,25.385130415790787,25.560916507122293,24328400
2015-05-29,25.518598556518555,25.6813654831368,25.45674632964324,25.54138582690006,25956200
2015-06-01,25.45349884033203,25.586966460454803,25.420943460355307,25.58371042573177,16974400
2015-06-02,25.629281997680664,25.752983970892068,25.39489722012115,25.53162084582211,20366000
2015-06-03,25.45349884033203,25.73996780528897,25.417689909259067,25.55115752938184,17280600
2015-06-04,25.10844039916992,25.368868632795003,25.088909150917736,25.320038028536835,31892200
2015-06-05,25.284217834472656,25.50883702394251,24.984727237597248,24.99449285737827,37912000
2015-06-08,25.140981674194336,25.333045463835727,25.0823854787124,25.18655621694404,19414600
2015-06-09,25.13772201538086,25.45349021863333,25.1279563981464,25.293976858384053,22066200
2015-06-10,25.446985244750977,25.51860310260176,25.359092181514693,25.446985244750977,19570800
2015-06-11,25.333057403564453,25.534889390600235,25.31027012144973,25.492568378367544,16833000
2015-06-12,25.04982566833496,25.20933902333278,25.0075071671702,25.18980530588101,21009000
2015-06-15,24.99123764038086,25.12470773809158,24.80242985664311,24.87730126649773,16151000
2015-06-16,25.18655776977539,25.19306735472969,24.91636404708224,25.036812479561785,18035200
2015-06-17,25.12470436096192,25.43070699565393,24.99774634946764,25.32002418759723,20827400
2015-06-18,25.10844039916992,25.316781992618907,25.085653114999804,25.20284557176832,25345200
2015-06-19,24.87543678283692,25.10154561564745,24.86560378999706,24.999960524096707,34469800
2015-06-22,25.1801986694336,25.20313982529196,24.99013659341914,25.10155220694051,21154800
2015-06-23,25.262115478515625,25.3079952768148,25.11793075573695,25.144147069014977,14235400
2015-06-24,25.104820251464844,25.350592540181605,25.094989759936176,25.206405330761104,13596600
2015-06-25,24.84921264648437,25.12775401958997,24.84265731998804,25.098260050605525,17371400
2015-06-26,24.93114471435547,24.9376975428267,24.68864755878941,24.8262819579385,23544600
2015-06-29,24.459264755249023,24.77385307202184,24.439603766740003,24.61656016369828,27794400
2015-06-30,24.62966728210449,24.72469705596673,24.47237188030121,24.685375080610104,30341200
2015-07-01,24.315074920654297,24.688648663361285,24.216767488435604,24.67881817015196,27820200
2015-07-02,24.423208236694336,24.55428727495469,24.360945130992604,24.38060861181272,19400400
2015-07-06,24.10207939147949,24.33474361434561,24.00049177295273,24.10207939147949,27018200
2015-07-07,24.32163047790528,24.40683225339513,23.7350535430288,24.00704219162594,41372200
2015-07-08,23.83009147644043,24.32163625936989,23.73178151980412,24.15451033313857,33042600
2015-07-09,23.951335906982425,24.259371416020105,23.95133590698242,24.157786301391027,23912000
2015-07-10,24.082416534423828,24.24626479428544,23.96444558731339,24.095524695227883,26500800
2015-07-13,24.252809524536133,24.311794972310487,24.098791827562817,24.164330102812126,28717600
2015-07-14,24.426496505737305,24.524803952022395,24.17416881000808,24.1840018047498,25308400
2015-07-15,23.997215270996094,24.423219211617344,23.91201348282151,24.301973109345724,25416600
2015-07-16,24.029979705810547,24.206936077244126,23.98410240582317,24.134842462942444,15721400
2015-07-17,23.73833465576172,24.02998433332747,23.65968569767316,24.007045678916427,28192000
2015-07-20,23.42374420166016,23.784209809801872,23.39425022001756,23.78093214514701,27666800
2015-07-21,23.43358039855957,23.666244643166888,23.361486759360584,23.47945771439052,21238000
2015-07-22,23.24350929260254,23.479451136562705,23.19435432508992,23.338541563093468,30418600
2015-07-23,23.223848342895508,23.41391038405669,23.04689195964157,23.26644798140784,22569200
2015-07-24,22.77818489074707,23.233682835249866,22.692983098932423,23.2238523400647,25108200
2015-07-27,22.45048141479492,22.715914702901937,22.352171493208907,22.48652821936812,34393400
2015-07-28,23.0927677154541,23.2172914582338,22.466866336984985,22.48325215845944,37877200
2015-07-29,23.407358169555664,23.43029682168376,22.96169078524506,23.03378440625495,46854600
2015-07-30,23.24350929260254,23.42701850451578,23.141924193168496,23.358202550048315,25254400
2015-07-31,22.735580444335938,23.076385076985154,22.699533632220348,23.043615929641625,43578800
2015-08-03,22.257139205932617,22.633990571341293,22.21126190928723,22.49308101732327,33853200
2015-08-04,22.18177032470703,22.52912771193463,22.086738067798034,22.35544901832084,25525000
2015-08-05,22.014646530151367,22.601223446867245,21.99170787978261,22.355451121433934,36947600
2015-08-06,22.365280151367188,22.42426560561756,21.722995482932696,21.88356602501001,46519200
2015-08-07,21.96549224853516,22.450484085870112,21.88684580198438,22.273527706036766,34163400
2015-08-10,22.66676139831543,22.68314721981876,22.01136854018776,22.01136854018776,38888800
2015-08-11,22.709367752075195,22.732306406365137,22.171945708603,22.21454535224837,42107800
2015-08-12,23.12226104736328,23.181246509223925,22.49963978343216,22.630716365233106,46966000
2015-08-13,22.77162742614746,23.05672426042468,22.742135943356217,22.97152247659601,39627200
2015-08-14,22.72246551513672,22.978070788559425,22.670035395033945,22.820775428001216,24242400
2015-08-17,22.77162742614746,22.88304552809658,22.535685563314694,22.6110568528796,19064200
2015-08-18,22.686424255371094,22.788009345525253,22.575006172512257,22.72902388992358,22126800
2015-08-19,22.060527801513672,22.5979498498472,21.955665023793127,22.561903035618965,40366000
2015-08-20,21.56242561340332,22.15227767417976,21.559147949141284,22.00153761975493,50673200
2015-08-21,20.8087215423584,21.57880758760175,20.795613386253702,21.34614344202505,50840400
2015-08-24,19.6912784576416,20.507243115424565,19.248888778763146,19.592969779008907,86002200
2015-08-25,19.40618324279785,20.5563971773726,19.38979742102972,20.5563971773726,55393200
2015-08-26,20.07468032836914,20.09762022575752,19.51104338685367,19.89772522757869,79464400
2015-08-27,21.06760025024414,21.11675520652258,20.46463887019931,20.540008886447104,64482800
2015-08-28,21.54604148864746,21.765597509110023,20.98568086173344,20.99551135516825,62926800
2015-08-31,21.76887321472168,21.90978277490023,20.9987871300774,21.38219134028696,72387000
2015-09-01,21.002063751220703,21.39202331693449,20.82183220833756,21.14297332117502,57425200
2015-09-02,21.195402145385746,21.333034026169905,20.70385757104945,21.30026488790582,51057800
2015-09-03,21.25439453125,21.7098924521222,21.1233154352875,21.33631865371084,43790000
2015-09-04,20.90375709533692,21.054497164123354,20.815278902771976,20.949634398875155,33368400
2015-09-08,21.23145866394043,21.260950151837186,20.870991727757847,21.12987353879455,31255200
2015-09-09,20.831663131713867,21.634518430510788,20.79889398688806,21.378915600693823,36955400
2015-09-10,20.95290756225586,21.070879717433545,20.631765237255035,20.92013842197392,36985600
2015-09-11,20.76612663269043,20.79234295244001,20.47775461582264,20.743187977941016,26688600
2015-09-14,20.585887908935547,20.71368930592469,20.481025160120737,20.62193471322737,24962600
2015-09-15,20.815275192260746,20.88409113530104,20.64814933051997,20.651426994510008,29633200
2015-09-16,21.40513229370117,21.43462627465184,20.94963442225911,20.98240356766221,34433400
2015-09-17,21.39202117919922,21.77215021369397,21.2543892874512,21.421515156073905,39645400
2015-09-18,20.83016967773437,21.143779139308503,20.70472740424501,20.988625329281017,42473800
2015-09-21,20.949010848999023,21.104164659487523,20.816966151362568,21.051346528576225,31379400
2015-09-22,20.72783470153809,20.94570964246384,20.58258390139856,20.625499025011013,34100800
2015-09-23,20.46044540405273,20.902797778462865,20.450542396783856,20.807064510584585,27969400
2015-09-24,20.5495719909668,20.694821524388207,20.16664025805265,20.30198678625636,37824000
2015-09-25,20.589183807373047,20.777348448833106,20.4043210069398,20.777348448833106,31666800
2015-09-28,19.767202377319336,20.37461144114232,19.75069694946266,20.37461144114232,32702800
2015-09-29,19.73749542236328,20.02469394506939,19.60544945873924,19.86293770259412,37762400
2015-09-30,20.20295524597168,20.278881232907423,19.89594945659293,19.91905731090887,32256200
2015-10-01,20.242570877075195,20.684923261273617,20.061008603853672,20.460445856797776,34891000
2015-10-02,21.077754974365234,21.0909598219202,19.97517538919698,20.01148809033135,39859600
2015-10-05,21.71487236022949,21.78749775571926,21.32203636748041,21.34184489624748,47614000
2015-10-06,22.196840286254883,22.36189710504916,21.67526265297604,21.7908019224186,54932800
2015-10-07,22.47743225097656,22.75803080630439,22.01857458039192,22.48073409194553,80006200
2015-10-08,22.90658569335937,22.9990171112642,22.295875952002024,22.434523078859257,54143400
2015-10-09,22.75803565979004,22.982513040785367,22.61608669065229,22.9561033445348,51971400
2015-10-12,22.464235305786133,22.797648285089853,22.259563932313025,22.794348961897214,43492400
2015-10-13,22.229846954345703,22.563262370635712,22.16712708765685,22.292569339601258,41675600
2015-10-14,22.42131996154785,22.50384837941447,22.130820837341616,22.18033839177508,30353400
2015-10-15,22.824050903320312,22.83395390696153,22.243050343559087,22.318977569085977,39016400
2015-10-16,22.85376739501953,22.962702977292487,22.54015793974368,22.903282423976744,40062400
2015-10-19,22.401512145996094,22.6391943733118,22.282671032338246,22.625989525286784,39000400
2015-10-20,22.464235305786133,22.569871574998984,22.23645607712794,22.35529719481332,27513000
2015-10-21,22.186935424804688,22.47413517217498,22.16382757284848,22.36519707642415,29324200
2015-10-22,22.58637809753418,22.642496820457943,22.299180798708115,22.30908380645141,37481400
2015-10-23,22.533557891845703,22.744830421087748,22.335490210502183,22.480738500251583,31262000
2015-10-26,21.982267379760746,22.490642717678217,21.975666214739604,22.490642717678217,23672200
2015-10-27,21.71817779541016,21.79080320291809,21.493700407916226,21.678563249887464,42214600
2015-10-28,22.20014381408692,22.34869395485832,21.6950703131833,21.87003015142391,39513000
2015-10-29,22.312379837036133,22.52035304322226,22.084603136853666,22.11761399731532,19507200
2015-10-30,22.45762634277344,22.698610363251976,22.167127300372428,22.43121665203697,28514400
2015-11-02,22.982505798339844,23.101346875449924,22.28926534234221,22.322278711535592,30773800
2015-11-03,23.570114135742188,23.74507396001199,23.134364236565016,23.144267242683355,42654400
2015-11-04,23.358842849731445,23.6592449650556,23.18388301617589,23.59322324171787,35437600
2015-11-05,23.1607723236084,23.500788942418428,23.055133549502685,23.24330072695324,32467000
2015-11-06,23.04193878173828,23.13437022084203,22.701919532795458,22.95610850889859,27522400
2015-11-09,22.814151763916016,23.24330046387876,22.718418514891496,22.98911157405612,25374000
2015-11-10,22.863670349121094,23.065039861648803,22.63258930071914,22.71841954832941,25370800
2015-11-11,22.378406524658203,22.89338305618513,22.325587127287505,22.860372192112184,28739400
2015-11-12,21.87002944946289,22.21994911471276,21.83041490453058,22.064795295270333,38623000
2015-11-13,21.780902862548828,21.97897057727464,21.523412062980874,21.79740703627819,35559200
2015-11-16,22.50714683532715,22.53025468811073,21.734679650651337,21.75118633916836,34726200
2015-11-17,22.259557723999023,22.5401537497202,22.17702933298888,22.447722354759488,30457800
2015-11-18,22.6259880065918,22.65569702372852,22.203442972422383,22.41471548950709,41903000
2015-11-19,22.3222885131836,22.61608949433327,22.13742313507939,22.493946522957955,37825000
2015-11-20,22.0846004486084,22.431218219114587,22.06149259724132,22.328883808569937,28428000
2015-11-23,22.24305725097656,22.36850205223203,21.922849120017297,22.064795574377204,32814600
2015-11-24,22.718420028686523,22.82075444855328,22.30577798913717,22.34869185456613,37886200
2015-11-25,22.533557891845703,22.721722566907125,22.394908248194746,22.52695420861283,22201200
2015-11-27,22.371803283691406,22.46423723092044,22.29257670463405,22.35199726856895,16752800
2015-11-30,22.45432472229004,22.672200895155378,22.371796326853183,22.46423024533853,35210600
2015-12-01,22.632587432861328,22.65239596133173,22.4180156093948,22.474134316499367,27594000
2015-12-02,21.93274688720703,22.569866192297123,21.860121497212297,22.4840359569791,50856200
2015-12-03,21.49370002746582,22.11101346178917,21.38806375984246,22.03838805556674,48438400
2015-12-04,21.35835075378418,21.483795544481044,20.955612983378643,21.29232903551949,65678600
2015-12-07,20.546276092529297,20.859883082556053,20.252473858169,20.830172800846977,65600800
2015-12-08,20.334999084472656,20.61229458377381,19.88934618812032,20.09401628592149,54673800
2015-12-09,20.60239028930664,21.038140152486008,20.311889960759235,20.42743047949047,57513800
2015-12-10,20.734432220458984,21.04143791813556,20.470340376960213,20.61228930209167,77829800
2015-12-11,19.95867347717285,20.45384401420728,19.938867461633105,20.37791801630939,58008000
2015-12-14,20.064302444458008,20.169938686446127,19.648359899040205,19.86293296464212,78233200
2015-12-15,20.569381713867188,20.66511371405048,20.3217964796288,20.34820491645341,58140600
2015-12-16,20.43403625488281,20.70472935795205,20.21616128755187,20.490154973168146,57502400
2015-12-17,19.932260513305664,20.48685148966919,19.932260513305664,20.447236949012144,58149600
2015-12-18,19.58316993713379,19.96623849053871,19.576507709593272,19.95291530614765,54278400
2015-12-21,19.603147506713867,19.75970661455872,19.389961393463548,19.586492579870463,48030000
2015-12-22,19.83299446105957,19.95957295125726,19.576504461412,19.673104838686363,50583000
2015-12-23,20.695735931396484,20.709059115406944,20.16276917958987,20.23272193142201,60421000
2015-12-24,20.50919532775879,20.749030405634656,20.435912104921208,20.72238149889742,14430600
2015-12-28,20.13612174987793,20.259369780411024,20.03285913091293,20.152776683081328,25107800
2015-12-29,20.27602195739746,20.54250466449743,20.166098396645506,20.482547167253493,30212600
2015-12-30,20.00288200378418,20.28268923357356,19.982896589957143,19.9962197756118,30102400
2015-12-31,20.09282112121582,20.19941423559706,19.846325020718016,19.9096142852912,38404800
2016-01-04,20.086151123046875,20.246040732770563,19.753047451783445,20.03951681238034,43617400
2016-01-05,20.162761688232425,20.1860788399498,19.849644743249407,20.07282355845561,31058400
2016-01-06,19.386632919311523,19.72639879891588,19.22341156972812,19.68642544553447,53924200
2016-01-07,18.91362571716309,19.446592344283705,18.83368154904326,19.010226085106712,56163800
2016-01-08,18.67046546936035,19.116824558002182,18.600513984817752,19.07352071346581,38454200
2016-01-11,18.270736694335938,18.770392224033618,18.040895608123304,18.74707506763624,56889400
2016-01-12,18.314041137695312,18.613834973747867,17.80772336496753,18.55387620653736,71188200
2016-01-13,17.87434196472168,18.670459491884,17.68114250678816,18.537218793130787,67916800
2016-01-14,18.643814086914062,18.807034184749703,17.77441324566256,18.05755087617976,76148600
2016-01-15,18.104190826416016,18.2774049530302,17.761094322738188,17.864356957072648,73760400
2016-01-19,17.71445083618164,18.32736155552236,17.4313132638943,18.240753901646347,71744600
2016-01-20,17.244783401489258,17.504603951681727,16.631872375614872,17.36470096948274,102614800
2016-01-21,17.781076431274414,17.99759308079501,17.111537261244557,17.224792573699418,87341400
2016-01-22,18.56720733642578,18.69378587210977,18.13750310711952,18.43063482215289,77245000
2016-01-25,17.70113182067871,18.68045758970736,17.687807366654813,18.21411186438992,58240000
2016-01-26,18.37067413330078,18.39399129644615,17.787742513286396,18.02091414474008,50709800
2016-01-27,18.28406143188477,18.79370967350323,18.054220342087955,18.24408934467874,72989000
2016-01-28,18.84034919738769,19.050203652118928,18.46394159130929,18.976921688698976,76343800
2016-01-29,19.389970779418945,19.409957463719515,18.81703314039352,18.87366017321001,62996400
2016-02-01,19.06686210632324,19.21009557155288,18.783723113386145,19.06686210632324,55370200
2016-02-02,18.430627822875977,18.68711654659866,18.33735792537799,18.600510146089533,50462400
2016-02-03,19.08684158325196,19.103496513963385,18.0242412473098,18.69711086770754,72881400
2016-02-04,19.07685279846192,19.48657027745378,18.98691462931394,19.126817600861884,74112200
2016-02-05,18.633827209472656,18.900311281683347,18.47726927834264,18.82036580588209,60482000
2016-02-08,18.537220001220703,18.653805779063983,17.987598429811698,18.26407508968244,69613400
2016-02-09,18.090864181518555,18.48392668778437,17.801063019154675,18.26074652610264,74822600
2016-02-10,18.017576217651367,18.427293548718133,17.824375493526297,18.03756289380934,60431600
2016-02-11,17.94096565246582,18.07753811991067,17.444640575738074,17.704462328227873,95973800
2016-02-12,18.41397285461425,18.49391830486641,18.02424212019579,18.187462228037948,51564000
2016-02-16,18.5971794128418,18.78038618613715,18.32736496953719,18.72375789871729,67600400
2016-02-17,19.206758499145508,19.290034420711468,18.747075056308283,18.82035827390704,58560000
2016-02-18,18.966928482055664,19.399964405902328,18.87365983172072,19.369985015338944,57664600
2016-02-19,18.92362403869629,18.930286266018456,18.553878681800523,18.71376832546276,50257600
2016-02-22,19.40662384033203,19.493231526581184,19.20009987192937,19.28337580910512,49416600
2016-02-23,18.74374961853028,19.3133567702368,18.710438478533067,19.22008811962475,42910000
2016-02-24,18.933618545532227,18.976922391900946,18.34402471367526,18.39399078799994,50559600
2016-02-25,18.950271606445312,19.0002376758298,18.58052625093192,18.87698837686538,37177800
2016-02-26,19.06352424621582,19.32001424295856,19.000235001833747,19.26671770277109,42310200
2016-02-29,18.847007751464844,19.193434629982324,18.830351550093724,19.14013808938812,45966600
2016-03-01,19.34000015258789,19.36997953466871,18.78704809363367,18.98024756761807,47286000
2016-03-02,19.813007354736328,19.826331807319363,19.12681329498689,19.2200831923784,53590000
2016-03-03,20.1128044128418,20.149446027981856,19.723072371712924,19.733066348099268,48791200
2016-03-04,20.306001663208008,20.595802803044148,20.00953956744235,20.226057485155817,61103200
2016-03-07,20.7823429107666,20.80566007178147,20.19941134401496,20.296011737185115,66721000
2016-03-08,19.909608840942383,20.62578105293352,19.87629770762594,20.61245787029675,59635200
2016-03-09,20.232715606689453,20.49253603867791,19.93292182309544,20.179419075238247,50935200
2016-03-10,20.24937438964844,20.272691547179434,19.882959554308904,20.146111784375613,57247200
2016-03-11,20.772348403930664,20.842299880910737,20.492541225320497,20.51585838431386,49567200
2016-03-14,20.63577651977539,20.709058476988588,20.43258303927309,20.51252849432101,43532200
2016-03-15,20.59580612182617,20.5991366003276,20.206074061278965,20.352639258451845,43439200
2016-03-16,20.952224731445312,20.998859049458364,20.575817167827328,20.7190518706902,53940800
2016-03-17,21.238693237304688,21.41190732915592,20.9322384160455,21.12210744023649,56321600
2016-03-18,21.29975128173828,21.42052371845189,21.101816864127898,21.400395618880708,60948000
2016-03-21,21.2259464263916,21.3668482529874,20.991108768969664,21.21588237585255,33397000
2016-03-22,21.108530044555664,21.29975599109701,20.964273939939325,20.97769224936616,28360200
2016-03-23,20.64556121826172,21.034720261268465,20.6053024595022,20.957559559956,37747600
2016-03-24,20.746206283569336,20.746206283569336,20.26311267936418,20.360401483707854,31032000
2016-03-28,20.63549995422364,20.80995077059801,20.49124385274884,20.752919437429195,23129800
2016-03-29,20.732786178588867,20.749560021693497,20.28324027266884,20.40401399064171,28733800
2016-03-30,20.77304458618164,21.0078822394262,20.652272142574564,20.92065748352738,31489600
2016-03-31,20.76298141479492,20.924012626183654,20.65898281063933,20.692530499767784,28092800
2016-04-01,20.484525680541992,20.54491252611929,20.333558566598743,20.404009459851626,29609600
2016-04-04,20.33356285095215,20.662335035167622,20.27317599265113,20.447626774436063,31619000
2016-04-05,20.196014404296875,20.340271750594592,20.108788377354845,20.162465440179894,32097600
2016-04-06,20.63214492797852,20.63549918519656,20.20943813157392,20.36040402187117,36437600
2016-04-07,20.51136779785156,20.6623349429302,20.340272553270555,20.47111031908465,27854200
2016-04-08,20.924007415771484,21.038071322071723,20.820008837513203,20.897169527104246,35333000
2016-04-11,20.8367919921875,21.1555002210599,20.8367919921875,21.09175780742788,32471400
2016-04-12,21.457426071166992,21.58155531904936,20.87368817153829,20.91729990535003,55260800
2016-04-13,21.558074951171875,21.621814793399068,21.29639810983306,21.44736527218962,37405800
2016-04-14,21.60840034484864,21.65201209047626,21.480915526125663,21.648656553266456,34871000
2016-04-15,21.316524505615234,21.5245242467332,21.28968533395015,21.48762102557477,28442400
2016-04-18,21.668779373168945,21.722457717335583,20.82672146513052,20.87704299314349,41371600
2016-04-19,22.10155296325684,22.12503660058332,21.69226707835584,21.79291014138742,34682800
2016-04-20,22.29948616027832,22.47058267554424,21.91368139663032,21.98413230067529,42176600
2016-04-21,22.16864967346192,22.42361413334308,22.12168240140357,22.3296795892264,38670200
2016-04-22,22.49071311950684,22.574583617762965,22.205553937340888,22.222326501277426,31529000
2016-04-25,22.23909950256348,22.41690453237544,22.071358522057967,22.41354899609854,34468600
2016-04-26,22.594707489013672,22.604771537396697,22.31290389619289,22.36657967407704,27171400
2016-04-27,23.024126052856445,23.07444885889131,22.695355164540604,22.7121277268694,43924800
2016-04-28,22.68193626403809,23.087869141804564,22.59471023491141,22.920128156304813,31110400
2016-04-29,22.645038604736328,22.953681479581565,22.299492499254715,22.732264655288223,48214800
2016-05-02,22.62154960632324,22.698711586524137,22.343098953652824,22.604774483815643,30132000
2016-05-03,22.0881290435791,22.35651561140025,21.950582783225663,22.31625685836988,32316200
2016-05-04,21.769428253173828,22.25587616238917,21.63859046905316,22.101554739055167,37210800
2016-05-05,21.947227478027344,22.259225778602303,21.76606692677182,22.138452077765283,28704000
2016-05-06,21.896915435791016,22.16530213831395,21.74930505297616,21.80633639541657,25091000
2016-05-09,21.578203201293945,21.8197506627247,21.3031080501144,21.77278338517146,32041600
2016-05-10,21.957290649414062,21.96400172115028,21.67884260093528,21.68890664901568,20702800
2016-05-11,22.024391174316406,22.21897132529984,21.725812434835447,21.903617464018016,28429600
2016-05-12,22.08477783203125,22.3900650817888,21.920389830329903,22.22232410337664,24954400
2016-05-13,21.80297088623047,22.15522795224726,21.75600361869812,21.987486979767667,24743800
2016-05-16,22.17200469970703,22.242458173830823,22.024394356533545,22.08813419763305,27455400
2016-05-17,22.275999069213867,22.44709555793216,22.10490258049558,22.17535347360927,31674600
2016-05-18,22.061294555664062,22.34645371169029,21.92039018627145,22.272647270466603,41166400
2016-05-19,22.06464195251465,22.11496474603417,21.63522555892542,21.839869708920848,33709800
2016-05-20,22.19548797607422,22.242455246291875,21.997552286279,22.13174558383985,19667000
2016-05-23,22.138458251953125,22.23574834695637,21.98749236356604,22.0646517964662,20545000
2016-05-24,22.24916648864746,22.380004265949747,22.11162019743013,22.25252202536728,22605800
2016-05-25,22.60142135620117,22.634969041468302,22.36322946342293,22.383357562678345,28511000
2016-05-26,22.507488250732425,22.785938950989788,22.43703733130431,22.688648854772463,21433600
2016-05-27,22.52090644836425,22.537681572702777,22.302845189111235,22.426971894927643,18517400
2016-05-31,22.43367958068848,22.752386418794394,22.33303396890544,22.57458138956536,30812200
2016-06-01,22.44038963317871,22.50748500595421,22.158585996092327,22.21561731890394,33391400
2016-06-02,22.41019630432129,22.423613330551017,22.18542144234717,22.26929193366645,25700000
2016-06-03,22.322969436645508,22.527613632525515,22.192131679872936,22.410195461001948,24315400
2016-06-06,22.816133499145508,22.83626160182893,22.5007795729732,22.541038337864794,36447600
2016-06-07,23.3327693939209,23.393156244060595,22.883222274097825,22.88993334607113,31236600
2016-06-08,23.27909469604492,23.57096494394297,23.21535229995209,23.47367486131029,36259400
2016-06-09,23.10129737854004,23.21871560045465,22.987232134733507,23.010715779116428,24681200
2016-06-10,22.60142135620117,23.01070721169907,22.57122664779373,22.86309688461884,28980400
2016-06-13,22.534330368041992,22.839620284926067,22.467234976838405,22.49071861971217,23147600
2016-06-14,22.52090644836425,22.63497166291202,22.26594196318619,22.44039148249353,24405000
2016-06-15,22.467226028442383,22.73896558196932,22.309549106436943,22.437031322759346,33659000
2016-06-16,22.3598747253418,22.393422411806664,21.920391586221506,22.22568141995793,39987400
2016-06-17,22.58815574645996,22.63205465860843,22.45645643363613,22.591533378587823,34871800
2016-06-20,22.784019470214844,22.96299534524395,22.76375882817493,22.91234116376547,21826400
2016-06-21,23.05417251586914,23.10145164475682,22.66582977402956,22.73336697007673,22444600
2016-06-22,22.92584800720215,23.155478052591253,22.90558736614324,23.155478052591253,20516400
2016-06-23,23.304059982299805,23.31081266966452,23.0778050217192,23.165605415729907,19077000
2016-06-24,22.551008224487305,22.811031779422443,22.38554032904204,22.405800967886435,53759800
2016-06-27,21.828346252441406,22.26396795596832,21.649370432869908,22.24370732020638,43319400
2016-06-28,22.43619155883789,22.43956661395028,22.10863086647948,22.236952522954976,29100800
2016-06-29,22.861677169799805,22.99675407030635,22.574640366459395,22.574640366459395,32708800
2016-06-30,23.044034957885746,23.057542908129232,22.716474249520857,22.763753363562103,24264600
2016-07-01,23.16559791564941,23.250020650456,23.0001300768142,23.017015654326475,25357600
2016-07-05,22.699596405029297,22.935979147089647,22.473343983860296,22.85493400358019,30139800
2016-07-06,22.797521591186523,22.81440459644088,22.412554032646007,22.567891593427444,31795000
2016-07-07,22.56451797485352,23.07780728540174,22.405802754243,22.932602593602365,28195600
2016-07-08,22.86505508422852,22.94610019498596,22.64218038555114,22.767124394556863,23135800
2016-07-11,22.908960342407227,23.09469145651528,22.88869970318756,22.986630420046502,19500800
2016-07-12,23.47627830505371,23.577586640432266,23.206127038007548,23.25340357415008,31049000
2016-07-13,23.27366065979004,23.53705919993373,23.05753864857585,23.408737560893304,25092400
2016-07-14,23.3918571472168,23.513426127415347,23.324319969941232,23.4560192690933,21797200
2016-07-15,23.37834930419922,23.530309225211933,23.29054892190984,23.4762774279945,18259000
2016-07-18,23.39522933959961,23.405359656197827,23.162221752330325,23.31080659944437,18802200
2016-07-19,23.263540267944336,23.37497895212568,23.17573985831249,23.33783272406524,13983800
2016-07-20,23.22976303100586,23.344576728570825,22.97649479374201,23.168978551007427,23110000
2016-07-21,23.000139236450195,23.37835416650084,22.94273237225044,23.165607141181788,18513800
2016-07-22,23.071048736572266,23.10819495223108,22.92246387393704,23.050788101259403,15981200
2016-07-25,22.61178970336914,22.969741349258044,22.52736695093285,22.91908975889863,25543400
2016-07-26,22.743486404418945,22.763749614636097,22.46657991097592,22.4800878589948,24787800
2016-07-27,22.52061653137207,22.93935270422211,22.422685819522474,22.773884814176064,32355800
2016-07-28,22.523988723754883,22.63204974096031,22.365276117529632,22.493597770342987,21727000
2016-07-29,22.75362205505371,22.780637957424325,22.18292593164944,22.20318657023827,33003600
2016-08-01,22.003942489624023,22.57126078525476,21.92627244122085,22.554377784386144,61297000
2016-08-02,22.203187942504883,22.31124898228779,21.80471237523445,22.159289030723155,51200200
2016-08-03,22.632049560546875,22.64218245464794,22.118760377007312,22.2065607579049,47811200
2016-08-04,22.598283767700195,22.753621336860792,22.46996210005749,22.5476295964487,33580400
2016-08-05,22.80427360534668,22.83466713611284,22.571265982858623,22.611789831754187,22853600
2016-08-08,23.108200073242188,23.26353765661348,22.95624012196417,22.96299280977232,43326800
2016-08-09,22.98662376403809,23.209501036431394,22.89544833757202,23.172354824365843,22256800
2016-08-10,22.736736297607425,23.084557625319448,22.68945976236761,23.03390345859738,36073600
2016-08-11,23.071048736572266,23.1689794345475,22.78401190533608,22.83466606999607,34859400
2016-08-12,23.19936752319336,23.2702848907882,23.071045888092137,23.131830362903774,20379400
2016-08-15,23.385103225708008,23.432379762581142,23.263534251926217,23.33107142563697,21406800
2016-08-16,23.42224884033203,23.496541275325413,23.20274916686376,23.34457877382678,20485600
2016-08-17,23.493167877197266,23.50667582930087,23.28379848415904,23.30743675624574,29439000
2016-08-18,23.9760684967041,23.9760684967041,23.55057698227797,23.57421525661394,48297000
2016-08-19,23.77682304382324,23.89838942587188,23.68902266798695,23.89838942587188,22091400
2016-08-22,23.503292083740234,23.61473072732485,23.39523107139757,23.570831826690497,28273400
2016-08-23,23.66876602172852,23.72955051779992,23.503298117681297,23.503298117681297,24912400
2016-08-24,23.57421875,23.6924127155733,23.51343423893167,23.53707251677052,32905200
2016-08-25,23.51004981994629,23.6079805252451,23.43237975147549,23.537063143590974,23791600
2016-08-26,23.42900848388672,23.732931000751464,23.31757237468525,23.550577490632616,29150200
2016-08-29,23.58772087097168,23.60798408723506,23.33445256689601,23.361468470994904,14788000
2016-08-30,23.50666618347168,23.73291849151422,23.418865819015853,23.64174307270125,14265800
2016-08-31,23.135215759277344,23.408744699552244,23.00689150472595,23.37497610807286,26465600
2016-09-01,23.067670822143555,23.12170261748524,22.88531737743209,23.037279869547213,33337000
2016-09-02,23.32770156860352,23.385108436687624,23.182494294028142,23.29393297422337,21588800
2016-09-06,23.67889404296875,23.699154678695084,23.36821636235688,23.388479574461105,25688200
2016-09-07,23.81396675109864,23.86462091332122,23.68226747514653,23.78695343077393,30189000
2016-09-08,24.25971984863281,24.293491009241333,23.851114053772456,23.9659303318102,36010600
2016-09-09,23.53705787658692,24.107756399063035,23.53705787658691,24.03346397881437,43543600
2016-09-12,23.77007293701172,23.89164192180537,23.327698483465976,23.37159739271658,43945800
2016-09-13,23.0913143157959,23.52018341517764,23.023777132707902,23.51005309535228,49160800
2016-09-14,22.81778335571289,23.34120549564836,22.760376497530544,23.064298947287323,52940400
2016-09-15,23.10144805908203,23.27029359937161,22.871818021233064,22.908961669828567,32954800
2016-09-16,22.91493225097656,22.99986528762503,22.76545186900165,22.76545186900165,34788800
2016-09-19,22.901348114013672,23.166338806830147,22.897950066376023,23.1017888614694,23595000
2016-09-20,22.734872817993164,23.030440695100875,22.717887767186056,22.874164231143467,28265800
2016-09-21,23.261459350585938,23.271650899771576,22.9047395773859,22.931918769847904,40521800
2016-09-22,23.28863906860352,23.59779396599653,23.26825337782174,23.51286093159893,26631800
2016-09-23,22.97947883605957,23.38715631572093,22.84698352557212,23.176524074407645,46150400
2016-09-26,22.87755012512207,23.179913969748675,22.833385901140307,23.057610250469168,26480400
2016-09-27,22.72468376159668,22.78583565350032,22.469884643989943,22.6499422723866,38820400
2016-09-28,23.706504821777344,23.740477512382,22.6635274093186,22.857174596910284,82286800
2016-09-29,23.665742874145508,23.934128992420863,23.45170996024536,23.68952402102879,54003200
2016-09-30,23.98849105834961,24.11419290654711,23.67933350951968,23.83221455602221,29429000
2016-10-03,23.971492767333984,24.06661732721232,23.77105210072605,24.02924918607428,26309800
2016-10-04,23.72688674926757,24.049633773992767,23.631762183479108,23.99187994361405,23705600
2016-10-05,24.090408325195312,24.202517966323253,23.94432339504916,23.96810454219152,26702400
2016-10-06,24.12777137756348,24.239883586944188,23.910343051949425,24.161746659400126,22351600
2016-10-07,23.98849105834961,24.233098659192848,23.917147606762168,24.131177961524493,23488800
2016-10-10,24.365596771240234,24.453927879762634,23.988493775878748,23.988493775878748,23069000
2016-10-11,24.087003707885746,24.321417068078432,23.954508411096413,24.28065087949706,27424400
2016-10-12,23.985088348388672,24.07002138261948,23.781249584624845,23.985088348388672,20878200
2016-10-13,23.85259056091309,23.974894324940536,23.54003764926528,23.83560551098998,27086800
2016-10-14,23.71331024169922,24.05304246526539,23.696322593740444,23.974902913386657,22744800
2016-10-17,23.597787857055664,23.794833067915626,23.468690611293887,23.720091602282544,14850000
2016-10-18,23.692916870117188,23.883168616206408,23.58760074435463,23.83220828079054,13890200
2016-10-19,24.02925109863281,24.21270414045696,23.852588965983543,23.87637010784594,28631800
2016-10-20,24.002073287963867,24.100595907606195,23.75406771549177,23.88656302660899,24989000
2016-10-21,23.84579086303711,23.88655704581973,23.706499493330988,23.84579086303711,28477000
2016-10-24,23.77445411682129,23.92733252901749,23.512858941525185,23.845797548642874,21336800
2016-10-25,23.665742874145508,24.022460077394744,23.62497408293819,23.767660964237884,26454200
2016-10-26,23.7200984954834,23.81862112954464,23.41433904356069,23.455107834467253,35735600
2016-10-27,23.631765365600582,23.855989808251948,23.6249718636795,23.822017114745783,28412600
2016-10-28,23.567222595214844,23.92733788171732,23.41773960446248,23.59100374447537,37116800
2016-10-31,23.31241798400879,23.60798325658424,23.27164919829654,23.4822840365511,25947600
2016-11-01,23.315813064575195,23.56721668450632,23.06101398985193,23.485679114390702,37649600
2016-11-02,23.05761909484864,23.176524814216226,22.762051227891817,23.094989834071345,45966000
2016-11-03,23.14934158325196,23.19011036218414,22.931913279513296,23.057615070591822,25496200
2016-11-04,23.023645401000977,23.2580614010553,22.884356574962503,23.03383954217981,35108200
2016-11-07,23.5196533203125,23.533240322759028,23.28523735288327,23.28523735288327,29599000
2016-11-08,23.550233840942383,23.68272917943748,23.37017620616448,23.40414890465924,22417400
2016-11-09,23.934127807617188,24.110789968819702,23.35658421649851,23.631766415661467,51987600
2016-11-10,24.03604316711425,24.216100743618814,23.83560249649972,23.91713746488954,41269600
2016-11-11,23.597787857055664,23.940917952939405,23.40414069243808,23.8933556733456,35319400
2016-11-14,23.73028945922852,23.75407060534911,23.38376381690692,23.512861096997216,25144000
2016-11-15,24.399559020996094,24.41314861586452,23.917140066942764,23.93752316327031,38457400
2016-11-16,24.229698181152344,24.508278455959463,24.15495668928567,24.345208466387405,33218200
2016-11-17,24.06661605834961,24.59320174813419,24.00546678046596,24.43352727734984,20676000
2016-11-18,24.16514015197754,24.301033492440222,24.02924940346474,24.15155055873628,23924600
2016-11-21,24.73929023742676,24.76646942619745,24.5048742701922,24.5048742701922,33750800
2016-11-22,24.72570037841797,24.86838723001187,24.426737080990257,24.74608347380279,32026400
2016-11-23,24.82762336730957,24.90576030157828,24.57961778508861,24.606796976117,22924000
2016-11-25,24.705322265625,24.77666570581056,24.58301848474958,24.72230731788789,17583600
2016-11-28,24.362192153930664,24.83102158760646,24.318027907553795,24.824228085067944,37580200
2016-11-29,24.0632266998291,24.20931161521737,23.80502956268813,23.991883265609303,36723400
2016-11-30,25.2862606048584,25.52067658604675,24.89896621364737,24.89896621364737,89709600
2016-12-01,25.347415924072266,25.840026504893395,25.327032824492264,25.75509346737592,54764800
2016-12-02,25.42214775085449,25.541053439802205,25.26247328628916,25.33381669965778,36677600
2016-12-05,25.6463680267334,25.85360475467503,25.544449981615045,25.653164118244305,45070200
2016-12-06,25.598806381225582,25.70072702079086,25.337213874534022,25.490092241932405,33927000
2016-12-07,25.802654266357425,25.840025008056383,25.54106166641515,25.54106166641515,32016600
2016-12-08,25.94194221496582,25.97591490507188,25.670155510217104,25.87059878815805,29200400
2016-12-09,26.023473739624023,26.07783211014741,25.873993404584247,26.07783211014741,17949600
2016-12-12,26.145782470703125,26.65198258103798,26.0370683008604,26.601024838885344,32260400
2016-12-13,26.44135093688965,26.631600090457965,26.101618824403182,26.34282831323453,32057200
2016-12-14,25.911365509033203,26.42096364688868,25.84002208076745,26.3156475278226,39702800
2016-12-15,25.96912002563477,26.06424458966347,25.656564554176203,25.80264944663456,40503600
2016-12-16,26.130321502685547,26.154228370804432,25.997125722358422,26.154228370804432,35729800
2016-12-19,26.01079559326172,26.15082083601653,25.9595658290718,26.103007084280343,14226400
2016-12-20,25.952726364135746,26.17813621969016,25.88100575709206,26.143983921905537,17964200
2016-12-21,25.99370574951172,26.113240071888857,25.863926000309803,26.00736718716237,16205400
2016-12-22,26.099580764770508,26.16788795859971,25.959555577313424,26.01078532127207,21940800
2016-12-23,26.075681686401367,26.130327457785853,26.0176225085457,26.05860683708406,12796200
2016-12-27,26.133739471435547,26.222537542375864,26.09275775073514,26.116664623028264,20017800
2016-12-28,25.850265502929688,26.20203906685749,25.829772042881896,26.191793639660048,16187400
2016-12-29,25.79903793334961,25.88783598595836,25.706823869503147,25.812699372647348,13394800
2016-12-30,25.7238998413086,25.918570780217827,25.641933815887064,25.77512958431691,17706600
2017-01-03,26.01420021057129,26.23277803198636,25.73756322532948,25.99370935408024,49246200
2017-01-04,25.95956039428711,26.08251076034093,25.874178340397147,26.034697018614835,22371000
2017-01-05,25.894672393798828,26.072265941309738,25.77172201257827,25.976638446061266,22282400
2017-01-06,25.91857147216797,26.00736952204284,25.74780739468332,25.97663063315602,14821000
2017-01-09,25.54289436340332,25.77171763180217,25.505326052991165,25.74781076205383,21921800
2017-01-10,25.31065559387207,25.580463189703654,25.29016473528979,25.52240401995157,19321600
2017-01-11,25.58388328552246,25.63169703361632,25.293582179111954,25.399457711880224,26254000
2017-01-12,25.478008270263672,25.75464793917306,25.375551353261663,25.72732505237764,21791200
2017-01-13,25.40286445617676,25.498494532938043,25.33797587544091,25.443848774788737,19813400
2017-01-17,25.559967041015625,25.62144221595943,25.460926164500805,25.481417020931023,19566000
2017-01-18,25.50191116333008,25.57021836965424,25.38920622713533,25.419945121394576,17450400
2017-01-19,25.36188316345215,25.512153789546325,25.300407987342144,25.50190836113686,18001800
2017-01-20,25.457517623901367,25.61120430353476,25.372135556181945,25.525822235815337,18364400
2017-01-23,25.18770408630371,25.392620479773484,25.064753729091183,25.34139072999272,30414000
2017-01-24,25.46434593200684,25.573634869694057,25.238938638000484,25.28675238538528,23714400
2017-01-25,25.5975341796875,25.67608680183925,25.46433840766529,25.47117042993225,18820600
2017-01-26,25.618030548095703,25.72048744285,25.563384786370744,25.679505727209616,17303400
2017-01-27,25.351638793945312,25.488247985981776,25.276502174933267,25.46092771096648,19901800
2017-01-30,24.88715934753418,25.24917838354907,24.7129792466209,25.23551694370752,26572800
2017-01-31,24.897403717041016,24.93838542916938,24.634425571169498,24.90081972826942,28014800
2017-02-01,24.712984085083008,25.06475776150248,24.559297416668937,25.030605458038657,36848600
2017-02-02,24.853008270263672,24.89740860799574,24.555880376351503,24.75396737606203,25760200
2017-02-03,25.068174362182617,25.19795416065406,24.805196147463224,24.95205340089445,23657200
2017-02-06,24.856422424316406,25.15355290167373,24.78470181371017,25.0681708501444,21043400
2017-02-07,24.504648208618164,24.86325385881051,24.37486843140216,24.74713291654072,28315600
2017-02-08,24.562707901000977,24.61735366456525,24.12896822673661,24.504648731454004,32296800
2017-02-09,24.8393497467041,24.91448376986274,24.709567349427,24.709567349427,18523200
2017-02-10,25.02718544006348,25.16721324920169,24.95204882107744,25.03743086889733,20810800
2017-02-13,25.074996948242188,25.085242376164825,24.928139734827184,24.975953468901547,15969800
2017-02-14,25.156967163085938,25.16721259165211,24.84275925502158,25.14671912886652,21543400
2017-02-15,25.057924270629883,25.19112005644928,24.97595562885386,25.08183113973456,17853200
2017-02-16,24.71639633178711,25.115983693312856,24.678828022004005,25.08183139505185,22750800
2017-02-17,24.57978630065918,24.66175234351056,24.50123366392204,24.59003173030891,23290000
2017-02-21,24.74712371826172,24.88031945753333,24.70955542199,24.81201488557696,23605000
2017-02-22,24.371456146240234,24.658338625735816,24.354378691466263,24.63101834601273,23078800
2017-02-23,24.47391128540039,24.68565709505699,24.320222036889668,24.64467537997677,34780200
2017-02-24,24.24508285522461,24.38852665980065,24.12213251167545,24.296312599312262,27995200
2017-02-27,24.45342063903809,24.559296161715668,24.22801336317193,24.268995082972907,47372800
2017-02-28,24.37828063964844,24.4944015762134,24.30997604565957,24.381696651043853,28036800
2017-03-01,24.866668701171875,24.97937363838896,24.586615666836217,24.60369311998554,37995200
2017-03-02,24.63101387023925,24.866666548245554,24.62076583584481,24.743716192045184,21540600
2017-03-03,24.58661842346192,24.764214575774087,24.531975257433885,24.672000487474435,22333000
2017-03-06,24.64127349853516,24.67542581590372,24.45001583109258,24.545645967641263,16749400
2017-03-07,24.422685623168945,24.736890984416707,24.39194672606116,24.73006156597816,22923600
2017-03-08,23.78743934631348,24.46707972602148,23.777193917349305,24.323638509216373,51132400
2017-03-09,23.944549560546875,23.958211005361782,23.527884613481667,23.667912468593883,55541400
2017-03-10,23.91038703918457,24.12896485156,23.77035924387837,24.098225962441514,34958600
2017-03-13,23.91380500793457,24.02992595859712,23.831838964066247,23.886484730414168,26157600
2017-03-14,23.64399528503418,23.732790729143428,23.435662902314803,23.72937732366825,52769600
2017-03-15,24.16995429992676,24.22460007333988,23.72938512863944,23.845503488661485,46410000
2017-03-16,23.999191284179688,24.22118518911487,23.9308866698861,24.22118518911487,32555000
2017-03-17,23.98166847229004,24.150020417953105,23.98166847229004,24.09848335911805,28487800
2017-03-20,23.94730758666992,23.99884464314009,23.75834187465741,23.90264353574702,24437400
2017-03-21,23.778959274291992,24.07787215036712,23.68962853754242,24.06069225516313,33434400
2017-03-22,23.74459457397461,23.854539053070138,23.610599821992032,23.706800913540228,24839200
2017-03-23,23.64839553833008,23.851104624388952,23.62434526335219,23.675882315814345,23600800
2017-03-24,23.555635452270508,23.73429693873344,23.510971391296863,23.68275987066589,20885000
2017-03-27,23.44568634033203,23.51096678852316,23.31512806523344,23.33230795832068,22982600
2017-03-28,23.778959274291992,23.837366723931183,23.42507545187528,23.48004639821687,55845200
2017-03-29,24.1053524017334,24.14657994499612,23.71023851067165,23.77551632793205,37150400
2017-03-30,24.098482131958008,24.314934622502456,24.03663818876194,24.25652718206272,31824600
2017-03-31,24.016021728515625,24.167193756198564,23.90607724416291,24.01945823088757,39722400
2017-04-03,23.97479057312012,24.07099166529273,23.734287842688587,24.05381439670943,26266600
2017-04-04,24.1500244140625,24.170638192494007,23.79614057080622,24.026336500905177,25948000
2017-04-05,24.07443046569824,24.56230897759465,24.040073303968697,24.35272688337599,45467400
2017-04-06,24.266828536987305,24.335545470030763,24.105349642221856,24.17062745200943,26249400
2017-04-07,24.174070358276367,24.34585880447146,24.13627669041076,24.28057835610656,25160600
2017-04-10,24.35616111755371,24.466105597618764,24.256523522919263,24.30806057135545,21641800
2017-04-11,24.359603881835938,24.404267937277915,24.098484691575187,24.39396104919776,27783000
2017-04-12,24.25652313232422,24.538256021784456,24.18093581200606,24.38364750024868,22907200
2017-04-13,23.813308715820312,24.25308662897781,23.75833778731719,24.23590936063196,35312000
2017-04-17,23.86485290527344,23.88890318518148,23.748038008944057,23.806445457108747,16024400
2017-04-18,23.64152336120605,23.916385903107223,23.593422809565872,23.75834085896327,29500600
2017-04-19,23.294509887695312,23.744594691647656,23.2326659540674,23.69993064785984,36250800
2017-04-20,23.40789031982422,23.57967874829542,23.33917599694909,23.363226272083725,32470800
2017-04-21,23.29107666015625,23.40789153938676,23.17425915964222,23.30825393112828,28232200
2017-04-24,23.428510665893555,23.524711782660354,23.356359828318457,23.462867833126865,26701400
2017-04-25,23.627779006958008,23.68275256160636,23.414763035904063,23.4869138604175,31182000
2017-04-26,23.548757553100582,23.868284127631647,23.507527387544428,23.517834273612635,37475200
2017-04-27,23.29107666015625,23.39071426841472,23.057444280411715,23.36666399202706,41095400
2017-04-28,23.308258056640625,23.53158358907338,23.27390088733189,23.4903560344165,28852000
2017-05-01,23.242977142333984,23.36666503248764,23.19144008455602,23.30138458454997,18838800
2017-05-02,23.12616539001465,23.3666708457176,23.029964256247187,23.291083491676225,32871200
2017-05-03,23.19143867492676,23.30138316823804,23.009343353625283,23.074623797595056,33869600
2017-05-04,22.76540184020996,23.057441625948982,22.61766369618435,23.029954850017887,67889000
2017-05-05,23.12616539001465,23.163959067035336,22.76884502081815,22.77915453196549,37487600
2017-05-08,23.29107666015625,23.332306828799474,23.102108330479226,23.1227247254426,37897400
2017-05-09,23.098669052124023,23.339171759807964,23.02995212044081,23.339171759807964,21439400
2017-05-10,23.40445327758789,23.51439775210909,23.212048481213508,23.23266487231832,36518400
2017-05-11,23.35635566711425,23.52814409395855,23.321995884718707,23.486913927853905,23937400
2017-05-12,23.2773380279541,23.38384604211244,23.20862368745532,23.339181982916635,21417200
2017-05-15,23.45943260192871,23.662144355778267,23.38384525714698,23.6243506833874,26413800
2017-05-16,23.342613220214844,23.569372589730992,23.26015288467854,23.569372589730992,23386800
2017-05-17,23.11241340637207,23.40445582413273,23.10210652033973,23.20518062322977,31213600
2017-05-18,23.10554313659668,23.21892412607757,22.923447825706155,23.009342038109864,28230000
2017-05-19,23.390714645385746,23.438815198936272,23.16395264611876,23.21892620519569,31249000
2017-05-22,23.33917617797852,23.52814449927592,23.256718465632105,23.514401110337616,20678400
2017-05-23,23.39414596557617,23.425069244492228,23.2704607137618,23.401018970350087,18173600
2017-05-24,23.27046585083008,23.438817806989565,23.163955223587905,23.3666669686355,26961400
2017-05-25,22.847864151000977,23.44225334919638,22.76540642787411,23.212054830988087,46658400
2017-05-26,22.88565254211425,22.906266312820907,22.73791440238924,22.84785888162996,26398200
2017-05-30,22.57987594604492,22.765407800227496,22.569569057693208,22.765407800227496,29058200
2017-05-31,22.483667373657227,22.55238168741432,22.36684989473051,22.401207051609056,32186000
2017-06-01,22.6245346069336,22.706992315365856,22.4218255276036,22.49397635014224,35967400
2017-06-02,22.36341667175293,22.528334718747768,22.26721556987404,22.521464334877887,33085000
2017-06-05,22.404645919799805,22.48710362927316,22.287831049819506,22.294701433407567,25105000
2017-06-06,22.669204711914062,22.70699575882717,22.339368585599587,22.39090564416645,29670600
2017-06-07,22.34967422485352,22.68637805613265,22.195063075921343,22.57643357349084,45884200
2017-06-08,22.284395217895508,22.44931064180432,22.236294667481825,22.243165051276605,39138600
2017-06-09,22.82037734985352,22.895964688189533,22.33249877495491,22.33593527795666,46368400
2017-06-12,22.981853485107425,23.20861544654615,22.93375293958099,23.02308364753714,45848800
2017-06-13,23.153640747070312,23.184564022678053,22.940622183684447,23.050566656755183,31615800
2017-06-14,22.73447608947754,23.091796273871736,22.559253809860373,23.091796273871736,60560400
2017-06-15,22.56268882751465,22.74478412018504,22.46305123654191,22.63140576333192,38517800
2017-06-16,22.935964584350582,22.94634242609804,22.5519686037206,22.697263666843018,49242000
2017-06-19,22.790666580200195,22.9325041204152,22.73185705152378,22.88407243334885,31356800
2017-06-20,22.50008010864257,22.56234980773584,22.24754115139508,22.52775611697945,32126800
2017-06-21,22.1368408203125,22.562349546071847,22.01576026473995,22.430889827660984,54611000
2017-06-22,22.123003005981445,22.31327094389568,22.03305729882328,22.147217533705927,30863200
2017-06-23,22.27175521850586,22.29597106403252,22.06419045123037,22.12646014534594,29111000
2017-06-26,22.22331619262696,22.38244921632713,22.133371841737688,22.340937860170424,27206800
2017-06-27,22.1887321472168,22.4032172579957,22.185271986259053,22.302893704856995,28455000
2017-06-28,22.30981063842773,22.4447278786258,22.20256940630348,22.21640741034038,33719800
2017-06-29,22.35823440551757,22.603852951594536,22.309802728225133,22.37553256426279,38044800
2017-06-30,22.45856475830078,22.56234846371705,22.313269682181414,22.52083445368469,39286400
2017-07-03,22.890987396240234,22.99823123857631,22.513911786098955,22.53812762675639,36805600
2017-07-05,22.427431106567383,22.79758911616076,22.340945565640617,22.776830791594445,41976400
2017-07-06,22.1783504486084,22.531210264408777,22.129918760936366,22.465483053613323,41367200
2017-07-07,22.14375686645508,22.174890391820067,21.894678106219004,22.10570302034517,32073400
2017-07-10,22.21640586853028,22.26829772023504,22.064190474017416,22.11262216512074,28307600
2017-07-11,22.33748245239257,22.417050300832685,22.11607970803172,22.25445708308948,23799600
2017-07-12,22.39975357055664,22.61423864756832,22.302890193625263,22.55888663827663,29637200
2017-07-13,22.48969841003418,22.506993932782763,22.292511503263352,22.417050880100607,20113600
2017-07-14,22.62461471557617,22.66612607996113,22.482777182383927,22.50353550390527,20545000
2017-07-17,22.59694099426269,22.752613905079208,22.56234730734004,22.583102991627808,24429800
2017-07-18,22.48969841003418,22.718018841349835,22.396292557741752,22.7111011601162,29913600
2017-07-19,22.818344116210938,22.83909980082475,22.448186117732625,22.46548428113025,49605400
2017-07-20,22.74915313720703,23.029365392417112,22.6868834539016,22.94634002778612,34318600
2017-07-21,22.5242919921875,22.78028842592873,22.493155828455627,22.67304721165788,26095200
2017-07-24,22.48277473449707,22.60731409275004,22.430882895336904,22.57272041308612,20866800
2017-07-25,22.766450881958008,22.9290441064308,22.700723671565083,22.7526128799466,30958600
2017-07-26,22.790666580200195,23.05358333808105,22.72839689121076,22.894450274958928,42422800
2017-07-27,23.022449493408203,23.032827334874103,22.69380289079065,22.797586584107552,31631800
2017-07-28,22.994775772094727,23.223096224991348,22.90829023219025,22.94634408089456,29530000
2017-07-31,23.046667098999023,23.17812416650128,22.93942323721616,23.001692930102315,27039000
2017-08-01,23.043201446533203,23.17465848270502,22.942877929719767,23.060499605729103,25337400
2017-08-02,22.956729888916016,23.05013314311705,22.72148903317881,22.925593711295576,30237000
2017-08-03,22.634992599487305,22.956718870723613,22.53466906981912,22.91866502707952,30655600
2017-08-04,22.7076416015625,22.769911291631207,22.59348006321503,22.6453719114938,18742000
2017-08-07,22.53466987609864,22.652291571387632,22.46548250663143,22.61077756610993,22874600
2017-08-08,22.48277473449707,22.67996161184284,22.4170475349342,22.468936734765787,20858200
2017-08-09,22.503536224365234,22.64537112276952,22.42050821427941,22.517371586717253,20875800
2017-08-10,22.26483917236328,22.579645187337523,22.22678532097868,22.54159397528233,30524200
2017-08-11,22.11954116821289,22.32018693417856,22.09878548326121,22.19565018513927,31981800
2017-08-14,22.053815841674805,22.25792047827249,22.026139831493207,22.161057081966497,22813400
2017-08-15,21.970781326293945,22.088401688454816,21.842783123833808,22.088401688454816,25451200
2017-08-16,21.75976181030273,22.039974107828275,21.71478896119861,21.97770441511936,33166600
2017-08-17,21.451868057250977,21.756297460805605,21.44495037687265,21.67327209962255,29593800
2017-08-18,21.55911445617676,21.70441084387754,21.38268454218069,21.396521225090414,37265400
2017-08-21,21.448415756225582,21.53836014487341,21.37922705436933,21.527982301477625,20750400
2017-08-22,21.59024810791016,21.63867979457665,21.49338473457717,21.50722141672153,30343600
2017-08-23,21.68365478515625,21.794356171246555,21.52452170760952,21.54527739271106,23052000
2017-08-24,21.697494506835938,21.74938504336429,21.600629796586503,21.60754879872323,20781000
2017-08-25,21.79435920715332,21.88084475956266,21.73208950384541,21.739008506397933,16440400
2017-08-28,21.697494506835938,21.87738460339664,21.579874109841047,21.80473574079338,19912000
2017-08-29,21.66981315612793,21.697489157852,21.51068010520776,21.593705471051155,17454200
2017-08-30,21.68019676208496,21.74592662382613,21.52452382981635,21.58679353058969,17328800
2017-08-31,21.783979415893555,21.839330111701155,21.70095271234981,21.77360025316016,20667400
2017-09-01,21.994997024536133,22.06764454113113,21.763215155831407,21.81856583318915,23191000
2017-09-05,22.116085052490234,22.223326290394134,21.96041079784693,22.08495020156157,36229600
2017-09-06,22.47585678100586,22.53812645937519,22.216400227688403,22.22677806752853,34104200
2017-09-07,22.517372131347656,22.572724139410344,22.368619548169463,22.48623860630916,17280600
2017-09-08,22.27867317199707,22.48277775698312,22.17488947972452,22.46893975539152,20529400
2017-09-11,22.48969841003418,22.520831934579007,22.31326718629324,22.365159033196925,27102200
2017-09-12,22.628076553344727,22.676508241603774,22.49661685150241,22.555426381627097,18819400
2017-09-13,22.91175079345703,22.925586157473973,22.65229416920648,22.676510015230026,31786600
2017-09-14,23.022449493408203,23.1781223940546,22.95325948475395,22.9567196450189,29166800
2017-09-15,23.0767765045166,23.0767765045166,22.92255927327873,23.069767724313824,26136200
2017-09-18,23.17491340637207,23.1889336379966,23.00667330096344,23.024199259015543,25167000
2017-09-19,23.26955223083496,23.30460148129372,23.17842204037307,23.223988472647218,21008600
2017-09-20,23.42726707458496,23.49035677317714,23.31510790754169,23.33613958979608,36547600
2017-09-21,23.43428611755371,23.49387010938975,23.329135694477834,23.39573114069832,17748200
2017-09-22,23.55345344543457,23.62004888980085,23.38872170919557,23.41325645068532,29295800
2017-09-25,23.893430709838867,23.96353186351017,23.637568852673983,23.662103587937544,29667600
2017-09-26,23.882923126220703,23.92848688374655,23.767258194709296,23.83385364147399,21421400
2017-09-27,23.98456764221192,23.99157642251448,23.770763742818083,23.903951961257544,21836400
2017-09-28,24.005592346191406,24.14929772040708,23.93899958597383,24.03713853710362,23599800
2017-09-29,24.00209045410156,24.00559350674994,23.844364840086936,23.921474783727067,28575000
2017-10-02,23.995079040527344,24.00209049400773,23.655095747050225,23.74622592369335,24833600
2017-10-03,23.970548629760746,24.051164314825648,23.91797341550854,23.963539849100805,14479600
2017-10-04,23.953020095825195,24.04064455214429,23.868901366503,23.97054605672349,20395200
2017-10-05,24.061670303344727,24.10022526853942,23.95651991207092,23.970540142513126,20323600
2017-10-06,23.858383178710938,23.9670366320759,23.77776751473689,23.833848441690275,23926600
2017-10-09,23.907459259033203,23.981063490434035,23.858389771432645,23.88643024265768,11528200
2017-10-10,23.92848396301269,24.15981379779917,23.903949223634072,24.07569507337047,15527400
2017-10-11,23.98456764221192,23.998587876903382,23.80230993939548,23.900448908149432,20574000
2017-10-12,23.89694595336914,23.92848947951973,23.763757719477795,23.80231270083073,20362200
2017-10-13,23.882923126220703,24.107241534801787,23.86890289142359,24.037143034902584,17787400
2017-10-16,23.935489654541016,24.07568927756223,23.8864201875964,23.956518662064312,15333800
2017-10-17,23.949512481689453,23.998581953955885,23.819827348364925,23.928480797799786,16754200
2017-10-18,23.78127098083496,24.030124053844663,23.75323052002345,23.931985115089912,15412600
2017-10-19,23.707672119140625,23.805811080010365,23.606027431358072,23.616541938010386,15183800
2017-10-20,23.753236770629883,23.76725700472503,23.595513816710405,23.76024822472057,19640400
2017-10-23,23.63056755065918,23.847877209256136,23.609538532567672,23.770767244138288,17310600
2017-10-24,23.676130294799805,23.78127804293942,23.62706081085072,23.71468527134356,19640400
2017-10-25,23.511394500732425,23.70416669804613,23.43779027913052,23.634068203402265,27045400
2017-10-26,23.560461044311523,23.6375709832575,23.420261398417548,23.521906074838533,18724400
2017-10-27,23.60251808166504,23.728697490297588,23.252020318593665,23.43778637925349,32376000
2017-10-30,23.72520065307617,23.791793427126127,23.43779251903147,23.43779251903147,23229600
2017-10-31,23.80231475830078,23.88993923729776,23.630568854124142,23.735719298555274,19298000
2017-11-01,24.072189331054688,24.184348521582645,23.93549540116393,23.946009907449984,34612600
2017-11-02,24.00209045410156,24.138784381795983,23.85838507293841,24.072188944272963,22656600
2017-11-03,24.072189331054688,24.1668225617152,23.967038920022087,23.99157365938489,22223800
2017-11-06,24.62247467041016,24.65401819425559,24.138788586175004,24.18084661796891,38200000
2017-11-07,24.59092903137207,24.69958250294244,24.46124387162734,24.664533254766788,26820600
2017-11-08,24.471757888793945,24.59443159199612,24.335063951784928,24.531341876908403,28493200
2017-11-09,24.54536247253418,24.587423174574724,24.34207309046754,24.37712501254444,25977800
2017-11-10,24.41567611694336,24.52432957071549,24.22991005127844,24.503300560072063,21068400
2017-11-13,24.275480270385746,24.44021467708983,24.24743980241777,24.34908449323702,14979600
2017-11-14,23.882923126220703,24.184351489142724,23.85488265662648,24.184351489142724,33055400
2017-11-15,23.613037109375,23.71818484207665,23.51489548179984,23.669115365332026,35386200
2017-11-16,23.51840591430664,23.62355634213403,23.451813139163324,23.539437604324,25028000
2017-11-17,23.634069442749023,23.683138926390114,23.504384279362537,23.563970944429265,18344800
2017-11-20,23.577985763549805,23.627057915571868,23.47283802829508,23.60602622925213,15570600
2017-11-21,23.63056755065918,23.763758462803366,23.581498059054503,23.669122533218104,16928800
2017-11-22,23.72520065307617,23.819833897297908,23.71118041799028,23.7707644115405,18615000
2017-11-24,23.79179573059082,23.868905693985607,23.788292677045003,23.81983620347741,9981400
2017-11-27,23.549957275390625,23.718194787895147,23.50088777806955,23.69015431111538,21191600
2017-11-28,23.73220634460449,23.76725559071402,23.54644293354655,23.5744834000686,24226600
2017-11-29,23.861894607543945,23.9074583660178,23.67262544497449,23.72169493074216,27198600
2017-11-30,24.21939468383789,24.26496110405773,23.91796639627799,23.91796639627799,44607200
2017-12-01,24.42268753051757,24.5909276560722,24.16331989962003,24.391141337063427,42376600
2017-12-04,24.412172317504883,24.797719362888063,24.335062373611045,24.629479242202784,27151800
2017-12-05,24.30702781677246,24.49980272336998,24.2789873441607,24.412178252023224,21379600
2017-12-06,23.9915714263916,24.278979492499627,23.95652218400492,24.236921471269927,24122400
2017-12-07,24.061670303344727,24.103728320585823,23.94600540776064,23.96703441638119,17280000
2017-12-08,24.28248786926269,24.29300237571772,23.37469982416449,24.18434891023436,21393400
2017-12-11,24.45773696899414,24.583916395630474,24.314034256155374,24.328054489568977,22633400
2017-12-12,24.391143798828125,24.580412956397467,24.359600276276407,24.391143798828125,23516400
2017-12-13,24.35609245300293,24.447222633786968,24.285993959529744,24.391141699739524,18432000
2017-12-14,24.268468856811523,24.440214717837048,24.25795434982756,24.26496580387434,23565600
2017-12-15,24.246597290039062,24.44065312939475,24.214841034065486,24.44065312939475,20306800
2017-12-18,24.433597564697266,24.55708813314395,24.2995224749398,24.30657792518282,19321400
2017-12-19,24.4688777923584,24.610011010366183,24.412426120290625,24.54650119685729,13528400
2017-12-20,24.814653396606445,24.856991476583264,24.47593529733107,24.55002962918267,24509000
2017-12-21,25.34036636352539,25.41446067930308,24.80053442579393,24.825232531053164,33606200
2017-12-22,25.39328956604004,25.49561104856745,25.262740910699947,25.368591462801792,21321600
2017-12-26,25.61557579040528,25.65791655507105,25.43210452730364,25.48502981016294,17262200
2017-12-27,25.530900955200195,25.62969339634872,25.477975664044305,25.61910887649597,21710600
2017-12-28,25.56971740722656,25.56971740722656,25.4815094695402,25.52737662805576,15933600
2017-12-29,25.495615005493164,25.65085909627407,25.453274239702857,25.63674819956908,14712800
2018-01-02,25.91547966003418,25.943706833779665,25.5414790295266,25.622631481072005,29782800
2018-01-03,26.30360221862793,26.37063840580675,25.94018333535778,25.96841051516572,38599200
2018-01-04,26.462373733520508,26.480016392766263,26.190694547622115,26.28595790863037,28613600
2018-01-05,26.45180320739746,26.47297225617704,26.233046499733103,26.42710508652352,28408800
2018-01-08,26.610570907592773,26.62468450113364,26.37064520118357,26.44121316888788,19558400
2018-01-09,26.54353141784668,26.670548360208105,26.50119064246461,26.66349291025729,18469000
2018-01-10,26.51177215576172,26.63879177560604,26.49060311641836,26.621149114891853,21644000
2018-01-11,27.05512428283692,27.150387620148315,26.5082342849602,26.60350031416279,36179000
2018-01-12,27.316225051879883,27.38679299534856,27.06218583917626,27.06218583917626,39638400
2018-01-16,26.970462799072266,27.39738894052152,26.92106656398841,27.37974627432318,33789800
2018-01-17,27.206850051879883,27.32328514801896,26.871661045058644,27.048076878520767,28014800
2018-01-18,26.98456764221192,27.171567998938883,26.93516873125584,27.10452911939825,23029200
2018-01-19,26.949281692504883,26.95986890367906,26.77286585942301,26.9245835835491,25925400
2018-01-22,27.53145408630371,27.54203860543453,26.97750848602476,26.9845666267066,34033400
2018-01-23,27.48912048339844,27.612611046508235,27.35151363662765,27.584383862971027,20369800
2018-01-24,27.415021896362305,27.658476629729883,27.31975852220104,27.52087248266792,25839400
2018-01-25,27.19979858398437,27.55263033746852,27.150402353848005,27.55263033746852,23436800
2018-01-26,27.34799194335937,27.39385910554684,27.203329621864302,27.259783998611503,15570600
2018-01-29,26.93516731262207,27.33386880650108,26.892829236735384,27.238602751972216,25294400
2018-01-30,26.391815185546875,26.78345863165706,26.370643450694608,26.70936159751293,45503600
2018-01-31,26.409454345703125,26.50824679900224,26.22598303127512,26.462379643368354,31450600
2018-02-01,26.681133270263672,26.69877323956449,26.29654532977241,26.44473399298167,36023200
2018-02-02,25.56618309020996,26.2542064781276,25.425049880491567,26.190696668348927,62010800
2018-02-05,24.49357414245605,25.54501371452555,24.09134624978521,25.22393559934701,69535200
2018-02-06,24.687631607055664,24.86404743652796,23.95727018071604,24.07370527422182,65630400
2018-02-07,24.27482414245605,25.075750986499195,24.271295071420106,24.765260032647124,49207400
2018-02-08,23.54093170166016,24.39831284933025,23.53034718125188,24.29952040299662,55542200
2018-02-09,23.52329063415528,23.844368798394903,22.74000376814327,23.819670685137428,70348200
2018-02-12,23.907873153686523,24.17249688892808,23.713814671085984,23.826720690446702,49913800
2018-02-13,23.80908203125,23.91140084563308,23.6432507173522,23.7843839222796,24570000
2018-02-14,24.15485382080078,24.225421764138684,23.51975848211041,23.57621014488894,39513800
2018-02-15,24.094873428344727,24.22189303625596,23.70675915612345,24.20425037719924,32938800
2018-02-16,24.034893035888672,24.260705077183783,23.89023076686644,23.99255226868639,27582200
2018-02-20,23.90434837341309,24.2607091545547,23.79497140462293,24.08429329940036,35616200
2018-02-21,23.50211524963379,24.05606080482892,23.50211524963379,23.83377784549681,25090800
2018-02-22,23.75968360900879,24.10898890404819,23.61149495214531,23.67147569060548,30660600
2018-02-23,24.27482414245605,24.29246411385088,23.83378447919844,23.87612256405999,31369600
2018-02-26,24.41948890686035,24.46888514422072,24.278355646448,24.398319859961063,24312800
2018-02-27,24.101930618286133,24.66293437574397,24.09840423973346,24.46887587966597,26931400
2018-02-28,23.547985076904297,24.31715823089077,23.53740055742844,24.22895031273586,35244000
2018-03-01,23.512704849243164,23.883179220085086,23.34334713654972,23.523289369799965,45950000
2018-03-02,23.622079849243164,23.706761390426227,23.16340028134929,23.350400640650737,29157800
2018-03-05,23.872596740722656,23.94669108284792,23.470366081925828,23.512706859665634,25663000
2018-03-06,23.88670921325684,24.1089949461525,23.766747706272213,24.02078700564285,31355800
2018-03-07,23.70676612854004,23.87965293219805,23.484480403372835,23.62914271288753,24725200
2018-03-08,23.69970321655273,23.830251906776724,23.53034551820537,23.75968395588859,16026600
2018-03-09,24.15132522583008,24.17249695519389,23.862003382181847,23.88317511154566,22786200
2018-03-12,24.144275665283203,24.32069153228311,24.024311475939164,24.16544470791759,18972000
2018-03-13,23.97138214111328,24.32774015426864,23.872589714025,24.218363208834,21461800
2018-03-14,23.83024978637696,24.130156148262834,23.780853571096543,24.0631172738572,22696400
2018-03-15,23.70676612854004,24.020786170485096,23.526821182426737,23.9184646400243,24817000
2018-03-16,23.918195724487305,24.024799973041027,23.67301029050759,23.71920401898292,28685200
2018-03-19,23.54863166809082,23.87555001387407,23.413602004458536,23.84356766316292,29050000
2018-03-20,23.74763298034668,23.907536647507225,23.644582926221023,23.67656257522963,22518200
2018-03-21,24.36948013305664,24.525829572305447,23.815141923358155,23.889766512228864,32879200
2018-03-22,23.87199592590332,24.227339715981632,23.825802209174007,24.099415734668803,36967600
2018-03-23,23.726301193237305,24.26997941257664,23.67300179913729,23.992809007968127,38428600
2018-03-26,24.15271759033203,24.18825142675302,23.7227519342048,23.99991965376963,31906000
2018-03-27,23.92530059814453,24.35526630484581,23.7867167220614,24.25577046674082,27846200
2018-03-28,23.459800720214844,24.02124467627131,23.42071538932904,23.939517105702976,36457400
2018-03-29,23.953723907470703,24.0496655287822,23.55929212119221,23.562843606792768,27936200
2018-04-02,23.47401237487793,23.90397808078503,23.072474825822106,23.86133855656637,37986200
2018-04-03,23.97504615783692,23.99636591788757,23.338980442765163,23.562846056471,28228600
2018-04-04,23.94306373596192,23.99636584698905,23.445584595863213,23.609042414903925,24981600
2018-04-05,24.37302589416504,24.52582381123912,24.00347078925144,24.00347078925144,27056800
2018-04-06,23.932397842407227,24.337489446732224,23.616142163786083,24.220228085206685,37767800
2018-04-09,24.046117782592773,24.35171371179594,23.95017613554454,24.046117782592773,21639600
2018-04-10,24.84208869934082,25.03752618111548,24.4192286699704,24.426334353774184,43684400
2018-04-11,25.10148429870605,25.158340604579163,24.77101447622779,24.802996826045884,42381800
2018-04-12,25.09792709350586,25.296921429151748,25.009091159520704,25.18676302749102,28623200
2018-04-13,25.375099182128903,25.478146486713715,25.197427302274395,25.23296113603375,26660800
2018-04-16,25.634504318237305,25.751768435714013,25.29692875574678,25.43195843853132,28048600
2018-04-17,25.733999252319336,25.85126336566292,25.556327339153267,25.7020196092574,32210600
2018-04-18,26.13908576965332,26.373613949435004,25.95075401313284,25.957862406430426,34623000
2018-04-19,26.171072006225582,26.36650947402667,26.011165665961308,26.16041212575292,36300600
2018-04-20,26.04670524597168,26.13909269485549,25.879693202980945,26.117772931429755,27380800
2018-04-23,26.20659828186035,26.21015247801157,25.822826429248504,25.96496445366667,29689200
2018-04-24,25.92587852478028,26.458894126139388,25.783740488873004,26.27766806258117,45575000
2018-04-25,26.13198471069336,26.16751855029484,25.680696543474188,25.844157085545728,26326600
2018-04-26,26.51219940185547,26.533519160923284,26.14619574554941,26.227923296014595,24433800
2018-04-27,26.231475830078125,26.36295399513032,26.128425816019544,26.242135708936303,21078600
2018-04-30,26.227928161621094,26.52286420171017,26.18173443805204,26.18884012204021,25926400
2018-05-01,26.06801986694336,26.114213582272605,25.737550043744303,26.09644801994192,27601800
2018-05-02,26.17462539672852,26.380722738650565,25.95431126653692,25.98984510403672,26869400
2018-05-03,26.11421203613281,26.15685426310594,25.762422474542127,26.053804247880844,30659200
2018-05-04,26.242137908935547,26.334528051881435,25.93654203777892,26.04314625741325,27171000
2018-05-07,26.277671813964844,26.853329721593955,26.22437241506597,26.448238023615,35947400
2018-05-08,26.4837703704834,26.49798444640969,25.812170871548386,26.2883329263769,57548200
2018-05-09,27.023897171020508,27.322384662779594,26.803583038252096,26.80713723536105,49807800
2018-05-10,27.22644424438477,27.290406239910265,27.00613010178401,27.13049989556743,27780200
2018-05-11,27.265525817871094,27.45030336611099,27.20511532287528,27.28684557430636,24021400
2018-05-14,27.453861236572266,27.578231017517773,27.35081121491516,27.35081121491516,20452600
2018-05-15,27.46096611022949,27.50360833860782,27.251314587249468,27.39344992639493,20965400
2018-05-16,27.55691146850586,27.574677031029125,27.28329523727998,27.42187909582787,23994400
2018-05-17,27.972665786743164,28.01175382360784,27.63153604678998,27.645750124836965,32542600
2018-05-18,27.755905151367188,27.95134533083544,27.73458539035542,27.922917175447672,28185400
2018-05-21,28.040184020996094,28.04018402099609,27.77012194055945,27.912260020318648,23026200
2018-05-22,27.667070388793945,28.221405887401968,27.58889431364497,28.03662829155204,33166800
2018-05-23,27.663515090942383,27.684837563080908,27.27974312514641,27.507165657922567,33211600
2018-05-24,27.20867156982422,27.386343449661403,27.08430179614973,27.34370122251969,38309600
2018-05-25,26.501543045043945,26.764496715712305,26.23858666331736,26.72896287552332,64907000
2018-05-29,26.419811248779297,26.58326907306707,26.17462586787668,26.295441459762305,38655000
2018-05-30,27.21933364868164,27.34015194648535,26.636570052601986,26.647229932484496,46044400
2018-05-31,27.01323890686035,27.336603119122792,26.95638529930011,27.02034730221694,26517400
2018-06-01,27.141162872314453,27.32238899881893,26.995473300423058,27.105629028759857,28205000
2018-06-04,26.906633377075195,27.432540690843744,26.83556298936452,27.23354902737003,27378400
2018-06-05,26.84267234802246,27.04877241320069,26.7147483566055,26.775156155036235,27415800
2018-06-06,26.97059440612793,27.041662080239423,26.73251471569062,26.942166252060133,26958400
2018-06-07,27.37923622131348,27.53558562322237,27.10562002362213,27.11272841660656,30357800
2018-06-08,27.32593536376953,27.4858389694596,27.15536916811678,27.411217106067053,22473200
2018-06-11,27.468080520629883,27.592450325153933,27.26198043824236,27.31883404414261,21435600
2018-06-12,27.258413314819336,27.5320294660828,27.183791467490337,27.468067495364064,31414400
2018-06-13,27.15536499023437,27.31527128238039,27.045209310420244,27.17313325971414,25004200
2018-06-14,27.116283416748047,27.311723583288344,27.05232142688558,27.23354751667223,20582200
2018-06-15,26.533876419067383,27.01325488134017,26.476638788429632,26.959592726175,32178800
2018-06-18,26.798608779907227,26.97748080947477,26.465906695736773,26.465906695736773,26368800
2018-06-19,26.73779487609864,26.837962793417063,26.40151725786833,26.47664319585716,25215200
2018-06-20,26.85584831237793,26.956016219331666,26.641202407566965,26.898778585088422,23311800
2018-06-21,26.358583450317383,26.680553662410684,26.233373570439618,26.66624357194313,30019600
2018-06-22,26.88446998596192,27.17782004233428,26.880891780694803,27.00967987660178,56072600
2018-06-25,26.344268798828125,26.84511096099832,26.165396793008068,26.805758901368293,36760600
2018-06-26,26.676984786987305,26.78073093213141,26.31924058829933,26.41225484418226,27047200
2018-06-27,27.034717559814453,27.37099783785572,26.88804391961528,26.89877580434077,41167800
2018-06-28,26.99894523620605,27.17423906522142,26.791453021812806,27.074071162926924,28570800
2018-06-29,27.16708755493164,27.453281194438787,27.07407332564066,27.07407332564066,26335800
2018-07-02,26.766416549682617,26.98464069428068,26.619742870985423,26.977487012376194,30593200
2018-07-03,26.93455696105957,27.35311695498426,26.870162905888755,27.04545677243161,18616400
2018-07-05,26.90593338012696,27.18497334087434,26.827229241583662,27.099115521268423,19939000
2018-07-06,27.07049369812012,27.15635424189476,26.69843952987545,26.823652140537465,18620600
2018-07-09,27.47474670410156,27.51409877163558,27.22074600297443,27.235056093838686,22118400
2018-07-10,27.67865943908692,27.90403721866424,27.610687192976183,27.64288284889982,22007200
2018-07-11,27.09196662902832,27.589230796589952,26.913094547765247,27.421090603503245,38725600
2018-07-12,27.13846969604492,27.313763554073464,26.94528753991565,27.163511675763285,25136000
2018-07-13,27.281566619873047,27.44612858311169,27.09196267808441,27.163510408406967,22846200
2018-07-16,26.96674537658692,27.14561740072568,26.73778940403893,27.013253849660103,22781200
2018-07-17,26.85942840576172,27.00968027675557,26.70917653476787,26.87731397362044,19506400
2018-07-18,26.87730598449707,26.916658043208425,26.465902564211326,26.73063236242123,30703000
2018-07-19,26.88446998596192,26.998947990171352,26.7771456629158,26.805765846310884,32463600
2018-07-20,26.79145050048828,26.94528054435532,26.70559269651168,26.88446471359565,21722400
2018-07-23,26.673397064208984,26.884467485402173,26.62689131754572,26.866579190101326,15247600
2018-07-24,27.00967788696289,27.167086154669647,26.755679919126536,26.791453781049693,20337000
2018-07-25,27.23505401611328,27.303026260190304,26.913086549027582,27.04545010302531,22070600
2018-07-26,27.53197860717773,27.58206255009187,27.23862862895057,27.292290776178625,24374800
2018-07-27,27.41392707824707,27.557025251999683,27.18854929691189,27.224323158007383,25281800
2018-07-30,27.639299392700195,27.746620944161165,27.53913151958869,27.63214298498089,22790000
2018-07-31,27.589223861694336,27.764517693045875,27.52482981945102,27.689391765323787,22581000
2018-08-01,27.206438064575195,27.3602681263906,27.059761683354854,27.34953351144196,22345000
2018-08-02,27.05618476867676,27.109846928496285,26.830806972679746,27.00610081401076,19379400
2018-08-03,26.91666412353516,27.05618409798489,26.78072235415025,27.006100144560406,15326600
2018-08-06,27.016830444335938,27.145618525401336,26.834382937302127,26.99536667394857,16400200
2018-08-07,27.217174530029297,27.367426412144937,27.13131397221652,27.29230047108712,23596600
2018-08-08,27.020414352416992,27.120582274528044,26.85943058179154,27.027570763637023,18797600
2018-08-09,26.76998519897461,27.09195535716368,26.727054934759323,27.041868684227403,30465000
2018-08-10,26.93455696105957,26.93455696105957,26.65551696510978,26.70917913264733,33955400
2018-08-13,26.591121673583984,26.97748598664485,26.576811580947904,26.884471749195885,19634000
2018-08-14,26.655506134033203,26.83437813356219,26.54460363835356,26.795026075316205,20875800
2018-08-15,25.72537422180176,26.444437748972263,25.65024557448991,26.401510212645857,52800800
2018-08-16,25.91140556335449,26.058079226729884,25.83627962903477,25.850589720720087,50026600
2018-08-17,25.97579574584961,26.04376798889733,25.882781528421766,25.9793739505812,23065400
2018-08-20,26.151092529296875,26.24410675726276,25.97222048363907,25.982952369679207,16691400
2018-08-21,26.2834587097168,26.494526412563964,26.2548385274888,26.369316527029984,19018200
2018-08-22,26.59827995300293,26.680562317540968,26.430139747178096,26.448028048408144,18690800
2018-08-23,26.47306251525879,26.519568264131028,26.372894607305785,26.47306251525879,12937800
2018-08-24,26.666240692138672,26.82364894091189,26.61257854102322,26.637620514294376,15506600
2018-08-27,26.863000869750977,26.89877746019895,26.71632722052274,26.755679286519,13969800
2018-08-28,26.74852180480957,27.02398625574489,26.730636239672947,26.91308647203798,16787000
2018-08-29,26.91309356689453,27.023993379836963,26.75210706200224,26.8343894173078,15520800
2018-08-30,26.83796501159668,26.95602123649558,26.698445011032987,26.90235906796233,18500400
2018-08-31,26.630464553833008,26.76282808862881,26.51956205652688,26.75567440946559,17819200
2018-09-04,26.57322883605957,26.773564640000025,26.46590725367888,26.752100869398014,30189400
2018-09-05,26.537446975708008,26.551757061585864,26.18328122068286,26.45158918981065,19196200
2018-09-06,26.04734992980957,26.52672849612693,25.975802193640977,26.4372924612306,28812800
2018-09-07,26.04376792907715,26.090273672999,25.678867469667093,25.950753711862948,20268800
2018-09-10,26.03303909301757,26.28346162119622,26.02588541135356,26.176137290638074,17823400
2018-09-11,26.279884338378903,26.43013622293885,25.936450289654235,26.00799802629101,28563200
2018-09-12,26.415821075439453,26.67697545000072,26.40866739489301,26.49452520830369,25378800
2018-09-13,26.426563262939453,26.476647229228305,26.197607208655704,26.37290109066669,22074800
2018-09-14,26.566076278686523,26.666244184891184,26.4193998950506,26.43013178080528,18988600
2018-09-17,26.608999252319336,26.787871262502804,26.54460521947848,26.63404122457021,29457800
2018-09-18,26.7843017578125,26.96674928372159,26.78072355258756,26.79861184934141,20447000
2018-09-19,26.86658096313477,26.97748348845171,26.76641305332914,26.791455030780543,21823000
2018-09-20,26.873741149902344,27.084808885314327,26.841542757585383,26.98106275575936,25024800
2018-09-21,27.051315307617188,27.14136629249484,26.83519349353844,27.018898272167466,27420200
2018-09-24,27.44753837585449,27.56640633234704,27.26743641079472,27.28905051533566,25569000
2018-09-25,27.62404441833496,27.73930958331434,27.584421760235333,27.62044160901545,26055200
2018-09-26,27.35749244689941,27.59883121324528,27.31066691666373,27.45474906495451,25457200
2018-09-27,27.35749244689941,27.50157459519019,27.28545274682323,27.46555474515209,21344200
2018-09-28,27.28183555603028,27.56999970070897,27.213398701475224,27.2278044353859,29666200
2018-10-01,27.660062789916992,27.775327948740586,27.38270419803205,27.38270419803205,25425200
2018-10-02,27.68887519836425,27.782526235112275,27.49796482006013,27.72849784781061,18936800
2018-10-03,27.91220664978028,27.995054777356174,27.72850459199879,27.80774716202735,26489600
2018-10-04,27.79693984985352,27.99145032444129,27.63484916176614,27.82215401795907,30385400
2018-10-05,27.79332733154297,27.88337828414936,27.62403110094104,27.76811042660168,23966400
2018-10-08,27.771728515625,27.814953985990268,27.47996414804028,27.588023701745715,23157200
2018-10-09,28.020261764526367,28.225577877994706,27.750108839008146,27.868976785789204,33633400
2018-10-10,27.141372680664062,28.113925195131674,27.0153018217901,28.067096913165194,52810600
2018-10-11,26.222843170166016,26.896422656860832,26.0247299398808,26.87841411201329,71184200
2018-10-12,26.294891357421875,26.56144154142933,25.895064707341515,26.482196223663728,47158000
2018-10-15,26.075159072875977,26.39934311971932,26.0679562043406,26.29128085472569,23180800
2018-10-16,26.291284561157227,26.338112831720306,26.039142904809648,26.14720243689949,29142200
2018-10-17,26.12559127807617,26.32010173507733,25.902266594515485,26.2408564287282,31608400
2018-10-18,25.99591445922852,26.237250409479888,25.830220997199024,25.88425213111112,33173400
2018-10-19,25.765384674072266,26.14359987048186,25.74737612785228,25.86624132694477,27136200
2018-10-22,25.48082733154297,25.8014086357223,25.325939518996023,25.74738024029509,24589000
2018-10-23,24.814453125,25.11342310196106,24.461454747018124,25.10621748306602,52955400
2018-10-24,23.834692001342773,24.94051789215703,23.827489132342663,24.93331502315692,56200400
2018-10-25,24.12646102905273,24.37499987808112,23.964367607716355,24.12646102905273,50666600
2018-10-26,23.94635963439941,24.241726761367385,23.5501330937148,23.92834833777265,51159800
2018-10-29,23.499706268310547,24.15527738476112,23.1863305727524,24.122860346519182,48919600
2018-10-30,24.043609619140625,24.10124356055472,23.377232973331285,23.485292491276333,52794800
2018-10-31,24.191303253173828,24.598332805617257,24.15888346240761,24.27775144831945,34575600
2018-11-01,24.39661026000977,24.51187539290525,23.9931809208068,24.241722480043567,42951600
2018-11-02,24.33537483215332,24.846866463520847,24.09043606793741,24.66676451183673,42425000
2018-11-05,24.74241065979004,24.839664518897298,24.57311436047546,24.63074556450322,26463200
2018-11-06,24.8576717376709,24.91170287192716,24.562304651626,24.803640603414635,26144200
2018-11-07,25.26470375061035,25.343949055916948,24.89009132888513,25.178255575793127,33325800
2018-11-08,24.71719741821289,25.347554365903733,24.627146425685627,25.149441083088472,30289800
2018-11-09,24.67397117614746,24.832461797413043,24.256133264861152,24.389409718937948,45835600
2018-11-12,24.162487030029297,24.94773192659225,24.11205868560092,24.843272427951007,36083200
2018-11-13,23.60776710510254,24.22371552701665,23.481696272805152,24.09404188575705,65463800
2018-11-14,23.56814384460449,24.06522429121945,23.3520220307779,23.97517330644688,45084200
2018-11-15,23.9139404296875,23.94275740573353,23.41685995951483,23.41685995951483,40613600
2018-11-16,24.1984977722168,24.281345877234312,23.942753336583564,24.06162128146789,39511000
2018-11-19,24.191303253173828,24.28855712919533,23.97517864310192,24.05082115737165,31167600
2018-11-20,23.39884757995605,23.93195061959249,23.2187456102075,23.874316670166728,52648800
2018-11-21,23.766254425048828,24.018396054667782,23.52851853300439,23.58254966739064,34661800
2018-11-23,23.02063369750977,23.258368242400422,22.85133740639693,23.175520127210195,28843600
2018-11-26,23.366430282592773,23.521318084765912,23.186328314862983,23.189928375558267,33365400
2018-11-27,23.301591873168945,23.470888150976865,23.16831543681983,23.247560736911858,44528600
2018-11-28,23.701419830322266,23.71942837804368,23.13229695807789,23.279979141200243,42296400
2018-11-29,23.856313705444336,24.04722139835608,23.68701737455624,23.71943441759169,28828400
2018-11-30,23.81308555603028,23.88152519226216,23.528524079444097,23.64739205348737,36258000
2018-12-03,24.34258460998535,24.49026680657761,24.058023147908663,24.356993098359407,43990800
2018-12-04,23.643783569335938,24.43263098283991,23.60055811238448,24.353385685831046,36592600
2018-12-06,23.20794105529785,23.24396090136381,22.718063454014143,23.12509293602185,70712200
2018-12-07,23.078264236450195,24.000385359960465,23.03864158678645,23.65098987822939,54891400
2018-12-10,22.71805953979492,23.02783510923781,22.195763617413466,22.91617140716201,46765600
2018-12-11,22.725265502929688,23.110684963765507,22.487530969278428,23.067459503778792,34483200
2018-12-12,22.8153133392334,23.25116106925293,22.800904854556823,23.09627329415162,38534800
2018-12-13,22.88736152648925,23.031442295983634,22.660432631300903,22.76128930735388,30598000
2018-12-14,22.36505889892578,22.84052790921337,22.256998010054737,22.746875505276805,45787200
2018-12-17,21.95803642272949,22.49474100962368,21.799547150808102,22.30743475695153,41464600
2018-12-18,21.439332962036133,21.99764864548147,21.320465033950622,21.918403360091126,53234000
2018-12-19,21.187196731567383,21.958032982998123,21.01069756136004,21.55100349917437,91097800
2018-12-20,20.600061416625977,21.24842956327265,20.4739905959274,20.927846924511176,77008800
2018-12-21,20.400096893310547,20.945456811455344,20.229217008476805,20.60369704178786,74787400
2018-12-24,19.574785232543945,20.258303379665275,19.556606846130915,20.16013842872854,31211800
2018-12-26,20.79275321960449,20.796389728702287,19.400268423346727,19.763841665502635,58194000
2018-12-27,20.901826858520508,20.92727687519555,20.09832891789373,20.3746453659683,48754600
2018-12-28,20.741857528686523,21.09088758134367,20.61460742206844,20.996359128844823,38874800
2018-12-31,20.85092735290528,21.00362885389937,20.60733391752685,20.92727879686333,37410400
2019-01-02,21.261764526367188,21.403557878847348,20.414639533917168,20.52007472747809,49785200
2019-01-03,21.05089569091797,21.39992574373374,20.810937356241865,21.32357567972819,36048200
2019-01-04,21.76713180541992,21.83257510653364,21.290851697996995,21.414466668220456,42703000
2019-01-07,22.090709686279297,22.25068280120473,21.63987964057748,21.930737958275724,36113400
2019-01-08,22.261592864990234,22.450651146337407,22.14161439787729,22.39975110653664,37384600
2019-01-09,22.614261627197266,22.69061169439157,22.3270383607933,22.559725072388645,37513600
2019-01-10,22.67970085144043,22.708785991687765,22.316127583356074,22.44337767241682,38335200
2019-01-11,22.5451774597168,22.690607319887683,22.34521244217328,22.56335723242961,28211800
2019-01-14,22.490642547607425,22.581535864474947,22.297949159663297,22.330669422290537,26383400
2019-01-15,22.570629119873047,22.78513601632664,22.45792090761744,22.614257523649883,19642400
2019-01-16,22.541547775268555,22.7269695741419,22.46519770437496,22.545182898534897,25082200
2019-01-17,22.7487850189209,22.8469499925286,22.319768343267544,22.37066839174806,20349600
2019-01-18,23.21051788330078,23.228696269628657,22.883301381711167,23.01782449176577,29063600
2019-01-22,22.70515251159668,23.006917624735024,22.64334433035212,22.956017585428945,39726400
2019-01-23,22.472461700439453,22.814220035140146,22.287038577660912,22.78513351120555,46735400
2019-01-24,22.59244728088379,22.79604885197436,22.334310540571938,22.4252038761963,26098400
2019-01-25,22.87966728210449,23.02146064349188,22.74878067561705,22.785137449898208,20467200
2019-01-28,22.650609970092773,22.661518109145334,22.403380084367218,22.577895053069664,24044800
2019-01-29,22.719701766967773,22.87240192515001,22.701521987917346,22.78150857758752,23768200
2019-01-30,23.03964233398437,23.11235727989438,22.73787718080288,22.86149217277321,24233000
2019-01-31,23.188703536987305,23.29777663138287,23.014188527645207,23.07599670693083,35688400
2019-02-01,23.59227561950684,23.73043250071529,23.36322539632961,23.43957547072202,29544800
2019-02-04,23.64680862426757,23.65407887004038,23.2577852900829,23.4322989270726,20215800
2019-02-05,23.683162689208984,23.72315597099097,23.552276089530483,23.628626143702288,15705400
2019-02-06,23.508649826049805,23.63589992041666,23.486833542841183,23.570456618478843,13607600
2019-02-07,22.988733291625977,23.44320117898371,22.7742250479433,23.363214631092024,29200200
2019-02-08,22.883304595947266,22.98146956021261,22.494281248815465,22.926934393568864,21268800
2019-02-11,22.99237632751465,23.028733103102027,22.70878820762917,22.77423151322412,24994800
2019-02-12,23.283233642578125,23.417756757411127,23.014188799834145,23.301410642629687,21354600
2019-02-13,23.57408905029297,23.75951219116861,23.35231191171637,23.37776192918213,26123400
2019-02-14,23.65770721435547,23.835857299664927,23.44683409975219,23.49046388086286,20426400
2019-02-15,24.039464950561523,24.057641949255807,23.85040530200285,23.904941845773383,20367600
2019-02-19,24.1121826171875,24.203075947736888,23.883132422787,23.91948920023789,17443200
2019-02-20,24.2139835357666,24.33396340193785,24.07219015714399,24.07582666716735,19871400
2019-02-21,23.839502334594727,24.19943914250111,23.75224551500863,24.13763234420448,23732200
2019-02-22,23.908578872680664,24.0903655066223,23.788599028556646,24.017649188739306,19896600
2019-02-25,23.948570251464844,24.02855403401599,23.81041064538517,23.83222692593883,31808800
2019-02-26,23.87221908569336,24.09036246410389,23.864946067901663,23.926752849913328,21101400
2019-02-27,23.963117599487305,24.210344781267963,23.85040798996736,23.988567619602616,20588000
2019-02-28,23.723159790039062,23.99947629760329,23.57409339324639,23.966753255493824,22498800
2019-03-01,24.1594467163086,24.163083226292144,23.85040993997184,23.85040993997184,40655800
2019-03-04,24.20307159423828,24.30487166232734,23.83949833743804,24.246701383638086,39560000
2019-03-05,24.12308692932129,24.246703288744914,23.95220704138383,24.23579653399896,31615000
2019-03-06,23.81768226623535,23.977652595796545,23.69770243868182,23.926752567230228,45381000
2019-03-07,23.675891876220703,23.85040548904237,23.58136205120005,23.832228490205537,46892400
2019-03-08,23.232336044311523,23.341406377608408,23.01782772688112,23.294142843897525,31243000
2019-03-11,23.595911026000977,23.650447583399853,23.38140130659061,23.40321759385689,26424200
2019-03-12,23.74860954284668,23.868589406146697,23.62862967954666,23.635902699419333,22026200
2019-03-13,23.98856735229492,23.999474107387925,23.79950768453576,23.897674028061047,26413600
2019-03-14,24.014015197753903,24.13399226675764,23.984928670910147,24.01037868843747,24640800
2019-03-15,24.00448608398437,24.07776991552716,23.912879896756408,23.993493788812856,24854800
2019-03-18,24.337936401367188,24.37824335608944,24.02281082568388,24.033803123226388,20135800
2019-03-19,24.27197265625,24.5834331089534,24.17303921196963,24.458850046111536,25052000
2019-03-20,24.4845027923584,24.70435709319831,24.176707330302342,24.24999116538261,27325800
2019-03-21,24.65672874450684,24.69703570206764,24.35992550755889,24.41122476343632,35755800
2019-03-22,23.989830017089844,24.47351059920399,23.89822382505611,24.433203651061216,39949600
2019-03-25,24.00082397460937,24.041130925542923,23.76997736111667,23.88723318321445,24692600
2019-03-26,24.34526252746582,24.51015255514419,24.213349387083472,24.279305957274644,23033000
2019-03-27,24.173046112060547,24.43687243291461,23.9898336998674,24.326943867358903,19165200
2019-03-28,24.2646541595459,24.29396881866532,24.02281241521034,24.07044943517933,18298400
2019-03-29,24.228008270263672,24.55778834681301,24.147394368671858,24.49916183376397,20075200
2019-04-01,24.546798706054688,24.598097958872387,24.356259023531745,24.38923591651472,24823400
2019-04-02,24.37823867797852,24.63107265533647,24.31961217046885,24.609088064470228,22304800
2019-04-03,24.143728256225582,24.495495705556817,24.059452123318707,24.44786149111377,23979600
2019-04-04,24.34526252746582,24.36358208854168,24.041129298495456,24.15838511265764,21008600
2019-04-05,24.77398109436035,24.80329574947307,24.400226230671667,24.41122132303847,34538400
2019-04-08,24.883907318115234,25.00849039725428,24.78130603484888,24.810620687210697,21204200
2019-04-09,24.57977867126465,24.81062531154231,24.502829791172093,24.81062531154231,29083800
2019-04-10,24.6713809967041,24.784971783398348,24.60542442477859,24.63473907798975,18751200
2019-04-11,24.68969917297364,24.86191925642729,24.49915952899028,24.649392225969628,21828400
2019-04-12,24.75565528869629,25.06345353331898,24.69336375195564,25.045131177525143,30853600
2019-04-15,24.609086990356445,24.784969300807724,24.56878004512825,24.726342795856937,16601400
2019-04-16,24.77031707763672,24.806959000227994,24.609092059115188,24.69703323245416,16260400
2019-04-17,24.737335205078125,24.9755118473634,24.70435552446684,24.92054757674388,21869200
2019-04-18,24.620080947875977,24.83993524858605,24.55778661293552,24.806955565900022,19519000
2019-04-22,25.14040946960449,25.15873183055389,24.77764964672461,24.847268468012807,28329400
2019-04-23,25.100101470947266,25.21369227644288,24.93521141164076,25.15873078707381,20424400
2019-04-24,24.660385131835938,25.136735597384167,24.649390041773543,25.12207827289977,22038200
2019-04-25,24.583438873291016,24.784973634672056,24.52847738891383,24.656725511792946,24121800
2019-04-26,24.2646541595459,24.41122465954323,24.05212707432976,24.403894596963493,33676800
2019-04-29,24.242664337158203,24.37457468356093,24.195027327458035,24.271976194359272,25949000
2019-04-30,24.224348068237305,24.49550168578693,24.19503340806981,24.47718211988215,28654000
2019-05-01,23.74066162109375,24.3049561127604,23.722339264016583,24.23166948005092,44311400
2019-05-02,23.326602935791016,23.73333329353984,23.315610638981497,23.59042784381732,56066000
2019-05-03,23.54279518127441,23.7296726261816,23.491495929041005,23.546460212319538,39249000
2019-05-06,23.56477737426757,23.6417262447739,23.34125942629202,23.3632440191226,40689400
2019-05-07,23.359582901000977,23.377903862932,23.062778285639155,23.28629765547709,30129000
2019-05-08,23.359582901000977,23.55378761350944,23.297291350875543,23.34859060340232,19647400
2019-05-09,23.359582901000977,23.4475254751896,23.0517859880405,23.24965573161505,28819000
2019-05-10,23.46951675415039,23.528143286414007,23.029805181972268,23.359588162205807,26150000
2019-05-13,23.066444396972656,23.37057629311041,22.956517222438524,23.25698548513842,28139600
2019-05-14,23.34859275817871,23.546462520014103,23.169043959965126,23.19102995499125,18484000
2019-05-15,23.46951675415039,23.52081601823114,23.154389708082704,23.216682670037976,20184600
2019-05-16,23.59775733947754,23.68569850744398,23.528135733887805,23.528135733887805,18753000
2019-05-17,23.359582901000977,23.56844494217417,23.330268243671505,23.440196810857227,21111400
2019-05-20,23.37057304382324,23.48050160087351,23.32293882675444,23.36324438016658,16372200
2019-05-21,23.6417293548584,23.70768593762606,23.440197371001403,23.469512029031403,36761000
2019-05-22,23.275304794311523,23.553787043199613,23.198355917384525,23.498822760937607,19274000
2019-05-23,22.494823455810547,22.90521893543149,22.359246639808987,22.8868979707502,47927200
2019-05-24,22.579099655151367,22.76231208655785,22.384894925156463,22.674370902250693,20306800
2019-05-28,22.344581604003903,22.63405749867019,22.31160331982928,22.593750551590137,25861200
2019-05-29,22.20168113708496,22.2163384661738,21.904876513135147,22.03678967933506,33903200
2019-05-30,21.91953468322754,22.20534562242673,21.849914464084115,22.16504006258573,30347800
2019-05-31,21.534786224365234,21.816933495446523,21.534786224365234,21.619063762823327,43797000
2019-06-03,21.80960273742676,21.915866257462003,21.64837633991781,21.68135322772228,36049400
2019-06-04,22.187021255493164,22.23832050360256,21.956173241201185,22.01480255081156,29486800
2019-06-05,21.94151496887207,22.238318129186275,21.809601831932635,22.23098946626748,31763800
2019-06-06,22.34825134277344,22.43252888724242,21.98549014042452,21.98549014042452,64787800
2019-06-07,22.450847625732425,22.59375307384257,22.362905058849428,22.41786933787625,31548200
2019-06-10,22.51680374145508,22.71833709743693,22.48382545427262,22.57176662155941,19675600
2019-06-11,22.56077003479004,22.787952971177862,22.553441372609868,22.714669144974906,19045200
2019-06-12,22.24198532104492,22.46550466949197,22.17236371545013,22.41420402407489,27633000
2019-06-13,22.50214576721192,22.604744258695955,22.23465584455737,22.498482134430173,24383000
2019-06-14,22.355579376220703,22.56077779444425,22.3006164876643,22.55711416099377,15832600
2019-06-17,22.542455673217773,22.604747223274067,22.238322393861164,22.307944006041485,17590400
2019-06-18,22.85391426086425,22.989492442545885,22.64871726856717,22.68902282219719,34444200
2019-06-19,22.82826042175293,22.96017354832977,22.70734098759044,22.82093175940984,17655400
2019-06-20,23.33393096923828,23.37057288947993,23.16903953255152,23.19468915628061,51908000
2019-06-21,23.50255012512207,23.587596941569057,23.369432878315063,23.369432878315063,32712600
2019-06-24,23.29178047180176,23.56171202648049,23.25480267698085,23.4951534063615,20793200
2019-06-25,23.10689353942871,23.299172412039724,23.08100838022801,23.27698714780842,23774600
2019-06-26,23.461870193481445,23.639359347421017,23.280682555395696,23.339845606708888,28653600
2019-06-27,23.28807830810547,23.53212607313543,23.24000788771154,23.46187038991232,21217400
2019-06-28,23.558008193969727,23.58019486582582,23.34354267492745,23.34354267492745,34739200
2019-07-01,23.580198287963867,23.92778106746992,23.521035231653084,23.85012982054173,29772600
2019-07-02,23.203031539916992,23.558009851236683,23.099496551755024,23.509940841337723,24190800
2019-07-03,23.29547500610352,23.31396319621889,23.095799167517164,23.236311951399244,13974600
2019-07-05,23.328754425048828,23.35094109962937,23.158660818273496,23.2104283150696,14726400
2019-07-08,23.362037658691406,23.49145642243636,23.22522333550978,23.29178195988111,17256400
2019-07-09,23.380517959594727,23.395309073475133,23.169749523752827,23.325053398380582,14976200
2019-07-10,23.68003463745117,23.76138436343577,23.37312533346087,23.52842922756252,23534800
2019-07-11,23.72810745239257,23.753991203800062,23.580200503001045,23.750295540111367,25362600
2019-07-12,23.827939987182617,23.909289702971154,23.742891787644645,23.742891787644645,16162800
2019-07-15,23.613475799560547,23.883405901052463,23.5617083055452,23.8686176065768,19077800
2019-07-16,23.362037658691406,23.606085477866696,23.26959528157109,23.56541060624436,21174200
2019-07-17,23.09580421447754,23.417504717129507,23.08101309492965,23.343550529948867,27329400
2019-07-18,23.09950065612793,23.09950065612793,22.85175436257368,22.98487160561075,25509000
2019-07-19,23.20673179626465,23.284384458594342,23.01445290918157,23.12168498567366,19930600
2019-07-22,23.31396102905273,23.39161226665425,23.129076323968164,23.29547284065595,15686200
2019-07-23,23.3768253326416,23.43968546275185,23.24370810351575,23.313963791972828,14537600
2019-07-24,23.47666549682617,23.628270931020204,23.32136157782621,23.34724532923309,19815400
2019-07-25,23.21042823791504,23.594988799348457,23.14017255114794,23.56540656667273,20140800
2019-07-26,23.09210586547852,23.214129068617464,22.99226792987826,23.21043199421392,19307600
2019-07-29,22.999662399291992,23.09210477114561,22.829568773615414,23.07361657888661,16569800
2019-07-30,23.258501052856445,23.313965628990186,22.862847818756187,22.907219761774904,21602600
2019-07-31,23.184547424316406,23.45817605841044,22.99226711926075,23.25850160480838,30556000
2019-08-01,22.659469604492188,23.03663458213041,22.51525975639253,22.929401111804584,50380400
2019-08-02,22.334077835083008,22.88503358711685,22.104819734912343,22.75191634458129,43399800
2019-08-05,21.66849136352539,21.97909778887792,21.513188856128448,21.919934727408805,55153800
2019-08-06,21.64260673522949,21.8496781472592,21.40965298357449,21.72395647041234,33995000
2019-08-07,21.47990798950196,21.58344298693132,21.13602227883037,21.24695283472734,49604400
2019-08-08,22.09741973876953,22.108513780458978,21.52427742454429,21.624115336399026,46535600
2019-08-09,21.853376388549805,22.16398281790497,21.76093401565313,22.115913799600943,29186400
2019-08-12,21.59453392028809,21.83488318836133,21.49839308461211,21.801603885328625,43838000
2019-08-13,21.79421043395996,21.997584755789312,21.38376753763881,21.49839516206065,28695200
2019-08-14,20.94004440307617,21.380069541922865,20.906765096067023,21.3283020444772,47299400
2019-08-15,20.810623168945312,20.928949274268792,20.58506358987292,20.82911276898084,28575800
2019-08-16,21.084253311157227,21.14711343791452,20.851298172612807,20.921555267880898,42798600
2019-08-19,21.550159454345703,21.627812097753004,21.33939101629361,21.38006587461213,27763200
2019-08-20,21.36897850036621,21.472513502964144,21.28762876372005,21.44662975231466,19042600
2019-08-21,21.50579071044922,21.62781530349163,21.42813946609049,21.59083751292189,24074800
2019-08-22,21.409650802612305,21.66479120438792,21.398556760407487,21.579744403796045,18706200
2019-08-23,20.69229888916016,21.35418656896606,20.573972773397585,21.154510719657257,48817800
2019-08-26,20.78104782104492,20.98442077997253,20.69230251340004,20.87349020333555,21610600
2019-08-27,20.6516227722168,20.977020276144835,20.54069222172452,20.89197347374881,23662600
2019-08-28,20.94744300842285,21.05097801837461,20.6553247611347,20.758859771086463,31388800
2019-08-29,21.25434684753418,21.343092132133137,21.087950320510163,21.11013699429952,24663400
2019-08-30,21.25434684753418,21.520581290772604,21.12862518384475,21.33569657420335,26044600
2019-09-03,21.15081024169922,21.19518217532943,20.84759944253581,20.91045956429875,27929600
2019-09-04,21.44663429260254,21.5390766817948,21.383774145020087,21.44663429260254,22381800
2019-09-05,21.712862014770508,21.95321130495117,21.60193005408569,21.63520936017944,29077000
2019-09-06,21.827491760253903,21.853375510780623,21.54646757858153,21.668490772413417,24468600
2019-09-09,22.263818740844727,22.31558623930605,21.960607897949657,22.00497983797957,49514200
2019-09-10,22.52635383605957,22.85175134151418,22.35626023046953,22.4006335793214,51436000
2019-09-11,22.54853630065918,22.82956181535276,22.42651314049456,22.65207127419985,45504000
2019-09-12,22.40802955627441,22.570729027563587,22.0789349501611,22.263819687128905,38119000
2019-09-13,22.585521697998047,22.70384782494866,22.45980001179318,22.555939460981044,28123200
2019-09-16,23.343544006347656,23.53582427505904,23.07361249754852,23.53212579092625,61355600
2019-09-17,23.01814842224121,23.3657311998523,22.86284592923153,23.358335641533955,52900000
2019-09-18,22.90721893310547,22.999661300542893,22.74821794826841,22.85175294841958,23209000
2019-09-19,22.84805679321289,23.09580167084024,22.77779968837753,23.044034168682803,28037000
2019-09-20,22.8667106628418,22.95626759902684,22.75476556020491,22.86297977625289,40300200
2019-09-23,22.874174118041992,22.933878268353823,22.687598470385108,22.71371894718033,18660800
2019-09-24,22.51222038269043,22.82566613281989,22.377885676372458,22.80327796407313,41101000
2019-09-25,22.549537658691406,22.57565814101085,22.35549877327584,22.40773973791474,20248400
2019-09-26,22.254743576049805,22.50102338011932,22.14279846937444,22.44878242523476,28011000
2019-09-27,22.25100898742676,22.422658217335663,22.090553839285253,22.131600703711083,31263200
2019-09-30,22.09055519104004,22.23608395675745,22.068165602676164,22.146527026761063,39616800
2019-10-01,21.579343795776367,22.24728364722408,21.57561148504534,22.165191316114548,32749400
2019-10-02,21.049468994140625,21.50471412687364,20.989764831114943,21.452473162158604,37824600
2019-10-03,21.27708625793457,21.299475847286697,20.762137090509025,20.93378633849781,40914200
2019-10-04,21.41141891479492,21.441270274305147,21.15021275765002,21.36663974034103,20275800
2019-10-07,21.221111297607425,21.52709521029768,21.209917215556995,21.44500290282944,23284800
2019-10-08,20.859161376953125,21.168876262340657,20.829308585202327,21.004690178089632,40038400
2019-10-09,21.049468994140625,21.16514643276642,21.008422115161807,21.045738106715064,17833800
2019-10-10,21.31440544128418,21.37037871507935,21.08678288225773,21.12036656184293,20111400
2019-10-11,21.60172843933105,21.803230482122537,21.49724653127291,21.53456109173389,45127800
2019-10-14,21.59053611755371,21.66889755499118,21.362913579174943,21.445007327038592,24321200
2019-10-15,21.680089950561523,21.896518387721585,21.5196347777592,21.54575667832959,22170000
2019-10-16,21.37784004211425,21.75845456961456,21.370376844697468,21.605462581218696,23910600
2019-10-17,21.39276123046875,21.53455767649993,21.32559389352388,21.46739033955505,22616200
2019-10-18,21.28081512451172,21.50843761254592,21.27708423837008,21.33678838084962,20555600
2019-10-21,21.66143226623535,21.680089546186856,21.29574417004084,21.321864646664785,20948000
2019-10-22,21.94129943847656,22.19131158708573,21.661435921599413,21.728603279526684,39393800
2019-10-23,22.124141693115234,22.16891945211416,21.81069453320423,21.903982361469893,23640800
2019-10-24,22.03085708618164,22.265941422894244,21.91517964977261,22.251016450018483,24233600
2019-10-25,22.20996856689453,22.2734036132599,22.008466495864354,22.03831928718413,23750000
2019-10-28,22.08309555053711,22.41146911545012,22.04578098738171,22.28459760787868,23513200
2019-10-29,22.17264938354492,22.35922503203706,21.926369584473672,22.00100012856237,26936800
2019-10-30,21.72113609313965,22.236085268206804,21.635311467871656,22.22489118509421,31013400
2019-10-31,21.627853393554688,21.66516938519974,21.415157223286258,21.63158570444896,30064800
2019-11-01,22.12041282653809,22.161459705118613,21.71741008589005,21.736067369755883,26620200
2019-11-04,22.840591430664062,22.90775878059722,22.370421404591266,22.374152291383425,43060400
2019-11-05,22.87044334411621,23.07194538620886,22.79581279999384,22.90402701779832,35110200
2019-11-06,22.40400505065918,22.88537058340612,22.340568587600007,22.836860514414905,35655800
2019-11-07,22.73984146118164,22.81074112465689,22.571924502014564,22.631628657675144,26483400
2019-11-08,22.64655303955078,22.67640582833374,22.38907914186469,22.60177527983566,20779600
2019-11-11,22.519681930541992,22.624165269662186,22.3480326623965,22.433857296469245,28961000
2019-11-12,22.40400505065918,22.709989011755848,22.28832763182145,22.58684839588414,25082400
2019-11-13,22.30698776245117,22.38535062958936,22.213699922797616,22.288330479212355,21151200
2019-11-14,22.24728012084961,22.422661687462348,22.142798212293552,22.29952107512764,16233600
2019-11-15,22.41893196105957,22.504756593738023,22.3144486236368,22.340569102127663,18363600
2019-11-18,22.14652442932129,22.303248682568903,22.053236623935,22.27712821093746,25508200
2019-11-19,21.81815528869629,22.094286432324697,21.792034813581687,22.075629153451285,30758200
2019-11-20,22.03832054138184,22.19877574520852,21.67636325505752,21.8106979767226,34290000
2019-11-21,22.400270462036133,22.418929164452905,22.04204558159667,22.11294381101933,31283400
2019-11-22,22.32564353942871,22.52714416480893,22.280864357380413,22.41893136684041,22984000
2019-11-25,22.34803009033203,22.38534607267283,22.213695400823497,22.299520025018577,24672000
2019-11-26,22.142799377441406,22.38534830473425,22.060705631565185,22.377885107521926,26804000
2019-11-27,22.198774337768555,22.24355210099809,22.015929550770515,22.16892154664258,19336600
2019-11-29,21.974878311157227,22.09428660503141,21.892784575321546,22.01592517907507,15660400
2019-12-02,21.974878311157227,22.19130673346616,21.94875783583845,22.04950885069338,30779000
2019-12-03,21.6465072631836,21.818157950756035,21.568145828278816,21.78084196499711,33891000
2019-12-04,21.97115135192871,22.03831870717104,21.76591839911468,21.836816641444067,34853000
2019-12-05,21.866662979125977,22.090554586257834,21.79203386687443,22.064434112277976,21784800
2019-12-06,22.28460121154785,22.35176857485676,21.95622759353316,21.95995848106829,33459200
2019-12-09,22.258480072021484,22.3629620014388,22.112949840170824,22.112949840170824,16812600
2019-12-10,22.303258895874023,22.38535265771392,22.206238736706947,22.33311026706879,17570200
2019-12-11,22.265941619873047,22.4189350484737,22.22116385393064,22.26967393071963,24872400
2019-12-12,22.676403045654297,22.754764471404656,22.27339898729392,22.29951946254404,44981600
2019-12-13,22.504756927490234,22.900296421051745,22.489830532857145,22.754767632027463,22743000
2019-12-16,22.807008743286133,22.896565688228097,22.6540167559156,22.66521226369544,22271800
2019-12-17,22.82193183898925,23.02716475480037,22.73610721686676,22.90402557469736,46292400
2019-12-18,22.907758712768555,23.05328749603973,22.765960816278497,22.795813604364525,25881400
2019-12-19,22.900299072265625,22.974929630611864,22.859252194002217,22.91149458126624,25534800
2019-12-20,23.11996459960937,23.146339932891987,22.92779981443849,22.96924717741056,34839600
2019-12-23,23.357341766357425,23.372412357234275,23.06721169109909,23.09358702181824,26944400
2019-12-24,23.34603881835937,23.44400557199049,23.304591456234505,23.41009422455631,10074800
2019-12-26,23.3385009765625,23.52689701703721,23.308358357507363,23.447771025001288,20312400
2019-12-27,23.240537643432617,23.44777301810061,23.22546561395004,23.42516497387674,21436600
2019-12-30,23.16719627380371,23.372867724187834,23.13227079351845,23.33018086158004,29259000
2019-12-31,23.299135208129883,23.32241787316181,22.98480590720881,23.05077691224113,21444800
2020-01-02,23.508686065673828,23.543610060236112,23.37286411649257,23.45435639780208,23889400
2020-01-03,23.438840866088867,23.791975652062654,23.322421600992,23.722124685137512,59005800
2020-01-06,23.62122344970703,23.741522642030287,23.43883616626925,23.52032845123074,44916200
2020-01-07,23.55913543701172,23.582419582969337,23.28361303800836,23.555255486184908,22925000
2020-01-08,23.17107582092285,23.56301747955161,23.140031772506124,23.53585338206237,38042800
2020-01-09,23.34181785583496,23.365100516665613,22.88778672532201,23.159429117557835,30733600
2020-01-10,23.20987892150879,23.349579336947983,23.182714828479053,23.33017662483132,18302400
2020-01-13,23.2176456451416,23.29137656028429,23.05465956912566,23.174958780462845,17557000
2020-01-14,23.221525192260746,23.248689291068665,23.015853735477204,23.16719699464489,34678000
2020-01-15,23.05077743530273,23.19047786966104,22.984806428773418,23.12062839264801,21661600
2020-01-16,23.089580535888672,23.26420791163828,23.07793920428273,23.18659558015711,16449000
2020-01-17,22.942115783691406,23.163309952020008,22.903310360604003,23.151668621160187,23818200
2020-01-21,22.530776977539062,22.817940712263265,22.49197006721669,22.81406076139716,34709200
2020-01-22,22.313461303710938,22.50361145138437,22.25137173147042,22.488088688241195,29355400
2020-01-23,22.228090286254883,22.297941248550064,21.909881004835658,22.080628459482703,26556000
2020-01-24,21.971969604492188,22.228089294705427,21.801223637794124,22.12719428718664,40781200
2020-01-27,21.362712860107425,21.614952572158764,21.33554876561969,21.52957885786469,43365000
2020-01-28,21.459732055664062,21.59167260311585,21.37435980519461,21.483016204155227,28600200
2020-01-29,21.23465347290039,21.65763912730961,21.20748937879144,21.580026795427425,27490800
2020-01-30,21.405397415161133,21.428681556645948,20.95912765885992,21.013457322324488,48861000
2020-01-31,20.737937927246094,21.102715486794903,20.62928153776293,21.044505860810474,66861000
2020-02-03,20.466297149658203,20.741819557249165,20.392564758660413,20.71077402833804,42578400
2020-02-04,20.540027618408203,20.92420640825799,20.50122218843648,20.761221825978023,39639600
2020-02-05,21.31226921081543,21.386001609157933,20.86988074209019,20.881523556757788,68764000
2020-02-06,21.094953536987305,21.413162795052816,21.06002805840293,21.413162795052816,30801200
2020-02-07,20.94749641418457,21.03675011235272,20.838839995602942,20.93585507800302,27386600
2020-02-10,20.84271240234375,20.889280690877268,20.714653309706936,20.83883245179869,29281200
2020-02-11,21.07555389404297,21.15704619583989,20.98241877746617,21.1260006635368,27689200
2020-02-12,21.35883903503418,21.47913677931328,21.18421160586648,21.38988308892369,34399600
2020-02-13,21.292863845825195,21.4131630468822,21.168684693916404,21.300625227861023,23949800
2020-02-14,21.180322647094727,21.382112612394547,21.048382143425204,21.36659133221666,25040000
2020-02-18,21.00569725036621,21.176443190895483,20.81166716690165,20.994054438732537,32629400
2020-02-19,21.28510475158692,21.37047848282507,21.02898503820485,21.145404300923225,24910800
2020-02-20,21.26181983947754,21.498536810869133,21.20749164545303,21.33943217965496,26101600
2020-02-21,21.009580612182617,21.07943157199868,20.834953212642457,21.06002885656806,27616400
2020-02-24,20.0394287109375,20.33435529515825,19.977339137469794,20.217936049615627,66075000
2020-02-25,19.154653549194336,20.10928137763337,19.030474391690024,20.09375861286224,85674600
2020-02-26,18.576446533203125,19.317641662418897,18.56868514940165,19.22450801746642,97656600
2020-02-27,17.583009719848633,18.44450243193779,17.575248337535648,18.09524910984726,122557400
2020-02-28,17.567489624023438,17.78868387238364,16.88838411195869,17.02808605415093,137511600
2020-03-02,18.277637481689453,18.30092162998978,17.4355474359816,17.959428189913616,73285400
2020-03-03,17.718830108642578,18.62301115847287,17.52092004195098,18.382412749136662,97190600
2020-03-04,18.13793563842773,18.141815589346628,17.722709834156237,18.09912872757735,48969000
2020-03-05,17.47435188293457,17.699427529466806,17.183306707107775,17.61793523551506,58774600
2020-03-06,16.492555618286133,17.031958965184028,16.24419737053446,16.880615750481102,123034800
2020-03-09,13.170762062072754,14.13703256791302,13.089269779021633,13.60927048282212,133113800
2020-03-10,13.795540809631348,14.28837747684186,12.945689443212624,14.230167850507687,96862200
2020-03-11,13.06598663330078,13.601510140592357,12.85643524377993,13.368674605421528,86954600
2020-03-12,11.43613338470459,12.417925919146926,11.401207908843704,12.103597376565018,77658200
2020-03-13,12.491658210754396,12.50330102422441,11.17613427422903,12.40240453592316,68196800
2020-03-16,10.79195499420166,12.076434912838431,10.737626797822085,10.8462839307474,80467200
2020-03-17,10.86568546295166,11.323596611602625,10.458222554157407,10.896730248953451,90887200
2020-03-18,9.305683135986328,10.314639773403533,8.87881678090604,10.105087656648598,104271600
2020-03-19,9.93822193145752,9.977027359217676,8.917623193777883,9.441504610366971,104453000
2020-03-20,10.035239219665527,10.415538121807378,9.608372757591535,10.19046318582891,116714400
2020-03-23,9.351250648498535,10.03365042528132,9.184618232857238,9.970170725139624,96520400
2020-03-24,10.850945472717283,10.906489374805057,10.07729458952574,10.07729458952574,89022200
2020-03-25,11.362741470336914,11.902313246323423,10.608928449415505,11.088988810516136,104869800
2020-03-26,12.057042121887209,12.299056047556812,11.334968629849165,11.477796619651375,93836200
2020-03-27,11.239749908447266,11.58888405999322,11.172303443671176,11.553177820268106,73056800
2020-03-30,11.354806900024414,11.453992841385908,10.747788666469749,11.088988546906464,84254800
2020-03-31,11.529373168945312,11.902312506017894,11.299261824098112,11.672201161170694,68701200
2020-04-01,10.958062171936035,11.29926126567046,10.803331602429354,11.156434037232478,47653000
2020-04-02,11.961824417114258,12.60058212378553,11.21197894005054,11.509536765136607,146256200
2020-04-03,11.834868431091309,12.422049118494616,11.49763602389049,12.33873327733672,127668600
2020-04-06,12.46172332763672,12.54503992334889,11.938021606230324,12.100686511917802,76041400
2020-04-07,12.72754192352295,13.437712180488,12.70373675050419,13.076675380386408,103019000
2020-04-08,13.576571464538574,13.620213518726384,12.890204965972217,12.997324445487571,83811600
2020-04-09,13.453579902648926,14.465276117389722,12.941780124718171,14.100272610108933,182655200
2020-04-13,13.409939765930176,13.973316733325763,13.195697756633653,13.921739616986056,67685600
2020-04-14,13.34645938873291,13.640050427033891,13.259175280205564,13.477385551523929,72648200
2020-04-15,12.719606399536133,12.846564290733438,12.32286185445147,12.814824061205387,73421000
2020-04-16,12.176067352294922,12.72754174517516,12.160197237171468,12.687866457366525,64605800
2020-04-17,13.46945095062256,13.485321064247524,12.422046909963468,12.429981966775951,91706800
2020-04-20,13.048905372619627,13.52896508217406,12.608520200591489,12.675966687367527,112790000
2020-04-21,12.818791389465332,13.052870267655315,12.45378634443437,12.671995865773996,120861600
2020-04-22,13.275044441223145,13.485319640916764,13.096509465429383,13.39803553864933,73753200
2020-04-23,13.703533172607422,14.024894727897092,13.544835024556388,13.679727996362455,83207200
2020-04-24,13.735268592834473,14.100273640238829,13.51705982680464,13.977282529387631,64859200
2020-04-27,14.032824516296388,14.132010443212309,13.322654429805825,13.63211403747721,46576000
2020-04-28,14.354191780090332,14.441475906325534,14.012991846761002,14.243103992851047,59138000
2020-04-29,15.41746425628662,15.469041373874514,14.814413500778702,14.826315330430722,71075000
2020-04-30,15.07626247406006,15.50474644978232,14.854085429597705,15.50474644978232,84040200
2020-05-01,14.22326374053955,14.877891575232749,14.048697024234814,14.766803802444043,58531800
2020-05-04,14.71522617340088,14.72712800193858,13.8939667082379,13.961412421228,52780400
2020-05-05,14.727128982543944,15.441267498046466,14.675553379808182,15.318277892414706,68733400
2020-05-06,14.342289924621582,14.925502320070164,14.330386580682672,14.798544416744106,47350200
2020-05-07,14.71522617340088,14.99294710912022,14.612073461340328,14.746964887320534,48469400
2020-05-08,15.385722160339355,15.393657216964364,14.973109810040048,15.060392406000531,49646200
2020-05-11,15.115939140319824,15.326214396904644,15.044525130680842,15.282572333963312,46531400
2020-05-12,14.850123405456545,15.28654106384094,14.830286514340484,15.266704172724882,56129000
2020-05-13,14.175652503967283,14.77076806591448,14.07249980581758,14.750931183207667,68994800
2020-05-14,14.334352493286133,14.469245432419392,13.60831068497723,13.925705390744508,61968400
2020-05-15,14.27880573272705,14.635874137243144,14.151846362536691,14.338316376751216,54427800
2020-05-18,15.445235252380373,15.544421195941274,15.056426535236518,15.096100307277924,73139600
2020-05-19,15.012778282165527,15.51267456548478,15.00087645815645,15.465065755991702,53940600
2020-05-20,15.611867904663086,15.63963984955099,15.24289605005808,15.322245112648158,54521200
2020-05-21,15.361921310424805,15.722958128806122,15.238930180453613,15.659479177666247,56241800
2020-05-22,15.266700744628906,15.282570859341272,14.953272789618127,15.238928800610982,38495000
2020-05-26,15.691216468811035,15.853881360897669,15.651542695505004,15.754695414175153,74888600
2020-05-27,15.8935546875,16.012577506196383,15.4492006112962,15.921326628080582,71225600
2020-05-28,15.449200630187988,15.933228475396715,15.373819864728128,15.933228475396715,54356800
2020-05-29,15.377788543701172,15.492844605351769,15.05642704431099,15.314309598214196,71500400
2020-06-01,15.647577285766602,15.734861419229624,15.147680688336822,15.353987677049057,47680000
2020-06-02,16.0839900970459,16.099860208409613,15.798334146327491,15.818171028803576,50318400
2020-06-03,16.556116104125977,16.63149686995212,16.306167123923323,16.3379073496126,54601800
2020-06-04,16.560081481933594,16.623560408711125,16.2268167379873,16.4648623350388,54849400
2020-06-05,17.789993286132812,17.95265819487403,17.373412569937752,17.389282686268015,100393400
2020-06-08,18.591413497924805,18.59934855502231,18.0240697798411,18.43668366816696,95069400
2020-06-09,17.89314079284668,18.04787211171853,17.647160115352992,17.99629500542791,87399000
2020-06-10,17.012374877929688,17.742383543777162,17.00443982017012,17.726513428258027,80977000
2020-06-11,15.409526824951172,16.282363350137686,15.357949715308433,15.826107446632369,96304400
2020-06-12,15.79833984375,16.20301874872311,15.36985727660402,16.087962670028688,85635000
2020-06-15,15.845945358276367,16.008610240659443,14.957240176193276,15.12387183028735,65694800
2020-06-16,16.302202224731445,16.623565236185918,15.8380112081861,16.59976006418496,64083800
2020-06-17,15.746759414672852,16.24268911861331,15.74279264296256,16.23872234690302,46736000
2020-06-18,15.941168785095217,16.115735542693635,15.492847789143346,15.588066983670144,36937800
2020-06-19,15.699151039123535,16.44106147382335,15.68328092491049,16.437094701998785,53934200
2020-06-22,15.771880149841309,15.824118653425126,15.438359400706446,15.62320298272651,38896400
2020-06-23,15.787955284118652,16.049144761333952,15.739734414867929,16.00896223649008,29611600
2020-06-24,14.91196060180664,15.546853293354651,14.811502771325989,15.54283565459596,64726000
2020-06-25,15.197260856628418,15.253516997861208,14.694971691528682,14.771319092792483,48034400
2020-06-26,14.670862197875977,15.088767177848757,14.602551602829552,15.088767177848757,67722200
2020-06-29,14.867759704589844,14.996345611838183,14.642733600472786,14.707026554096956,38905600
2020-06-30,15.209318161010742,15.297721561179234,14.594516598041205,14.747212962096285,41886800
2020-07-01,14.839632987976074,15.474525771369532,14.81954172554645,15.269592442003276,49146800
2020-07-02,15.00438117980957,15.353973990379538,14.972233939227836,15.14502152519266,41558400
2020-07-06,15.048585891723633,15.37808750954365,14.859724647534682,15.269592850086068,45084400
2020-07-07,14.57040786743164,14.879818271377058,14.546298961192615,14.859727005222751,41821800
2020-07-08,14.558350563049316,14.795431136114566,14.437801456867762,14.570405013807958,41301800
2020-07-09,13.839075088500977,14.53424333829044,13.823002994895242,14.494060804978025,61087200
2020-07-10,14.281087875366213,14.297161498749023,13.758707378345472,13.758707378345472,50456000
2020-07-13,14.204741477966309,14.469950179880383,14.096248332839734,14.413694020817609,74447600
2020-07-14,14.703014373779297,14.731142455628673,14.06811987977226,14.108303948746723,68442200
2020-07-15,15.020458221435549,15.116896899417794,14.799451257122318,15.076714372402716,51805000
2020-07-16,14.9521484375,15.145027356662473,14.731141438430422,14.920002717405616,37645600
2020-07-17,14.743191719055176,15.16511586397431,14.678898764198015,15.000365071348776,35433800
2020-07-20,14.498080253601074,14.859727658883015,14.486024267085885,14.690959176324528,40153000
2020-07-21,15.374066352844238,15.490597809020326,14.727119184780069,14.747210445153382,72340400
2020-07-22,15.185210227966309,15.209319132923664,14.964203246287358,15.209319132923664,39243400
2020-07-23,15.157081604003906,15.23342902172605,14.964202706970166,15.132971167050234,42087800
2020-07-24,15.0726957321167,15.382106106224867,15.016439579163432,15.157081494411802,39901200
2020-07-27,15.088768005371094,15.157080137028984,14.863743413709964,15.0526031198734,36462000
2020-07-28,14.831597328186035,15.145025338449736,14.791414800206397,15.000367318003926,35553800
2020-07-29,15.141010284423828,15.153064738303218,14.77132452584624,14.871782395815686,34430000
2020-07-30,14.546295166015623,14.831595056420973,14.417709256738146,14.823558245483012,65667400
2020-07-31,14.477986335754396,14.494059961289883,14.184649567625568,14.32529149176315,49548200
2020-08-03,14.530220985412598,14.610587558836944,14.353415750170951,14.473964843875024,42206800
2020-08-04,14.883833885192873,14.915979596779763,14.46994654363236,14.482002526734304,45144200
2020-08-05,15.040553092956545,15.22941438753586,14.90393032232022,15.177175863592865,61517400
2020-08-06,14.920000076293944,15.0927876982027,14.863743926438095,14.956164963039154,38381400
2020-08-07,14.940089225769045,14.976254107397857,14.614605291109726,14.78739288857351,36753200
2020-08-10,15.40219783782959,15.410233116668312,15.016438540371755,15.052603426606394,52616200
2020-08-11,15.349957466125488,15.884392350245284,15.27762770243034,15.703569473872328,53026200
2020-08-12,15.502655029296877,15.683477919958834,15.337902695632812,15.58302007720662,51065400
2020-08-13,15.201282501220703,15.506673688820277,15.165117614135808,15.378087764266231,31522000
2020-08-14,15.345938682556152,15.370049115352794,15.024473909592352,15.080730053252898,26559400
2020-08-17,15.257537841796877,15.357995685826898,15.173152087834216,15.349958874360691,28511600
2020-08-18,15.064659118652344,15.349959030716075,15.020457421570484,15.201281849239423,28697600
2020-08-19,14.89187240600586,15.120916183994009,14.84365153379192,15.052604048123507,29587800
2020-08-20,14.57040786743164,14.76730595462067,14.56639022734692,14.670865731068517,38215400
2020-08-21,14.477986335754396,14.542279305031052,14.341363584433338,14.514151226776596,34695600
2020-08-24,14.87580108642578,14.980276593343865,14.477987259791664,14.566390673013778,49654000
2020-08-25,14.666844367980955,14.976254693386268,14.594514601893223,14.95616343233189,40237000
2020-08-26,14.35743236541748,14.646751395971716,14.337341106710054,14.646751395971716,36002400
2020-08-27,14.385563850402832,14.48200406111138,14.208758585779831,14.361454947374556,44519400
2020-08-28,14.642735481262209,14.686937179968494,14.369490010046178,14.441819783771898,29150200
2020-08-31,14.325288772583008,14.68291844210438,14.32528877258301,14.662827180431329,37583000
2020-09-01,14.228851318359377,14.293144287848149,14.05204603548158,14.260998569536415,36521000
2020-09-02,14.16053867340088,14.309215856559833,14.072135278236864,14.224831633647865,47700400
2020-09-03,14.05606174468994,14.42574741811893,13.971677521239284,14.132409156450288,78884600
2020-09-04,14.011858940124512,14.297160367568823,13.839071334592804,14.2007201677673,68682000
2020-09-08,13.501534461975098,13.810944824723776,13.348839633240798,13.746651861871136,98437600
2020-09-09,13.59395694732666,13.730578151269109,13.54573607584271,13.654230737383893,49955200
2020-09-10,13.095685958862305,13.650213744266338,13.07157552197858,13.634140119677188,74006600
2020-09-11,13.107738494873049,13.19212424519856,12.999243844053089,13.123812117112667,50794600
2020-09-14,13.208197593688965,13.328746706247893,13.051483594075844,13.143904631466526,38888400
2020-09-15,13.111761093139648,13.417152331170216,13.071577027039975,13.296603198601977,51220800
2020-09-16,13.638155937194824,13.814962718321874,13.115775470764463,13.22828776212531,71772200
2020-09-17,13.65825080871582,13.670305260947623,13.288565100666355,13.42117020667716,44713400
2020-09-18,13.50555419921875,13.658250567204254,13.36893145583492,13.650213754903415,52812800
2020-09-21,13.057901382446287,13.209025391639305,12.837342923051173,13.176349256426162,61439200
2020-09-22,12.923114776611328,13.27437542167838,12.89860845550304,13.066069744653168,44697400
2020-09-23,12.33904266357422,13.021141399557113,12.322705375147374,12.97212875523464,52969200
2020-09-24,12.33495807647705,12.55960103541239,12.065386214137892,12.294113689659204,70487600
2020-09-25,12.326787948608398,12.420729484617528,12.130735844143656,12.208339315259815,55116800
2020-09-28,12.616780281066896,12.755650702092806,12.535092302196302,12.551429586353729,52752000
2020-09-29,12.26960563659668,12.6086126749425,12.147072493446018,12.580021062878105,47601800
2020-09-30,12.232847213745115,12.490165520326991,12.175664761916584,12.347210559318455,49149000
2020-10-01,11.85707950592041,12.151157663024264,11.783559771883992,12.098060510132305,56730400
2020-10-02,11.971443176269531,12.073553747699089,11.518072768870748,11.538494571539925,57410400
2020-10-05,12.3308744430542,12.33904269776929,12.049049010772192,12.077639849879857,63144400
2020-10-06,12.147072792053224,12.580021372128332,12.114397442218154,12.510586156348587,62223200
2020-10-07,12.318618774414062,12.351294124782198,12.077637773308387,12.216508207133414,42086000
2020-10-08,12.780159950256348,12.788328204190488,12.363548616982603,12.420730289730894,61126200
2020-10-09,12.575939178466797,12.92719903754238,12.555516595412358,12.894523683697164,51035800
2020-10-12,12.608613014221191,12.653541133447789,12.404391882516578,12.535093282160844,33369200
2020-10-13,12.41256046295166,12.682132301585264,12.375800595952366,12.608613346628491,50767600
2020-10-14,12.46566104888916,12.755654751356696,12.416647622774178,12.44115394631068,54488000
2020-10-15,12.616780281066896,12.620864796866684,12.142987354875572,12.25326694434469,40707800
2020-10-16,12.3308744430542,12.608615358457692,12.310451858661626,12.592277290943631,37423000
2020-10-19,12.06946849822998,12.437067156281076,12.057215728989467,12.375800193911369,50372000
2020-10-20,12.21242618560791,12.318621290757436,12.057218434415196,12.138906437501165,45980600
2020-10-21,11.97961139678955,12.212423359218633,11.97552688072426,12.142988144192255,49315200
2020-10-22,12.473830223083496,12.490167512610537,11.922432873550688,12.000036362127595,65648400
2020-10-23,12.41256046295166,12.612697083813469,12.25735274154272,12.539178128856696,49975400
2020-10-26,11.967358589172363,12.216508631280812,11.848910732116137,12.20017134505043,60802000
2020-10-27,11.81215000152588,11.959189462068592,11.783559168429637,11.955104946048875,43193600
2020-10-28,11.317934036254885,11.595674882624136,11.252583340525852,11.52215515516854,81098200
2020-10-29,11.66511058807373,11.701870453357804,11.019771856147006,11.170895833319506,74504200
2020-10-30,11.730462074279783,11.738631106900757,11.448637460232831,11.583423382311498,75799400
2020-11-02,12.130738258361816,12.290030527561,11.669197960824851,11.889757206523996,83786200
2020-11-03,12.061302185058594,12.343126829504882,11.95102256990557,12.334958575044665,69755000
2020-11-04,12.077640533447266,12.36763501589934,11.750886955091952,12.077640533447266,87227400
2020-11-05,12.077640533447266,12.318621589625051,12.053134209831112,12.093978601886022,63591600
2020-11-06,11.816235542297363,12.25735318313924,11.767222124851893,12.077638357894967,66446400
2020-11-09,13.50310230255127,13.801264979204888,13.19268529803268,13.233530460776516,198713400
2020-11-10,13.940135955810549,13.940135955810549,13.470426693623676,13.75633661155987,146676200
2020-11-11,13.797179222106934,14.119848985607328,13.666477821868424,14.091258151685375,93085000
2020-11-12,13.35197639465332,13.748165869896406,13.209022232495254,13.556197516641136,77169600
2020-11-13,13.83802604675293,13.907460492313778,13.437752765650972,13.454089274081667,78865400
2020-11-16,14.748849868774414,14.781524438508905,14.25054982613432,14.426180117947354,95865400
2020-11-17,14.899975776672363,14.908144810113717,14.364915771892354,14.556884162554612,78020200
2020-11-18,14.46702766418457,15.083776501201084,14.46702766418457,15.026594820012043,82000400
2020-11-19,14.7039213180542,14.732512151525953,14.217875590950824,14.36491349534117,65872400
2020-11-20,14.626322746276855,14.73251708356809,14.52421214738432,14.667166362600232,39506400
2020-11-23,15.659674644470217,15.680096443680537,14.838706474781342,14.855042979299556,76324600
2020-11-24,16.46430778503418,16.50923512408954,16.043611204801874,16.18656692825144,106932000
2020-11-25,16.08037757873535,16.358118547938837,15.990521306170114,16.358118547938837,71352400
2020-11-27,15.892491340637209,16.121219611279038,15.765873654697002,15.99051818750767,37510800
2020-11-30,15.014337539672852,15.73728056284138,14.9898320000261,15.716858760441204,83087200
2020-12-01,15.08377456665039,15.516723974257642,15.059267467247947,15.430949905390978,68935600
2020-12-02,15.573904991149902,15.810800709712032,14.985747094971977,15.034761291709264,75483600
2020-12-03,15.737278938293455,15.929247288822392,15.484045186888377,15.64333741048324,72975400
2020-12-04,16.595012664794922,16.607265436374362,16.02319276713499,16.02319276713499,103700400
2020-12-07,16.20699119567871,16.43571945315586,16.051782679601942,16.39895958245567,69313200
2020-12-08,16.447967529296875,16.611343473933605,16.002765470372193,16.00684920680269,57854600
2020-12-09,16.484729766845703,16.885002992343498,16.284592375055023,16.615431164637492,86691800
2020-12-10,16.991195678710938,17.187249314846778,16.46022110589186,16.50514999925285,77604400
2020-12-11,16.795146942138672,16.88092100929457,16.558251218308328,16.8768357137671,56152200
2020-12-14,16.20699119567871,17.05655040129537,16.14572422515047,17.052466663699253,79884400
2020-12-15,16.52557373046875,16.60726249539446,16.145722297935254,16.29684705837708,58671800
2020-12-16,16.44388198852539,16.62768128681212,16.32951867318401,16.56641589277209,47628800
2020-12-17,16.36628532409668,16.59501360777447,16.268260029723315,16.5909283116266,46363400
2020-12-18,16.092628479003906,16.423465770235676,15.966010795370655,16.333609516832453,73140400
2020-12-21,15.782197952270508,15.91878578002078,15.322763153713462,15.48418584965572,80158800
2020-12-22,15.517295837402344,15.802889658119463,15.500739261989832,15.74908157748977,50185800
2020-12-23,15.86083984375,16.080208993613176,15.64560904925758,15.649748983550646,53931800
2020-12-24,15.778057098388672,15.881533341440134,15.620774345774407,15.881533341440134,22903000
2020-12-28,15.678722381591797,16.03468094646764,15.633192577397583,15.836005150179748,37824600
2020-12-29,15.57524585723877,15.819449874552792,15.500742829656708,15.773920071150169,37968600
2020-12-30,15.819452285766602,15.968458363642352,15.550413358610657,15.587664878079597,56436600
2020-12-31,15.687000274658203,15.815309815318328,15.616635602976787,15.749085077871149,36309800
2021-01-04,15.711833953857422,16.001567779466942,15.52557638175685,15.869118301289276,67717600
2021-01-05,16.41547203063965,16.845933604173737,15.86911756381648,15.88153420840538,95473400
2021-01-06,16.916292190551758,17.07357648878902,16.523082234419526,16.73831296387003,86262800
2021-01-07,17.16463851928711,17.3384778377463,16.88732138598814,17.06530063808039,51457200
2021-01-08,17.14394760131836,17.384013304839453,17.0073597463915,17.384013304839453,62744000
2021-01-11,17.412982940673828,17.483347610569776,16.676232557903322,16.771430516885403,46890400
2021-01-12,18.02142333984375,18.116621296468804,17.491623887904826,17.62407493508121,87947200
2021-01-13,17.880699157714844,18.0917900465395,17.744109728122844,18.08351175575309,54764400
2021-01-14,18.410493850708008,18.625724635972134,17.97589392498644,17.992450503604196,83314600
2021-01-15,17.694438934326172,18.087649004206767,17.520599590397946,18.083509069967167,95497000
2021-01-19,18.05039596557617,18.17456714059396,17.851721769763287,17.909668212843442,55619400
2021-01-20,18.11662483215332,18.249074326256665,17.93864552840398,18.20354451661067,50725600
2021-01-21,17.504039764404297,18.10834057966439,17.342617095293093,18.01728099035161,59968000
2021-01-22,17.412982940673828,17.462651097768337,16.978383013521814,17.119110774391462,50444600
2021-01-25,17.235002517700195,17.28881060533496,16.92043543851986,17.222585873985302,81823200
2021-01-26,16.86663246154785,17.64891283106319,16.85835417025552,17.38815218158387,54999600
2021-01-27,16.638980865478516,17.102554010834456,16.35338541269742,16.589312708920936,99867200
2021-01-28,16.833515167236328,17.03632930684306,16.622424317290097,16.77556872132647,57248200
2021-01-29,16.274749755859375,16.81282611471432,16.21266335413955,16.597595255387784,63069000
2021-02-01,16.390634536743164,16.556197139709056,16.117457347094845,16.47341583822611,61021400
2021-02-02,16.568618774414062,16.9659688254689,16.568618774414062,16.78384959154971,63929000
2021-02-03,17.27639389038086,17.321922110121772,16.5934500682794,16.655536444442127,74385600
2021-02-04,17.4667911529541,17.470929508189723,17.098415959015764,17.40470477196398,48327800
2021-02-05,17.61579704284668,17.797914671068863,17.56612730694061,17.739968224767363,48196400
2021-02-08,18.352548599243164,18.439468274261618,17.85586226083119,17.872418840526805,62368200
2021-02-09,18.15801239013672,18.26562857719123,17.917948304800753,18.207682128279867,64798800
2021-02-10,18.505691528320312,18.52224810668661,18.104204765931865,18.22009765665156,58451000
2021-02-11,18.22010040283203,18.45188779812922,17.835168581869755,18.447747863452555,49632600
2021-02-12,18.489133834838867,18.50569041220661,18.058673875732364,18.09178545154573,47400800
2021-02-16,18.95270538330078,19.17207447080208,18.82025594417677,18.915453879864536,76593400
2021-02-17,19.23416328430176,19.35833445191984,18.86992649088959,19.147242045939244,68964400
2021-02-18,18.799560546875,19.188632178839743,18.74161411120075,19.15138067320316,61360200
2021-02-19,19.114131927490234,19.188634949521024,18.80370319533601,18.82439812836185,54404200
2021-02-22,19.7763786315918,20.061974066639934,19.209329274245032,19.242442429175536,75644600
2021-02-23,20.103364944458008,20.161311389584377,19.25072010909543,20.01230534273245,98370800
2021-02-24,20.81528282165528,20.935315650554603,20.06611420350549,20.2358151902892,77748800
2021-02-25,20.41379165649414,21.030510716110022,20.27306391275829,21.030510716110022,75887800
2021-02-26,19.929527282714844,20.19856459752644,19.341781335099377,20.14061814753386,90308800
2021-03-01,20.446908950805664,20.728364495278985,20.306181178569,20.45518566188808,69391600
2021-03-02,20.33514976501465,20.686968325883846,20.32273154337928,20.52140730032505,74468200
2021-03-03,20.63316345214844,21.100876540477373,20.480019045480866,20.48415897964397,82574400
2021-03-04,21.125713348388672,21.506505222400342,20.624888635381943,20.8194229280086,107573800
2021-03-05,21.91627311706543,21.965941281882216,21.18366097559724,21.725877169499004,112395800
2021-03-08,21.957658767700195,22.247392568092344,21.638951745161044,22.13149967950436,100610000
2021-03-09,21.572729110717773,22.148056833501062,21.419584696051984,21.833489714333183,118889600
2021-03-10,22.119083404541016,22.19358643345831,21.502365817186245,21.60584207080223,78416600
2021-03-11,22.12735748291016,22.50401091122886,22.07768933272583,22.164608990278907,50797400
2021-03-12,22.17289352416992,22.37156775979223,22.007330871690097,22.16875516837304,59786800
2021-03-15,21.92041015625,22.18530912459149,21.655511187908505,22.123224317030303,60452600
2021-03-16,21.2954158782959,21.57687144839021,21.162966384007103,21.556176510955567,77287000
2021-03-17,21.460973739624023,21.564449990208367,21.051208671506497,21.23332630412292,64552200
2021-03-18,20.4965763092041,21.36577619967557,20.409656635941417,21.27057823673229,87207200
2021-03-19,20.500715255737305,20.84011724781669,20.22339964859147,20.48829861031954,81158600
2021-03-22,20.304119110107425,20.53418194095037,20.262288489070045,20.45470615449191,59561800
2021-03-23,20.007125854492188,20.45470305999246,19.7686953398378,19.894185588290046,103196200
2021-03-24,20.509078979492188,20.785154633867755,20.31248068946733,20.31248068946733,81630800
2021-03-25,20.584373474121094,20.64293473760996,19.839806102891703,20.16607691128665,80670200
2021-03-26,21.09469985961914,21.123980497010496,20.71823224219447,20.95666120133841,72348600
2021-03-29,20.843721389770508,21.02358746877449,20.588560195659653,20.914831049414527,47286200
2021-03-30,20.66385269165039,20.88554937917798,20.509081800664248,20.63038819770477,53392200
2021-03-31,20.521629333496094,20.714045363684683,20.44215196770211,20.62201961199679,48097400
2021-04-01,21.04449844360352,21.05286456546378,20.50489555117596,20.6136519440102,65039600
2021-04-05,20.54254531860352,21.00685477815213,20.421238927326435,21.002670918770264,53372200
2021-04-06,20.4881649017334,20.919009839178145,20.454702007363032,20.642934179005103,53257800
2021-04-07,20.55927467346192,20.66384880385455,20.42123605541983,20.496529556956496,49888600
2021-04-08,20.29156875610352,20.41705902125329,20.05732366526394,20.4128751613883,63766600
2021-04-09,20.1577091217041,20.463065395842307,20.06568497054885,20.287381619903044,44373400
2021-04-12,19.998756408691406,20.47979643035772,19.92764517333885,20.33339329238852,39196200
2021-04-13,20.019670486450195,20.12842687294717,19.81888836052728,19.96529149536446,44825400
2021-04-14,20.576005935668945,20.847899321073847,20.17444164593911,20.195356153506875,66767800
2021-04-15,20.4086856842041,20.601101682438618,20.325026068896875,20.601101682438618,49686200
2021-04-16,20.24555397033692,20.60947152765746,20.16189433991244,20.55927638767266,57189000
2021-04-19,20.22463798522949,20.437970123853564,20.02803968759866,20.28738310733651,40827800
2021-04-20,19.68921661376953,20.18280662361767,19.48843448029013,20.15352599554825,72574000
2021-04-21,19.9401969909668,20.0113082385627,19.34621661959713,19.43824237683601,56991000
2021-04-22,19.705955505371094,20.04477477181789,19.639028104965234,20.036410242982868,50062800
2021-04-23,19.885820388793945,19.97366229024983,19.605560842090817,19.7226849730402,33897800
2021-04-26,20.019670486450195,20.170257479811003,19.81052223915452,19.81052223915452,35891800
2021-04-27,20.262285232543945,20.333396479041067,20.002941806493663,20.094967562310604,42268800
2021-04-28,20.960844039916992,21.040319823867048,20.39614264129823,20.41287488918508,65874000
2021-04-29,21.195087432861328,21.45443246734515,20.935743994052363,21.262016419057044,66042400
2021-04-30,20.65966415405273,21.182534785996463,20.61365128313376,20.89391077160636,58519000
2021-05-03,21.22854995727539,21.282928955679004,20.83116791480229,20.898095299116463,45740000
2021-05-04,21.241100311279297,21.42933409575205,20.99848911903929,21.27038094490008,53917600
2021-05-05,21.92710304260254,21.99403201835257,21.50462425506542,21.50462425506542,79621200
2021-05-06,22.040042877197266,22.040042877197266,21.517172231637385,21.92292036320772,58710400
2021-05-07,22.433244705200195,22.47089145900028,21.734688628170822,21.8141659949014,63196200
2021-05-10,22.44161605834961,23.06487717737022,22.42488380927756,22.71350792523256,68998000
2021-05-11,21.86436462402344,22.28684351015809,21.67194856086013,21.97312104364945,113531800
2021-05-12,21.968935012817383,22.61729434663506,21.86854313865043,21.977301135304188,82195600
2021-05-13,21.70122718811035,22.10697378884718,21.4084192606692,21.70540945184637,79698200
2021-05-14,22.37468719482422,22.45834524336453,21.939658321444643,21.939658321444643,57183600
2021-05-17,22.89337539672852,22.9017415211853,22.261748159154504,22.295211061306563,67404200
2021-05-18,22.362133026123047,22.94356497131319,22.320304009680832,22.85990693842876,70435400
2021-05-19,21.805797576904297,22.052592582353533,21.50044131519161,21.83926046805146,87969600
2021-05-20,21.772336959838867,21.872728842472853,21.462798380094192,21.797435329416075,56522600
2021-05-21,21.81835174560547,22.14462260023789,21.801619497758946,21.989853296844945,50539800
2021-05-24,22.035863876342773,22.086059018958583,21.72214144256304,21.96893648763009,48020400
2021-05-25,21.588285446166992,22.040044895550565,21.5548209558628,21.981483633192944,48558600
2021-05-26,21.780704498291016,21.86018028027073,21.50881106173288,21.6092029508901,39554400
2021-05-27,21.79743385314941,22.065143394475854,21.67612746858752,21.86854350195655,39053600
2021-05-28,21.839262008666992,21.948020002835182,21.722139487877868,21.9187393726379,37125400
2021-06-01,22.68004035949707,22.730235500717463,22.25755993350736,22.270109915568533,72570200
2021-06-02,23.102519989013672,23.211277993707427,22.55036862946409,22.818078186133604,67893400
2021-06-03,23.165266036987305,23.29493696109596,22.85990971202111,23.00631288300665,58761600
2021-06-04,23.32003402709961,23.416242047748373,22.97703096368236,23.31585176345175,52658800
2021-06-07,23.219640731811523,23.458071232751145,23.18617783764393,23.31585034227078,40070400
2021-06-08,23.42042732238769,23.46225634409325,22.8640920787894,23.1401677708008,57553000
2021-06-09,23.274019241333008,23.587741646481835,23.261470855742942,23.48735137041202,56052200
2021-06-10,23.244733810424805,23.69649474646051,22.997938838851447,23.587736774892942,57353800
2021-06-11,23.165266036987305,23.45807397463328,23.1359854027902,23.32840145484973,38091400
2021-06-14,23.064870834350582,23.39114162315316,22.87663707324347,23.2489223321774,37745000
2021-06-15,23.504085540771484,23.56683066947181,23.15271633053445,23.21127919530304,64285000
2021-06-16,23.37859344482422,23.65466909833642,23.17362903310476,23.46643533556113,60786400
2021-06-17,22.58383178710937,23.51663291660596,22.278473896676324,23.32003302443872,106941800
2021-06-18,21.914554595947266,22.39141237710489,21.897822352056743,22.11115447247438,113812200
2021-06-21,22.848438262939453,22.89069476331377,22.096261594797816,22.096261594797816,84366800
2021-06-22,23.000564575195312,23.089304194450577,22.54418662705592,22.793503851617512,48344400
2021-06-23,23.063953399658203,23.473846661280987,23.021695282183146,23.211852780865023,40553000
2021-06-24,23.262556076049805,23.279459319527447,22.94562751476307,23.169591460886803,41756800
2021-06-25,23.38510704040528,23.397783669660868,23.194949541659568,23.32594728790269,38330000
2021-06-28,22.594900131225582,23.29636880363705,22.50193387917676,23.283690561641563,65702800
2021-06-29,22.485027313232425,22.85689065457232,22.455447439578567,22.73011953720119,31911000
2021-06-30,22.763919830322266,22.831531186764995,22.53150589329925,22.552634139941,47034000
2021-07-01,23.16114616394043,23.355528681068805,22.945633780703893,23.28369068266247,47251600
2021-07-02,23.11043167114257,23.18649465995235,22.865341072074976,23.06395016640961,30471800
2021-07-06,22.35825729370117,23.076629143387496,22.2652910508058,23.03437102753401,68446200
2021-07-07,21.99484634399414,22.53151234466192,21.749755711206586,22.324453211511685,60823800
2021-07-08,21.86807632446289,22.0751370800924,21.530019428316955,21.6060824314476,49379800
2021-07-09,22.33290100097656,22.34980424624076,21.8892012906756,22.14697013901696,51206000
2021-07-12,22.29910087585449,22.43432364282868,21.92301245445863,22.07936347652581,41353000
2021-07-13,22.130067825317383,22.328676935576684,21.99907169896105,22.18922757425021,49786800
2021-07-14,21.470855712890625,22.455446342066026,21.38634110144646,22.19767750255329,66999400
2021-07-15,21.170833587646484,21.496213868089946,21.06941732038093,21.23844496981769,59670800
2021-07-16,20.570777893066406,21.339857787334548,20.53274639886712,21.331406165070025,74253800
2021-07-19,19.84395980834961,20.12708358803712,19.56506264691646,19.8693146819281,114994800
2021-07-20,20.11017799377441,20.32146374634108,19.683381482862,19.852409117725905,83342000
2021-07-21,20.8116512298584,20.98068051408181,20.46091602928877,20.50739916304935,82042600
2021-07-22,20.57923126220703,20.79051700080878,20.401750403550786,20.79051700080878,47270000
2021-07-23,20.50317001342773,20.6552960160934,20.29610926269227,20.646844392391703,46951800
2021-07-26,21.01025390625,21.094766910270074,20.515844450424986,20.55387594702691,47266200
2021-07-27,20.815868377685547,20.879254738333927,20.570777781274845,20.845449861441672,46888400
2021-07-28,21.006027221679688,21.17928145853832,20.680646998899885,20.87080448130136,39169200
2021-07-29,21.208864212036133,21.369441842532336,21.082093077215944,21.276475591405728,43794000
2021-07-30,20.870805740356445,21.255345733751803,20.744034615101924,21.16660610727187,49600600
2021-08-02,20.71445655822754,21.39057036026572,20.680650062134404,20.88348420274585,57810800
2021-08-03,21.069414138793945,21.111670641776566,20.452460168147024,20.646842661038697,64302000
2021-08-04,20.49894523620605,20.94687166072111,20.469365356585325,20.689102756612566,64523800
2021-08-05,20.73135566711425,20.98489788926148,20.53697157735377,20.625712805889226,45800000
2021-08-06,20.9215145111084,21.086318752185267,20.807421623260176,20.90883788178801,36214800
2021-08-09,20.625715255737305,20.79051788090588,20.48626588860554,20.6426168904344,42193400
2021-08-10,20.98912239074707,21.04405712862078,20.710225308285164,20.73558017468428,53283000
2021-08-11,21.153928756713867,21.19196025419108,20.803193656425982,20.934191394843552,47686200
2021-08-12,21.13279914855957,21.25112025990834,20.87503189808005,21.137025766098247,36517200
2021-08-13,20.88348197937012,21.14547746025101,20.83277385261155,21.14547746025101,33050800
2021-08-16,20.49894523620605,20.608814742210942,20.317240952242656,20.600363117750373,48258400
2021-08-17,20.287654876708984,20.61726170826752,20.10595063380108,20.300333116526502,51108200
2021-08-18,19.86508750915528,20.44401168316804,19.839734248267057,20.283434045618456,56305800
2021-08-19,19.349544525146484,19.649569828119525,19.074872474154187,19.52279873226998,99256200
2021-08-20,19.391807556152344,19.514353688638952,19.087555533973863,19.17207016368816,61587600
2021-08-23,20.118627548217773,20.17356228959041,19.81860219730494,19.860858698679465,58704400
2021-08-24,20.45246124267578,20.558104117664847,20.25385212186199,20.28765700362767,45382200
2021-08-25,20.60881233215332,20.722906831054665,20.27498045892149,20.4102032105122,39817600
2021-08-26,20.296106338500977,20.604583305247683,20.262301460547093,20.490490431668928,41465400
2021-08-27,20.83699989318848,20.976447640908813,20.503168042975258,20.54965116287612,46202600
2021-08-30,20.591907501220703,20.99757572478765,20.583455878398613,20.917287725951144,31817800
2021-08-31,20.45246124267578,20.676423621818248,20.40175150205374,20.490492742151137,53873200
2021-09-01,20.152433395385746,20.54965162011704,20.076370399670484,20.431330509014263,63459800
2021-09-02,20.663747787475582,20.82855042088041,20.338367526555786,20.338367526555786,61635400
2021-09-03,20.545425415039062,20.77361440676576,20.44823416567005,20.62148841228129,39162800
2021-09-07,20.42288017272949,20.70600228739753,20.34681717822537,20.44823342957603,42472800
2021-09-08,20.16088485717773,20.6721959594092,20.14820822865403,20.536973215215458,43798400
2021-09-09,20.20314216613769,20.52007076244324,19.920018448540663,20.02566131397585,50529600
2021-09-10,20.1946964263916,20.55810824727145,20.131310043872496,20.515850121597826,37513000
2021-09-13,20.773611068725582,20.91306041192281,20.45668250180322,20.45668250180322,68499600
2021-09-14,20.473588943481445,20.99757668659479,20.384849317758068,20.959545188144443,58935800
2021-09-15,21.23844146728516,21.25534471303599,20.731356990618085,20.76516187013751,76695000
2021-09-16,20.997577667236328,21.221541662784656,20.883483166556776,21.2173150449915,60643800
2021-09-17,20.841222763061523,21.22153769420509,20.78628802590033,20.89193088321997,64459000
2021-09-20,20.20479965209961,20.448591549357964,19.87546636614777,20.337387254586545,85660000
2021-09-21,20.251848220825195,20.5512423002835,20.03799554000733,20.44431595987457,51323400
2021-09-22,20.876298904418945,21.12009082553717,20.594013436199607,20.594013436199607,79252200
2021-09-23,21.607675552368164,21.671830379118816,20.893406733932025,20.991780405102745,49734200
2021-09-24,21.770198822021484,21.88140147395641,21.44941987060604,21.49218974483498,55503000
2021-09-27,22.54434967041016,22.63416740657119,22.219294306965526,22.24923355235254,81697400
2021-09-28,22.62133407592773,23.02337812025798,22.57000989445212,22.7581996475736,132975200
2021-09-29,22.62133407592773,22.762477614443583,22.321940026115044,22.599949136276752,69894400
2021-09-30,22.2791690826416,22.681211476201856,22.2791690826416,22.55717817952412,89198800
2021-10-01,23.02765464782715,23.049039587656683,22.441698812353064,22.441698812353064,83312000
2021-10-04,23.404035568237305,23.660658106906133,23.168796337630184,23.27572266733658,114815800
2021-10-05,23.540903091430664,23.97288478136943,23.297111170013444,23.737647162825887,98029600
2021-10-06,23.292837142944336,23.42114844462137,22.88224032495113,23.151695200569613,100174800
2021-10-07,23.472469329833984,23.600780604502827,23.237231721013377,23.35271072611887,77596200
2021-10-08,24.19529151916504,24.25089367150408,23.664937798838068,23.720538319610675,86200400
2021-10-11,24.10547065734864,24.631547973758103,24.084085718938404,24.55883722528387,86021400
2021-10-12,24.126855850219727,24.35781710324502,23.96005104466798,24.05842306764552,71038200
2021-10-13,24.10547065734864,24.229505584320663,23.682041697934743,23.95149649028904,57902600
2021-10-14,24.40058898925781,24.50323898735275,24.156797079294503,24.37920404886156,46786600
2021-10-15,24.52034568786621,24.76841391401542,24.50751341937201,24.67431822570042,45354800
2021-10-18,24.537458419799805,24.89673102221388,24.400592821886505,24.75986542430058,65257600
2021-10-19,24.81546211242676,24.90100350015552,24.507513769229725,24.64010300178762,44552600
2021-10-20,25.01648712158203,25.02076345727523,24.52890164266802,24.62727531084263,50212600
2021-10-21,24.554567337036133,24.913839943980232,24.35354527375592,24.824022200135868,64241800
2021-10-22,24.7855224609375,24.806907399623928,24.413419306781687,24.644378928787845,43005000
2021-10-25,25.149078369140625,25.28594397301232,24.956610603831464,25.089199871392594,50112200
2021-10-26,25.294496536254883,25.40997718749219,25.14052233460514,25.23461804262812,45503200
2021-10-27,24.5673942565918,25.157628085377794,24.511793736860792,25.020762506466024,68007600
2021-10-28,24.742752075195312,24.76413864641882,24.43052738781456,24.434805354685786,46735000
2021-10-29,24.580224990844727,24.922388916749924,24.477574997290017,24.866786768925863,43997800
2021-11-01,25.003650665283203,25.07208344588264,24.75558244744756,24.824015228047,49656800
2021-11-02,24.768415451049805,25.05070090194613,24.687152026186105,24.858233178251737,34125400
2021-11-03,24.56311798095703,24.81974053415076,24.366373914737416,24.469022283388345,46674800
2021-11-04,24.59733390808105,24.990823677655264,24.37492856233448,24.926667222665703,76363200
2021-11-05,24.91811180114746,25.02931610059444,24.712813438591144,24.93522040591874,45207000
2021-11-08,25.144794464111328,25.40569495282388,25.007928901436905,25.127685860885475,40022400
2021-11-09,25.24744987487793,25.256004178881067,24.815468127902804,25.17474073820126,39378000
2021-11-10,24.580224990844727,25.221782963754336,24.434805118389228,25.140517909650026,72033000
2021-11-11,24.67431831359864,24.841124752087502,24.59733122862416,24.59733122862416,48996600
2021-11-12,24.614442825317383,24.71281486106503,24.46474660386801,24.57167294249369,34190000
2021-11-15,24.81974029541016,24.96516017590552,24.383480653924074,24.593056987883948,42751400
2021-11-16,24.85823631286621,25.05925836424764,24.73847932816232,24.89245352653392,40958800
2021-11-17,24.477577209472656,24.96943901911565,24.3920358123739,24.614442792204084,47339000
2021-11-18,24.332155227661133,24.61444067167164,24.03703914623943,24.42197295267213,57911000
2021-11-19,23.382652282714844,23.870237785206008,23.331328094082394,23.806081325740543,91379600
2021-11-22,23.79752540588379,24.15679796503978,23.344158779220912,23.34843511483041,67785800
2021-11-23,24.528902053833008,24.610167117464112,24.088366049558463,24.109750991515835,67724600
2021-11-24,24.768415451049805,24.90955899228113,24.366373030550907,24.400588608337497,42868600
2021-11-26,23.771860122680664,23.84884557164188,23.155963478461743,23.540898881098567,89454400
2021-11-29,23.908727645874023,24.53317701118794,23.831740559019835,24.289385113338447,70882400
2021-11-30,23.348432540893555,23.814631386123924,23.232951913370485,23.459635201712302,92524000
2021-12-01,23.10037040710449,24.11403348826168,23.087539765833345,23.89590279725143,89549600
2021-12-02,23.771860122680664,23.8573998729856,22.83946248657471,23.11319360330928,100743800
2021-12-03,23.58367347717285,24.19957024468048,23.356990156668783,24.0926439038289,75880200
2021-12-06,23.93439292907715,24.216678417632053,23.652107440522244,23.94722520007957,63939000
2021-12-07,24.49468421936035,24.725645487009768,24.23806004478333,24.268000918648703,73686600
2021-12-08,24.49040603637696,24.75130654402384,24.43908185454085,24.631549575884147,47030000
2021-12-09,24.302217483520508,24.400589516722867,24.1525212659444,24.33643469414728,46798800
2021-12-10,24.48185157775879,24.58022359891302,24.045591985096856,24.56311499569501,39051200
2021-12-13,23.801801681518555,24.336433330864736,23.68632104947182,24.263722578139173,57208000
2021-12-14,23.70343017578125,24.06698070930599,23.622166745061502,23.65638395688021,57597600
2021-12-15,23.587949752807617,23.729091664194737,23.06187075776861,23.669213178662847,67716200
2021-12-16,23.73764991760254,24.22523381702155,23.699156365987005,23.793252076950896,53731800
2021-12-17,23.254337310791016,23.673488319937345,23.04476262200099,23.56656199214799,69270200
2021-12-20,22.96623611450196,22.98356625032321,22.38135807842233,22.62830672945086,72661600
2021-12-21,23.62043190002441,23.70708091618912,23.19152017899003,23.20018524587575,50319400
2021-12-22,23.772066116333008,23.932367372505656,23.36048453465304,23.646426779925594,42206200
2021-12-23,23.785062789916992,24.11432703937931,23.776397723787408,23.876043505239064,33370600
2021-12-27,24.3049545288086,24.326618021363515,23.50778659194529,23.707079815680448,43484400
2021-12-28,24.28762626647949,24.52590981248989,24.15332021381901,24.36561021283816,35877000
2021-12-29,24.13165664672852,24.36560846906126,24.014680735562145,24.248632557894886,30218200
2021-12-30,23.98436164855957,24.33095613571072,23.96269980299254,24.140329580950805,27180000
2021-12-31,24.04500961303711,24.170650600454127,23.884710011704087,23.92370198529239,26482400
2022-01-03,24.790185928344727,24.82917789738764,24.06666864781337,24.07966707262253,65054200
2022-01-04,25.648006439208984,25.74765221056488,25.045798452101696,25.12811409295425,79957600
2022-01-05,25.643672943115234,26.18522712325725,25.60468097603732,25.89928658224996,90804000
2022-01-06,26.215560913085938,26.36286375489505,25.84730463490948,26.24588947561933,74681400
2022-01-07,26.575151443481445,26.64447032455959,26.133242956848576,26.31520605261152,71169200
2022-01-10,26.492834091186523,26.68779229550113,26.146238055310825,26.635803551196727,66473000
2022-01-11,27.39398002624512,27.44163706474996,26.49716631906693,26.7224530857401,76887800
2022-01-12,27.44597244262696,27.614938779751352,27.246680848307065,27.54128653238544,60496800
2022-01-13,27.307334899902344,27.66692776690375,27.194692326889133,27.445972675622908,59554000
2022-01-14,27.948535919189453,27.991859603165395,27.315999225369467,27.33332936003689,64801000
2022-01-18,28.061174392700195,28.39044031193613,27.63226433953577,28.247469192419683,82133400
2022-01-19,27.857555389404297,28.308125672421745,27.63660030255432,28.27779876288432,65978000
2022-01-20,27.601938247680664,28.34278410879304,27.5456177922926,27.67559048943104,83980800
2022-01-21,27.056049346923828,27.463297528182004,26.7701087829144,27.29000116821127,114539600
2022-01-24,27.238014221191406,27.333328305492305,25.92528714559375,26.414852688558543,124505600
2022-01-25,28.29512596130371,28.399106759257187,26.631472858666854,27.134035146594847,118434400
2022-01-26,28.247467041015625,28.82368152944622,27.939864638001502,28.594063067012065,130725400
2022-01-27,28.555082321166992,29.05330973064033,28.08284516008609,28.74570722451689,108901400
2022-01-28,28.43376350402832,28.711039019029784,27.840222154127467,28.364446277970387,105302400
2022-01-31,28.55940818786621,28.74136964839787,27.918209715882664,28.368783312474363,63298400
2022-02-01,29.57752799987793,29.64684853640682,28.32545473094452,28.39044190759408,90444600
2022-02-02,29.67284202575684,29.72916578792055,29.06197049939308,29.42589339928892,65197000
2022-02-03,29.391231536865234,29.61218660289424,29.07063233691085,29.55153278953489,61962600
2022-02-04,29.8504695892334,30.32703664689336,29.69450170776146,29.763818929868613,81733400
2022-02-07,30.231725692749023,30.51333458030993,29.482216417892086,29.707501544709803,65165000
2022-02-08,29.58186149597168,30.2013997461647,29.37390649619766,30.140745929115184,75764200
2022-02-09,29.82880973815918,30.058428229073822,29.5775277534135,29.65118164920798,70791400
2022-02-10,29.642518997192383,30.21440027572587,29.447560747500383,29.681512630362107,75643200
2022-02-11,30.504663467407227,30.54365377926443,29.65550365927399,29.84179841737707,93034000
2022-02-14,29.78548049926757,30.35302823360332,29.43022108225533,30.318371277478185,99633000
2022-02-15,29.473546981811523,29.54286751006468,28.888669072560543,29.05330036908472,86092200
2022-02-16,29.711833953857425,30.22739136587886,29.529872514320445,29.707500594234663,73444200
2022-02-17,29.66417694091797,29.97611272633981,29.434558461478257,29.68583712828148,67622800
2022-02-18,29.482213973999023,29.71616249556164,29.196271750379548,29.243928787649462,63291600
2022-02-22,29.005645751953125,30.37469655069892,28.568072276044685,30.37469655069892,93002800
2022-02-23,29.30458641052246,29.52987485336217,29.005647375186584,29.17461205462377,67958000
2022-02-24,29.0749626159668,29.963112840231325,28.31678672392108,29.928452577588367,123485800
2022-02-25,29.841806411743164,29.87213331977337,29.13995416721974,29.13995416721974,78423000
2022-02-28,30.57832336425781,30.61298363340287,29.464887834708115,29.629519155069342,96394200
2022-03-01,30.88592529296875,31.40581609980315,30.45268185214504,30.85126502441042,124231000
2022-03-02,31.59210968017578,31.843391659351504,31.20652329730287,31.35815783460373,90908200
2022-03-03,31.67876243591309,31.89538416215744,31.2195221286131,31.284509307563454,89119800
2022-03-04,32.59290313720703,32.610229964840954,31.59210861402549,31.674425919518686,105216800
2022-03-07,33.07379913330078,33.60235660319274,32.33728668516644,32.93083132527844,131214800
2022-03-08,33.59369659423828,34.754789140814616,32.63622899247492,33.82764844750946,196054400
2022-03-09,32.566898345947266,33.333740844513954,31.843382822058,32.36327346434612,174036400
2022-03-10,33.56336975097656,33.6500171166297,32.71854306162539,32.95249491535101,137802600
2022-03-11,33.294761657714844,33.71067501287132,32.97416239954151,33.02615280845565,91837800
2022-03-14,32.29829788208008,32.813855297816204,31.86505446746001,32.58423681692916,101490000
2022-03-15,31.11554908752441,31.47514199794848,30.51767422729283,31.04623184398638,124724400
2022-03-16,30.97256851196289,31.50545932719506,30.647635974851365,31.232513880575173,107536200
2022-03-17,32.03834533691406,32.120662633517746,31.32782648679619,31.522787983165266,76956400
2022-03-18,32.008026123046875,32.224647856350785,31.765410839469805,31.982032572773715,58550800
2022-03-21,33.298309326171875,33.403284729293915,32.637856600788574,32.65535250130891,68714800
2022-03-22,33.05337905883789,33.342056461405306,32.67722547567559,33.15835114295223,66462200
2022-03-23,33.62198257446289,33.93252733826005,33.5126356856469,33.674466945413144,58663000
2022-03-24,33.70508575439453,34.037501248642286,33.48202049184887,33.74882718187633,52700600
2022-03-25,34.44426345825195,34.488001538100214,33.47763754449866,33.503879725007295,56083600
2022-03-28,33.59136199951172,33.7488217695877,33.37703971762938,33.73569734124648,69760400
2022-03-29,33.5038948059082,33.52139071312315,32.44979225798174,32.83906701675576,73274000
2022-03-30,33.893165588378906,34.1337301131078,33.61761259032801,33.827556778270775,49736400
2022-03-31,33.43391799926758,34.20809278646258,33.429543187757034,33.57388193457415,65606600
2022-04-01,33.70508575439453,34.02000534505005,33.36829878700051,33.39016616373901,49612600
2022-04-04,33.74882888793945,34.033128158928584,33.39016785167119,33.923781258701204,46007400
2022-04-05,33.21958541870117,34.33055027409729,33.180222138200115,33.81006132223632,54577200
2022-04-06,33.416412353515625,33.88441693867614,33.22833555740425,33.58261843545028,64328400
2022-04-07,33.853797912597656,33.96751961289823,32.95277726714275,33.57387014032106,54097400
2022-04-08,34.785430908203125,34.88165670199103,33.94564762296674,33.94564762296674,53426200
2022-04-11,33.74007797241211,34.42240153580572,33.66572288399151,34.4136552524043,52461000
2022-04-12,34.299930572509766,34.925394897062894,34.23432177317859,34.4223985515268,63929400
2022-04-13,34.811676025390625,34.90790182728404,34.1468483694944,34.719825033674844,49295800
2022-04-14,34.92539978027344,35.20095610859174,34.59298426431931,34.645471978523425,51869400
2022-04-18,35.4371452331543,35.64709276927917,34.99538611804211,35.21407993871254,60913200
2022-04-19,35.148475646972656,35.59898444159136,34.942902895175,35.25344776003835,45727800
2022-04-20,35.284053802490234,35.472130587506825,34.8991539495038,35.24031571371941,52079400
2022-04-21,34.164344787597656,35.65146325515393,34.033127176312334,35.49400345641253,65157800
2022-04-22,33.32892990112305,34.51862456839921,33.315808808572555,34.028752649169384,71499200
2022-04-25,32.226715087890625,32.40167077675909,31.054516310574755,32.27920279565183,110724400
2022-04-26,32.27045822143555,33.15398308671195,32.18735350540386,32.46728465356278,89168600
2022-04-27,32.74283599853516,33.06212707777057,31.89430298680901,32.476029295611006,89132600
2022-04-28,33.7357063293457,34.01126266889523,32.31419654748824,32.96153170104608,87469600
2022-04-29,32.86967086791992,34.00250287652961,32.75157437572402,33.81005464817612,79416200
2022-05-02,33.39453887939453,33.40765997201516,32.567876674272945,32.66847727936809,104141200
2022-05-03,34.33055114746094,34.48801094747574,33.43390858643484,33.45577596382426,83298800
2022-05-04,35.756431579589844,35.8307866608932,34.54486955581618,34.99100338063838,90767400
2022-05-05,35.21844482421875,36.04511038175244,34.50112949356716,36.010118576110344,93194000
2022-05-06,36.268184661865234,36.27255947290998,34.96039646774551,35.673337165897095,94245600
2022-05-09,33.2677001953125,35.520247030281254,33.132111105493884,35.48963003138664,106044000
2022-05-10,33.56949615478516,34.418029112401584,32.86092708674442,33.779443657649864,113727800
2022-05-11,34.0200080871582,35.135347837795614,33.963148898652214,34.12935499067157,99705000
2022-05-12,34.164344787597656,34.1818406915692,33.101492814594465,34.006884988856264,90043600
2022-05-13,35.3321647644043,35.47212864299977,34.61047465973926,34.67170864806215,59437400
2022-05-16,36.26381301879883,36.63559186779529,35.43714725935544,35.45901797747414,56518800
2022-05-17,36.68369674682617,36.90676200518613,36.35565606888258,36.75367702287959,56329400
2022-05-18,35.74331283569336,36.98986674563079,35.31467154783649,36.94612865593168,66461400
2022-05-19,35.612091064453125,36.21131316795397,34.9297676013441,34.9297676013441,71441000
2022-05-20,35.765174865722656,36.47374382613694,35.04785962347691,36.0494774117717,63840000
2022-05-23,36.70994186401367,36.83678467005216,35.96638426944611,36.18944954561481,53289400
2022-05-24,36.84990310668945,37.0029880901773,36.023240858852695,36.30316863923115,53127600
2022-05-25,37.610958099365234,37.663445811722845,36.92425971344832,36.976747425805925,52648000
2022-05-26,38.02648162841797,38.31078091837836,37.81215928702874,37.838404813996426,42678200
2022-05-27,38.72192001342773,38.82689209308906,37.76404019263669,37.85589451646788,37334400
2022-05-31,38.14020538330078,39.56609019267332,37.93463597127449,39.36051744364375,78681200
2022-06-01,38.76128387451172,39.04558309768346,38.19705356379822,38.62131999924184,59297200
2022-06-02,38.638816833496094,38.90999833173635,38.25391696822168,38.49010665952724,52605400
2022-06-03,39.15055847167969,39.27302644530544,38.6431873386564,38.68692542395103,41050600
2022-06-06,39.1068229675293,39.36488002370138,38.89687547245524,39.33863783819296,33384600
2022-06-07,40.27465057373047,40.32713494948175,39.04996397216165,39.080580970350745,51378800
2022-06-08,40.36212539672852,40.81263407074667,40.11281460931059,40.47147229185923,56985400
2022-06-09,39.46985626220703,40.2702763745872,39.42611816941631,40.01659076459743,49176200
2022-06-10,38.80065155029297,39.6010716169817,38.35014287996067,39.01497052863503,62543600
2022-06-13,36.77554321289063,37.66343933806143,36.04510686072569,37.624072726309,89462600
2022-06-14,36.84552764892578,37.995859083919264,36.36440199342008,37.51473009141126,69512800
2022-06-15,36.03199005126953,36.94613188990874,35.424021541328784,36.76242989489124,86446400
2022-06-16,34.00251007080078,35.26655992996506,33.70946118846221,35.07411166089325,115958200
2022-06-17,32.14361572265625,34.01563422931321,31.754341002206687,33.76632341580053,128468400
2022-06-21,33.80884552001953,34.03883617432173,32.94195247776577,32.99944929773518,70013400
2022-06-22,32.4554328918457,33.02599080560152,32.00429588124289,32.181213613127845,82425200
2022-06-23,31.25239562988281,32.84464825865728,30.726066374690635,32.61023372885981,113842200
2022-06-24,31.663724899291992,32.33601152578925,31.32758496046803,31.78756965901229,94797000
2022-06-27,32.592529296875,32.81367550543152,31.991011339647407,32.03081603746437,67958800
2022-06-28,33.47270965576172,34.01230725718347,32.96849627807179,33.36656035899155,79568000
2022-06-29,32.309471130371094,34.05210142899421,32.21658672824357,33.937107799127844,71184000
2022-06-30,31.62834548950196,32.44658614320917,31.34527848902405,31.615077251108428,75533400
2022-07-01,32.101600646972656,32.23871028566731,31.01798165344299,32.013140094246225,69204000
2022-07-05,30.827789306640625,31.58853303060915,30.159929987428747,31.4381551837162,89865800
2022-07-06,30.30146598815918,31.044517667038928,29.39034096709824,30.49607243123925,96419000
2022-07-07,31.393932342529297,31.64161513535853,31.048941256827906,31.12413356844389,67587200
2022-07-08,31.38065719604492,31.90698644597382,30.94278848675616,31.77429732222591,43940600
2022-07-11,31.079896926879883,31.340851293831346,30.66414421213988,30.98701589355208,45508200
2022-07-12,30.47395896911621,30.65529716943192,29.92551712317356,30.26608091979916,64690200
2022-07-13,30.425308227539062,31.06221064860452,30.03166808519298,30.03166808519298,58978000
2022-07-14,29.850324630737305,29.885708846230337,28.9613189938404,29.359379607651185,73273600
2022-07-15,30.33684158325196,30.531451367096068,29.88570470865993,30.500491026432144,59920600
2022-07-18,31.031248092651367,31.544305715211124,30.88529073581021,31.14624173038274,51453600
2022-07-19,31.986597061157227,32.06620985508476,30.978170587691423,30.98701495393921,48776400
2022-07-20,32.29620361328125,32.442160978639606,31.5000789715919,31.632764724661115,41849400
2022-07-21,31.73006248474121,31.761022824256457,30.81009666439224,31.411611350056443,43159200
2022-07-22,31.4691162109375,32.16793926320222,31.28777464223582,31.853908577185923,40836400
2022-07-25,32.62350082397461,32.65446116881785,31.52218989792682,31.90256177710064,39112000
2022-07-26,32.3271598815918,33.15867201006274,32.110437483488404,33.01271466311741,37228800
2022-07-27,33.05694580078125,33.22059526679002,32.20332100405625,32.53504043219667,44810800
2022-07-28,33.24271774291992,33.58328160429925,32.627927844792,33.35329090724668,46665400
2022-07-29,34.6845817565918,34.79073440061183,33.78230452896811,33.84864908787453,51667600
2022-08-01,33.96806335449219,34.18036185234438,33.512499271735784,34.09190470730993,51331000
2022-08-02,33.88845443725586,34.22901819632673,33.587695385660844,33.97248772229071,39864400
2022-08-03,32.9154167175293,34.13172145013244,32.71196251264304,34.0299960349018,57013200
2022-08-04,31.694679260253903,32.78271830544455,31.57525840653893,32.6898372939016,55991000
2022-08-05,32.3227424621582,32.60138557195411,31.265663468989725,31.265663468989725,45179600
2022-08-08,32.49081039428711,32.78272509769559,32.23870377517269,32.287356225740766,37756600
2022-08-09,33.06136703491211,33.48154359394731,32.89329708618288,32.950793901016084,34683000
2022-08-10,33.30020904541016,33.49039499145642,32.4819684401133,33.136559574580936,34788400
2022-08-11,34.445743560791016,34.73765827183326,33.822112802220374,33.92383820194156,60531600
2022-08-12,34.70670318603516,34.724395296150874,34.07422459070437,34.22018196834031,38381000
2022-08-15,34.02999496459961,34.21575705351083,33.14540973234633,33.4505893428648,42024400
2022-08-16,33.950382232666016,34.43690343658002,33.73808029171588,34.078647496553096,39357600
2022-08-17,34.23344421386719,34.58727623095915,33.70711499695334,33.79557553204461,45472400
2022-08-18,35.153411865234375,35.18879270316869,34.55189375283626,34.61381443725158,46866000
2022-08-19,35.14456558227539,35.387827834297376,34.86149862051764,35.0649527883795,39488400
2022-08-22,35.078224182128906,35.29494998049985,34.26883130816739,34.84380964967737,45696200
2022-08-23,36.34317779541016,36.61740038948086,35.6266660285413,35.65320250155886,54367000
2022-08-24,36.78989410400391,36.8429704243062,36.18395210131061,36.34760155809111,49093200
2022-08-25,37.07295608520508,37.25871811968212,36.71470025093878,37.00219104206215,39798600
2022-08-26,36.6395149230957,37.4002586843176,36.475868831630784,36.9977741998348,38635200
2022-08-29,37.1923828125,37.67448349728914,36.52894391788309,36.62182833262321,52125000
2022-08-30,35.931854248046875,36.564332877925736,35.63551897987797,36.55548850959725,57641800
2022-08-31,35.60455322265625,36.197223668999,34.914577867349855,35.042843122399695,58304600
2022-09-01,34.72880935668945,35.21090998832803,34.242288229159904,35.07822087426345,56604200
2022-09-02,35.36571502685547,35.83454409158302,35.175529078525955,35.58243745072061,57188200
2022-09-06,35.03841781616211,35.81685368155396,34.89246045869655,35.69743279838231,45568200
2022-09-07,34.63150405883789,34.781881888936645,33.95921756995505,34.27324483965302,60541400
2022-09-08,34.781890869140625,34.95438471851836,34.361714235923024,34.78631474011629,53681600
2022-09-09,35.648780822753906,35.821274656820776,35.14456755787774,35.40552193148182,38678800
2022-09-12,36.30337524414063,36.69701536461682,35.86108267062358,36.17068612231569,41731800
2022-09-13,35.3878288269043,36.34760287648602,35.228603234646336,35.73724035578014,61146000
2022-09-14,36.38740539550781,36.643935875851554,35.719546096769655,35.719546096769655,54384200
2022-09-15,35.44974899291992,35.89204154835392,35.27725516625461,35.74166032480567,55886400
2022-09-16,34.69342803955078,35.365711217970805,34.18921481212969,35.33917474529316,70403600
2022-09-19,34.71399688720703,34.73635399432601,33.65880556204489,33.739286371971346,37625800
2022-09-20,34.472557067871094,34.67376081353124,34.06568429497696,34.472557067871094,42299600
2022-09-21,33.96731948852539,35.17005966075089,33.953906587324,35.12087674886848,68705800
2022-09-22,33.84659194946289,34.696110825847384,33.81976615071055,34.584332116091936,57748000
2022-09-23,31.51264762878418,32.59466445523165,31.27120526556443,32.532068666013345,105475600
2022-09-26,30.739145278930664,31.7093836639521,30.69890658067624,31.31592383241937,72159600
2022-09-27,31.08342170715332,31.660200251401847,30.90904719507998,31.271212529645386,67671200
2022-09-28,32.460533142089844,32.63937974072038,31.208613774106365,31.39640116762161,63147600
2022-09-29,32.460533142089844,32.52760104297818,31.655728565075137,32.22356284867082,48563000
2022-09-30,32.201210021972656,32.64832487233238,31.888230991207084,32.201210021972656,43369400
2022-10-03,34.020965576171875,34.19981218935756,33.30558253464458,33.35923754196491,69550600
2022-10-04,35.483036041259766,35.514333945433435,34.43678548091086,34.70952582208812,66330800
2022-10-05,36.21630859375,36.497989765885805,35.165589211853565,35.46962749452135,61273600
2022-10-06,36.86014938354492,36.97192809622067,35.894379668642934,35.921205468096126,52670200
2022-10-07,36.57399368286133,37.3519725154224,36.3101941649237,36.93615559589202,56915400
2022-10-10,35.822837829589844,37.030046385525566,35.706587030260856,36.71706740027263,46331600
2022-10-11,35.53669357299805,36.149238799718255,35.004625753103014,35.15217448804775,53842200
2022-10-12,35.822837829589844,36.07322101779219,35.0716848537677,35.304183041210585,41102400
2022-10-13,37.28490829467773,37.42798491493404,35.344431419250675,35.353372215609824,70134800
2022-10-14,35.89438247680664,37.41010166637347,35.82284586892967,36.878037272037936,53494600
2022-10-17,36.341495513916016,36.940631204086905,36.23866100572075,36.45774633342064,37988400
2022-10-18,36.65895080566406,36.99875909509181,35.95251183480163,36.6410657997767,50375800
2022-10-19,37.740966796875,37.87957131125024,36.75283995893751,36.76625627009713,62527600
2022-10-20,37.7767333984375,38.375869082008,37.54870727692578,38.02712003855182,50523600
2022-10-21,38.86769485473633,38.94370356212428,37.88851222129698,37.986878036135806,50548400
2022-10-24,39.05101776123047,39.32375815129236,38.6352041360587,38.84534529533756,44992000
2022-10-25,39.09124755859375,39.27009416293286,38.68884355163458,38.89898805589189,37683600
2022-10-26,39.623321533203125,39.93630058186977,39.21197325482094,39.23880246700365,45413000
2022-10-27,39.76640319824219,40.43707559716258,39.64568025615544,40.16880390862145,50021200
2022-10-28,39.90500259399414,40.52201989346023,39.18961947623292,40.19562794498907,49328000
2022-10-31,40.24034118652344,40.76793690741761,39.46683090500301,39.51154512418304,59520800
2022-11-01,40.62932968139648,40.93336793106492,40.38341513710004,40.91548292682375,43510800
2022-11-02,39.650146484375,40.70980994566238,39.55625277178736,40.49966541268332,56499200
2022-11-03,40.38341522216797,40.611444762703584,39.296925943542206,39.40870466187319,53634400
2022-11-04,40.8752326965332,41.59061566802416,40.30292631934044,41.28210878697764,60590600
2022-11-07,41.57720947265625,41.70687319014344,40.88865218559442,40.96019219988347,38775400
2022-11-08,41.617454528808594,41.79630116597277,41.10774383018101,41.496731598956025,43718600
2022-11-09,39.58307266235352,41.183744463595374,39.49365106692059,41.054080762366986,63028000
2022-11-10,40.463897705078125,40.50860851201183,39.569667921540486,40.401301893127766,58488200
2022-11-11,41.63980102539063,41.8544176351157,41.13903462139092,41.23740042538094,51082600
2022-11-14,41.62639617919922,42.34625143541467,41.51461745508149,41.51908955918667,46245200
2022-11-15,42.06456756591797,42.17187417901029,41.51014267397359,41.78288301612901,51542200
2022-11-16,41.20610809326172,41.9438449004458,40.99149145453576,41.68898956076757,47277200
2022-11-17,41.29552459716797,41.33129460106906,40.36552496303148,40.57566947193125,42859800
2022-11-18,40.9691276550293,41.08090635437195,40.021246467781374,40.53095706388663,47366200
2022-11-21,40.41471099853516,40.52201760734151,39.02865564646651,40.079374861201664,85153600
2022-11-22,41.68004608154297,41.77393978893716,40.73216138927253,40.919948804060894,53755000
2022-11-23,41.22846603393555,41.49226560845696,40.77241032012009,40.92442775431988,41197400
2022-11-25,41.076446533203125,41.54591512509797,41.004906512791,41.25528976180159,15182600
2022-11-28,39.94970703125,40.57566843871846,39.81557463685941,40.07042993853829,58262400
2022-11-29,40.55331802368164,40.79029177417159,40.24481107784162,40.39235639488867,38048400
2022-11-30,40.754512786865234,41.08537676817505,40.1151385164659,41.00489597150888,43830200
2022-12-01,40.620384216308594,41.246345700510695,40.481779701749545,41.0406732749272,38902000
2022-12-02,40.378944396972656,40.8573571901305,40.141974052401366,40.33870569448283,36770000
2022-12-05,39.18067169189453,40.93783312670368,38.84533556625321,40.776871513498605,51753800
2022-12-06,38.1478385925293,39.404230220448376,37.88404247030076,38.934761678037695,64930200
2022-12-07,38.05842208862305,38.63966942063827,37.72308590857794,38.13890290828251,48894200
2022-12-08,37.888519287109375,38.99736584587768,37.67837471825768,38.91241291518028,51280800
2022-12-09,36.96745300292969,38.183605844283264,36.95404010428783,37.767788930308924,48097800
2022-12-12,37.93769454956055,38.02711956678326,37.03452404851258,37.17760066485332,42184800
2022-12-13,38.65754699707031,38.979470213841175,38.35350878247732,38.675431999248175,54557400
2022-12-14,38.42057800292969,39.0599523550081,38.07630108006384,38.92134784740458,52675600
2022-12-15,38.188087463378906,38.27750908408385,37.53976877401142,38.08524952947366,40406600
2022-12-16,37.71860885620117,37.89745547767285,37.20442609867594,37.46822563287017,59101000
2022-12-19,37.71409606933594,38.23809284347598,37.4385466357536,38.11612653216599,36836600
2022-12-20,38.28325653076172,38.527185658501885,37.68698647840204,37.83153668969078,28593000
2022-12-21,39.01052474975586,39.18669520754586,38.49104625658203,39.06473236997924,34058200
2022-12-22,38.111602783203125,39.07376476742645,37.34819517797903,39.05117739769191,37359400
2022-12-23,39.32673263549805,39.33576896328004,38.41877813531608,38.61753254397943,29630000
2022-12-27,39.746829986572266,39.91396757743493,39.35383590938707,39.49838612844294,32749200
2022-12-28,38.85694122314453,39.69262572944658,38.73497837613804,39.69262572944658,31838000
2022-12-29,39.26350021362305,39.43967073181624,38.6762663017624,38.694335514698885,26915800
2022-12-30,39.51193618774414,39.58872773581389,39.05118000662769,39.055698170146194,22661800
2023-01-03,38.12516403198242,39.46225465508432,37.65085671138274,39.26349677653212,53082800
2023-01-04,38.120643615722656,38.34198541063106,37.41596164626356,37.56051188221285,45705200
2023-01-05,38.816287994384766,39.02859688156891,37.94898668390189,38.05739848612499,38723800
2023-01-06,39.55259323120117,40.03593338500338,39.218321471108354,39.31770040024794,44422400
2023-01-09,39.41255187988281,40.21209439589511,39.28607088944909,40.148853900678255,46003200
2023-01-10,39.692630767822266,39.77394049159732,39.06925507009704,39.67004339319328,31599000
2023-01-11,39.81459426879883,40.139833169114745,39.38546171476228,40.04045423331271,32903000
2023-01-12,40.57347869873047,40.83547705118513,39.97720860652107,40.0540001575115,36716000
2023-01-13,40.6322021484375,40.73158107423842,40.112727039413215,40.5418595502635,31808400
2023-01-17,40.7180290222168,41.14264680510231,40.55089142874398,40.72706534962026,33933200
2023-01-18,39.972694396972656,41.36399256520634,39.93204125878537,40.9077544851243,38075200
2023-01-19,40.46958541870117,40.63220486335948,39.656491641759104,39.7423195282036,34293800
2023-01-20,40.871620178222656,41.01165225161945,40.14435082597242,40.55541416409022,28560000
2023-01-23,40.92582321166992,41.37302495819242,40.79482402403214,41.16975237695931,29305000
2023-01-24,40.76771926879883,40.86258003026681,39.95914026807737,40.79030664139324,30755200
2023-01-25,40.77223587036133,40.77223587036133,39.92300032077902,40.5689598638479,26861200
2023-01-26,42.05963897705078,42.07770818610248,40.9258210950891,41.43174860948876,36663000
2023-01-27,41.21040725708008,42.04157020398186,41.14264858402087,41.83377946725642,34841000
2023-01-30,40.26630783081055,40.97098970583582,40.21210020721284,40.91226736503339,27525000
2023-01-31,40.6231689453125,40.6864094528031,39.71972918533344,40.13079248402234,27848200
2023-02-01,39.82362365722656,40.605097068300566,39.29962697662408,40.4334447658699,46967200
2023-02-02,38.915672302246094,39.74683531158365,38.48653630486786,39.67004375131106,49803000
2023-02-03,38.82984161376953,39.71069747349739,38.78918847762096,39.07828893361953,45454800
2023-02-06,38.65367126464844,39.15959878756865,38.17936399651391,38.86598016664486,31714400
2023-02-07,39.90945053100586,39.96817632080781,38.69432640273448,38.8975989692896,41014000
2023-02-08,39.55259323120117,40.08110813195725,39.32673328182912,39.87783210971281,26967200
2023-02-09,39.21380233764648,39.6835914342875,39.18670024722368,39.55711041718208,32150400
2023-02-10,40.74964904785156,40.83095876228301,39.8281400997449,39.86427851645868,40003200
2023-02-13,40.645751953125,40.80385320487386,40.12175529435869,40.54185487549071,24744800
2023-02-14,40.6593132019043,40.95744657341064,40.21210797512028,40.32503796133549,27022600
2023-02-15,39.96818161010742,40.28890235236076,39.45773587476581,40.20307446135296,31939600
2023-02-16,39.57518005371094,40.09465861930431,39.534523471288345,39.751350536060535,25314200
2023-02-17,38.165809631347656,38.98793963061421,37.99867549045355,38.960837542112245,44680400
2023-02-21,37.97609329223633,38.4142621632334,37.903819897603015,37.99868066663081,33622600
2023-02-22,37.72312927246094,38.22905334753481,37.39789039771386,37.87219421809561,40270400
2023-02-23,38.292293548583984,38.51363877599579,37.80895340426825,38.292293548583984,35023400
2023-02-24,38.24261093139648,38.29681511733751,37.51082340404656,37.727647040509794,37496800
2023-02-27,38.35553741455078,38.522671567753264,38.03933142456231,38.3193989963208,30676400
2023-02-28,37.80443572998047,38.75756489878534,37.77281547801604,38.74401040821574,38007600
2023-03-01,38.549766540527344,38.74400619471306,37.6960163839863,37.8360518671844,37094000
2023-03-02,38.8885612487793,39.03311491305285,38.36004983758804,38.48201613023159,32798600
2023-03-03,39.417083740234375,39.6113234562841,38.39619568985559,38.423297783981226,50675200
2023-03-06,39.43514633178711,39.498386838363885,39.042148801189335,39.20025006763127,33898400
2023-03-07,38.74853515625,39.29963402386262,38.649156219946136,39.200255087558766,37000400
2023-03-08,38.35102081298828,39.06925381123424,37.98061062691471,38.57688076660264,39399000
2023-03-09,37.8089485168457,39.11441855413258,37.799915636609455,38.57235613488881,37888200
2023-03-10,37.32560729980469,38.34197688973695,37.10878371724108,37.80894736694075,56624800
2023-03-13,36.56672286987305,37.22171876300928,35.735559945775016,36.37248318381874,83327000
2023-03-14,36.92809677124024,37.750226738874446,36.27761910142896,36.56220480514583,61066400
2023-03-15,34.9450569152832,35.84397868444116,34.43912931166649,35.57294739356965,115347000
2023-03-16,35.324493408203125,35.41483945244933,34.041610597049846,34.17712794024455,88790400
2023-03-17,34.76887893676758,35.41483848856273,34.48429321307412,35.121219883865095,67351600
2023-03-20,35.464942932128906,35.693160077077785,34.734648764755946,34.734648764755946,52288800
2023-03-21,36.6927490234375,36.80685758576497,36.08569063609926,36.195237363201855,59712400
2023-03-22,35.91224670410156,36.88445039687116,35.88486176361471,36.71557195411299,49209400
2023-03-23,35.414730072021484,36.42345278014128,35.07240440108902,36.108512048542025,49486200
2023-03-24,35.551666259765625,35.6885979384995,34.60228210908112,34.711828844995125,41298000
2023-03-27,36.30934143066406,36.514735424500266,35.63838261006823,35.925934897902216,40223800
2023-03-28,36.87076187133789,37.03051317846416,36.090259643106165,36.10395211481452,32596800
2023-03-29,37.38196563720703,37.42304304804736,36.993997222563806,37.23590681702428,36204600
2023-03-30,37.54628753662109,37.74711626622719,37.327197534312006,37.692346377388,27460800
2023-03-31,37.80644989013672,37.870350406765816,37.50520161261357,37.64213328099991,32294600
2023-04-03,39.5180778503418,39.77367991373389,39.19400995359341,39.39940397134535,62452200
2023-04-04,38.80147552490234,39.6869555781328,38.45458452917501,39.636747533396594,49363000
2023-04-05,39.38570785522461,39.38570785522461,38.57325552980775,38.89732339655736,40552200
2023-04-06,38.787784576416016,39.36745454885797,38.71018810639647,39.32637713736264,33378600
2023-04-10,39.09815979003906,39.54546340795645,38.93384318034619,38.93384318034619,26977200
2023-04-11,39.467864990234375,39.71433987086076,39.09358909350168,39.31724087168772,25575200
2023-04-12,39.49525451660156,39.823887728956784,39.37658063829175,39.74172942586797,33334400
2023-04-13,39.741729736328125,39.84214582781188,39.34006885271005,39.435919626676295,31384600
2023-04-14,39.81475830078125,40.04753724429811,39.58197587494767,39.79650051421424,23560200
2023-04-17,39.34463119506836,39.84671165895901,39.20770300863026,39.68239504937971,23762000
2023-04-18,39.49982452392578,39.60024062654757,39.05708269817555,39.25334958539522,24493600
2023-04-19,39.362884521484375,39.39483477626357,38.92927342343575,39.14379805508891,34246200
2023-04-20,39.01599884033203,39.02512599255536,38.54130683143346,38.8151666682512,30396200
2023-04-21,38.787784576416016,39.1757529972457,38.61433733059033,39.157495209142105,33757600
2023-04-24,39.38114929199219,39.5637237012473,38.65085513728896,38.66454760857758,25251800
2023-04-25,38.6417236328125,39.06620412423212,38.41350651752016,38.99774177549787,30665200
2023-04-26,38.125953674316406,38.72388144831743,37.89317122365337,38.36786327807813,40070000
2023-04-27,38.26287841796875,38.358729178574194,37.7425437276441,38.10312715029302,34114600
2023-04-28,38.85624313354492,39.06620245275258,37.99358275323482,38.125949092319,38228600
2023-05-01,38.41806411743164,38.83342089298774,38.21267012923746,38.36785607901681,27821400
2023-05-02,36.747520446777344,38.01640703569293,36.396064143267566,37.95707184004956,67648000
2023-05-03,36.053741455078125,36.70188075502282,36.04004898436047,36.277396751190096,59367600
2023-05-04,35.65208435058594,36.43258660538895,35.54254109087256,36.06743776325444,52861000
2023-05-05,36.61971282958984,36.90726508608121,36.4188806923041,36.63796713087386,39073400
2023-05-08,36.61971282958984,37.313491194815626,36.61514751311076,37.15373994120931,32711800
2023-05-09,36.6334114074707,36.98029890678926,36.25457016978458,36.33216315129136,41421200
2023-05-10,36.21805953979492,36.88901849075647,35.94419966736416,36.81599081652297,36052000
2023-05-11,35.784446716308594,35.971582952291186,35.51058685649768,35.706853727786964,38168200
2023-05-12,35.83921813964844,36.204366956639184,35.579050739295624,35.962457345367625,37913200
2023-05-15,36.02179336547852,36.22719088556523,35.688598283557674,35.97158531494514,32544600
2023-05-16,35.13631057739258,36.00809819600161,35.08153721300994,35.85291222039299,44511200
2023-05-17,35.81183242797852,36.003533985738336,35.236724272381934,35.49689166714658,46200600
2023-05-18,36.071998596191406,36.1176413252036,35.37365474358553,35.59730655336718,33154200
2023-05-19,36.35042190551758,36.63341238258388,36.14502789434026,36.40519526691271,36122200
2023-05-22,36.19980239868164,36.56951654128289,36.14503251260536,36.21349487020071,26943600
2023-05-23,36.58777618408203,37.00312959790817,36.45084449732058,36.54669528512662,42803800
2023-05-24,36.747520446777344,37.03050743772536,36.43714503434127,36.87532147266571,33474200
2023-05-25,36.094825744628906,36.29565447123962,35.757061851010285,36.21806147499645,38251000
2023-05-26,35.95332717895508,36.41432678290179,35.76619093248466,36.31391068280278,28785800
2023-05-30,35.583614349365234,35.62469524340575,35.191080608750255,35.32801227912926,40331600
2023-05-31,34.95829772949219,35.29606158363003,34.83962733110353,35.02676356383456,44797600
2023-06-01,35.39191436767578,35.78901344354783,34.80311373061744,35.040458023183724,51623600
2023-06-02,36.46909713745117,36.64254089817971,35.807265387993006,36.05374029996533,55278800
2023-06-05,36.2271842956543,37.003121055322254,36.16328378520242,37.003121055322254,37826200
2023-06-06,36.51930618286133,36.5512564418257,35.71141559112113,35.74793116774243,34750800
2023-06-07,37.486942291259766,37.53258850039936,36.67448991393745,36.69731301850725,60654200
2023-06-08,37.327186584472656,37.66494690173044,36.70643582272967,37.53714588883919,46155200
2023-06-09,37.12179183959961,37.49150240253753,37.0213757651433,37.30892803828208,38387000
2023-06-12,36.76577377319336,37.135484336419054,36.514733586857176,36.56494162412441,36387000
2023-06-13,36.93922805786133,37.664956923733456,36.92097026797357,37.1720105260335,40136400
2023-06-14,36.56037902832031,37.46868211884369,36.28651920250061,37.30436900920516,47605400
2023-06-15,36.96205139160156,37.24047311271797,36.61516034624978,36.62428750009074,46777000
2023-06-16,36.90727233886719,37.20395528661899,36.80229093311495,37.09897388086675,47461800
2023-06-20,36.08121871948242,36.70283165766936,35.80954870897752,36.66139243451863,42552000
2023-06-21,36.366695404052734,36.67519905428927,35.87861127946652,35.93386708026556,34473800
2023-06-22,35.87862014770508,36.07661575827155,35.74508789751004,36.0351765321712,33507400
2023-06-23,35.62076568603516,35.71746072382296,35.3260750433515,35.49183896898475,34905200
2023-06-26,36.26079559326172,36.46339671819337,35.60234545022323,35.68522740924169,32488600
2023-06-27,36.34367752075195,36.50023038043468,36.01214968496571,36.22395835494261,28388400
2023-06-28,36.712039947509766,36.75808469631266,35.98452097226098,36.30683772687037,32903200
2023-06-29,37.13565826416016,37.13565826416016,36.65217960614808,36.85017519305912,28435800
2023-06-30,37.37509536743164,37.563883421121616,37.11263641173324,37.38890844199638,35970600
2023-07-03,37.46257781982422,37.74345534150566,37.32444006677175,37.4671833483897,19539800
2023-07-05,37.25537490844727,37.628341925558765,37.04356274913636,37.61913086837706,32557400
2023-07-06,36.4173469543457,37.108028746745134,36.14107493998378,36.85017533507258,41967800
2023-07-07,37.20011520385742,37.54545603919254,36.21013743996569,36.23776358263613,48916000
2023-07-10,37.49020767211914,37.56388208449548,37.07579788497555,37.10342754611135,30925000
2023-07-11,38.31442642211914,38.37428425478302,37.58690731902069,37.66058174044372,39642000
2023-07-12,38.668975830078125,38.88538652424492,38.42953748952621,38.62753309256395,43077600
2023-07-13,38.521629333496094,38.90840946920355,38.16247183363848,38.66897464895457,53226400
2023-07-14,37.50402069091797,38.30981613190261,37.4119311885726,38.27298243875806,43988200
2023-07-17,37.43035125732422,37.59150964923386,37.25998180702575,37.37049342975477,32445800
2023-07-18,37.80792617797852,38.19931187182922,37.28300823319245,37.3428660644436,43209400
2023-07-19,38.0289421081543,38.28679906200553,37.725043911851685,37.80792587684143,37521000
2023-07-20,38.47557830810547,38.55385824585044,38.15326155147032,38.342046076645424,35449800
2023-07-21,38.81632614135742,38.83474123485443,38.369684594770405,38.61833051285977,31529000
2023-07-24,39.44253921508789,39.72801879339018,39.00049974696208,39.014316334644974,44539600
2023-07-25,39.64973831176758,39.87996556778156,39.18467827098237,39.424116584510834,33606600
2023-07-26,39.66355514526367,39.8201115209495,39.26756394633944,39.32281975769728,32788000
2023-07-27,39.410301208496094,40.04112517402257,39.29979310585273,39.87996679246157,35550600
2023-07-28,39.53002166748047,39.53923272558039,38.95445349086314,39.38267635478601,34627800
2023-07-31,40.28055953979492,40.39567316003406,39.76024372800112,39.87535734824025,36266400
2023-08-01,40.091773986816406,40.206887614148826,39.65894562388998,40.11940013321967,35766000
2023-08-02,39.56686019897461,40.02270922648466,39.23072682685784,39.820111610363234,45920000
2023-08-03,39.96745681762695,40.32661080879399,39.456351980046335,39.672766183182745,41630600
2023-08-04,40.022708892822266,40.630508762098366,39.9766641401326,40.25293616926002,43208200
2023-08-07,40.06875228881836,40.33121123455119,39.9490366384766,40.24833279030966,26821600
2023-08-08,40.26675033569336,40.28516893986658,39.12482498087025,39.41951562166263,37237200
2023-08-09,40.77325439453125,41.14622147953732,40.40488932596477,40.658140749727934,52085600
2023-08-10,40.76864242553711,41.29816581059004,40.49237042424531,40.83310577540556,39226600
2023-08-11,41.394866943359375,41.4409116982039,40.741022290794106,40.75022983656717,46689200
2023-08-14,41.21988677978516,41.39025621560106,40.94361477242655,41.27974811525545,30189400
2023-08-15,40.36344909667969,40.98045653125232,40.289774679602,40.93441177707354,44982400
2023-08-16,40.01350021362305,40.84231627751926,39.98587055240063,40.404885869878704,37995400
2023-08-17,40.49238204956055,41.044926210778925,40.43252069821865,40.57526402504232,40464200
2023-08-18,40.89296722412109,40.94361750536642,40.128614502309645,40.25754121348343,35307200
2023-08-21,40.63511276245117,41.22449400587925,40.35423521472539,41.05873009204144,30488400
2023-08-22,40.32200622558594,40.82850554585792,40.29898209207785,40.68576575447851,25732800
2023-08-23,40.220699310302734,40.25753651290529,39.539228627100414,39.88456949727414,38798600
2023-08-24,39.94443130493164,40.36804863818927,39.82931767004711,39.856943818262806,33455000
2023-08-25,40.33121490478516,40.53381604378428,39.83392662913495,40.18386957996479,38036800
2023-08-28,40.60288238525391,40.90678056169202,40.36804958096803,40.43711846610969,25718200
2023-08-29,40.7133903503418,40.75483308647665,40.30819161218781,40.75022755735291,27019400
2023-08-30,40.91599655151367,40.9896674616853,40.73641953629487,40.8975779457233,27890200
2023-08-31,40.9436149597168,41.137005014453536,40.64892434878772,41.06793964703984,29617400
2023-09-01,41.781646728515625,41.82769148295116,41.385655516988784,41.39486657566964,35764200
2023-09-05,42.002662658691406,42.43088551078574,41.97503651113347,42.016475732470376,48737400
2023-09-06,42.02108001708984,42.24670174577364,41.71257282220808,41.91977946172471,40324200
2023-09-07,41.97964096069336,42.32037986094432,41.90597005860496,42.1039656578899,30729200
2023-09-08,42.38484191894531,42.68874008935624,42.15461464836547,42.17763526762984,34739000
2023-09-11,41.82768249511719,42.82226583956098,41.65731658901458,42.69333914964912,44095000
2023-09-12,42.81306838989258,42.85911314529011,42.20066295543547,42.27893939091023,53599400
2023-09-13,42.49074935913086,42.94199640682712,42.26973312135332,42.85450890983739,36315400
2023-09-14,42.98803329467773,43.13998412595387,42.803850788251125,42.93277748885301,37099800
2023-09-15,42.36642456054688,43.01106163970898,42.36642456054688,42.5920463087073,49612800
2023-09-18,42.72544479370117,42.92954098189818,42.41002502053897,42.804298852263486,33746600
2023-09-19,42.3265266418457,43.10579872595893,42.07604594992582,43.045499194888656,36264400
2023-09-20,41.93225860595703,42.59556769435415,41.90442505487348,42.11780027789086,35930400
2023-09-21,41.35708236694336,42.31725670927321,41.28750379800957,42.21984458941809,43446200
2023-09-22,41.42665481567383,41.94617075390706,41.3895493149458,41.667860034426425,42067400
2023-09-25,41.94617462158203,42.01111367748484,41.31533504517213,41.31533504517213,35073800
2023-09-26,41.70497131347656,41.95544849721991,41.51942964422228,41.58436869762433,33460000
2023-09-27,42.74399948120117,42.86460209641682,42.038941849539086,42.224483517814,46289400
2023-09-28,42.79038238525391,43.04086309705664,42.461047617581656,42.55845619346391,48462800
2023-09-29,41.927616119384766,42.89242991393011,41.76990800971188,42.725442774916,48369200
2023-10-02,41.092681884765625,41.98328117079742,40.80973518023251,41.87195404822287,50599800
2023-10-03,41.06485366821289,41.14370772929795,40.66130433271104,40.99527509829127,41466600
2023-10-04,39.77534484863281,40.52214752482223,39.38571051614082,40.45256895433064,59572400
2023-10-05,39.52949905395508,39.87738832719841,39.204800275580354,39.204800275580354,47037000
2023-10-06,39.766075134277344,40.127879506697866,39.08421141444778,39.52950937580485,51481000
2023-10-09,41.092681884765625,41.26430854455003,40.54069994238006,40.83292567658418,61489000
2023-10-10,41.14370727539063,41.41738203701959,40.89786606477109,41.12979226934243,41700600
2023-10-11,40.61491775512695,40.76335039159721,40.14642934749742,40.72160537145551,47145400
2023-10-12,40.66130447387695,41.08340833208421,40.47112328469181,41.04629928947544,39986400
2023-10-13,41.55653381347656,41.755990482214976,41.148344985345496,41.324607619079,48511800
2023-10-16,41.8348503112793,41.9600889058183,41.43593695250608,41.82557128121681,38365200
2023-10-17,42.27087020874024,42.40075186040424,41.68177918621656,41.74207872744712,40424000
2023-10-18,42.65586471557617,42.83212734710576,42.345084468308414,42.44249304406789,47616800
2023-10-19,42.5816535949707,42.93417888634703,42.10388262942107,42.50743550905161,63297000
2023-10-20,41.86732482910156,42.665151641746,41.72352815729756,42.50743996210272,46549600
2023-10-23,41.19009399414063,41.63075235278319,40.99991281396225,41.62611283794855,51888200
2023-10-24,40.61027908325195,41.32460866584735,40.59636053854872,41.29213913936574,44271600
2023-10-25,40.53606033325195,40.84684058716225,40.33196414791962,40.63810842591812,41412600
2023-10-26,40.22064208984375,40.40618376182663,39.82172873370013,40.16497852657498,44770400
2023-10-27,39.25582885742188,40.33196632551818,39.1213112315457,40.17889771716738,53809400
2023-10-30,39.38571166992188,39.677937427851454,39.00534927861373,39.39498716143303,45530600
2023-10-31,39.515586853027344,39.59908042608643,39.037819450099846,39.43209327996826,37205600
2023-11-01,39.42281723022461,39.97944227233174,39.36715720325314,39.766070578143626,46082600
2023-11-02,40.61491775512695,40.65202679897282,39.29293903360853,39.52022573406635,45323000
2023-11-03,40.206729888916016,40.67058233177895,39.96088866042479,40.540704214003455,47235000
2023-11-06,39.75214767456055,40.52678384115308,39.63618457919845,40.52678384115308,41035400
2023-11-07,38.87083435058594,39.302217244285295,38.6992076805634,39.232638673253824,47550200
2023-11-08,38.38378143310547,38.97751186669064,38.3698664290234,38.7223952010568,50742000
2023-11-09,38.267826080322266,38.75487255509167,38.2446320428901,38.66673945954536,38232200
2023-11-10,38.68993377685547,38.782702849428695,38.323489924038654,38.69920926854749,34565600
2023-11-13,38.96823501586914,39.04708906218836,38.629621259744816,38.7502238557646,28447400
2023-11-14,39.31612777709961,39.42745135473506,39.05173206839496,39.11667111692503,34724000
2023-11-15,39.24191284179688,39.73823477468539,39.18625281797839,39.2558278477515,33043600
2023-11-16,38.47655487060547,39.01926486403488,38.086920556259166,38.87083223872491,53166000
2023-11-17,39.283653259277344,39.54340942037864,38.71311336095869,38.80588594628935,48850800
2023-11-20,39.339317321777344,39.677931100000045,39.33004183174545,39.44600492116365,29093800
2023-11-21,39.25119400024414,39.32076903379019,38.87547112452943,39.15378541436646,26973800
2023-11-22,39.23263931274414,39.265108841232994,38.24927088878956,38.46728209674895,36547200
2023-11-24,39.39498901367188,39.68721478534106,39.195532317128766,39.21872635536697,19152600
2023-11-27,39.25582885742188,39.32540742789757,38.8893850225688,39.19088980202139,24501800
2023-11-28,39.26510620117188,39.626910505410585,39.19088811880858,39.33468476865923,28921800
2023-11-29,38.97288131713867,39.56197591081197,38.847642712679374,39.51095185816583,45268000
2023-11-30,39.23263931274414,39.79390032743044,38.76414736833652,39.30685386118444,58364600
2023-12-01,39.43673324584961,39.905225205352735,39.00998984655632,39.18625604024381,43048000
2023-12-04,39.25582885742188,39.5016736116244,38.9682426231949,39.14914478308384,37070200
2023-12-05,38.5693244934082,39.30684804811732,38.5461304598121,39.23263351065256,37747200
2023-12-06,37.9941520690918,38.58788257934148,37.84571590261639,38.31884733597428,62306600
2023-12-07,37.73439025878906,38.36059026157653,37.599872644441525,38.170412626749176,40908800
2023-12-08,38.1425895690918,38.25855268477941,37.906023822193305,37.984877891521656,34127200
2023-12-11,38.18896484375,38.31420342119048,37.99878368147778,38.17504983946912,29344200
2023-12-12,37.664817810058594,37.87819305292043,37.45144610611013,37.836444491868896,45386600
2023-12-13,38.18896484375,38.20287984803088,37.51174083708415,37.6880034561629,46445600
2023-12-14,39.31148910522461,39.36251315000813,38.57396552157464,38.57396552157464,60717400
2023-12-15,39.10276412963867,39.176978683641536,38.77806528149996,38.95896745934167,46366400
2023-12-18,39.422142028808594,39.9981620675014,39.3846765555968,39.796789615118215,42447200
2023-12-19,39.89513397216797,39.93727995003222,39.4080935370573,39.49706957018324,36862400
2023-12-20,39.525169372558594,40.26977687754312,39.4783393185873,40.03562303478259,39818200
2023-12-21,39.679718017578125,39.74059674004147,39.30975445898247,39.60478706109587,26062800
2023-12-22,39.79678726196289,40.14333393642051,39.7359049783676,39.965374735639166,25037800
2023-12-26,40.13865280151367,40.35407391617807,40.01221129376221,40.133968724069774,25983400
2023-12-27,39.960697174072266,40.27446247773904,39.81551935649624,40.138652815053966,20238200
2023-12-28,39.35189437866211,39.90918166968735,39.33784571971258,39.75463927543435,26198000
2023-12-29,39.262916564941406,39.525171311271606,39.14583963781851,39.487705837095255,24345400
2024-01-02,39.68439865112305,40.04967813289468,39.48302617105604,39.53922438859962,39301800
2024-01-03,40.33066177368164,40.47583602226012,39.54390466816801,39.74527712889187,37936000
2024-01-04,39.62351608276367,40.79428537117317,39.60009926783375,40.621010230243016,42049000
2024-01-05,39.65629577636719,40.02157520699458,39.47365606105349,40.00284247043624,34029200
2024-01-08,39.19734954833984,39.244183172466414,38.448058010065154,38.98192845439236,47218600
2024-01-09,38.56982421875,39.29101853842487,38.485528685985294,39.24886898559033,33750400
2024-01-10,38.19049453735352,38.65880223947727,38.03595213815567,38.644750007174,33159800
2024-01-11,38.28883361816406,38.49488655003534,38.1342912395828,38.39654237445737,38588600
2024-01-12,38.71968078613281,39.03344608769429,38.48552693608917,38.87890368916848,38769200
2024-01-16,37.7971076965332,38.68689289182307,37.77369445920407,38.63537876763394,36031200
2024-01-17,37.48335266113281,37.857996716614295,37.32412616855213,37.40842170629377,39284200
2024-01-18,37.422462463378906,37.52548713533038,36.98693624743063,37.49270574586776,35705600
2024-01-19,37.544227600097656,37.548911677529375,37.27260827552562,37.40373743328414,39940200
2024-01-22,37.68472290039063,37.769018433131215,37.22109925676956,37.464617699739954,30136800
2024-01-23,37.76432800292969,38.068728685115794,37.56763965058929,37.62383428102725,24709200
2024-01-24,38.30289459228516,38.321627332643246,37.78307265928898,37.96102833333352,33841000
2024-01-25,39.16456604003906,39.17861827026045,38.34502768273908,38.57450099527373,37609400
2024-01-26,39.454925537109375,39.46897419708994,38.83675948763405,39.12242748358671,36469600
2024-01-29,39.39872741699219,39.45492562995105,38.98661790734035,39.39404691225723,29680600
2024-01-30,39.80615234375,39.815516925164886,38.860172413070416,39.01003072603661,35341200
2024-01-31,39.06155014038086,39.88108868185582,39.042817402112895,39.80615772878395,38580800
2024-02-01,39.05686569213867,39.47834336690904,38.6962667364834,39.29570363665929,51101400
2024-02-02,39.113059997558594,39.42214481403692,38.78524601605531,39.38467933817813,38075000
2024-02-05,39.01470947265625,39.24886329942365,38.593235442798,38.87421932033811,31593600
2024-02-06,39.141151428222656,39.52516353067616,38.97724447709681,39.20671420867299,28056200
2024-02-07,39.22077178955078,39.42214425329689,38.9023223950896,39.25355318723483,26920400
2024-02-08,39.62351608276367,39.76869033119706,39.18798976455916,39.197354346788536,36201000
2024-02-09,39.01470947265625,39.86702925917346,38.97256349883196,39.69843821806862,38073400
2024-02-12,39.445556640625,39.55794948108154,39.1505205216836,39.1505205216836,25893800
2024-02-13,39.04749298095703,39.618828920887296,38.794606405599176,39.483019265256,41156800
2024-02-14,39.010032653808594,39.45492353753305,38.80397612345831,39.333162535698406,40894600
2024-02-15,40.09651184082031,40.208904703208894,38.96788842019041,39.00066982059145,43364400
2024-02-16,40.073089599609375,40.39153897736155,39.95601267503731,40.26041339350551,26960800
2024-02-20,39.70781326293945,40.1386555214638,39.65629912627845,40.11524227846618,28995600
2024-02-21,40.452415466308594,40.48988093760741,39.84829814000519,39.8763990299313,28745800
2024-02-22,40.52265930175781,40.69125033709239,40.00283753829349,40.19484538466488,35206800
2024-02-23,40.2557258605957,40.38685143319604,39.87171372387875,40.12928436498934,28952400
2024-02-26,40.39622497558594,40.66316023338677,40.007528710027294,40.20890117278261,23376400
2024-02-27,40.22294616699219,40.60695831993487,40.01688964539718,40.43368319287506,26317400
2024-02-28,40.14332962036133,40.57885584838349,39.98410317219765,40.27445518184695,26679600
2024-02-29,40.34002304077149,40.47114861876378,40.11523735647155,40.22763019862152,27335400
2024-03-01,40.80833053588867,40.99565432057148,40.56012803966816,40.63037490553722,32459600
2024-03-04,40.372802734375,40.89262452016169,40.335337264268745,40.78491218683217,33198000
2024-03-05,40.67252349853516,40.934778243128406,40.260414004037536,40.31192813746277,32174200
2024-03-06,40.79896545410156,41.22980765255534,40.70998585356507,41.01438655332845,28008800
2024-03-07,41.14551162719727,41.37498138204559,40.82237819584682,40.85515958939658,24569200
2024-03-08,41.29068756103516,41.30005571552335,40.986286852442255,41.08931511438792,28252000
2024-03-11,41.71684646606445,41.7308951239492,40.99096817685263,41.3000529419324,24983800
2024-03-12,41.65128707885742,41.82924271475608,41.43118189296184,41.71216579229283,23780600
2024-03-13,42.31628036499024,42.545750117551776,42.016563748978136,42.0868106124287,42725200
2024-03-14,42.75181198120117,42.77054471865928,42.32096973837773,42.48487672500575,35946000
2024-03-15,42.87825012207031,43.187334906474085,42.62068304130456,42.71902722555011,37753400
2024-03-18,43.026493072509766,43.17756246843653,42.69130796285285,43.05009912884584,30496800
2024-03-19,43.51747131347656,43.5505176326497,42.99344853674629,43.0217729241008,28545800
2024-03-20,43.45609664916992,43.61188436720993,43.20116638086128,43.26725901318815,32659400
2024-03-21,43.71574020385742,43.80543888100088,43.39471734025645,43.53162452050459,23334200
2024-03-22,43.6213264465332,43.84321038960671,43.51274363970512,43.73462758277863,17948800
2024-03-25,44.02732849121094,44.32002340931192,43.76295435649532,43.77239821940216,35074400
2024-03-26,43.68741989135742,44.16895243071944,43.60244313714316,44.0698134844325,35373800
2024-03-27,44.09342575073242,44.10286601285135,43.517472513451466,43.59300541573915,33960000
2024-03-28,44.57023239135742,44.650487211843554,44.14062670208787,44.35306678026368,34615200
2024-04-01,44.90069580078125,45.03288105925165,44.26337196071145,44.70241791307566,42899000
2024-04-02,45.52858352661133,45.57579203725318,44.89597795831927,45.09425586408216,38671200
2024-04-03,45.84016036987305,45.90153467235133,45.54746545692732,45.69853484477044,29148800
2024-04-04,45.81182861328125,46.076199099020265,45.63243486964088,45.91096754543338,36941200
2024-04-05,46.30281066894531,46.48692636595561,45.72213559252794,46.00067190452953,31194600
2024-04-08,46.01011276245117,46.45860258548129,45.929857940000325,46.326413722777374,34034600
2024-04-09,46.02427291870117,46.33113360472177,45.6890878499574,46.20838860995792,35322800
2024-04-10,46.1659049987793,46.33585850958199,45.69853464496103,45.89681254030474,39199600
2024-04-11,46.13285446166992,46.33113233887094,45.48136486261233,46.31224821697875,39204600
2024-04-12,45.38222503662109,46.722968850526165,45.16506304177421,46.42554843876234,46572400
2024-04-15,44.95734786987305,45.81655564598322,44.90069550157261,45.59939003505396,48690800
2024-04-16,44.56550979614258,45.08008862759215,44.24920884827295,44.87237048365139,36497600
2024-04-17,44.43804168701172,44.9148558625497,44.12174074756032,44.4710880000622,27421000
2024-04-18,44.3011360168457,44.71657951141481,44.14534830816041,44.58911258402543,25555600
2024-04-19,44.8346061706543,45.13674495359128,44.32002369229768,44.38611632595399,35451400
2024-04-22,45.12730026245117,45.43416097124023,44.244489985480925,44.59855920290407,30244400
2024-04-23,45.37751388549805,45.37751388549805,44.70242174182155,44.919583771019646,28657400
2024-04-24,45.41055679321289,45.46248723127167,44.87709022075051,45.09425223364261,21303800
2024-04-25,45.61827850341797,45.755185705185525,44.96679241390402,45.35862989464099,26500200
2024-04-26,45.19811248779297,45.377509853810345,44.73546408462615,45.20755635009817,32366600
2024-04-29,45.50497055053711,45.604109488342665,45.0376002432315,45.06592462495368,22236400
2024-04-30,44.15006637573242,45.4011115795714,44.13118585498041,45.32085676015204,35399000
2024-05-01,43.44665145874024,44.23032636349448,43.21060532142074,44.0886972403915,50943800
2024-05-02,43.69686126708984,43.99428171531771,43.48914310842692,43.739351446170254,34616800
2024-05-03,43.70157623291016,43.78183104509672,43.125623153871935,43.73462254391508,38087800
2024-05-06,44.04621124267578,44.48997553745205,43.83848948653906,43.83848948653906,33445600
2024-05-07,44.00372314453125,44.32946798627484,43.98956095172126,44.10758402750911,20942200
2024-05-08,43.9517936706543,44.16423737281651,43.68270119600496,43.74879383175894,19811800
2024-05-09,44.541900634765625,44.541900634765625,43.9989938565575,43.9989938565575,22489400
2024-05-10,44.296424865722656,44.78267939677404,44.17840178141781,44.63633192480521,20568400
2024-05-13,44.17839813232422,44.5655136727976,43.989560492678535,44.40028208877453,20978000
2024-05-14,44.23504257202149,44.26808888559061,43.91401969658795,44.09341705748725,24911600
2024-05-15,44.33418655395508,44.41444137497468,43.489140963218304,44.14062699549565,38792200
2024-05-16,44.21144104003906,44.55606637417379,44.093417974583424,44.23504349206332,24580200
2024-05-17,44.82988357543945,44.90069813953089,44.27753645872732,44.29169865118993,29001600
2024-05-20,44.53718566894531,44.94790726488684,44.428606457390295,44.848768314510274,20134600
2024-05-21,44.32002258300781,44.78739654016604,44.28697626700677,44.42388346237631,22467600
2024-05-22,43.470252990722656,44.159507207775086,43.29557757063856,44.14062308654077,34868000
2024-05-23,43.07369613647461,43.83848688264184,42.99816324895208,43.68741750581872,26931400
2024-05-24,43.13507080078125,43.52218630728904,43.01232580551446,43.40888157237597,19041400
2024-05-28,43.57883834838867,43.69214309181783,43.1775606203009,43.28614343230925,28904200
2024-05-29,42.809326171875,43.493858506420885,42.61576661691433,43.4560938630684,30053600
2024-05-30,42.93206787109375,43.08785556718348,42.70074008876514,42.71490588093496,22731400
2024-05-31,43.99900436401367,44.03205068352977,42.96512459527953,43.00761117675221,32503000
2024-06-03,42.84709167480469,43.86680901562219,42.53078714430206,43.85264682504912,40796600
2024-06-04,42.43637466430664,42.47414291104732,41.87458369981843,42.40332834885312,34721400
2024-06-05,42.43164825439453,42.55439324245697,42.17199968945915,42.48830061852593,21040200
2024-06-06,42.65353393554688,42.667696126718695,42.12479292231612,42.28530255796745,25506600
2024-06-07,42.483585357666016,42.97928371675134,42.2758671934615,42.57328404784564,20089800
2024-06-10,42.80460357666016,43.05953382466912,42.48358070158717,42.64409394001269,22543800
2024-06-11,42.71963119506836,42.76683970468678,42.22393644140732,42.61577031284079,18591200
2024-06-12,42.26169967651367,43.08786117346707,42.04925958943697,43.07369898123239,32560600
2024-06-13,41.87458038330078,42.26641780820021,41.66214031532194,42.14839474781686,28495600
2024-06-14,41.56300354003906,41.874582562743285,41.38832810494032,41.82737405648848,25811400
2024-06-17,41.67157745361328,41.86041505643578,41.35527653990778,41.50634590181024,29547800
2024-06-18,41.84625625610352,42.375000866479546,41.74239538604947,41.94067326427374,29285800
2024-06-20,42.61576843261719,42.83293405048164,41.836819053834745,41.96900431564563,34073800
2024-06-21,42.37028503417969,42.8470992781598,42.30891433021334,42.72907620007017,39972600
2024-06-24,43.43864059448242,43.60519907530277,42.53446131626861,42.60584455967807,31188200
2024-06-25,43.53857421875,43.54333406967124,43.16262587142592,43.40056758765363,27666600
2024-06-26,43.11027908325195,43.586162523212096,42.90565268954351,43.586162523212096,23127400
2024-06-27,43.2102165222168,43.38629106614299,42.96751495842114,43.33870344969543,15631600
2024-06-28,43.37677764892578,43.69561869240373,43.219735237408834,43.54333613203347,25670000
2024-07-01,43.40056228637695,43.86692959072668,43.143588459257934,43.72416312614766,24563200
2024-07-02,43.36725234985352,43.82885982253804,43.09124274091101,43.819343752175406,25226800
2024-07-03,43.55760955810547,43.7574797263784,43.32918754599424,43.40532700646384,16280000
2024-07-05,42.877098083496094,43.5052640917499,42.68674397751257,43.47195239550548,23450400
2024-07-08,42.615360260009766,43.01034072580632,42.44879816412799,42.56776901507083,19595000
2024-07-09,42.23941040039063,42.70577408594596,42.068092090802345,42.19182278788324,19086600
2024-07-10,42.52494430541992,42.53922022764594,42.06333678969872,42.19182735113787,19320800
2024-07-11,42.96751403808594,43.05793304889126,42.26796483611331,42.41548753315161,22684800
2024-07-12,43.07696533203125,43.27207927584119,42.7581243138418,43.21021573865144,18117200
2024-07-15,43.72893142700195,44.12391557539194,43.21497641203928,43.381538529803215,30792000
2024-07-16,43.92404556274414,43.966873332140544,43.31967152499711,43.54333733594116,24129400
2024-07-17,44.36185073852539,44.64738004987228,44.01445426207353,44.02397396318299,29435400
2024-07-18,44.442752838134766,44.97574358200123,44.157223508839394,44.31426591069769,32867600
2024-07-19,43.95735549926758,44.67593689328388,43.84314085738071,44.37137177632407,26500200
2024-07-22,43.681339263916016,43.933556893908566,43.433877853985805,43.72416702869105,21527600
2024-07-23,42.98655319213867,43.59568343122609,42.93420572183873,43.55761188360748,33103800
2024-07-24,42.99130630493164,43.37677434297696,42.69626090897129,43.10076108874756,29328600
2024-07-25,43.73368835449219,43.87169498617455,42.81523318072525,43.01986320277807,36437400
2024-07-26,43.8716926574707,44.05728689660886,43.46243263508855,43.61947503149846,23730800
2024-07-29,43.49574661254883,43.90976287665828,43.08648656867566,43.876451181491966,27156600
2024-07-30,44.17150115966797,44.3095077942148,43.4386402196792,43.4909876890143,25673200
2024-07-31,44.35709381103516,44.799665543533386,44.3237821163612,44.77111369972783,36173800
2024-08-01,43.1816635131836,44.48082693751995,42.95799770933756,44.25716113367391,42558400
2024-08-02,42.06809616088867,42.91992794078336,41.64456019640227,42.6867424447429,45836200
2024-08-05,41.1401252746582,41.48752181156207,40.673761498801454,41.16392090087047,50039200
2024-08-06,41.39234161376953,41.858705333806085,41.13060427957385,41.29240290020218,31418600
2024-08-07,41.55890655517578,42.325079273788766,41.53511092810713,41.8967834014736,26126000
2024-08-08,42.45356369018555,42.510671013325336,41.67787494539268,41.67787494539268,21596800
2024-08-09,42.54874038696289,42.72957478827376,42.120444562066055,42.39169797938363,22345600
2024-08-12,42.75812530517578,43.03413856494908,41.6397999748489,42.796196850807085,28785800
2024-08-13,42.34411239624024,42.47259933453299,42.13472250940478,42.434527785889685,31386400
2024-08-14,42.59156799316406,42.78192209581032,42.25845103655999,42.425009514862026,21657600
2024-08-15,43.10075378417969,43.2387603879055,42.79618873826814,42.83426027668252,18335200
2024-08-16,43.05317687988281,43.1578718211995,42.80095922891224,42.83427092563095,17753000
2024-08-19,43.34346389770508,43.70989254317227,43.12455795446848,43.12455795446848,21762600
2024-08-20,42.20134353637695,43.28635719691493,42.18230776312335,43.24828565040772,33866400
2024-08-21,42.272727966308594,42.68198802600547,42.15375710315724,42.46783829391146,22737800
2024-08-22,42.38217544555664,42.57252953620364,42.21561697775388,42.30127613700992,19595400
2024-08-23,43.01510238647461,43.086485626184505,42.52970289171163,42.58205035878539,20734600
2024-08-26,43.40056228637695,43.78127043811967,43.081721296946085,43.4909812893238,19514800
2024-08-27,42.99606704711914,43.51953809242952,42.91992758650973,43.40056723528159,16627200
2024-08-28,42.72005081176758,42.986547982095374,42.52970035815052,42.73433036342082,17049000
2024-08-29,43.27683639526367,43.43863500418016,42.56776753420605,42.97227131790149,22498800
2024-08-30,43.43864059448242,43.4529165170238,42.73909134433436,42.83902643282656,28085000
2024-09-03,42.3583869934082,42.7961988969937,42.09188979194967,42.72957550430472,38194200
2024-09-04,41.773048400878906,42.67246782534165,41.69214908624952,42.40121440575293,30114000
2024-09-05,41.449440002441406,42.10616136404061,41.41136846220628,42.07284967401035,24991200
2024-09-06,40.93073272705078,41.792080529252594,40.7641742612524,41.53986290522901,35912000
2024-09-09,41.22578430175781,41.60649253560477,40.99260241464552,41.05446595959696,32824400
2024-09-10,40.51671600341797,41.33999595644038,40.169323123591326,41.28764848730992,49326800
2024-09-11,40.140769958496094,40.5309942585721,39.50784407218296,40.511958484092446,48125800
2024-09-12,40.502437591552734,40.65947998929142,39.99800233534008,40.29780757863023,31762000
2024-09-13,40.73085784912109,41.03542656077482,40.61188700091494,40.70706585790116,26195400
2024-09-16,41.197227478027344,41.45420496022379,40.887902529233344,41.07349677236928,26875000
2024-09-17,41.75400924682617,41.78256472021484,41.12108707283015,41.211502451571135,25034600
2024-09-18,41.83491516113281,42.34886651955417,41.63504135600517,41.692148676142,28209600
2024-09-19,42.33458709716797,42.810470500190135,42.10140524628373,42.54397695632244,37806800
2024-09-20,42.23941040039063,42.33934547586677,41.77304308413319,42.15850746535575,27961600
2024-09-23,42.7609748840332,42.97209030734663,42.17560190435186,42.319543739244736,26630200
2024-09-24,42.65541076660156,43.2503783405155,42.59303268355489,43.2503783405155,34627400
2024-09-25,41.82053756713867,42.67460483069257,41.73417100898796,42.54505316312364,27633600
2024-09-26,41.00004959106445,41.54224102334175,40.86570243779817,40.99045493469631,46896400
2024-09-27,41.83493423461914,41.897308662823534,41.19678149260623,41.22077362843882,30489600
2024-09-30,42.12761688232422,42.20438512075958,41.51825183027963,41.75815852400429,22806600
2024-10-01,43.08724594116211,43.25997906265484,41.69578631166443,41.74856607993642,66114200
2024-10-02,43.52867126464844,43.802164750132334,43.04405871644517,43.69180605988748,41925200
2024-10-03,44.29637145996094,44.35395038388192,43.35113850786709,43.68221091421291,44726000
2024-10-04,44.70901107788086,44.84815739793284,44.26278448622644,44.67062512875916,35945600
2024-10-07,44.86735153198242,45.20321944376305,44.71860689046327,44.86735153198242,32519400
2024-10-08,43.69660949707031,44.33476224590894,43.48549041368045,44.28678163441652,39759800
2024-10-09,43.96050262451172,44.07565680922944,43.28396401033838,43.37033056404805,31519600
2024-10-10,44.25799179077149,44.50269767630176,43.883737883893495,44.20521201819268,26047400
2024-10-11,44.53147888183594,44.68981817670879,44.15722502899872,44.24359158432159,26414600
2024-10-14,44.51228713989258,44.584259881435656,44.15242709286287,44.21960433613926,22198600
2024-10-15,43.07764434814453,43.61503664756759,43.05365587573549,43.32714935386028,37839200
2024-10-16,43.28396987915039,43.42791537507905,43.16881567881908,43.32235583282284,19877000
2024-10-17,43.49029159545898,43.63423709731613,43.23119188852782,43.27917250225148,21433400
2024-10-18,43.34634017944336,43.5334707706001,43.03925990068645,43.40871826339083,24015200
2024-10-21,43.216793060302734,43.77337836489284,43.14002481938196,43.63423203874531,21162000
2024-10-22,43.31755065917969,43.5190713969516,43.15921136777939,43.37512958169403,17956400
2024-10-23,43.092041015625,43.36553451185,42.84253965408242,43.1976005511304,19813200
2024-10-24,43.08724594116211,43.31275517024099,42.79935496488368,43.18320715946437,17046600
2024-10-25,43.07284164428711,43.43270164697444,42.94809281238221,43.317547471106366,19104600
2024-10-28,42.799354553222656,42.82814584698507,42.11802039204682,42.15640634327285,24228000
2024-10-29,42.14680862426758,42.736980735528526,42.055646564667086,42.703393942899744,23791600
2024-10-30,42.24277114868164,42.57384355805522,42.1324124586619,42.29555091425382,19364200
2024-10-31,42.50666427612305,42.82814201300502,42.396309252084464,42.511463434768125,31623200
2024-11-01,42.23797225952149,43.23598499220488,42.15160570264147,43.08244485338325,26304600
2024-11-04,42.97689056396485,43.04406415410041,42.46828947845668,42.52586474960938,25811800
2024-11-05,43.264774322509766,43.37513301756604,42.99607998419648,43.18800608042846,20876600
2024-11-06,44.89134216308594,45.23200925017707,44.16682653846442,44.45471385678367,50053200
2024-11-07,44.68501663208008,44.86254889206655,44.3443495877969,44.86254889206655,26138000
2024-11-08,44.98250961303711,45.04968320120437,44.51229083518032,44.68982312430007,22336800
2024-11-11,45.2368049621582,45.390345097607295,44.78098371461154,44.99209911292554,20909400
2024-11-12,44.99690246582031,45.51030268477075,44.948921855398815,45.366360853506265,18500400
2024-11-13,45.347164154052734,45.53429108181299,44.58905812530391,45.1312459338547,23676200
2024-11-14,45.519901275634766,45.66864226703717,45.23201029001135,45.64944929061655,18011000
2024-11-15,45.45272064208984,45.91334102271821,45.28958219814844,45.47670911338229,28080400
2024-11-18,46.05729293823242,46.14845866692893,45.61106627460736,45.81259070965681,23892600
2024-11-19,45.76460266113281,46.03809616398215,45.54868808650445,45.68783441752406,23796400
2024-11-20,46.225223541259766,46.25881399522021,45.7885952286909,45.93254072025941,17917600
2024-11-21,46.5994758605957,46.94973757107523,46.32118322714244,46.43633741106998,33541000
2024-11-22,46.67145156860352,46.98333103587538,46.49392293913515,46.53710439148605,21555600
2024-11-25,45.75020599365234,46.89695970262903,45.63985096396215,46.66185216657605,32950600
2024-11-26,45.687835693359375,45.908549433341065,45.47671661133951,45.81258821097894,24932800
2024-11-27,45.63985061645508,46.02849828788547,45.582271692260136,45.64464611462377,15595600
2024-11-29,45.83656692504883,45.91333881513828,45.659038335416085,45.74060572312222,13636400
2024-12-02,45.35196304321289,45.89895371220201,44.94412236659184,45.82218180754182,22190000
2024-12-03,45.347164154052734,45.72621716842715,45.15043890858468,45.64464611065333,17886600
2024-12-04,44.25319290161133,45.32797392683763,43.989294058935165,45.32797392683763,32518000
2024-12-05,44.42592239379883,44.71860887017315,44.23879545456749,44.41632773618849,22662400
2024-12-06,43.6726188659668,44.33956293323299,43.591051457550215,44.33476377371257,26206600
2024-12-09,43.60064315795898,44.27237896140301,43.56225720899488,44.0372714301976,23627800
2024-12-10,43.30316162109375,43.91252306035082,43.2407871936693,43.85014863292638,23299800
2024-12-11,43.3751335144043,43.538268318624326,43.16401444006228,43.39432649031592,23147600
2024-12-12,43.024864196777344,43.37512956910493,42.98168275041826,43.29835767244142,21746200
2024-12-13,42.80895233154297,43.14482024882082,42.68899898098863,43.13042643246402,22346000
2024-12-16,41.86851501464844,42.68899542480823,41.83492822571858,42.68899542480823,25036200
2024-12-17,41.556636810302734,41.633405046947054,41.167989146955534,41.55183765154823,32011600
2024-12-18,40.32831954956055,41.63820814053815,40.32831954956055,41.44148654123976,39241200
2024-12-19,39.97805404663086,40.8849011184529,39.9492664128225,40.75535310562942,49981400
2024-12-20,40.37150192260742,40.51064825733167,39.86769635414673,39.97325589501933,35704800
2024-12-23,40.60858154296875,40.74405578602445,40.0376517390938,40.30860022520521,34445400
2024-12-24,40.95210647583008,41.029522438193936,40.4585926356474,40.72470170063158,15024200
2024-12-26,40.918235778808594,40.99081231688643,40.6666412970543,40.96661890706179,15386400
2024-12-27,40.91339492797852,41.3585292899731,40.71018358158295,40.88436579032085,20369800
2024-12-30,40.9085578918457,41.14079836847644,40.56986863394848,40.9182330402904,23545400
2024-12-31,41.44562530517578,41.56174556096132,40.92307861704628,41.00533031108618,21165000
2025-01-02,41.92946243286133,42.23911889756618,41.64883510816123,41.78430935004508,34887000
2025-01-03,42.32137298583984,42.46168665613808,42.006877082853904,42.17621989480127,22120800
2025-01-06,42.12783432006836,42.853592350407006,42.02138921832862,42.5149067461408,22835200
2025-01-07,42.54877853393555,42.87294959280709,42.18106007041453,42.4374940032949,25035800
2025-01-08,42.59231948852539,42.61167347918312,42.13750993655951,42.28750244130782,28483800
2025-01-10,42.76649856567383,43.6422453529573,42.53909380642661,43.14389212723475,34075800
2025-01-13,43.666446685791016,43.92288062972123,42.96004256187491,42.96004256187491,48896200
2025-01-14,44.1357650756836,44.17447305610239,43.52612730397409,43.5890250036075,31173000
2025-01-15,44.788944244384766,44.90506448824976,44.22285390272245,44.40671126312502,34657800
2025-01-16,45.11311721801758,45.15666461848142,44.58573483186271,44.63895738165399,25230600
2025-01-17,45.46148300170898,45.62115065580866,44.95345459056856,45.11311855327197,23899600
2025-01-21,45.22924041748047,45.48083490123044,44.99215681178588,45.345360664488446,49302000
2025-01-22,44.406715393066406,45.14215228586623,44.37768625224937,45.08892973343744,35880200
2025-01-23,44.60992431640625,44.90990562352619,44.295432131069504,44.74540224605135,29359200
2025-01-24,44.17930603027344,44.85668087977953,44.12608348336536,44.67282352134906,29156800
2025-01-27,43.719669342041016,44.10674181502934,43.41485226125547,44.029325843873,31993400
2025-01-28,43.30356597900391,44.00513065517776,43.085840028852445,43.85030241050646,37401800
2025-01-29,43.400333404541016,43.62290247287312,43.13422431297314,43.19712202012992,20681800
2025-01-30,43.62289810180664,43.85029918553988,43.35194592501161,43.6664418120759,39092600
2025-01-31,42.40362548828125,43.59870772752946,42.30201979917952,43.50194145926015,44537400
2025-02-03,42.669734954833984,42.84391717733121,42.01171404571031,42.39878278017373,39816400
2025-02-04,43.56483840942383,43.65676894666388,42.398785332587295,42.47136187822963,40279800
2025-02-05,43.656768798828125,43.71966650276038,43.30840433404176,43.55032369109935,21772000
2025-02-06,42.85359573364258,43.961586857068255,42.62135152138449,43.85514174692482,41309600
2025-02-07,42.8487548828125,43.2406667472065,42.79069660023295,43.01326196337951,22568400
2025-02-10,43.79224395751953,43.86482050442318,43.23098926562096,43.23098926562096,25871400
2025-02-11,44.14544296264648,44.44058487169894,43.71966622582485,44.00029356416922,26226800
2025-02-12,43.08100128173828,44.082547312611794,43.00358531249367,43.782565968883794,38798800
2025-02-13,43.40517044067383,43.50194039797884,42.73263492583883,43.01326226492872,31550400
2025-02-14,43.57935333251953,44.18899115288773,43.569678182340695,43.569678182340695,25885800
2025-02-18,44.17447280883789,44.46477527756159,43.535805901087286,43.78740038960885,29574800
2025-02-19,44.52283477783203,44.938936347929214,44.33413798341543,44.35833139455449,24531200
2025-02-20,44.92926025390625,45.00667252341077,44.24221021219537,44.4309070026456,28332200
2025-02-21,43.995452880859375,44.77927289916917,43.97125946944261,44.65831322487794,31276600
2025-02-24,44.005126953125,44.24221056673616,43.77288645135418,44.07286407375784,26295200
2025-02-25,43.37129974365234,44.19866345805459,43.01809956821439,43.99545209481114,26608600
2025-02-26,43.124542236328125,43.54064381589989,42.92617028777676,43.42452356086015,24305600
2025-02-27,43.35678482055664,43.88900663531578,43.05196777817366,43.42452194108619,30048000
2025-02-28,44.0293197631836,44.063188323037885,42.94552215645,43.21647063528435,26627200
2025-03-03,42.49071502685547,44.450263263340815,42.09880685611695,44.19866506895836,49501800
2025-03-04,42.07944869995117,42.76165928857923,41.334336723255184,41.866558509067744,50677000
2025-03-05,41.46497344970703,41.68270307080868,40.65696373906261,41.46981287010382,56510800
2025-03-06,41.59077072143555,41.84720462030885,40.94242868967255,41.26659970555405,47104200
2025-03-07,42.30202102661133,42.60683810276107,41.77947430344325,41.77947430344325,44849200
2025-03-10,42.616512298583984,43.20195666498638,42.21976472418747,42.534260607996025,40045400
2025-03-11,42.2778205871582,42.97454943559567,42.05041951877831,42.79069207454512,30230200
2025-03-12,42.47136306762695,42.86327125711579,42.14719200492886,42.30685967153415,32240400
2025-03-13,42.18105697631836,42.93100841943372,41.92462306224812,42.321370638835255,30742000
2025-03-14,43.42936325073242,43.48742153291407,42.2197664866632,42.41330270719355,32023200
2025-03-17,44.12125015258789,44.32446151106517,43.39549213682945,43.39549213682945,29761600
2025-03-18,44.19382095336914,44.469612530319125,43.84546022271882,44.36800316439229,30806600
2025-03-19,44.91474533081055,45.11311726911497,44.24220986420932,44.25188501354771,31742600
2025-03-20,45.07925033569336,45.22924284132105,44.47929138737148,44.66798818314527,33163600
2025-03-21,44.76475524902344,45.03570743328681,44.48413160629533,44.92926232783295,36975600
2025-03-24,45.27479553222656,45.54298375107049,44.89445858200146,44.96760116170309,23824600
2025-03-25,45.46009063720703,45.85505535997565,45.32355608545574,45.47471840913385,22292000
2025-03-26,45.72827911376953,46.23539633239664,45.61613037245176,45.88431489487122,25564600
2025-03-27,45.284549713134766,45.76240762128515,45.10413184648183,45.591744082660014,19147800
2025-03-28,45.07000350952149,45.43083555763372,44.84570230554974,45.260172002458106,22248800
2025-03-31,45.56736755371094,45.83555580447131,44.90909169842872,44.97248367780113,28813800
2025-04-01,45.83555221557617,45.87943553307188,45.09925666492912,45.59174608676992,27121200
2025-04-02,45.89894104003906,45.937950913977424,45.33818991296703,45.445461486018026,33960600
2025-04-03,42.29548645019531,44.05088984462532,42.28085867760456,43.71443991447912,75657800
2025-04-04,38.40434646606445,41.247123397792194,38.40434646606445,40.78877035744616,100752000
2025-04-07,38.15566253662109,39.77941239108822,36.56117194992812,37.16093299659222,113906800
2025-04-08,37.2730827331543,39.535603345509344,36.67819517452721,39.33080708702058,90538400
2025-04-09,40.15974807739258,40.57421777547295,36.32223805640069,36.54653926100669,118962400
2025-04-10,37.53639221191406,39.11625484216508,36.80497384529224,39.11625484216508,79046600
2025-04-11,38.46773147583008,38.755424648079966,36.97076196378728,37.71193097331974,41916800
2025-04-14,38.60426330566406,39.37956876517844,38.21904915813241,39.37956876517844,32748200
2025-04-15,38.54575347900391,39.26254042902081,38.5262485407455,38.570131861686974,22167000
2025-04-16,38.86269760131836,39.52097716179228,38.68715688121684,38.78468157026574,27331400
2025-04-17,39.74039840698242,40.35479088412902,39.16013863855584,39.17964357499389,47908800
2025-04-21,38.701786041259766,39.20890323317881,38.2726848756895,39.11137855000999,31012000
2025-04-22,39.68676376342773,39.97933039175344,39.033365084173205,39.20402864068099,22097400
2025-04-23,39.61362457275391,40.46207270388649,39.36981840821424,40.032971473377096,43216200
2025-04-24,40.24751663208008,40.36454253354104,39.638001303365854,39.98420556365318,21219000
2025-04-25,40.17437362670898,40.208506335951085,39.73064840656167,39.88668418026646,17664800
2025-04-28,40.45719146728516,40.569340208382,40.07685448411071,40.13049213252623,16436800
2025-04-29,40.34016418457031,40.48644563146621,39.92569078456611,40.00371053239299,19843400
2025-04-30,39.25278472900391,39.75014756943362,38.77004966032417,39.69163648243372,37814200
2025-05-01,39.399070739746094,39.9159385270931,38.93095971249704,38.93095971249704,36314400
2025-05-02,39.974456787109375,40.17437588959206,39.165018607794856,39.87693209793422,32038800
2025-05-05,39.25278472900391,39.525846388833074,39.03336071238205,39.47220874562576,29530200
2025-05-06,39.26253509521485,39.60386588808739,39.04311107994298,39.42832518779547,22995400
2025-05-07,39.27716827392578,39.47708736217505,38.97972450344472,39.35030713536683,22446200
2025-05-08,39.79404067993164,40.33529063842602,39.57461662981194,39.63800489046756,30565800
2025-05-09,40.193878173828125,40.39379726311216,39.86717885707967,40.27677136401452,19993200
2025-05-12,41.24224853515625,41.87126883802912,40.939927574959405,41.68110034183344,32610000
2025-05-13,41.82250213623047,42.15407862368449,41.28125594718764,41.44704233082148,29031600
2025-05-14,41.568946838378906,41.72985978350125,41.408033893256565,41.54456473632287,21332600
2025-05-15,41.74448776245117,41.768869864627405,40.9399267530596,41.042324885864126,29721600
2025-05-16,41.68109893798828,41.8615130989666,41.25687491912404,41.8371347173085,21725800
2025-05-19,41.13985061645508,41.37877959905105,40.83752965466976,41.334892558059465,24787000
2025-05-20,40.75950622558594,41.20323515914303,40.72050007289516,41.11058764110666,22782200
2025-05-21,40.00859069824219,40.59372397009687,40.00371353359053,40.51570421641672,25698400
2025-05-22,39.85255432128906,40.081728973913066,39.36006486398467,39.7989166714744,23732200
2025-05-23,39.97933197021485,40.08173010816239,39.48684621916044,39.50147399312628,23511000
2025-05-27,40.32553482055664,40.38892679905912,39.95982560373108,40.257269397697456,19028000
2025-05-28,39.81354141235352,40.64248075876936,39.71114328510353,40.52057769487372,29552600
2025-05-29,40.110984802246094,40.110984802246094,39.62337255132713,39.87692928492304,23792800
2025-05-30,39.755027770996094,39.9647011958673,39.438079051513625,39.80378825395039,31038600
2025-06-02,40.27677536010742,40.55471422315664,39.813545161754256,40.50107657237639,32031000
2025-06-03,40.75463485717773,41.0081916034191,39.92569175716248,40.30603245680417,30352600
2025-06-04,39.95982360839844,41.05207775997836,39.91106312596045,40.73512904385192,44939200
2025-06-05,39.92082214355469,40.276777055329234,39.81842400235159,40.257272116025774,27655000
2025-06-06,40.67173767089844,40.793640727741774,40.28164640092536,40.28164640092536,28556800
2025-06-09,40.749755859375,41.17397985901203,40.51082689691073,40.8326490495911,28680400
2025-06-10,41.47629928588867,41.74448752757237,41.16422772475843,41.18373266235238,46092200
2025-06-11,42.07606506347656,42.1443304866449,41.349523791078376,41.7591163300884,48996600
2025-06-12,42.22234344482422,42.23697493745497,41.57382197193963,41.88101635383233,34028200
2025-06-13,42.958641052246094,43.18781941869333,42.39788618714494,43.01227870057146,84194800
2025-06-16,42.83186340332031,43.27559238985235,42.51004121412947,42.84161773279722,69406600
2025-06-17,43.23170471191406,43.553526868679405,42.91962944327021,43.18781767406325,67884200
2025-06-18,42.94889068603516,43.607166522615564,42.85136599753547,43.38774248381759,70473000
2025-06-20,43.38774108886719,43.50964415543267,42.99277262346831,43.11955285434859,56744800
2025-06-23,42.29053497314453,43.96190409413921,42.10865316836324,43.93241055832595,105688200
2025-06-24,41.73997116088867,42.177476133859386,41.58266229375781,41.6760634960043,65358800
2025-06-25,41.55808639526367,41.8432030967464,41.42044488432715,41.69081106639535,43723000
2025-06-26,42.15289306640625,42.23646058403933,41.548249334906046,41.65148421015818,33565600
2025-06-27,41.93168640136719,42.128314983193455,41.68098008395396,42.128314983193455,35411800
2025-06-30,41.6908073425293,41.95134357216633,41.56791261153451,41.76946177058175,26247600
2025-07-01,42.01033401489258,42.20696633280343,41.371283669744194,41.75471462692313,40772800
2025-07-02,42.73295593261719,42.801776681811226,41.89727326357558,42.36427174031362,42468800
2025-07-03,42.78211212158203,42.91975361690324,42.575649878600224,42.67396416084409,22266200
2025-07-07,42.36919021606445,42.747704351250725,41.93168525766941,42.52157848795832,35673000
2025-07-08,43.50965118408203,43.66695628819202,42.31019742121247,42.32002734939768,47472400
2025-07-09,43.2884407043457,43.57355739260494,43.1606328789465,43.401505511913925,28672400
2025-07-10,43.617801666259766,43.6423783633674,42.8804332449356,43.19012663172985,28823800
2025-07-11,43.81442642211914,43.96681843286911,43.41133187031652,43.54406027482619,30171600
2025-07-14,43.33268356323242,43.73086129761657,43.10164086534793,43.73086129761657,33441600
2025-07-15,42.7083740234375,43.43591245486139,42.65430004371582,43.2491138206543,33859000
2025-07-16,42.339691162109375,42.89517774373768,42.18730289657572,42.64938828296751,35501600
2025-07-17,42.6002311706543,42.66413508033734,42.02016789281359,42.123399016355215,36085600
2025-07-18,42.25612258911133,43.1360492867235,42.08898756018192,42.93941697293344,60975600
2025-07-21,41.81861877441406,42.35935483891068,41.73505125772222,42.28561725046806,30434400
2025-07-22,42.01525115966797,42.24629385360921,41.73013448414689,41.76946169810487,32444000
2025-07-23,42.67396545410156,42.69854590063218,42.07915540246634,42.18730336648176,28046000
2025-07-24,42.9787483215332,43.03282230679013,42.36919146553221,42.56090695855227,24022200
2025-07-25,42.81652069091797,43.09672050899844,42.59531168996734,43.02298292519846,20143200
2025-07-28,43.30318832397461,43.37692591727752,43.03773898880381,43.10164290275978,23705200
2025-07-29,43.72594451904297,43.74069503738666,43.22945249784432,43.37201083823638,24552000
2025-07-30,43.10164260864258,43.48015675102156,42.83127268519348,43.45558005372149,26552400
2025-07-31,42.870601654052734,43.36709746538898,42.64939261705981,42.64939261705981,24960800
2025-08-01,42.07423782348633,42.86076709324567,41.84319888222775,42.708375078243805,42329400
2025-08-04,41.98084259033203,42.31511642245031,41.76454665471147,42.00050619815661,26509600
2025-08-05,42.034915924072266,42.0939029961839,41.4646825573288,41.97100826201846,31413600
2025-08-06,41.64656829833984,42.54615865651942,41.5236735636306,42.30036918710093,38249400
2025-08-07,41.48434829711914,42.359358249280085,41.430274311271006,41.89235973562784,35042000
2025-08-08,41.74980163574219,42.13323262826252,41.46960177578888,41.680980880697504,40736200
2025-08-11,41.41552734375,42.015254274497046,41.341789749724576,41.83336870929431,28828800
2025-08-12,41.6170768737793,41.98084425685009,41.3762004812035,41.49909522214835,34522600
2025-08-13,42.098819732666016,42.1037365721465,41.49909283133419,41.64656801215172,25601200
2025-08-14,42.05949401855469,42.12340168273257,41.61215912155837,42.06932769786657,24944600
2025-08-15,42.05949401855469,42.53632620303687,41.92676935144253,42.07915762672867,27297800
2025-08-18,41.80879211425781,42.00542069820872,41.567915723153234,41.83828565176048,26428400
2025-08-19,41.82353591918945,42.06932538216008,41.58265954515455,41.69080750893356,25693800
2025-08-20,42.17255783081055,42.344609710202654,41.85303076882538,41.89235798424348,27967200
2025-08-21,42.46258544921875,42.55598664348024,41.98575705067992,42.0988181012022,22088000
2025-08-22,43.32776641845703,43.43099754329398,42.53632404425753,42.60514479414883,30936400
2025-08-25,43.44083023071289,43.494904211600506,43.07705913193267,43.21961746786825,23412800
2025-08-26,43.372013092041016,43.41133655831876,42.96891849670809,43.268778210518725,22855600
2025-08-27,43.858673095703125,44.01597820458003,43.25894619609442,43.30810333940915,26877400
2025-08-28,44.19294357299805,44.25684747942113,43.58338679108376,43.87341653998393,24086200
2025-08-29,44.43382263183594,44.54688744471041,44.15362277000343,44.21261359634444,23745000
2025-09-02,44.49772644042969,44.57638087536172,43.98157077537528,44.31584462293665,25964400
2025-09-03,43.49982070922852,44.51247590756545,43.35234927289192,44.14379169104928,36018200
2025-09-04,43.789852142333984,43.97173394680177,43.31793681788707,43.50473546179847,25895400
2025-09-05,42.9443359375,43.57355637240922,42.72804000658135,43.43099803161734,48182200
2025-09-08,42.84602355957031,43.27369485054722,42.46750566360132,43.08689619762799,34931800
2025-09-09,43.05248641967773,43.66204328282269,43.02790597138203,43.07706311752359,41193400
2025-09-10,43.80459976196289,43.82918020920927,43.05248458179976,43.15079886988591,29932800
2025-09-11,43.81442642211914,43.90782761414822,43.32284751745987,43.45557592196954,25176800
2025-09-12,43.55389404296875,44.192948175552445,43.54406411420658,43.996315846261325,22297800
2025-09-15,43.40642166137695,43.75052541728813,43.33268407069609,43.637460611517504,23287800
2025-09-16,44.13395309448242,44.27159458657442,43.58830021479671,43.59813389306007,41593000
2025-09-17,44.237186431884766,44.546883555071325,43.88324900564273,44.07496823689847,26044800
2025-09-18,44.09954452514648,44.36499759237363,43.76527070905854,44.27651323663125,28713000
2025-09-19,43.51456451416016,44.094627791990405,43.362176248522815,44.06021741747716,29979200
2025-09-22,43.46449279785156,43.67767570600414,43.18686065047307,43.36038074258463,22502400
2025-09-23,44.213111877441406,44.68905431721249,43.6380123986841,43.6380123986841,44214800
2025-09-24,44.7882080078125,45.2046600106822,44.47587184250097,44.52544847124742,35406200
2025-09-25,45.189788818359375,45.234406650895,44.65931093097188,44.78325439795452,31887200
2025-09-26,45.60623550415039,46.06235032183315,45.25423652375967,45.264154118956206,40161600
2025-09-29,44.76837921142578,45.353392493224106,44.53536490171186,45.28893947333051,37674400
2025-09-30,44.29243469238281,44.47091358399714,43.94539450449627,44.37671912297328,47544800
2025-10-01,44.29243469238281,44.44116836287954,44.02472013741569,44.07429676676315,27661200
2025-10-02,43.84624099731445,44.5849429830319,43.801619383436574,44.19328118323424,31793600
2025-10-03,44.07925415039063,44.337054884199866,44.01480113009764,44.06933655536667,24048000
2025-10-06,44.297393798828125,44.55023952745327,44.11891490596972,44.35688802393239,21488400
2025-10-07,44.36680221557617,44.40150623490294,43.58348238184989,44.25773135984792,25324000
2025-10-08,44.10900115966797,44.36680190393392,43.77683357952291,44.36680190393392,20024200
2025-10-09,43.50911331176758,44.57998284062736,43.46449169923572,44.20319744512434,23397800
2025-10-10,42.249847412109375,43.40500137153083,42.23497480204499,43.18685967070845,44892200
2025-10-13,42.82494354248047,42.8794789682472,42.43328174945318,42.57210160387576,22889600
2025-10-14,42.81998825073242,43.06291637510748,42.16060813068874,42.215143556103136,25084600
2025-10-15,42.79520034790039,43.33559583359189,42.47790537339425,43.09266391369308,24267000
2025-10-16,42.27959442138672,42.998468792038295,41.99204467312608,42.86956652860174,29193800
2025-10-17,42.62663650512695,42.71587594778768,42.28455134451847,42.45807143234371,24071800
2025-10-20,43.07778930664063,43.176942563158825,42.70100012345376,42.70100012345376,25352400
2025-10-21,42.9786376953125,43.29593266726169,42.76049598367702,43.196775624493554,25885200
2025-10-22,43.52894592285156,43.71733862581209,42.90426980731292,43.26618260279686,32814000
2025-10-23,44.10900115966797,44.40150592301692,43.8412828199758,44.30731146119414,47308800
2025-10-24,43.66280364990234,44.322183790751424,43.63305842872113,44.30731118016081,21191000
2025-10-27,43.76691436767578,43.94539325421223,43.57356287100367,43.80161838547708,19597200
2025-10-28,43.3108024597168,43.74212705716833,43.28601225502432,43.60330720632631,22474600
2025-10-29,43.633056640625,43.85615335525031,43.27114007378268,43.36037951612365,26807800
2025-10-30,43.37525177001953,43.93547862440423,43.31576133058341,43.61818367256431,20663400
2025-10-31,43.69254684448242,43.94043376270644,43.29097124734485,43.47936394351159,26985400
2025-11-03,43.69750595092773,43.81649061342946,43.19677331348726,43.70246474841446,22232000
2025-11-04,43.226524353027344,43.34550902113628,42.81998993640527,43.16207133002527,29477600
2025-11-05,43.34054946899414,43.82145071323373,43.176943189158216,43.23147861577019,23857200
2025-11-06,43.76195526123047,44.173448456865565,43.40500127313157,43.40500127313157,32154800
2025-11-07,44.3915901184082,44.4957021709862,43.796659240521365,43.91564768557127,35458400
2025-11-10,44.79316711425781,44.89727917007947,43.93052166426808,44.50561737010978,31264600
2025-11-11,45.37818145751953,45.69547642991647,45.02618246571838,45.0608864851226,38752800
2025-11-12,44.74359130859375,45.2790279904912,44.67914206783837,45.07080387501588,29863200
2025-11-13,44.85762023925781,45.2641546506418,44.65930993999516,44.88736546028819,32243800
2025-11-14,45.62110900878906,45.72026605042659,44.53040802795695,45.09558992670051,34179400
2025-11-17,44.7882080078125,45.581449197573,44.60973290081614,45.5665765871945,37447400
2025-11-18,45.145164489746094,45.26415293426436,44.47091176729276,44.59485522682529,34839400
2025-11-19,44.56015396118164,44.70392883701243,44.0346348706966,44.3469710463228,41062800
2025-11-20,44.054466247558594,45.39801297699568,44.01976222806961,44.78820945459842,41630000
2025-11-21,44.33209609985352,44.525447595881424,43.66280216879888,44.12883079125295,39317200
2025-11-24,44.208152770996094,44.34696884215264,43.52398622781562,44.2825196041026,33681800
2025-11-25,43.93052291870117,44.10404301669213,43.56860632935907,43.86111487950479,29299000
2025-11-26,44.26268768310547,44.57998263705607,43.880943491852285,43.92060252425545,26611000
2025-11-28,44.84274291992188,45.03609441753375,44.22302561156224,44.287478632402376,16666600
2025-12-01,45.27406692504883,45.52195384509015,44.87249132496724,44.90719534247486,31150000
2025-12-02,44.689056396484375,45.2046616758398,44.4659596676802,45.2046616758398,33305000
2025-12-03,45.52691268920898,45.60623453682725,44.92702679598906,44.991476033582295,30174000
2025-12-04,45.72026443481445,45.79463126780111,45.36826545996215,45.502122733374726,23799600
2025-12-05,45.53186798095703,46.26561493376992,45.52195416836484,45.64093883174246,22164400
2025-12-08,45.036094665527344,45.53186851494506,44.88736478017461,45.27406777752773,27891900
2025-12-09,45.3137321472168,45.69052134478272,45.075759027055575,45.115421844158185,20917400
2025-12-10,45.7896728515625,45.87891229539871,45.24432237587641,45.45254648400949,26255100
2025-12-11,45.571533203125,45.85908295539112,45.45254853346312,45.512042759521286,25827200
2025-12-12,45.125335693359375,45.84916886747138,45.006351024410655,45.66077237731027,33161200
2025-12-15,44.80804061889648,45.2244926329479,44.44116901737707,45.2244926329479,27521600
2025-12-16,43.43970489501953,44.47091159978072,43.40004208032951,44.451083974889904,49312400
2025-12-17,44.40150451660156,44.50066155545105,43.687592749156615,43.75700078512412,43375300
2025-12-18,43.75699996948242,44.33209565427243,43.60826630520776,44.27260521452593,29920200
2025-12-19,43.75699996948242,44.15361677012452,43.657842932481245,43.87598463142963,31959600
2025-12-22,44.209999084472656,44.4900016784668,44.09000015258789,44.13999938964844,23707400
2025-12-23,44.5,44.54999923706055,44.220001220703125,44.369998931884766,19137500
2025-12-24,44.369998931884766,44.560001373291016,44.310001373291016,44.41999816894531,11293900
2025-12-26,44.20000076293945,44.43999862670898,43.9900016784668,44.31999969482422,17884500
2025-12-29,44.619998931884766,44.7400016784668,44.290000915527344,44.5099983215332,31352100
2025-12-30,44.959999084472656,45.09000015258789,44.79999923706055,44.79999923706055,18654700
2025-12-31,44.709999084472656,45.02000045776367,44.56999969482422,44.93000030517578,16965900
2026-01-02,45.650001525878906,45.77999877929688,44.4900016784668,44.720001220703125,31935500
2026-01-05,46.88999938964844,47.31999969482422,45.75,47.15999984741211,94961000
2026-01-06,45.63999938964844,47.060001373291016,45.52999877929688,47.0,69568200
2026-01-07,45.130001068115234,45.81999969482422,45.08000183105469,45.81999969482422,42739200
2026-01-08,46.54999923706055,46.84999847412109,45.220001220703125,45.31999969482422,51451000
2026-01-09,46.66999816894531,46.880001068115234,46.5099983215332,46.75,38839900
2026-01-12,46.34000015258789,46.810001373291016,46.09999847412109,46.75,28264400
2026-01-13,47.0,47.38999938964844,46.68000030517578,46.72999954223633,50469200
2026-01-14,48.060001373291016,48.650001525878906,47.18000030517578,47.25,80750200
2026-01-15,47.61000061035156,48.06999969482422,47.27000045776367,47.630001068115234,49328800
2026-01-16,47.68999862670898,47.810001373291016,47.4900016784668,47.560001373291016,30796300
2026-01-20,47.59999847412109,48.310001373291016,47.5,48.09000015258789,50178700
2026-01-21,48.75,49.04999923706055,48.290000915527344,48.290000915527344,58996000
2026-01-22,48.90999984741211,49.0,48.41999816894531,48.619998931884766,50869500
2026-01-23,49.18999862670898,49.88999938964844,49.09000015258789,49.52000045776367,51431200
2026-01-26,49.220001220703125,49.88999938964844,48.95000076293945,49.869998931884766,40122600
2026-01-27,49.66999816894531,49.81999969482422,49.15999984741211,49.38999938964844,39840300
2026-01-28,50.04999923706055,50.13999938964844,49.560001373291016,49.970001220703125,41890400
2026-01-29,50.5099983215332,51.72999954223633,50.47999954223633,51.150001525878906,77520700
2026-01-30,51.04999923706055,51.09000015258789,49.880001068115234,50.36000061035156,74039400
2026-02-02,50.04999923706055,50.5099983215332,49.77000045776367,50.09999847412109,61479900
2026-02-03,51.66999816894531,51.77999877929688,50.02000045776367,50.2400016784668,83754100
2026-02-04,52.83000183105469,52.959999084472656,51.81999969482422,51.81999969482422,78149900
2026-02-05,52.209999084472656,52.4900016784668,51.43999862670898,52.2599983215332,54139600
2026-02-06,53.25,53.41999816894531,52.36000061035156,52.5,41669600
2026-02-09,53.63999938964844,53.720001220703125,52.97999954223633,53.209999084472656,38798500
2026-02-10,53.58000183105469,53.790000915527344,53.2400016784668,53.77000045776367,32146000
2026-02-11,54.97999954223633,55.11000061035156,54.25,54.27999877929688,57349700
2026-02-12,53.97999954223633,55.2400016784668,53.7599983215332,54.93999862670898,67427800
2026-02-13,54.34999847412109,54.58000183105469,53.810001373291016,53.93999862670898,48370300
2026-02-13,54.34999847412109,54.57500076293945,53.81079864501953,53.93999862670898,48272349
2026-02-13,54.34999847412109,54.57500076293945,53.81079864501953,53.93999862670898,48272349
2026-02-13,54.34999847412109,54.57500076293945,53.81079864501953,53.93999862670898,48272349
2026-02-13,54.34999847412109,54.57500076293945,53.81079864501953,53.93999862670898,48272349
2026-02-13,54.34999847412109,54.57500076293945,53.81079864501953,53.93999862670898,48272349
2026-02-17,53.75,54.90999984741211,53.18000030517578,54.560001373291016,50443900
2026-02-18,54.77999877929688,54.86000061035156,54.220001220703125,54.52999877929688,59171400
2026-02-19,55.18000030517578,55.880001068115234,54.93000030517578,55.459999084472656,62471300
2026-02-20,54.880001068115234,55.290000915527344,54.5099983215332,55.0,50799800
2026-02-20,54.880001068115234,55.27999877929688,54.5099983215332,55.0,47513644
2026-02-23,55.150001525878906,55.93000030517578,54.869998931884766,55.040000915527344,43984500
2026-02-24,55.09999847412109,55.220001220703125,54.400001525878906,55.11000061035156,42894700
2026-02-25,54.869998931884766,55.369998931884766,54.18999862670898,55.29999923706055,36188700
2026-02-26,55.04999923706055,55.66999816894531,54.119998931884766,54.369998931884766,46999600
2026-02-27,55.91999816894531,56.150001525878906,54.93000030517578,55.63999938964844,58998800
2026-02-27,55.91999816894531,56.14500045776367,54.92499923706055,55.63999938964844,58941721
2026-03-02,57.040000915527344,57.880001068115234,56.27000045776367,57.77000045776367,135553400
2026-03-03,56.52000045776367,57.720001220703125,56.04999923706055,57.38999938964844,154712700
2026-03-04,56.18999862670898,56.43000030517578,55.33000183105469,56.060001373291016,70718200
2026-03-05,56.47999954223633,57.060001373291016,56.08000183105469,56.52999877929688,85119400
2026-03-06,56.56999969482422,57.34000015258789,56.16999816894531,57.150001525878906,68152800
2026-03-06,56.56999969482422,57.34000015258789,56.16999816894531,57.150001525878906,67722713
2026-03-09,56.31999969482422,57.150001525878906,55.93999862670898,56.84000015258789,88569200
2026-03-10,55.599998474121094,56.459999084472656,55.369998931884766,56.060001373291016,88765400
